Student_ID,Java,Python,C++,SQL,DSA,OOP,Git,Spring_Boot,React,AWS,Communication,Aptitude,Problem_Solving,Teamwork,CGPA,Projects,Internships,Certifications,Employable
S00001,1,0,0,0,1,0,1,0,1,0,8,6,7,10,5.18,4,2,3,Yes
S00002,0,1,0,0,0,1,1,1,0,1,9,4,9,8,5.29,0,3,8,Yes
S00003,0,1,0,1,1,1,0,0,0,0,6,6,9,4,8.49,6,0,7,Yes
S00004,0,0,0,1,1,1,1,0,1,1,10,8,9,2,9.53,4,0,7,Yes
S00005,1,1,0,1,1,1,1,0,0,0,2,9,7,10,5.32,4,3,7,Yes
S00006,1,0,0,0,0,0,1,0,0,0,9,3,2,2,7.63,8,1,3,No
S00007,1,0,0,1,0,0,1,1,1,0,4,1,1,1,6.3,6,0,8,No
S00008,0,1,0,1,0,0,0,0,1,0,2,6,2,10,8.63,0,2,3,No
S00009,0,0,0,1,0,1,0,1,0,0,8,9,8,10,5.35,2,0,8,No
S00010,0,1,0,0,0,1,1,0,0,0,4,10,3,7,8.42,1,0,2,No
S00011,1,1,1,0,0,1,0,0,0,0,2,5,5,9,9.57,1,1,0,No
S00012,0,1,1,1,1,0,1,0,0,0,2,5,7,1,6.52,0,1,6,No
S00013,0,1,1,1,0,1,1,1,1,0,3,4,3,9,6.92,1,0,1,No
S00014,1,1,1,1,1,1,0,0,0,1,10,7,3,2,5.12,3,2,6,Yes
S00015,1,1,0,1,1,1,1,0,0,0,6,9,2,9,8.45,4,2,7,Yes
S00016,1,0,0,1,1,0,0,0,0,0,3,8,5,2,6.66,4,1,1,No
S00017,1,0,0,0,1,1,1,1,0,0,4,8,10,10,8.87,8,0,4,Yes
S00018,1,0,0,1,1,1,1,1,1,1,4,7,3,7,8.31,8,3,5,Yes
S00019,1,1,0,1,0,1,0,1,0,0,4,4,7,5,8.18,8,3,6,Yes
S00020,1,1,1,1,0,1,1,0,0,1,5,6,5,6,5.48,3,0,6,No
S00021,0,1,0,1,0,0,1,1,0,0,9,7,5,9,8.81,8,3,5,Yes
S00022,1,1,1,1,0,1,0,0,0,1,4,6,4,3,5.32,3,3,3,Yes
S00023,1,1,1,1,1,0,0,1,0,0,9,9,9,8,5.71,8,3,0,Yes
S00024,1,0,1,1,0,0,1,0,1,1,10,6,8,2,9.39,2,3,0,Yes
S00025,1,1,0,1,0,1,1,0,0,0,8,3,5,7,7.12,4,2,2,No
S00026,0,1,0,0,1,1,1,0,0,0,5,2,6,3,9.85,0,0,5,No
S00027,1,1,0,0,1,1,1,1,1,1,10,2,5,5,6.24,7,2,1,Yes
S00028,1,1,0,1,0,0,0,0,1,0,6,9,7,4,8.43,5,1,7,Yes
S00029,0,1,1,1,0,1,1,1,1,0,3,8,1,2,7.5,4,0,8,No
S00030,1,1,0,1,1,1,0,0,0,0,2,1,5,2,5.05,4,2,3,No
S00031,0,0,0,1,1,0,0,0,1,0,9,3,3,1,9.46,3,1,2,No
S00032,1,1,1,1,1,1,0,0,1,0,7,9,10,5,5.86,0,0,8,Yes
S00033,1,0,0,1,0,0,0,1,0,0,10,5,6,6,9.04,7,2,7,Yes
S00034,0,1,1,1,0,0,0,0,0,1,3,8,7,8,5.53,8,1,3,Yes
S00035,0,1,1,0,0,0,0,0,0,0,2,1,4,4,8.32,7,1,7,No
S00036,0,0,0,1,0,1,1,0,1,0,10,9,1,10,8.63,4,2,4,Yes
S00037,1,1,1,0,0,1,0,1,1,0,3,4,9,4,6.68,0,0,2,No
S00038,1,1,1,1,1,0,1,1,0,0,7,4,8,3,6.36,4,1,7,Yes
S00039,0,0,0,0,1,0,1,0,0,0,7,8,5,9,9.68,2,3,0,Yes
S00040,1,1,0,1,1,1,0,1,0,0,10,6,7,1,6.08,4,2,4,Yes
S00041,1,1,0,1,0,1,1,0,0,1,2,8,10,6,5.54,2,0,4,No
S00042,1,0,1,0,0,1,1,0,1,1,2,9,10,1,5.33,6,0,0,No
S00043,1,0,1,1,0,0,1,1,0,0,3,8,4,3,7.41,4,1,4,Yes
S00044,0,1,0,1,0,0,1,0,1,1,10,3,7,3,9.9,7,1,0,Yes
S00045,1,1,0,1,1,1,0,0,0,0,6,9,1,6,7.68,8,0,7,Yes
S00046,0,0,1,1,1,1,1,0,0,1,5,6,3,6,8.44,4,1,3,Yes
S00047,1,1,0,0,1,1,0,0,0,0,8,8,2,5,6.04,8,0,1,No
S00048,1,1,1,1,1,1,1,1,0,0,8,10,10,5,5.51,4,0,2,Yes
S00049,1,1,1,0,1,1,1,1,0,0,2,6,10,3,7.13,2,0,7,Yes
S00050,1,0,0,1,1,1,1,0,0,1,4,2,10,8,7.5,1,2,4,Yes
S00051,0,1,1,1,1,1,1,0,1,0,1,10,7,3,5.89,5,3,2,Yes
S00052,0,0,0,1,1,1,1,0,0,0,10,3,7,3,9.61,3,2,5,Yes
S00053,0,1,1,1,0,1,1,0,0,0,9,6,7,7,7.82,2,3,3,Yes
S00054,0,1,0,1,0,0,0,1,1,0,4,9,4,5,8.6,4,3,5,Yes
S00055,0,0,0,0,1,0,1,1,0,0,5,4,9,10,8.39,8,3,1,Yes
S00056,0,0,0,1,0,0,1,1,0,0,2,2,7,6,5.46,7,2,3,No
S00057,1,1,1,0,0,0,0,0,0,0,2,4,4,2,6.27,4,2,3,No
S00058,1,1,0,0,0,0,0,1,0,1,5,6,9,1,8.01,0,2,1,No
S00059,1,0,0,1,1,1,1,1,0,0,2,7,8,3,5.8,4,2,8,Yes
S00060,1,0,0,0,1,1,1,0,0,0,7,4,9,4,7.25,3,2,2,No
S00061,1,1,0,0,0,0,0,0,1,1,1,10,10,8,8.19,1,3,4,Yes
S00062,1,1,1,1,0,1,1,1,0,0,9,6,8,8,5.59,8,3,6,Yes
S00063,0,0,0,1,1,1,1,0,0,0,4,1,7,5,5.51,8,1,4,No
S00064,1,0,1,1,1,1,1,0,0,0,10,4,6,8,8.32,8,3,1,Yes
S00065,1,0,1,0,0,0,0,0,1,0,3,7,7,3,8.85,2,2,6,Yes
S00066,1,1,1,1,1,1,0,1,0,0,7,2,1,3,8.73,4,3,8,Yes
S00067,1,1,1,1,1,1,1,0,1,1,9,4,4,9,5.47,2,2,0,Yes
S00068,0,1,0,1,0,0,1,0,1,0,9,7,5,6,7.35,3,3,6,Yes
S00069,1,1,0,1,0,0,1,0,0,0,1,5,5,10,7.22,7,1,1,No
S00070,0,1,1,1,0,1,1,0,0,0,6,8,9,6,5.67,1,2,5,Yes
S00071,0,1,1,1,1,1,0,0,1,0,4,4,2,2,8.24,8,2,2,No
S00072,1,1,0,1,0,0,0,0,1,0,3,9,2,8,6.64,5,2,0,No
S00073,1,1,1,1,0,1,1,0,1,1,8,10,4,3,7.25,7,0,7,Yes
S00074,0,0,1,1,0,1,1,0,0,0,10,4,10,10,7.46,5,3,2,Yes
S00075,0,0,1,1,1,1,1,0,1,1,2,8,5,2,7.58,3,2,3,Yes
S00076,0,1,1,0,0,1,1,0,1,1,5,9,8,4,6.63,4,2,4,Yes
S00077,0,1,1,1,1,1,0,1,1,0,8,5,8,4,7.98,1,3,6,Yes
S00078,1,1,1,1,0,0,1,0,0,0,1,7,7,9,6.41,2,3,6,Yes
S00079,1,0,0,1,1,0,1,0,0,0,3,3,10,10,9.59,0,0,6,Yes
S00080,1,1,1,0,1,0,0,0,0,0,1,4,5,2,7.41,3,1,1,No
S00081,0,0,0,1,0,1,1,1,1,0,7,2,6,5,5.58,6,3,5,No
S00082,0,1,0,1,0,0,1,1,1,1,1,5,8,2,7.44,2,1,3,No
S00083,1,1,1,0,0,1,1,0,0,0,7,9,3,3,8.73,2,0,4,No
S00084,1,0,1,1,1,1,0,1,0,1,2,1,8,4,6.7,3,2,7,No
S00085,1,1,1,1,1,1,1,0,1,0,5,9,3,10,5.25,4,1,3,Yes
S00086,1,1,0,1,1,0,1,0,0,1,3,2,9,6,5.6,7,2,1,Yes
S00087,0,1,0,1,0,0,0,0,0,1,1,9,3,10,6.13,0,3,4,No
S00088,0,1,0,0,0,0,0,1,0,0,6,10,4,8,7.8,8,2,4,Yes
S00089,0,1,0,1,1,0,1,0,0,0,8,3,10,9,8.02,7,1,5,Yes
S00090,1,1,1,0,1,1,1,0,0,0,6,6,1,5,8.75,2,2,7,Yes
S00091,1,0,0,1,1,1,0,0,0,0,6,2,7,1,8.14,0,2,7,No
S00092,0,0,0,1,0,0,1,0,1,0,7,1,2,7,5.02,5,2,1,No
S00093,0,0,0,1,1,1,1,0,1,1,1,5,6,7,7.5,2,0,0,No
S00094,0,1,1,1,0,1,1,1,1,0,5,10,10,8,9.97,7,2,2,Yes
S00095,0,1,0,1,0,1,1,0,0,1,6,2,10,8,8.18,4,1,4,Yes
S00096,1,1,1,0,0,0,1,1,0,0,1,4,4,4,7.09,6,2,8,Yes
S00097,1,1,0,0,0,0,1,0,0,1,10,5,2,2,5.69,1,3,7,No
S00098,1,1,0,1,1,0,1,0,0,0,8,8,9,3,6.67,7,3,0,Yes
S00099,1,0,1,1,0,1,0,1,0,1,3,6,10,1,8.16,7,1,4,Yes
S00100,1,1,0,1,0,1,1,0,1,0,5,9,5,2,7.41,2,1,8,Yes
S00101,1,0,1,0,0,0,1,1,1,0,6,2,2,10,9.39,1,0,2,No
S00102,0,1,1,0,0,1,1,0,0,0,1,5,8,2,5.22,4,2,4,No
S00103,1,1,1,0,1,0,1,1,0,0,5,3,3,6,6.95,7,3,8,Yes
S00104,1,1,1,1,1,1,1,1,1,1,7,9,6,4,6.77,8,1,4,Yes
S00105,0,1,1,0,0,0,1,0,0,1,4,6,8,4,6.23,0,2,3,No
S00106,1,1,1,1,0,0,1,0,1,0,6,3,9,1,7.67,7,0,5,Yes
S00107,1,0,0,1,1,1,0,0,0,1,9,1,4,10,7.23,5,1,3,Yes
S00108,0,0,0,1,1,1,1,0,1,0,3,6,5,6,9.28,1,2,4,No
S00109,1,0,1,0,1,0,0,0,0,1,10,6,3,4,7.8,1,1,1,No
S00110,1,1,1,0,1,0,1,0,1,0,2,9,3,1,8.21,2,1,0,No
S00111,1,0,0,0,1,1,1,0,1,1,8,8,9,1,7.74,7,1,6,Yes
S00112,1,0,0,0,0,1,1,0,1,0,3,4,1,8,6.15,4,0,8,No
S00113,0,1,0,1,1,1,0,0,0,1,2,10,2,8,7.99,8,2,6,Yes
S00114,0,0,1,0,1,0,1,0,0,1,7,10,4,5,9.98,4,0,5,Yes
S00115,0,1,0,1,1,1,0,0,1,0,8,2,5,2,8.19,7,1,4,Yes
S00116,0,1,1,1,0,0,1,0,1,0,5,6,7,9,8.34,4,3,5,Yes
S00117,0,1,1,1,0,1,1,1,0,0,7,2,3,9,9.1,6,1,1,Yes
S00118,1,1,1,0,0,1,0,0,1,1,2,2,5,2,5.05,6,3,4,No
S00119,0,1,0,0,1,0,1,0,1,0,8,7,7,5,7.01,5,0,4,No
S00120,1,1,1,1,1,1,1,1,0,0,2,4,10,6,8.47,5,1,0,Yes
S00121,0,0,1,1,0,1,1,1,0,0,3,3,3,5,5.74,6,0,6,No
S00122,0,0,0,1,1,0,1,0,0,0,1,9,9,2,9.78,3,0,1,No
S00123,1,0,0,1,1,1,0,0,1,0,8,7,1,9,8.6,8,3,2,Yes
S00124,1,1,1,1,0,0,1,0,0,0,6,1,2,10,9.5,4,0,5,Yes
S00125,1,1,1,1,0,0,1,1,0,0,3,7,7,7,9.11,8,1,5,Yes
S00126,1,1,0,1,1,1,0,0,0,1,4,4,2,7,9.95,4,0,2,No
S00127,0,0,0,1,1,1,0,0,1,0,3,1,9,10,7.68,5,3,6,Yes
S00128,0,1,0,1,1,1,1,0,0,0,10,7,8,10,9.21,2,0,6,Yes
S00129,1,1,1,1,1,0,0,0,1,0,2,9,10,7,5.96,7,1,8,Yes
S00130,1,0,1,1,0,0,0,1,0,1,3,3,6,9,5.06,5,2,6,Yes
S00131,1,1,0,0,0,0,0,1,1,0,9,5,5,6,5.68,2,1,1,No
S00132,1,1,0,0,0,0,1,1,0,0,1,1,5,9,8.06,5,3,0,No
S00133,1,0,1,0,0,1,1,1,1,1,7,2,8,6,9.72,4,2,0,Yes
S00134,1,1,1,1,1,1,1,1,1,0,1,5,9,8,6.77,6,0,6,Yes
S00135,0,1,1,1,0,0,1,0,0,0,9,1,4,2,9.6,2,1,6,Yes
S00136,1,1,1,0,0,0,1,0,0,0,6,7,4,8,6.69,5,2,7,Yes
S00137,1,1,0,1,0,1,1,0,0,0,7,10,9,3,7.21,8,2,5,Yes
S00138,0,1,1,1,1,0,0,1,1,0,2,6,5,1,8.29,1,1,8,No
S00139,1,0,0,0,1,0,1,0,0,0,1,9,9,4,7.72,7,2,3,Yes
S00140,0,1,1,1,1,0,1,0,0,1,9,1,10,3,5.35,7,0,8,Yes
S00141,0,0,1,1,0,1,1,0,1,0,3,2,1,2,6.21,7,3,4,No
S00142,1,1,1,1,0,1,1,0,0,0,5,5,9,8,5.82,7,3,8,Yes
S00143,1,1,1,1,1,0,1,0,1,0,5,3,5,2,6.21,8,3,5,Yes
S00144,1,0,0,1,1,1,1,0,0,0,9,7,3,4,8.3,4,0,4,Yes
S00145,1,0,0,1,0,0,1,0,0,0,9,10,7,3,5.86,8,2,8,Yes
S00146,1,1,0,1,1,0,1,1,1,0,5,6,9,2,6.11,8,1,8,Yes
S00147,0,0,1,0,0,1,0,1,0,0,9,2,8,9,5.77,8,3,7,Yes
S00148,1,1,1,0,0,0,0,1,0,1,7,4,6,7,9.44,2,1,2,No
S00149,1,1,1,0,1,1,1,0,1,1,7,3,2,7,6.57,4,0,3,Yes
S00150,1,0,1,1,0,0,1,0,0,0,1,8,5,3,7.75,8,2,6,Yes
S00151,0,1,0,0,1,1,1,1,0,0,2,6,7,4,7.15,7,3,0,Yes
S00152,1,1,0,1,1,0,1,1,0,0,5,1,1,3,8.35,4,1,3,No
S00153,1,1,0,1,1,1,0,0,1,0,9,4,6,10,8.62,7,3,6,Yes
S00154,1,1,1,1,0,1,1,1,1,1,10,8,10,3,5.37,1,0,7,Yes
S00155,0,1,1,0,1,1,1,0,1,1,8,2,5,10,8.12,7,3,5,Yes
S00156,1,1,0,1,1,1,0,1,1,0,7,2,2,1,8.19,4,2,8,Yes
S00157,0,1,1,0,1,0,1,0,0,1,4,5,6,5,7.38,6,3,1,Yes
S00158,0,1,0,0,1,0,0,0,1,0,7,9,7,3,9.56,5,2,7,Yes
S00159,1,1,0,1,1,0,0,1,0,0,9,6,1,9,8.5,2,1,8,Yes
S00160,0,1,0,0,0,0,0,1,0,0,9,9,6,3,6.59,4,2,4,No
S00161,1,1,0,1,1,0,0,1,1,0,3,6,10,6,7.72,0,1,2,Yes
S00162,0,0,1,1,0,0,0,0,1,0,7,1,1,8,5.56,2,2,8,No
S00163,0,0,0,1,1,1,0,0,0,1,7,10,4,8,5.23,8,0,1,No
S00164,1,0,0,0,1,1,1,0,1,1,9,6,7,4,5.88,5,2,5,Yes
S00165,1,1,1,0,1,1,1,0,1,0,9,7,9,2,6.21,1,0,2,No
S00166,0,1,1,1,1,1,1,0,0,0,1,4,4,5,7.33,0,2,8,No
S00167,1,1,1,1,1,1,0,0,1,0,5,1,5,9,8.0,0,3,5,Yes
S00168,1,0,0,1,1,1,1,1,0,0,1,1,7,10,7.37,8,3,3,Yes
S00169,1,1,0,1,0,0,1,1,0,0,5,4,2,10,6.64,7,3,7,Yes
S00170,0,0,0,0,0,0,1,1,0,0,5,2,2,8,7.36,0,1,5,No
S00171,0,0,0,0,1,1,1,0,0,1,8,3,6,5,6.22,2,3,1,No
S00172,1,1,1,0,0,0,1,0,1,0,2,8,3,6,5.55,0,1,6,No
S00173,1,1,0,0,1,1,0,0,1,0,8,3,9,3,9.19,5,0,6,Yes
S00174,1,1,0,0,0,0,1,0,1,0,10,7,3,3,6.99,7,3,1,Yes
S00175,0,1,1,1,1,1,1,1,1,0,6,2,6,9,7.51,2,0,5,Yes
S00176,1,1,1,1,1,1,1,0,1,0,7,10,8,4,7.28,8,0,2,Yes
S00177,0,0,0,1,0,1,1,0,1,0,1,3,2,2,8.66,8,2,3,No
S00178,1,1,0,0,0,1,1,0,1,1,4,7,6,6,7.76,6,0,0,No
S00179,0,1,0,1,1,1,1,0,1,0,6,9,1,8,9.06,6,2,2,Yes
S00180,1,1,0,0,1,0,0,0,0,1,7,2,7,6,9.1,5,0,0,No
S00181,1,0,0,0,0,1,0,0,0,0,6,8,3,6,9.65,0,1,2,No
S00182,1,0,1,0,0,0,1,1,1,1,7,2,2,7,8.91,4,2,6,Yes
S00183,0,0,0,1,1,0,1,0,0,1,3,5,10,5,5.06,7,3,5,Yes
S00184,0,0,0,1,1,1,1,0,0,0,5,1,8,3,8.33,6,0,3,No
S00185,1,1,0,1,0,0,0,1,0,0,7,10,5,8,6.75,3,0,8,Yes
S00186,0,1,1,0,0,0,1,0,0,0,6,9,10,2,9.97,4,0,6,Yes
S00187,0,1,1,0,1,0,1,0,0,0,3,10,10,1,5.13,2,2,7,No
S00188,0,1,1,1,1,0,1,0,0,0,8,1,6,6,7.85,8,2,1,Yes
S00189,1,0,0,1,1,0,0,0,0,1,3,9,3,4,6.82,7,2,4,No
S00190,1,1,1,0,0,0,0,1,0,0,2,4,7,6,8.41,1,3,2,No
S00191,1,1,0,1,0,0,0,0,0,1,3,6,10,8,6.19,5,0,0,Yes
S00192,0,1,0,0,1,0,0,1,1,0,5,7,1,5,7.07,6,2,8,Yes
S00193,0,1,1,1,0,0,1,1,0,1,6,7,6,10,9.38,5,2,6,Yes
S00194,0,0,1,0,0,1,0,0,0,0,3,8,10,8,9.46,1,0,6,No
S00195,1,1,1,1,1,1,0,1,1,0,3,9,7,7,5.88,8,3,5,Yes
S00196,1,0,1,1,0,0,1,0,0,1,4,5,3,10,7.22,6,0,1,No
S00197,0,1,0,1,1,0,1,0,0,0,3,2,4,10,5.16,7,0,8,No
S00198,0,1,0,0,1,1,1,1,1,0,6,6,9,8,9.08,7,3,3,Yes
S00199,0,0,0,1,0,0,0,0,0,0,4,10,8,4,6.71,7,2,7,Yes
S00200,0,0,0,0,1,0,0,0,0,0,1,6,5,4,9.88,2,2,3,No
S00201,0,1,1,1,1,1,0,1,0,1,1,1,6,3,8.02,4,0,1,No
S00202,1,1,0,0,0,0,1,0,0,0,3,2,3,7,8.74,7,1,3,No
S00203,1,1,1,1,1,0,0,1,1,1,8,4,2,2,7.13,5,2,1,Yes
S00204,0,1,1,1,0,0,0,1,1,0,8,3,4,4,8.27,0,2,8,No
S00205,0,0,0,1,0,1,1,0,0,0,5,1,8,6,5.27,2,2,7,No
S00206,1,1,0,1,0,0,0,0,0,0,10,7,7,9,6.75,4,1,7,Yes
S00207,1,0,0,1,1,1,0,0,0,0,4,8,3,2,9.35,8,1,6,Yes
S00208,0,0,1,1,1,1,1,0,0,0,3,1,6,9,9.44,6,1,6,Yes
S00209,1,1,1,0,0,1,1,1,0,0,8,6,8,2,8.57,1,0,7,Yes
S00210,1,1,0,1,1,1,1,0,0,1,10,3,3,9,9.21,6,1,2,Yes
S00211,1,1,1,1,0,0,1,1,1,0,10,7,6,10,9.11,4,1,4,Yes
S00212,0,1,1,1,0,1,1,1,0,0,2,9,2,10,8.32,5,1,1,Yes
S00213,0,1,1,1,0,1,1,0,1,0,9,10,5,5,8.84,6,2,8,Yes
S00214,1,1,0,1,0,1,0,0,0,0,9,3,4,2,5.17,0,1,6,No
S00215,0,0,0,0,1,1,1,1,0,1,2,2,1,4,8.27,7,2,8,No
S00216,1,1,0,1,1,0,0,0,0,0,3,2,7,5,8.17,0,2,7,No
S00217,1,0,0,0,1,0,0,0,0,0,1,4,8,1,8.71,4,2,7,No
S00218,0,1,0,1,0,0,1,0,0,0,8,3,9,4,7.29,4,0,3,No
S00219,0,0,0,1,0,1,1,0,1,0,2,7,7,9,8.91,6,3,7,Yes
S00220,0,0,1,0,1,1,0,0,0,1,6,8,7,9,6.67,4,0,6,Yes
S00221,0,1,0,1,0,0,1,0,0,1,7,7,7,7,8.42,2,3,7,Yes
S00222,0,0,1,1,0,0,0,0,1,0,5,10,2,7,9.27,6,3,7,Yes
S00223,1,1,1,1,0,1,0,0,1,0,5,6,9,10,8.42,5,1,7,Yes
S00224,1,0,1,0,0,1,1,0,0,0,2,8,6,2,8.35,8,3,1,Yes
S00225,1,0,0,1,1,1,1,0,1,0,4,1,10,5,7.48,7,2,2,Yes
S00226,1,1,0,0,0,0,1,0,1,1,9,5,10,7,7.95,6,3,8,Yes
S00227,0,1,0,1,1,1,1,0,0,1,7,5,10,7,9.18,7,3,4,Yes
S00228,1,1,0,1,0,0,0,0,1,0,6,7,4,1,9.65,0,0,7,No
S00229,0,1,1,1,0,1,1,0,0,0,6,6,8,8,7.05,7,3,6,Yes
S00230,0,0,0,1,1,0,0,0,0,1,2,2,7,10,8.29,1,1,7,No
S00231,0,0,0,1,1,1,1,1,1,1,9,4,1,1,6.59,5,1,7,No
S00232,1,1,0,0,1,1,1,0,0,0,7,5,5,10,8.23,8,2,2,Yes
S00233,0,0,0,0,0,1,1,1,1,0,6,6,5,9,8.78,8,3,8,Yes
S00234,1,0,1,1,0,1,1,0,0,1,2,7,5,7,9.06,3,1,6,Yes
S00235,1,1,1,0,1,0,0,0,0,0,4,7,3,8,9.99,0,3,7,Yes
S00236,0,1,1,0,1,1,1,0,0,1,9,9,4,7,8.13,4,0,5,Yes
S00237,1,1,0,1,0,0,1,0,0,1,10,10,7,1,9.49,1,0,3,No
S00238,1,0,1,1,0,0,1,1,1,0,2,7,3,1,7.18,1,2,8,No
S00239,0,0,1,1,0,0,1,1,1,0,10,10,6,9,6.87,1,2,8,Yes
S00240,1,1,1,1,1,0,1,0,1,0,2,7,10,8,7.46,0,1,7,Yes
S00241,0,1,0,0,1,0,1,0,0,1,1,3,4,3,5.96,0,1,3,No
S00242,0,0,0,1,1,0,1,0,0,0,4,2,5,8,6.82,3,3,3,No
S00243,0,0,0,0,1,0,1,0,0,0,10,5,10,5,8.75,3,1,5,Yes
S00244,1,0,1,0,1,1,1,0,0,1,4,6,8,10,6.69,0,3,5,Yes
S00245,1,1,1,1,1,0,1,0,0,0,7,7,8,7,6.21,5,3,3,Yes
S00246,0,1,0,1,0,1,0,0,1,0,3,9,5,8,7.03,8,2,1,Yes
S00247,1,1,0,0,0,0,1,0,0,0,4,5,6,1,6.22,0,0,1,No
S00248,0,1,1,1,1,0,1,0,0,1,3,4,6,7,5.91,0,0,6,No
S00249,0,0,1,0,0,1,0,1,0,1,3,6,4,1,6.27,0,1,2,No
S00250,0,1,1,1,1,0,1,0,0,1,10,7,1,6,7.56,6,0,5,Yes
S00251,1,0,1,0,0,0,0,0,0,0,6,1,6,3,8.16,4,2,6,Yes
S00252,1,1,0,0,0,1,0,0,0,0,3,10,2,8,9.56,6,1,2,No
S00253,0,0,0,1,0,1,1,0,0,0,6,4,9,4,5.38,1,0,3,No
S00254,1,1,1,1,0,1,0,0,0,1,3,9,1,7,6.56,3,1,4,No
S00255,1,1,1,1,0,0,0,1,1,1,4,1,7,7,9.96,2,1,8,Yes
S00256,0,1,0,1,0,1,0,0,0,0,7,7,8,8,9.82,2,3,1,Yes
S00257,0,1,0,0,0,1,0,0,0,1,10,8,8,2,9.99,3,2,7,Yes
S00258,0,0,1,1,0,1,1,0,0,0,1,3,9,5,7.38,4,3,6,Yes
S00259,0,1,0,1,1,0,1,0,0,0,7,5,4,6,5.03,8,3,6,Yes
S00260,1,1,1,0,0,0,1,0,0,1,1,5,8,1,7.55,6,2,2,Yes
S00261,0,0,1,1,0,0,1,0,1,0,10,9,9,1,9.37,4,0,2,Yes
S00262,0,0,1,0,1,0,1,0,0,1,1,7,8,8,7.6,3,0,2,No
S00263,1,1,1,1,1,0,1,0,0,0,10,4,7,9,8.22,5,1,8,Yes
S00264,1,0,0,1,0,1,1,1,0,0,3,9,3,4,8.38,4,2,4,Yes
S00265,0,1,0,1,0,1,0,0,1,0,3,7,9,10,9.58,4,0,2,Yes
S00266,0,1,0,1,1,1,1,0,1,1,3,6,10,5,9.35,0,0,2,Yes
S00267,0,1,1,0,0,1,1,1,0,0,7,4,4,3,9.81,8,1,3,Yes
S00268,0,1,1,1,1,1,1,0,1,0,1,4,5,7,9.12,6,1,1,Yes
S00269,1,1,0,1,0,0,0,1,1,0,1,5,5,7,6.31,3,3,4,Yes
S00270,1,1,0,1,1,0,1,1,0,1,9,1,3,4,8.68,7,2,5,Yes
S00271,0,1,0,1,1,1,1,0,1,0,8,4,10,8,6.83,4,2,8,Yes
S00272,0,0,1,0,0,1,1,0,0,1,7,1,7,9,6.15,8,3,1,Yes
S00273,0,1,0,1,0,1,0,0,0,0,5,3,4,8,5.81,6,3,0,No
S00274,0,0,1,1,0,1,1,0,0,1,7,3,9,7,6.46,3,1,0,No
S00275,1,0,1,1,1,1,0,0,0,1,2,1,7,2,7.94,8,0,2,No
S00276,1,1,1,1,1,1,1,0,0,1,6,3,6,9,6.0,7,2,6,Yes
S00277,0,1,1,1,0,1,0,1,0,0,2,1,10,1,8.6,4,1,0,No
S00278,0,1,0,1,0,1,1,1,0,0,8,7,3,10,8.47,7,1,1,Yes
S00279,0,0,1,0,1,0,1,0,1,0,6,1,9,5,7.13,7,3,0,Yes
S00280,0,1,0,1,0,1,1,0,1,0,4,5,9,3,8.7,4,1,3,No
S00281,0,1,0,1,0,1,1,1,1,1,9,3,1,6,6.88,5,1,1,No
S00282,1,0,0,0,1,1,1,0,0,1,6,10,3,3,6.87,2,1,3,No
S00283,1,1,1,1,1,1,1,0,0,0,4,2,9,7,5.08,1,2,1,No
S00284,1,1,0,1,1,0,1,0,0,1,6,6,8,2,5.04,7,3,8,Yes
S00285,0,1,1,1,0,1,1,0,1,0,5,3,9,1,9.34,0,1,0,No
S00286,1,0,0,0,0,1,1,0,0,1,5,1,1,7,8.92,2,3,3,No
S00287,1,0,1,1,1,0,0,0,1,0,10,10,5,3,7.64,7,0,6,Yes
S00288,1,1,0,1,0,1,1,0,0,1,4,2,9,2,6.93,7,3,6,Yes
S00289,1,1,1,1,0,1,0,0,1,0,9,4,4,10,6.87,1,3,4,Yes
S00290,0,0,1,1,1,0,1,1,1,1,10,1,7,1,8.24,8,3,4,Yes
S00291,1,0,1,1,1,0,1,0,0,0,10,9,10,1,7.94,6,0,3,Yes
S00292,1,0,0,0,1,1,1,0,0,0,3,9,3,2,5.14,7,2,8,Yes
S00293,0,1,0,1,0,1,1,1,0,0,6,8,8,3,7.24,3,3,0,Yes
S00294,1,0,1,1,1,1,0,0,0,0,9,8,1,1,5.68,3,0,6,No
S00295,1,1,0,1,1,1,0,0,1,1,7,8,4,2,7.74,4,2,6,Yes
S00296,1,1,0,0,0,1,1,0,0,1,4,4,10,10,5.54,2,3,0,No
S00297,0,0,0,0,0,0,1,0,1,0,8,9,6,3,9.71,1,1,2,No
S00298,1,1,1,0,1,1,0,1,1,0,2,7,4,3,8.15,4,1,2,No
S00299,0,0,0,0,0,1,0,0,0,0,9,10,9,2,7.05,7,2,0,Yes
S00300,1,1,0,0,0,0,1,0,0,0,7,2,3,10,9.2,6,3,0,Yes
S00301,1,0,0,0,0,1,1,0,1,0,8,9,1,3,7.34,2,2,1,No
S00302,1,1,1,0,1,0,1,0,0,1,7,5,4,4,9.17,7,3,2,Yes
S00303,1,0,1,1,0,0,0,0,0,0,9,3,7,10,5.78,8,1,6,Yes
S00304,0,1,1,0,0,1,1,1,1,0,1,7,5,9,9.4,6,2,0,Yes
S00305,0,1,0,1,0,0,1,0,1,0,8,4,5,9,6.75,8,2,5,Yes
S00306,0,0,1,1,1,0,0,1,0,1,8,1,10,9,9.11,0,1,2,Yes
S00307,1,1,0,1,1,0,0,0,0,0,5,7,10,7,8.48,1,3,7,Yes
S00308,1,1,0,0,0,0,0,0,1,0,1,10,6,9,6.12,5,2,7,Yes
S00309,0,1,1,1,1,0,1,0,0,0,4,7,9,1,7.12,4,1,5,Yes
S00310,1,0,1,1,1,0,0,0,1,0,1,2,10,6,5.82,5,0,7,No
S00311,1,1,1,1,1,1,1,1,0,0,9,6,1,6,8.88,8,2,6,Yes
S00312,1,1,1,0,0,0,1,0,1,1,8,10,2,10,9.36,2,2,8,Yes
S00313,1,1,0,1,0,0,1,0,0,0,3,10,10,5,5.81,4,1,8,Yes
S00314,0,0,0,0,1,0,0,0,0,0,4,4,6,8,8.43,1,1,7,No
S00315,0,1,0,0,0,0,1,1,0,0,2,6,1,10,8.94,7,3,4,Yes
S00316,0,1,1,0,1,0,0,1,1,0,10,6,9,5,6.9,3,3,4,Yes
S00317,1,0,1,1,1,1,0,0,0,0,3,9,5,2,9.16,0,2,3,No
S00318,1,0,0,0,1,1,0,0,0,1,4,10,2,10,5.36,1,1,7,No
S00319,1,1,1,1,0,0,0,0,0,0,9,4,3,4,8.47,2,3,0,No
S00320,1,0,0,1,0,0,1,0,0,0,2,10,1,3,8.32,4,0,1,No
S00321,1,1,0,1,0,0,0,0,0,0,6,5,9,8,7.02,2,3,1,Yes
S00322,0,1,0,1,1,1,1,0,0,0,7,10,1,9,5.2,2,0,0,No
S00323,0,1,1,1,1,1,0,0,1,0,8,8,2,3,5.25,4,2,3,No
S00324,1,0,1,1,0,0,0,0,1,0,7,7,3,2,6.31,0,0,7,No
S00325,0,1,1,1,1,0,1,1,0,1,9,3,9,3,9.81,7,3,5,Yes
S00326,0,1,1,0,0,0,1,1,0,0,10,5,6,1,9.43,6,1,0,Yes
S00327,0,1,1,0,0,1,1,1,0,0,7,5,10,5,8.09,0,3,5,Yes
S00328,0,0,1,0,0,0,1,0,0,0,6,9,1,5,5.56,3,3,2,No
S00329,1,1,0,1,1,1,0,0,0,0,2,1,8,1,6.54,5,1,5,No
S00330,1,1,1,1,1,1,1,1,0,0,1,10,7,1,5.78,0,0,7,No
S00331,1,1,0,1,0,1,1,1,0,0,6,8,2,5,9.32,3,2,3,Yes
S00332,0,0,1,1,0,0,1,0,0,0,6,7,3,10,9.36,5,2,4,Yes
S00333,1,0,1,1,0,1,0,0,0,0,4,4,3,7,6.45,8,0,0,No
S00334,1,1,1,1,1,1,1,0,0,0,1,2,10,3,8.35,7,0,7,Yes
S00335,1,0,0,1,0,1,0,0,0,1,4,3,4,2,5.51,6,0,5,No
S00336,1,1,0,1,0,0,1,0,0,1,7,2,9,6,8.9,8,2,4,Yes
S00337,0,0,0,1,0,1,1,0,1,0,9,8,6,4,7.08,8,1,1,Yes
S00338,0,1,0,0,1,1,1,0,0,1,1,4,9,7,6.02,7,2,4,Yes
S00339,1,1,0,0,0,1,0,1,0,0,9,4,6,10,7.2,5,3,6,Yes
S00340,1,0,0,1,1,0,0,1,0,0,1,10,9,9,6.88,4,2,8,Yes
S00341,1,0,1,1,0,0,1,0,0,0,7,6,7,5,8.16,6,2,1,Yes
S00342,1,1,0,0,1,0,1,0,0,1,5,1,1,2,6.98,3,0,3,No
S00343,1,1,1,0,1,0,1,0,0,0,10,4,7,8,7.45,6,1,6,Yes
S00344,1,1,1,1,1,0,1,1,0,0,10,2,10,7,7.98,1,2,7,Yes
S00345,1,0,0,1,0,1,1,0,0,0,4,5,4,8,9.35,0,0,6,Yes
S00346,0,1,0,1,0,0,1,0,0,1,8,7,8,4,8.77,7,1,3,Yes
S00347,0,1,1,0,0,1,1,1,1,0,5,8,5,8,5.69,0,2,5,Yes
S00348,1,1,1,1,0,1,1,1,1,1,10,6,10,5,6.81,3,2,6,Yes
S00349,1,0,0,1,1,1,1,1,0,0,1,3,3,7,9.54,7,2,0,Yes
S00350,0,1,0,0,0,0,1,0,0,0,10,10,2,5,8.54,7,2,1,Yes
S00351,1,1,1,0,1,0,0,0,1,0,8,1,8,1,6.48,2,3,0,No
S00352,0,1,0,1,1,1,1,0,1,0,1,5,4,9,5.42,0,1,6,No
S00353,0,1,0,1,1,0,1,1,0,0,10,6,2,6,9.7,6,1,5,Yes
S00354,1,1,1,0,0,1,1,0,1,1,2,4,1,7,8.56,1,1,5,No
S00355,1,0,1,1,0,0,1,1,1,0,4,9,5,8,9.49,1,1,1,Yes
S00356,0,0,0,0,0,0,0,1,0,0,10,3,2,8,5.95,5,0,8,No
S00357,1,1,1,1,1,0,1,0,0,0,6,6,5,1,7.36,2,2,4,No
S00358,0,0,1,0,1,0,0,1,0,0,4,2,3,9,9.98,6,3,8,Yes
S00359,0,1,1,1,0,0,1,1,1,1,5,7,6,3,6.33,6,0,0,No
S00360,0,1,0,1,1,1,1,0,0,0,4,10,9,7,9.48,2,0,2,No
S00361,1,0,0,1,0,0,0,0,1,0,3,6,7,9,8.86,8,3,6,Yes
S00362,0,1,0,0,1,1,1,1,0,0,4,9,3,8,5.94,1,0,4,No
S00363,1,1,0,1,1,1,0,0,0,0,3,3,1,4,8.04,2,0,7,No
S00364,1,0,1,1,0,1,1,0,0,0,9,1,10,7,8.09,0,3,6,Yes
S00365,0,1,1,1,1,0,1,1,0,1,7,2,4,3,6.8,1,2,5,No
S00366,1,0,1,0,1,1,1,0,0,1,4,9,8,9,5.26,2,3,5,Yes
S00367,0,0,0,1,1,0,0,1,0,0,3,7,2,2,7.57,0,0,2,No
S00368,0,1,1,1,0,1,0,1,1,1,4,8,7,3,5.54,2,3,1,Yes
S00369,1,1,1,1,1,1,1,0,0,0,1,5,1,3,7.29,7,3,1,Yes
S00370,1,1,0,1,0,0,0,0,0,0,3,4,10,3,8.98,0,1,8,Yes
S00371,1,1,0,1,1,1,0,1,0,0,6,6,6,4,9.2,0,2,1,Yes
S00372,1,1,1,1,0,0,1,0,0,0,3,7,8,4,9.98,6,0,0,Yes
S00373,1,0,0,0,1,1,1,0,0,0,5,8,2,9,8.05,1,2,5,Yes
S00374,0,1,0,0,1,1,1,0,0,0,3,10,9,7,7.21,7,2,6,Yes
S00375,1,1,0,0,0,0,1,1,0,0,6,5,7,6,7.34,3,3,7,Yes
S00376,1,1,1,1,1,1,0,0,1,0,5,10,7,8,8.03,2,3,0,Yes
S00377,0,1,0,0,0,0,1,1,1,1,5,6,3,8,9.47,1,3,4,Yes
S00378,1,0,1,1,0,1,1,0,0,0,9,7,9,4,8.82,5,1,2,Yes
S00379,0,1,0,0,0,0,1,1,0,1,7,10,4,7,7.33,5,0,2,No
S00380,1,0,0,1,1,1,1,0,1,1,5,5,5,9,9.47,5,3,0,Yes
S00381,1,1,1,1,0,1,0,1,0,0,7,10,2,6,8.22,1,2,8,Yes
S00382,0,1,0,0,1,0,1,0,1,1,1,9,4,5,6.3,5,1,4,No
S00383,0,1,0,1,0,1,1,0,1,1,7,9,7,5,7.0,3,0,4,Yes
S00384,0,1,1,0,1,0,1,0,0,0,1,4,7,8,5.78,4,3,8,Yes
S00385,0,1,0,0,1,1,1,0,0,0,5,5,1,1,8.11,1,1,5,No
S00386,0,1,1,0,0,0,0,1,1,0,9,1,1,9,7.26,6,2,6,Yes
S00387,1,0,0,0,1,1,1,0,1,1,4,10,9,2,7.04,1,2,8,Yes
S00388,1,1,0,1,0,0,1,0,1,0,1,1,9,8,9.34,1,0,4,No
S00389,0,0,1,1,1,1,1,1,1,1,2,1,6,10,5.03,4,2,7,No
S00390,0,1,0,0,0,1,1,1,1,0,8,7,9,6,6.15,6,2,5,Yes
S00391,0,1,0,1,0,1,0,0,0,1,2,8,3,7,9.24,0,1,6,No
S00392,1,1,0,0,1,1,0,0,0,1,1,9,1,9,6.85,6,1,4,No
S00393,1,1,0,0,1,1,0,0,0,0,3,10,10,10,6.29,0,0,5,No
S00394,0,0,1,1,1,1,1,0,0,0,2,1,9,5,8.79,3,3,0,No
S00395,1,1,1,1,0,1,0,0,0,0,7,9,5,9,6.84,7,0,6,Yes
S00396,0,1,1,0,0,0,1,0,0,0,9,8,5,4,8.57,7,1,0,Yes
S00397,0,1,0,1,1,1,1,0,0,0,2,1,7,7,9.36,0,2,7,Yes
S00398,1,1,1,1,1,1,1,1,0,0,6,3,10,1,9.9,7,3,7,Yes
S00399,0,0,0,1,0,0,1,0,0,1,7,3,3,10,9.81,7,3,4,Yes
S00400,0,1,1,0,0,1,1,0,1,1,3,5,3,5,7.19,5,3,7,Yes
S00401,1,0,1,0,1,1,1,0,0,1,4,5,6,7,7.96,8,1,3,Yes
S00402,0,1,0,1,1,0,0,0,0,0,1,3,7,3,6.13,3,1,8,No
S00403,1,0,1,0,0,0,0,0,0,0,8,8,1,7,5.59,2,0,4,No
S00404,0,0,1,1,1,0,1,0,0,0,2,8,6,9,8.74,8,1,3,Yes
S00405,1,1,1,0,0,1,0,1,0,1,10,1,1,9,8.56,8,3,7,Yes
S00406,0,1,1,1,1,1,1,0,1,0,4,9,9,3,7.24,1,1,0,Yes
S00407,1,0,1,1,0,0,1,1,0,1,2,6,9,1,9.43,2,0,6,Yes
S00408,1,1,1,0,1,0,1,0,0,0,6,9,5,8,5.84,8,2,1,Yes
S00409,0,0,1,1,1,0,1,0,0,0,2,3,10,2,8.64,4,3,7,Yes
S00410,1,1,0,1,0,1,0,0,0,0,5,5,2,9,8.22,8,2,7,Yes
S00411,1,1,1,1,1,0,1,1,0,0,9,10,8,5,7.34,3,1,4,Yes
S00412,0,0,0,1,0,1,0,0,0,1,3,3,2,6,9.74,1,2,8,No
S00413,0,1,1,1,0,0,1,0,0,1,3,3,9,6,8.84,1,0,2,No
S00414,0,1,1,0,0,1,0,0,0,0,3,2,2,2,9.25,6,1,0,No
S00415,0,1,1,0,1,1,1,1,1,1,4,10,1,10,8.42,0,1,5,Yes
S00416,1,1,1,1,1,0,0,0,0,0,3,8,10,7,8.88,1,2,3,Yes
S00417,1,0,1,0,1,1,1,0,1,0,2,7,4,3,9.72,7,3,0,Yes
S00418,1,0,0,1,1,0,1,0,0,0,9,4,2,4,8.02,6,0,4,No
S00419,0,0,1,0,0,1,0,1,0,0,3,2,1,5,7.22,8,2,2,No
S00420,0,1,0,1,0,1,1,0,0,1,10,6,4,1,7.77,1,3,7,Yes
S00421,0,1,1,1,1,1,1,1,0,0,4,7,1,9,7.32,0,2,1,No
S00422,0,0,0,1,0,1,0,0,1,0,4,8,10,8,9.29,7,1,6,Yes
S00423,1,1,1,0,1,0,1,0,0,0,3,5,9,2,9.96,2,1,6,Yes
S00424,1,1,0,0,1,1,0,1,0,1,4,4,9,9,6.25,8,3,2,Yes
S00425,1,0,0,1,1,1,1,0,0,0,7,1,10,8,6.45,0,2,7,Yes
S00426,1,1,0,1,0,0,1,0,1,0,4,1,2,1,9.93,6,0,7,Yes
S00427,1,1,0,0,0,1,1,0,1,0,7,3,4,4,7.43,5,1,8,Yes
S00428,0,1,0,0,1,1,1,0,0,0,8,5,6,9,5.97,2,2,2,No
S00429,1,1,0,0,0,0,1,1,0,1,9,3,7,6,8.25,4,3,7,Yes
S00430,1,1,1,1,0,1,0,0,0,0,7,3,4,2,5.97,4,0,6,No
S00431,1,0,0,1,0,0,1,0,0,0,10,6,2,5,8.42,6,3,8,Yes
S00432,0,1,1,0,1,1,1,0,1,0,1,2,10,8,8.85,3,0,3,Yes
S00433,0,1,1,1,1,0,1,1,1,0,7,3,1,9,8.17,5,0,0,Yes
S00434,1,0,0,1,0,0,0,1,0,0,6,2,7,2,6.24,1,1,1,No
S00435,1,1,0,1,0,0,0,0,0,0,5,3,3,10,5.04,6,1,7,No
S00436,0,1,1,1,0,1,1,0,0,0,8,7,4,10,6.28,5,1,2,Yes
S00437,1,1,0,0,0,0,1,0,1,0,8,6,9,3,7.32,1,3,8,Yes
S00438,0,0,0,0,0,0,0,0,0,0,2,9,3,5,5.43,7,2,3,No
S00439,0,1,1,0,1,1,1,0,0,0,7,7,6,3,9.37,8,1,8,Yes
S00440,1,1,1,1,1,1,0,0,0,0,9,8,1,6,5.76,3,3,1,No
S00441,1,1,0,1,1,1,1,0,1,0,2,7,1,10,8.11,0,3,4,No
S00442,0,1,1,1,1,0,0,0,1,1,9,4,7,9,6.6,2,0,6,Yes
S00443,1,1,1,1,1,1,1,1,0,0,1,6,9,2,7.94,4,0,5,Yes
S00444,1,0,1,1,0,0,0,0,1,0,6,5,1,10,5.93,7,3,3,Yes
S00445,0,1,0,1,0,1,1,0,1,0,4,8,8,9,7.06,5,0,1,No
S00446,0,0,0,1,0,1,0,1,0,0,3,6,4,6,8.63,7,2,7,Yes
S00447,0,1,1,0,1,0,1,1,1,0,7,8,6,1,5.41,7,0,8,Yes
S00448,0,1,0,1,0,1,1,1,0,1,9,10,3,6,7.87,4,2,1,Yes
S00449,1,1,1,0,1,0,1,0,1,1,6,9,2,4,8.56,5,2,3,Yes
S00450,1,0,0,1,1,0,0,0,0,0,1,8,8,3,7.22,0,1,2,No
S00451,0,0,0,1,1,0,1,0,0,0,4,1,1,10,8.28,8,0,0,No
S00452,0,0,1,1,0,1,1,1,0,0,8,5,7,3,9.46,8,0,8,Yes
S00453,1,0,0,0,1,0,1,1,0,0,10,2,8,3,7.56,2,3,2,Yes
S00454,0,0,0,1,0,1,0,0,1,0,6,4,5,4,5.43,0,0,0,No
S00455,1,1,1,1,0,1,0,0,1,1,3,4,10,6,8.55,7,2,1,Yes
S00456,1,1,0,1,0,1,1,0,0,1,7,2,5,7,6.79,0,1,7,No
S00457,1,1,1,0,1,1,0,1,0,1,9,8,8,5,6.8,1,1,0,Yes
S00458,1,1,0,0,1,1,0,0,0,0,4,3,9,7,9.94,4,0,7,Yes
S00459,1,1,0,0,1,0,1,1,0,0,10,10,2,3,8.33,3,2,6,Yes
S00460,1,1,0,1,1,1,0,0,0,1,3,1,8,8,6.0,0,2,8,No
S00461,1,1,1,0,1,1,0,0,0,1,7,3,5,1,9.44,6,1,6,Yes
S00462,0,1,0,0,0,0,1,1,1,0,3,10,5,9,6.17,8,3,5,Yes
S00463,0,1,0,1,1,1,1,0,1,1,7,5,5,4,9.65,7,1,5,Yes
S00464,0,1,1,1,0,0,1,0,0,0,7,4,5,4,5.74,3,1,7,No
S00465,0,0,1,1,0,0,0,0,0,1,4,6,3,2,6.99,5,1,8,No
S00466,1,1,1,0,0,1,1,0,1,1,3,7,10,6,7.94,3,3,3,Yes
S00467,1,1,0,1,1,0,1,0,0,0,9,3,4,5,5.44,0,3,4,No
S00468,0,0,1,1,1,1,1,0,0,0,3,2,5,8,6.94,6,3,6,Yes
S00469,1,1,1,1,1,0,1,1,1,0,10,8,5,1,6.69,1,1,2,No
S00470,0,1,1,1,0,1,1,0,1,0,7,7,10,2,7.13,0,0,7,Yes
S00471,1,1,1,1,1,1,0,0,0,0,9,2,3,10,6.85,0,3,8,Yes
S00472,0,1,1,0,1,0,1,1,0,0,2,3,10,2,7.66,3,1,3,No
S00473,1,1,1,1,1,1,1,0,1,0,3,2,2,4,8.43,6,2,5,Yes
S00474,0,1,0,1,0,0,0,1,1,0,7,8,3,9,5.05,1,1,5,No
S00475,1,1,1,0,0,0,1,0,1,0,3,10,8,6,5.71,6,3,7,Yes
S00476,0,0,1,0,0,1,0,0,0,0,8,9,7,9,7.48,0,1,4,Yes
S00477,1,1,1,0,1,1,0,0,0,0,2,4,5,4,9.93,8,3,2,Yes
S00478,0,1,1,1,1,1,1,1,1,0,6,3,8,3,5.66,6,0,1,Yes
S00479,0,1,0,1,1,1,1,1,0,0,8,4,3,2,7.51,5,3,0,No
S00480,1,1,1,1,0,0,0,0,0,0,1,3,9,7,7.27,1,3,7,Yes
S00481,0,0,0,1,0,1,0,1,0,0,1,8,2,5,5.16,8,1,7,No
S00482,0,1,1,1,1,1,0,0,1,0,1,2,4,2,7.18,3,1,0,No
S00483,1,0,0,1,0,0,0,0,0,0,2,2,7,7,5.66,5,3,7,No
S00484,0,1,1,1,1,1,1,0,0,0,6,5,2,7,5.66,4,1,6,No
S00485,0,0,1,0,1,0,1,0,1,0,6,1,6,4,8.88,1,0,7,No
S00486,0,1,1,1,0,0,1,0,0,0,6,6,1,6,9.93,3,1,1,No
S00487,1,1,0,0,0,0,1,0,1,0,7,9,8,10,6.71,0,3,5,Yes
S00488,1,0,0,1,1,0,1,0,1,1,3,6,5,5,5.82,5,2,1,No
S00489,0,0,1,1,0,0,1,0,1,0,1,5,5,3,9.57,8,3,0,Yes
S00490,0,1,0,0,1,1,1,1,0,0,9,8,10,1,7.88,2,1,6,Yes
S00491,1,0,0,0,1,0,1,0,0,1,1,3,1,3,8.18,0,1,4,No
S00492,0,1,1,0,0,1,1,0,0,1,9,4,1,5,9.73,7,1,0,Yes
S00493,1,1,0,0,1,0,1,0,1,1,2,10,2,9,7.28,3,1,6,Yes
S00494,1,1,0,1,0,1,1,1,1,0,5,7,9,10,9.09,1,2,4,Yes
S00495,1,0,1,1,0,0,1,0,1,1,4,6,3,6,6.1,8,2,5,Yes
S00496,1,0,1,0,1,1,1,1,0,1,4,9,4,1,6.57,7,2,1,No
S00497,0,1,1,1,0,0,0,0,0,1,5,8,2,3,6.26,2,0,2,No
S00498,1,1,1,1,1,1,1,0,0,0,9,7,2,8,8.18,8,1,6,Yes
S00499,0,1,1,1,1,0,0,0,0,1,5,5,5,1,6.34,1,1,0,No
S00500,0,1,0,0,1,0,1,0,1,0,8,9,2,3,8.28,7,3,6,Yes
S00501,0,1,1,1,0,0,0,0,1,0,1,5,10,7,5.53,0,3,4,No
S00502,1,1,0,0,1,1,0,0,0,0,7,7,5,7,7.65,1,3,6,Yes
S00503,1,1,0,0,0,1,0,0,1,1,6,3,6,1,6.68,0,2,8,No
S00504,0,1,0,1,1,1,1,1,0,1,10,8,5,8,8.63,3,3,2,Yes
S00505,0,1,1,1,1,1,1,0,0,0,6,3,5,10,6.07,5,0,6,No
S00506,1,0,1,0,0,1,1,1,1,1,4,6,4,2,9.85,8,1,5,Yes
S00507,0,1,0,0,0,1,0,0,0,0,2,3,2,1,7.66,8,2,2,No
S00508,0,1,0,1,0,0,0,0,1,0,6,3,1,5,7.09,2,1,1,No
S00509,0,1,1,1,1,1,0,0,1,0,4,3,2,3,5.15,4,0,4,No
S00510,0,1,0,1,1,1,0,0,0,1,5,10,1,4,5.21,6,3,8,Yes
S00511,0,1,1,0,1,0,0,1,1,0,4,8,8,7,9.34,3,1,2,Yes
S00512,1,0,0,0,1,1,1,0,0,0,5,4,10,8,6.63,2,0,2,No
S00513,0,0,0,0,1,1,1,1,1,1,4,4,6,3,5.4,2,3,6,Yes
S00514,0,0,0,1,0,1,0,0,1,0,3,6,10,5,10.0,7,0,8,Yes
S00515,1,1,0,1,1,0,0,0,1,1,4,3,4,2,8.77,8,3,7,Yes
S00516,1,1,1,0,1,0,1,1,1,1,3,9,10,6,6.9,6,0,8,Yes
S00517,1,1,1,0,0,0,1,1,1,1,7,1,7,1,6.38,4,3,5,Yes
S00518,0,0,0,1,0,0,1,0,0,1,4,3,9,2,9.66,0,3,1,No
S00519,0,0,1,0,1,1,1,0,0,1,2,9,6,1,6.43,7,3,4,Yes
S00520,1,1,1,1,1,0,0,0,0,0,1,6,6,6,9.93,2,2,8,Yes
S00521,0,1,0,1,1,0,0,0,0,1,9,4,9,6,9.86,1,2,1,Yes
S00522,1,0,1,0,1,0,1,0,0,0,4,6,6,4,8.7,8,3,6,Yes
S00523,0,1,1,0,0,0,1,1,1,0,7,7,6,6,9.09,3,3,3,Yes
S00524,0,0,0,0,0,1,0,0,0,0,3,10,8,9,5.25,8,2,5,Yes
S00525,0,0,0,0,1,1,0,0,1,0,8,6,3,8,6.72,3,0,8,No
S00526,1,1,1,1,1,1,0,1,0,1,10,8,5,1,5.86,1,3,4,Yes
S00527,1,0,1,1,0,1,1,0,0,0,10,10,3,5,5.9,4,1,1,Yes
S00528,1,0,0,0,0,1,0,1,0,0,5,10,4,3,5.27,3,1,7,No
S00529,1,0,0,1,0,1,0,0,1,0,6,6,5,3,6.82,8,2,2,Yes
S00530,0,1,0,0,0,0,1,1,0,1,6,2,1,9,5.44,1,1,3,No
S00531,0,1,0,1,1,0,0,1,0,0,10,4,1,9,7.83,8,0,1,No
S00532,0,1,0,0,1,0,0,1,0,0,1,10,6,7,6.96,5,0,4,No
S00533,0,1,0,0,1,0,1,0,1,0,4,7,5,9,7.25,1,2,4,No
S00534,0,1,0,0,0,1,1,0,1,0,3,2,2,6,5.4,7,0,5,No
S00535,0,1,1,0,0,0,1,0,0,0,10,3,6,3,8.23,7,3,7,Yes
S00536,0,0,0,1,0,1,0,0,0,1,7,1,5,3,9.21,3,3,2,No
S00537,0,1,0,1,0,1,0,0,0,1,9,7,3,10,6.53,1,3,5,Yes
S00538,1,1,0,0,0,1,1,0,1,1,10,7,1,5,5.6,5,3,5,Yes
S00539,1,1,0,0,1,0,0,0,0,0,9,9,8,5,5.37,8,1,4,Yes
S00540,1,0,0,0,1,0,1,0,1,0,9,8,3,3,6.36,6,0,8,Yes
S00541,0,1,0,1,0,0,1,0,0,1,5,10,2,6,7.2,0,0,1,No
S00542,0,1,0,1,0,1,1,0,0,0,1,5,10,9,6.46,4,1,1,No
S00543,1,0,0,0,0,1,0,0,1,1,2,7,3,3,7.1,6,1,5,No
S00544,0,1,1,0,1,0,1,1,0,0,6,10,6,9,7.02,2,1,8,Yes
S00545,0,1,0,1,1,0,1,0,0,0,7,6,8,9,7.26,6,1,2,Yes
S00546,1,0,0,1,1,0,0,1,0,1,8,6,4,5,7.6,4,0,6,No
S00547,1,0,0,1,1,0,0,0,1,0,7,2,3,2,7.9,6,2,4,Yes
S00548,0,1,1,1,0,0,0,0,0,0,5,4,3,9,8.46,3,3,6,Yes
S00549,1,0,1,1,0,1,0,0,0,1,8,7,1,2,7.57,3,0,4,No
S00550,0,0,0,1,0,1,1,0,0,0,6,3,10,7,8.21,2,1,5,No
S00551,1,1,0,0,0,1,1,0,1,1,4,2,8,10,7.94,2,1,7,Yes
S00552,0,1,0,0,1,0,1,0,0,0,4,10,9,4,6.12,0,2,2,No
S00553,0,1,0,1,0,1,1,1,1,0,10,1,4,10,9.83,8,2,0,Yes
S00554,0,1,0,1,0,1,1,0,0,1,1,9,10,10,9.38,2,3,8,Yes
S00555,0,1,0,1,1,0,0,0,1,1,5,10,6,2,8.95,1,1,4,No
S00556,1,0,0,0,1,0,0,1,0,0,5,2,1,10,9.88,7,2,4,Yes
S00557,1,1,0,1,0,1,0,0,1,0,7,7,4,3,5.5,7,1,3,No
S00558,1,0,1,1,0,0,1,0,0,0,7,5,7,6,5.57,3,2,6,No
S00559,0,1,1,1,0,0,1,0,1,0,5,10,7,10,8.6,5,3,1,Yes
S00560,0,1,0,1,1,0,0,0,0,0,1,9,7,1,8.53,2,0,2,No
S00561,0,1,1,1,0,1,1,0,1,0,4,4,5,7,7.28,8,3,1,Yes
S00562,1,1,0,1,0,0,1,0,1,0,6,6,5,1,7.99,0,2,8,No
S00563,1,1,0,0,1,0,1,1,1,0,2,8,3,1,7.35,3,0,6,No
S00564,1,0,1,0,0,1,0,0,0,1,10,10,3,9,7.45,3,3,1,Yes
S00565,1,1,0,1,0,0,1,1,0,0,10,2,3,7,8.1,1,0,5,No
S00566,0,1,1,1,0,1,0,0,0,0,9,8,6,2,8.65,8,2,3,Yes
S00567,1,0,0,1,0,0,1,0,0,0,9,5,2,7,8.49,5,3,4,Yes
S00568,1,1,0,1,1,0,0,0,0,0,1,10,6,3,9.84,4,1,3,Yes
S00569,0,1,1,0,1,0,1,1,0,0,1,8,4,6,9.19,1,2,2,No
S00570,1,1,0,1,0,1,1,0,1,0,3,5,2,8,5.4,2,1,0,No
S00571,1,0,0,1,1,0,1,0,0,1,1,4,9,9,9.34,4,1,1,Yes
S00572,0,1,1,1,0,1,1,1,0,0,6,6,1,6,6.71,4,2,7,Yes
S00573,1,1,0,1,0,0,0,0,0,0,4,7,4,1,8.55,1,0,8,No
S00574,0,1,0,0,0,1,1,1,0,1,8,4,6,9,8.53,2,0,8,Yes
S00575,0,0,1,0,1,0,1,0,1,0,8,9,10,6,5.55,5,3,1,Yes
S00576,0,1,0,0,0,1,1,0,0,0,7,5,7,10,9.83,0,0,1,No
S00577,1,0,1,0,1,1,0,0,0,0,7,9,6,10,6.69,2,2,6,Yes
S00578,0,0,1,1,1,1,0,1,1,0,2,6,5,10,9.73,5,1,1,Yes
S00579,1,1,0,1,0,1,1,1,1,0,8,5,9,8,7.47,7,3,5,Yes
S00580,1,0,0,0,1,1,1,1,0,0,8,3,6,9,6.88,5,2,7,Yes
S00581,1,0,1,0,1,0,1,0,1,0,8,2,5,10,5.4,6,0,1,No
S00582,0,1,0,1,1,1,1,1,0,0,2,7,1,7,9.77,8,0,6,Yes
S00583,1,1,1,1,1,1,0,0,0,0,10,1,3,3,6.43,7,3,6,Yes
S00584,1,1,0,1,1,1,0,0,0,1,9,5,6,2,8.02,5,3,5,Yes
S00585,0,1,0,0,1,0,1,0,1,1,1,1,6,4,6.56,2,2,2,No
S00586,1,0,0,0,1,0,1,0,0,0,10,1,2,2,7.12,2,1,1,No
S00587,1,1,1,0,0,1,0,1,0,0,8,1,2,5,5.36,7,2,2,No
S00588,1,1,0,1,1,1,1,0,1,1,10,6,2,10,5.42,0,1,7,Yes
S00589,1,0,1,0,0,1,0,1,1,1,5,2,8,6,5.24,0,0,1,No
S00590,1,1,1,1,0,1,0,0,0,0,4,10,2,6,6.36,6,3,4,Yes
S00591,1,1,0,1,1,0,0,0,0,1,3,10,10,9,7.61,3,3,1,Yes
S00592,0,0,0,1,1,1,0,0,0,0,4,8,1,3,8.4,4,3,5,No
S00593,1,1,0,1,0,0,1,1,0,0,1,6,7,2,8.18,1,2,8,No
S00594,1,0,1,1,0,1,1,0,0,0,1,4,9,4,7.17,2,2,1,No
S00595,0,1,1,1,0,0,1,0,0,1,2,4,4,2,5.37,3,2,3,No
S00596,1,1,0,0,1,0,1,0,0,0,9,2,9,2,7.71,0,1,4,No
S00597,0,1,0,0,0,0,0,1,1,0,8,1,9,8,8.61,2,1,6,No
S00598,1,1,0,1,0,0,0,1,0,0,1,9,5,7,5.57,5,2,2,No
S00599,1,0,0,1,1,1,1,0,0,0,4,2,9,5,6.28,2,2,1,No
S00600,1,0,0,1,1,1,0,0,1,1,6,8,9,4,7.81,6,0,2,Yes
S00601,1,0,0,1,1,1,1,1,0,0,5,5,7,7,6.55,4,0,5,Yes
S00602,1,1,0,0,1,1,1,0,1,1,4,10,2,6,7.78,7,0,6,Yes
S00603,1,0,0,0,0,1,1,0,0,0,2,8,10,2,8.2,4,2,2,No
S00604,1,0,0,1,1,0,1,0,0,1,3,7,3,2,5.89,1,2,6,No
S00605,1,1,0,1,1,0,1,0,0,1,8,8,1,2,8.39,4,3,6,Yes
S00606,1,0,0,1,1,1,0,0,1,0,8,1,3,3,8.53,3,1,0,No
S00607,1,1,0,1,1,1,1,0,0,1,8,6,8,1,6.81,3,2,3,Yes
S00608,1,1,0,1,0,1,1,0,0,0,10,2,3,3,9.97,2,3,1,Yes
S00609,1,0,0,1,1,1,1,0,0,1,6,5,10,1,7.05,7,2,6,Yes
S00610,0,1,0,1,0,1,1,1,1,0,6,1,5,8,6.01,6,0,4,No
S00611,1,1,0,0,0,0,1,1,0,0,6,9,9,3,9.56,3,2,6,Yes
S00612,0,1,0,1,0,1,1,1,1,0,4,9,10,8,8.44,7,0,5,Yes
S00613,0,0,0,0,1,1,0,0,1,0,9,2,1,3,9.76,7,1,7,No
S00614,1,1,0,1,1,1,0,1,0,0,8,2,2,8,5.95,6,3,8,Yes
S00615,0,1,0,1,0,1,1,0,0,1,7,9,3,10,6.52,2,3,4,Yes
S00616,0,1,0,1,1,1,1,0,1,0,7,2,5,4,6.89,0,3,0,No
S00617,1,1,0,1,0,1,0,0,0,0,1,10,9,1,5.4,8,2,6,Yes
S00618,1,0,1,1,0,1,0,0,0,0,5,1,4,2,6.26,3,3,7,No
S00619,0,1,0,1,1,1,1,0,0,1,1,10,4,1,5.12,1,1,0,No
S00620,0,1,0,1,1,1,1,0,1,0,2,4,9,6,5.17,3,3,7,Yes
S00621,1,1,0,1,1,1,1,0,0,1,4,5,5,4,8.54,2,1,0,Yes
S00622,1,0,0,0,1,1,1,0,0,1,2,1,4,6,8.97,4,3,1,No
S00623,1,1,0,1,0,1,1,0,1,0,5,2,1,9,9.01,2,0,7,No
S00624,1,0,0,1,1,1,1,0,0,0,7,8,7,4,5.95,4,1,5,Yes
S00625,0,1,0,0,1,0,1,0,1,0,10,7,8,3,5.37,1,3,7,Yes
S00626,1,1,1,0,0,1,1,0,0,0,9,4,3,9,5.94,0,3,7,No
S00627,1,0,0,0,1,1,1,1,0,0,9,2,8,3,7.75,0,0,4,No
S00628,0,0,1,1,1,1,0,0,1,0,1,8,5,3,7.05,5,1,3,No
S00629,1,0,1,1,1,1,0,0,0,0,3,8,9,5,6.57,8,3,4,Yes
S00630,1,0,1,0,0,0,1,0,1,1,8,6,7,4,6.22,0,0,2,No
S00631,0,0,1,1,0,0,0,1,0,0,5,9,4,2,8.56,4,2,6,Yes
S00632,0,0,0,0,1,1,0,0,0,0,7,8,3,3,9.32,2,0,3,No
S00633,1,0,0,1,1,0,1,0,0,0,3,5,1,1,9.79,1,2,4,No
S00634,1,1,0,0,1,0,0,1,1,0,6,8,1,2,9.05,1,2,8,Yes
S00635,1,1,0,0,0,0,0,0,0,0,9,10,4,10,9.61,2,1,6,Yes
S00636,1,1,0,1,0,1,1,0,1,0,1,9,9,5,7.92,7,1,3,Yes
S00637,1,0,1,1,1,0,1,0,0,0,2,5,6,9,9.95,6,1,6,Yes
S00638,1,1,0,0,1,1,1,1,0,0,6,9,6,5,9.96,4,3,3,Yes
S00639,1,0,0,1,1,0,1,1,1,0,1,2,7,9,7.65,2,1,2,No
S00640,1,1,1,1,1,0,1,0,0,0,8,10,10,6,8.24,2,1,0,Yes
S00641,1,1,0,0,1,1,1,0,1,1,5,9,6,8,6.34,1,3,6,Yes
S00642,1,1,0,0,1,0,1,1,0,1,6,2,5,1,6.51,4,1,7,No
S00643,1,1,0,1,0,0,0,0,0,0,6,3,2,4,6.46,0,0,3,No
S00644,1,1,1,0,0,1,0,1,1,0,6,4,2,2,9.97,6,2,2,Yes
S00645,1,1,0,1,0,1,1,0,0,0,5,1,1,7,5.04,0,3,5,No
S00646,0,0,1,1,1,0,1,0,0,0,9,1,5,6,7.74,1,0,5,No
S00647,0,1,0,1,0,1,1,0,1,1,3,9,1,10,7.22,8,3,1,Yes
S00648,0,1,1,1,1,0,0,1,0,1,4,8,2,1,5.34,4,0,1,No
S00649,0,1,0,1,0,1,0,1,1,0,9,9,10,1,8.4,8,2,2,Yes
S00650,1,0,1,1,1,1,0,1,0,0,2,10,7,2,6.71,5,2,5,Yes
S00651,1,1,1,1,0,1,1,1,0,0,6,1,5,9,6.84,4,2,2,Yes
S00652,1,1,0,1,0,0,0,1,0,0,1,1,10,10,7.17,5,2,3,No
S00653,0,1,0,1,1,1,0,1,1,0,1,2,4,4,9.37,1,1,2,No
S00654,0,1,0,1,0,1,0,0,0,1,1,1,5,4,9.82,7,3,3,Yes
S00655,1,0,0,1,1,0,0,0,0,0,7,5,7,3,9.41,5,3,6,Yes
S00656,1,0,1,1,0,1,1,0,0,0,9,8,2,7,6.77,8,2,2,Yes
S00657,1,1,0,1,0,0,1,0,1,1,9,1,3,3,7.28,0,0,5,No
S00658,1,1,1,1,0,1,1,0,1,0,6,7,3,8,5.77,6,1,7,Yes
S00659,0,1,1,1,1,0,0,0,0,0,10,9,5,9,8.21,2,3,0,Yes
S00660,0,1,0,0,0,1,1,0,1,0,3,4,8,1,6.19,2,3,4,No
S00661,1,0,0,1,1,1,0,1,0,0,8,9,10,3,8.04,3,0,4,Yes
S00662,0,1,0,0,1,0,0,0,0,1,3,6,4,6,8.65,1,0,1,No
S00663,0,1,0,0,1,1,1,0,0,0,10,10,9,2,6.3,2,2,2,Yes
S00664,1,1,0,0,1,1,0,0,0,0,9,9,9,5,5.11,8,3,2,Yes
S00665,1,0,0,1,0,1,1,0,1,0,8,5,10,9,7.8,3,1,6,Yes
S00666,1,0,1,0,1,1,1,0,0,0,9,3,5,8,6.66,3,3,7,Yes
S00667,1,0,0,0,1,1,1,0,0,0,8,7,7,10,6.75,1,0,5,Yes
S00668,1,1,0,0,1,0,0,0,0,0,10,10,7,3,5.7,5,3,0,Yes
S00669,1,1,0,1,0,1,0,1,1,0,4,9,3,5,7.54,2,0,5,Yes
S00670,1,1,1,1,1,0,1,0,0,0,4,6,5,5,8.22,6,2,2,Yes
S00671,1,1,1,1,1,1,1,0,0,0,7,9,8,9,7.88,7,2,3,Yes
S00672,0,1,0,1,0,0,1,0,0,0,5,3,5,3,9.12,4,2,4,Yes
S00673,1,1,1,1,0,1,1,1,0,0,10,3,3,9,6.94,2,3,5,Yes
S00674,1,1,1,1,1,1,1,1,1,0,4,1,2,7,6.19,0,2,1,No
S00675,1,0,1,1,1,1,0,0,1,0,1,9,6,9,7.49,2,1,4,No
S00676,0,1,1,0,0,0,1,0,0,1,7,5,3,3,5.53,4,2,5,No
S00677,1,1,1,1,1,1,0,0,1,0,6,10,7,1,8.47,1,3,1,Yes
S00678,1,1,1,1,1,0,1,1,0,1,10,8,3,2,7.22,4,1,7,Yes
S00679,0,1,0,0,0,0,1,0,0,1,8,3,4,7,9.33,5,0,1,No
S00680,0,1,0,1,1,1,1,1,0,0,4,4,3,1,5.07,5,2,0,No
S00681,0,1,1,0,0,0,0,0,0,1,1,7,10,10,7.7,4,3,4,Yes
S00682,1,1,0,1,0,1,0,1,1,0,6,6,3,8,9.39,3,0,5,Yes
S00683,1,1,0,0,0,1,1,0,0,1,9,9,9,3,6.77,0,1,5,Yes
S00684,0,1,0,0,0,1,1,1,1,1,3,9,2,3,7.72,0,0,1,No
S00685,0,1,0,0,1,0,1,0,0,0,9,4,6,10,9.22,6,3,4,Yes
S00686,0,1,0,1,0,1,1,0,0,1,10,5,10,8,6.41,1,2,5,Yes
S00687,0,1,1,0,1,1,1,0,0,0,2,9,4,4,9.73,8,3,0,Yes
S00688,1,1,1,1,0,0,0,0,1,1,2,5,5,5,5.02,4,3,6,Yes
S00689,0,0,0,1,0,0,1,1,0,0,9,10,4,1,7.39,5,1,6,No
S00690,1,1,1,0,1,1,0,0,0,0,3,6,2,2,7.52,2,1,3,No
S00691,1,1,0,1,1,1,1,1,0,0,8,5,6,7,6.06,4,0,4,Yes
S00692,1,0,0,1,1,1,1,1,1,0,4,6,8,10,5.07,7,1,5,Yes
S00693,1,0,1,0,1,1,0,1,0,1,6,6,1,3,8.68,2,2,8,Yes
S00694,1,0,1,1,0,1,0,1,0,0,7,4,4,1,8.53,6,1,6,Yes
S00695,1,0,0,0,0,1,0,1,1,1,4,8,6,7,8.28,7,3,1,Yes
S00696,0,1,0,0,0,1,0,0,0,0,1,3,4,10,8.97,6,2,1,No
S00697,1,1,0,1,1,1,1,1,0,0,4,2,3,4,8.18,6,2,6,Yes
S00698,0,0,1,0,1,0,0,0,0,0,4,3,4,10,8.5,5,1,1,No
S00699,1,0,0,1,0,0,1,1,0,1,6,10,7,1,9.3,1,3,4,Yes
S00700,1,1,0,1,0,1,0,1,0,0,1,7,5,2,5.41,3,3,7,No
S00701,1,0,1,1,1,1,0,1,0,0,4,3,10,7,9.19,7,2,0,Yes
S00702,1,1,1,1,0,1,0,0,0,0,5,5,10,10,6.48,6,1,8,Yes
S00703,1,1,1,0,0,0,0,0,0,1,9,5,8,10,7.88,0,2,8,Yes
S00704,1,0,1,0,0,0,1,1,0,0,1,2,6,2,5.66,7,0,0,No
S00705,1,0,0,1,1,1,1,0,1,0,9,6,8,8,6.85,7,0,2,Yes
S00706,0,0,1,1,1,1,1,0,1,0,6,4,7,3,5.37,7,3,4,Yes
S00707,1,0,0,1,1,1,0,1,0,0,10,7,4,7,7.13,3,2,4,Yes
S00708,0,1,1,1,0,0,0,1,1,1,1,5,7,6,6.48,7,1,7,Yes
S00709,1,1,0,1,0,1,1,0,1,0,9,9,9,8,9.66,5,0,6,Yes
S00710,0,0,1,0,0,0,1,0,0,1,8,7,5,9,6.49,0,1,5,No
S00711,0,1,0,1,1,0,0,0,0,0,3,5,3,1,5.48,6,3,0,No
S00712,0,1,0,1,1,1,1,1,0,0,5,9,7,9,5.28,1,0,0,No
S00713,1,1,0,1,0,1,1,0,0,1,5,2,5,4,6.53,3,0,7,No
S00714,1,1,1,1,0,0,0,0,0,0,9,9,1,5,9.35,2,1,6,Yes
S00715,1,1,0,1,1,1,1,0,0,0,2,3,5,3,7.99,3,3,4,No
S00716,0,0,0,0,0,0,0,0,0,0,10,6,8,5,7.46,6,0,4,Yes
S00717,0,1,0,1,0,1,1,0,0,1,10,6,4,1,5.47,8,0,7,Yes
S00718,0,1,0,0,0,0,0,1,0,1,6,1,10,3,8.37,6,3,5,No
S00719,1,0,0,1,1,0,1,0,0,1,4,3,7,5,8.18,5,3,1,Yes
S00720,0,1,0,0,1,1,0,0,1,1,4,5,8,7,7.05,4,3,3,Yes
S00721,0,0,0,1,0,0,0,0,0,0,4,6,7,2,9.02,5,3,5,Yes
S00722,1,1,0,1,0,1,0,0,1,1,5,5,9,1,6.43,3,3,8,Yes
S00723,1,0,1,1,0,1,1,0,0,0,8,6,8,10,9.59,3,1,6,Yes
S00724,0,1,1,1,0,0,0,0,1,0,6,6,4,8,8.36,4,2,6,Yes
S00725,0,1,1,0,1,1,0,0,1,0,9,5,9,4,5.51,7,3,2,Yes
S00726,0,0,0,1,0,1,1,0,1,0,2,7,1,6,8.55,6,0,8,Yes
S00727,1,0,1,0,0,0,1,0,1,0,1,8,10,9,7.07,0,3,8,Yes
S00728,0,1,0,0,1,0,1,0,1,0,3,10,5,6,6.25,1,3,3,No
S00729,1,0,0,1,0,1,1,0,1,1,8,4,5,2,8.82,4,1,6,Yes
S00730,1,1,0,0,0,0,1,0,0,0,5,1,6,9,7.63,4,0,8,No
S00731,1,0,0,0,0,0,1,1,0,1,5,9,8,7,9.29,4,0,5,Yes
S00732,0,1,0,1,1,1,1,0,0,0,5,5,3,6,7.49,8,3,4,Yes
S00733,0,1,1,0,0,1,0,0,0,0,6,2,6,6,9.23,7,3,1,Yes
S00734,1,1,0,1,1,1,1,0,0,0,9,1,8,8,6.26,7,0,1,Yes
S00735,1,1,1,1,0,1,0,1,1,1,7,5,7,10,8.51,6,1,2,Yes
S00736,0,1,1,1,1,0,1,0,0,0,5,2,9,6,5.43,3,0,6,No
S00737,1,1,0,0,0,1,0,0,0,1,6,4,7,1,8.22,5,3,8,Yes
S00738,0,1,0,1,1,0,0,0,0,0,4,1,9,2,7.54,5,3,4,Yes
S00739,1,1,0,0,1,0,1,1,0,0,1,4,1,10,5.71,1,3,3,No
S00740,1,1,0,1,1,0,1,0,0,0,1,9,6,3,8.16,6,3,4,Yes
S00741,1,0,0,0,0,1,0,0,0,0,9,8,10,5,9.51,5,2,3,Yes
S00742,1,1,0,0,1,0,1,1,0,1,4,6,9,8,7.37,5,2,8,Yes
S00743,0,0,0,0,0,0,1,0,0,0,10,4,10,10,5.72,8,3,7,Yes
S00744,1,0,0,1,0,1,0,1,0,1,1,10,7,3,7.48,7,0,5,No
S00745,1,1,0,1,1,1,1,1,0,0,5,6,4,4,9.31,1,0,6,Yes
S00746,0,0,1,0,1,1,1,0,0,0,1,3,4,2,8.26,5,0,2,No
S00747,1,1,1,0,0,1,1,0,0,1,3,4,3,3,7.39,3,1,2,No
S00748,1,1,0,1,0,1,1,0,0,0,9,8,9,1,7.43,2,1,6,Yes
S00749,0,1,0,0,1,0,0,0,0,0,7,2,5,3,9.33,5,3,2,Yes
S00750,0,1,0,1,0,0,1,0,0,0,1,8,9,1,7.32,7,2,5,Yes
S00751,1,0,0,0,0,1,1,1,0,1,6,8,4,2,5.95,5,0,0,No
S00752,0,1,0,0,0,1,0,1,1,1,8,4,3,5,8.55,1,2,4,No
S00753,0,1,0,0,1,0,0,0,0,0,7,6,5,7,5.33,1,3,7,No
S00754,1,0,0,1,0,1,1,1,1,1,10,6,7,6,7.41,6,2,5,Yes
S00755,1,1,1,1,0,1,1,1,0,0,7,8,4,9,5.26,2,0,7,Yes
S00756,0,1,1,1,1,0,1,0,1,1,10,9,5,1,7.84,8,0,0,Yes
S00757,0,1,1,0,1,1,1,0,0,0,9,3,9,7,7.89,3,3,2,Yes
S00758,1,0,0,0,0,1,1,0,0,0,10,3,10,8,9.38,4,1,3,Yes
S00759,0,0,1,1,0,1,0,0,1,0,10,3,7,1,6.58,5,2,7,No
S00760,0,1,0,1,1,1,0,1,1,0,7,5,9,10,6.32,2,0,7,No
S00761,1,1,1,1,1,0,1,0,1,1,8,10,2,6,7.55,5,2,1,Yes
S00762,1,1,1,0,0,1,0,0,0,0,5,5,1,5,9.12,2,2,3,No
S00763,1,1,1,1,1,1,0,0,0,0,6,1,7,1,6.18,5,0,8,No
S00764,0,0,1,0,1,1,1,1,0,0,8,5,5,6,7.91,0,3,8,Yes
S00765,1,1,0,1,1,1,0,0,0,0,1,8,5,5,7.01,7,0,7,No
S00766,0,1,0,1,0,0,1,0,1,0,5,6,9,3,6.91,4,1,1,No
S00767,0,0,1,0,0,1,1,0,1,0,7,3,2,10,8.61,7,0,3,No
S00768,0,0,1,0,0,0,1,0,0,0,6,5,7,10,7.47,6,2,3,Yes
S00769,1,1,1,1,1,1,1,1,0,1,5,9,9,2,5.73,3,3,2,Yes
S00770,0,1,0,1,0,1,0,0,0,1,4,1,7,7,7.69,7,3,5,Yes
S00771,1,1,0,0,1,1,1,0,0,0,4,1,7,2,6.65,8,1,5,No
S00772,0,1,0,1,1,0,1,0,0,0,8,8,4,2,6.15,0,2,4,No
S00773,1,1,1,0,1,0,1,0,0,0,4,10,3,5,5.94,2,3,1,No
S00774,1,1,0,1,0,1,0,0,0,0,4,1,5,10,5.82,3,1,2,No
S00775,0,0,1,0,1,1,0,1,0,0,2,9,9,3,6.14,5,3,7,Yes
S00776,1,0,1,1,1,1,0,0,0,0,1,2,6,2,7.1,6,0,4,No
S00777,1,1,0,1,1,0,0,0,1,0,4,3,5,7,7.2,2,2,0,No
S00778,0,1,1,0,0,1,1,1,0,1,8,6,6,2,7.02,3,1,6,No
S00779,0,0,1,1,1,1,0,0,0,0,9,9,10,1,9.46,4,3,7,Yes
S00780,0,0,0,1,1,1,0,0,1,0,10,10,8,2,9.04,8,2,6,Yes
S00781,0,0,0,1,1,0,0,1,1,0,10,10,2,3,9.04,3,0,5,No
S00782,1,1,1,0,1,1,1,1,1,0,9,4,6,10,6.18,3,3,6,Yes
S00783,1,1,0,1,0,1,0,0,0,1,8,2,8,5,6.93,3,2,8,Yes
S00784,1,0,0,1,0,1,0,0,0,1,4,7,3,6,6.17,8,3,6,Yes
S00785,1,0,1,1,1,1,0,0,1,0,4,2,10,5,8.6,5,0,2,Yes
S00786,0,1,0,0,0,1,0,1,1,0,5,5,4,5,9.38,3,1,2,No
S00787,0,1,0,0,0,0,1,1,1,0,6,5,7,2,7.7,3,0,8,Yes
S00788,1,0,0,1,1,1,0,0,0,1,7,2,7,4,9.35,4,2,2,Yes
S00789,1,1,0,1,0,0,1,1,0,1,4,5,4,7,9.51,0,1,2,No
S00790,0,0,0,0,0,0,1,0,0,0,7,3,4,1,8.35,2,3,5,No
S00791,1,1,1,1,0,0,0,0,0,0,7,3,2,2,7.03,6,3,1,No
S00792,0,0,0,0,0,1,1,0,0,0,10,7,3,4,9.7,0,1,4,No
S00793,1,1,1,1,1,1,0,0,1,1,9,2,3,6,6.11,1,1,2,No
S00794,0,1,0,1,0,0,0,1,0,0,1,8,3,4,6.41,0,1,6,No
S00795,1,0,1,1,1,0,0,0,0,1,8,7,5,8,9.18,6,0,8,Yes
S00796,0,0,0,1,0,1,0,0,0,1,6,5,9,2,7.13,7,0,5,No
S00797,0,0,0,0,1,0,1,1,0,0,2,10,10,7,5.98,1,0,8,No
S00798,0,1,1,0,1,0,1,0,0,0,4,2,9,5,7.0,4,3,4,Yes
S00799,0,0,1,1,1,1,0,0,0,1,10,1,5,2,5.59,3,0,2,No
S00800,0,1,0,0,1,1,0,0,0,0,6,8,2,3,5.96,5,3,8,No
S00801,0,1,0,1,1,1,0,0,1,0,9,4,2,10,7.35,2,1,0,No
S00802,1,0,0,0,1,1,0,1,0,0,9,9,9,7,7.37,8,0,1,Yes
S00803,0,1,0,1,1,0,0,1,1,0,3,9,8,5,7.75,7,3,3,Yes
S00804,0,1,0,1,1,1,1,0,0,0,4,2,5,10,7.31,5,3,6,Yes
S00805,1,1,0,0,0,0,1,0,0,0,6,5,2,1,6.94,7,3,8,Yes
S00806,0,1,1,1,0,0,1,0,0,1,9,6,8,8,5.59,8,3,8,Yes
S00807,0,0,1,0,0,0,0,1,0,0,10,8,7,3,9.4,0,2,2,No
S00808,0,1,0,0,1,1,1,1,1,0,8,1,3,8,5.88,5,2,2,Yes
S00809,1,1,1,0,0,1,0,0,0,1,1,3,4,8,6.6,2,2,7,No
S00810,1,0,0,1,0,1,1,0,0,1,8,2,9,1,7.45,5,0,8,No
S00811,0,1,0,1,1,1,1,0,1,0,4,10,3,5,6.62,1,0,0,No
S00812,0,1,1,0,0,0,1,0,0,0,4,2,7,2,9.66,4,2,6,Yes
S00813,1,1,0,1,1,1,1,0,0,1,5,3,1,2,9.76,4,1,7,Yes
S00814,0,1,0,0,1,0,1,0,0,0,4,2,6,6,9.1,3,2,5,No
S00815,0,1,0,0,1,1,1,0,0,0,8,8,10,1,7.98,5,2,7,Yes
S00816,1,0,0,1,0,1,1,1,0,1,2,9,9,5,7.22,8,2,0,Yes
S00817,0,1,0,1,0,0,1,1,0,0,1,4,5,4,8.53,1,1,5,No
S00818,1,1,1,1,0,1,0,0,0,1,1,10,1,5,7.96,1,3,8,Yes
S00819,1,1,0,1,0,1,1,0,0,0,5,5,4,6,5.73,6,2,5,Yes
S00820,1,1,0,0,0,0,1,0,0,0,1,2,2,6,6.35,7,1,4,No
S00821,0,0,0,0,1,0,1,0,0,0,6,10,10,1,8.3,2,1,3,Yes
S00822,1,1,1,0,1,0,0,1,0,0,4,9,2,3,8.33,7,1,2,Yes
S00823,1,0,0,0,1,0,1,1,0,0,2,10,3,6,8.2,1,2,5,No
S00824,1,1,0,0,1,0,1,0,1,0,4,2,7,2,5.04,2,2,3,No
S00825,1,1,1,1,0,1,0,0,0,1,5,8,9,8,5.61,8,3,4,Yes
S00826,0,1,0,1,1,0,0,1,0,1,10,6,7,9,6.55,2,0,4,Yes
S00827,1,0,0,1,1,0,0,0,0,1,6,7,3,10,5.41,2,0,1,No
S00828,1,1,1,0,0,1,1,0,1,1,1,6,10,8,5.52,2,2,6,Yes
S00829,0,1,0,1,0,0,1,0,1,0,1,4,7,2,6.19,0,3,7,No
S00830,1,0,0,1,0,0,1,1,0,0,6,2,2,9,9.45,4,0,6,No
S00831,1,0,0,0,1,0,1,0,0,0,4,4,5,5,9.38,7,0,1,No
S00832,1,1,0,0,0,1,0,0,0,0,9,5,10,5,9.97,0,2,4,Yes
S00833,1,0,1,0,1,1,0,1,0,0,3,8,4,9,9.9,6,0,7,Yes
S00834,1,0,0,1,0,0,1,1,0,0,9,10,2,7,8.1,6,2,0,Yes
S00835,1,1,0,0,0,1,1,1,0,0,9,3,10,9,6.92,3,3,5,Yes
S00836,1,1,1,1,0,0,1,0,1,1,2,5,6,1,8.83,5,2,7,Yes
S00837,0,1,0,0,1,1,1,1,1,0,8,3,9,5,8.52,6,0,6,Yes
S00838,1,1,0,1,0,1,1,1,0,0,10,10,9,4,9.72,1,3,7,Yes
S00839,0,0,0,0,1,1,1,0,0,0,1,6,5,1,6.56,8,2,3,No
S00840,0,1,1,0,1,0,1,0,0,1,4,4,10,9,9.78,8,1,5,Yes
S00841,1,1,1,0,0,1,1,1,1,0,10,5,10,10,7.59,8,1,6,Yes
S00842,0,0,0,0,0,0,1,0,1,0,4,7,3,5,5.15,3,3,4,No
S00843,1,1,1,0,1,0,1,1,0,0,7,6,3,8,8.07,3,0,5,Yes
S00844,0,0,0,1,1,0,0,0,0,0,3,2,6,5,7.14,3,1,3,No
S00845,1,0,0,1,0,1,0,0,0,0,4,10,9,8,7.92,2,2,5,Yes
S00846,1,0,0,0,1,0,0,0,1,0,4,9,3,4,9.08,2,3,6,No
S00847,1,0,1,0,0,0,0,1,1,1,9,6,1,7,6.44,1,1,8,No
S00848,0,1,1,0,0,0,1,1,0,0,6,10,2,4,9.81,6,2,3,Yes
S00849,1,1,1,0,0,0,1,1,0,0,5,4,9,5,6.27,0,2,5,No
S00850,0,1,1,0,1,1,0,0,0,0,10,1,3,9,8.38,8,2,2,Yes
S00851,1,1,0,1,0,1,1,1,0,0,2,7,1,4,6.36,4,3,3,No
S00852,0,1,0,1,1,0,0,0,0,1,2,10,1,8,5.44,6,2,3,No
S00853,1,1,0,0,0,1,0,0,0,0,3,3,2,1,5.2,0,2,4,No
S00854,0,0,0,1,0,0,0,0,0,0,10,2,2,7,5.63,4,2,3,No
S00855,1,0,0,1,1,0,1,0,1,1,8,7,10,9,8.61,3,3,0,Yes
S00856,1,1,1,0,1,0,1,0,0,1,5,4,5,6,9.22,2,1,5,Yes
S00857,1,1,1,1,0,0,0,0,0,0,4,6,1,9,7.5,7,2,0,No
S00858,1,1,0,1,1,0,1,0,1,0,2,10,8,9,9.2,1,2,0,Yes
S00859,0,0,1,1,1,1,0,1,1,1,2,5,1,10,5.9,0,2,1,No
S00860,1,0,1,1,1,1,1,0,0,0,8,10,3,4,6.39,3,0,7,No
S00861,0,1,0,0,1,0,0,0,1,1,3,6,2,9,6.84,4,2,8,No
S00862,1,1,0,0,1,0,1,0,0,0,7,6,8,8,9.24,5,1,6,Yes
S00863,1,1,0,1,1,1,0,0,0,0,1,3,10,8,9.47,8,0,4,Yes
S00864,1,0,0,1,1,1,1,0,0,0,7,2,5,7,6.48,0,3,6,Yes
S00865,1,1,0,0,0,1,1,0,0,0,1,9,10,9,10.0,6,0,7,Yes
S00866,0,1,1,0,0,0,1,0,0,1,7,2,1,3,5.67,4,2,5,No
S00867,1,0,0,1,0,1,0,0,1,0,8,4,10,3,9.19,0,0,3,No
S00868,1,0,1,1,1,1,0,0,0,0,1,6,6,6,7.22,1,0,7,No
S00869,0,0,0,1,0,0,1,0,1,1,6,5,6,6,9.92,3,2,3,Yes
S00870,0,1,0,0,0,1,1,1,0,0,8,8,6,9,9.83,6,1,7,Yes
S00871,1,0,1,0,1,1,1,0,1,0,9,9,4,2,6.88,6,1,1,Yes
S00872,1,1,0,1,0,1,1,0,0,0,5,9,1,7,7.18,4,0,3,No
S00873,0,1,1,1,0,1,0,0,0,0,10,2,4,10,8.52,3,0,1,No
S00874,1,1,0,1,1,0,0,1,0,0,9,8,2,5,8.94,6,3,8,Yes
S00875,1,1,1,1,0,1,0,1,0,0,4,4,2,5,8.25,6,2,2,Yes
S00876,1,1,0,1,1,1,1,0,0,0,6,2,7,5,5.84,1,1,5,No
S00877,0,0,0,1,0,0,1,1,1,0,8,8,3,7,8.32,6,0,2,Yes
S00878,0,1,1,0,0,1,1,0,0,0,6,3,9,4,6.85,2,0,1,No
S00879,1,0,1,0,0,1,1,0,1,0,10,3,1,1,5.9,4,2,1,No
S00880,1,1,0,1,1,0,1,0,0,0,5,4,1,5,5.72,7,3,1,No
S00881,1,1,1,1,1,0,0,0,0,0,5,6,7,8,6.33,2,1,4,No
S00882,0,1,1,0,0,0,1,0,0,0,10,2,6,10,5.61,1,2,7,No
S00883,1,0,0,1,1,1,1,1,1,1,9,4,10,7,6.12,7,2,1,Yes
S00884,1,1,0,1,0,1,1,0,1,1,8,6,8,7,6.28,4,0,6,Yes
S00885,0,0,0,1,1,0,1,0,0,0,2,1,10,2,7.07,2,3,6,No
S00886,1,1,0,1,0,1,1,1,1,0,3,5,5,5,6.41,6,1,3,No
S00887,0,0,0,1,1,0,1,1,1,0,6,7,9,10,8.39,0,0,5,Yes
S00888,1,1,1,0,1,1,0,0,0,0,10,9,5,6,9.72,8,3,1,Yes
S00889,1,0,1,1,1,1,0,0,1,1,4,2,3,10,9.88,1,3,1,Yes
S00890,1,1,0,1,1,0,1,0,0,1,1,7,9,2,5.91,6,3,1,Yes
S00891,0,0,0,1,1,0,0,0,0,0,4,9,5,3,6.94,8,2,5,No
S00892,0,0,1,1,1,1,1,0,0,0,10,3,3,2,5.29,2,0,3,No
S00893,0,1,0,1,1,0,1,0,1,1,6,1,6,6,9.45,2,1,0,No
S00894,1,0,0,0,0,1,1,0,0,0,7,6,3,7,8.47,5,3,3,Yes
S00895,0,1,1,1,1,0,0,0,1,1,5,1,3,10,5.21,6,0,7,No
S00896,1,1,1,0,1,1,0,0,0,0,4,10,5,5,6.27,3,3,6,Yes
S00897,1,0,1,0,0,1,0,0,1,0,8,8,5,2,5.21,7,2,7,Yes
S00898,0,1,1,0,0,0,0,0,1,0,1,8,9,8,10.0,4,1,2,Yes
S00899,1,1,1,1,0,0,1,1,0,0,1,9,6,2,9.72,3,1,1,Yes
S00900,1,1,0,1,1,0,1,0,0,0,1,3,8,8,8.19,4,3,5,Yes
S00901,1,0,0,1,0,1,0,0,0,1,2,9,6,3,9.66,5,2,1,Yes
S00902,1,1,1,1,0,0,1,0,0,1,9,7,2,9,7.97,1,3,6,Yes
S00903,1,1,0,1,0,1,0,0,0,1,1,10,4,9,6.08,3,1,1,No
S00904,0,0,0,0,0,1,1,0,0,0,1,7,1,4,9.5,4,1,8,No
S00905,1,0,0,0,0,0,1,1,1,0,10,1,7,4,5.49,0,0,5,No
S00906,0,0,0,1,1,1,0,0,0,0,2,8,3,7,5.38,4,2,7,No
S00907,0,0,0,0,0,1,1,1,0,0,1,9,2,10,5.51,0,2,7,No
S00908,1,0,0,1,1,0,1,1,0,0,2,3,3,2,8.98,3,3,2,No
S00909,1,1,0,1,1,0,1,0,1,1,9,7,4,1,9.05,8,1,8,Yes
S00910,1,1,1,1,1,1,1,0,0,1,10,10,6,7,9.67,3,3,2,Yes
S00911,0,0,1,1,1,0,0,1,1,0,4,1,3,10,9.49,2,1,1,No
S00912,1,0,1,1,1,1,0,1,0,0,8,9,10,1,5.32,5,1,3,Yes
S00913,0,0,0,1,0,0,0,0,1,0,6,6,5,5,8.07,0,0,8,No
S00914,1,1,0,1,1,1,1,1,0,1,4,8,1,4,8.19,3,3,6,Yes
S00915,0,1,0,1,1,1,1,0,0,1,8,7,6,7,8.2,2,3,1,Yes
S00916,1,1,1,1,0,1,1,0,0,1,9,10,4,10,9.42,6,1,5,Yes
S00917,1,0,1,1,0,0,1,0,0,0,2,5,10,7,6.32,6,1,6,Yes
S00918,0,0,0,1,1,0,0,0,1,1,1,1,10,2,5.9,2,1,4,No
S00919,0,1,1,1,0,1,0,1,1,0,7,10,4,1,5.89,4,2,5,Yes
S00920,1,1,0,1,0,0,1,0,1,0,4,2,5,4,6.41,6,1,3,No
S00921,0,0,0,0,1,0,1,0,1,0,6,4,5,8,9.68,4,2,7,Yes
S00922,1,0,1,1,0,0,1,1,0,0,6,9,3,1,7.62,6,1,0,No
S00923,0,1,0,1,0,0,1,1,0,1,7,8,3,8,6.35,1,2,8,Yes
S00924,0,1,0,0,1,1,1,0,1,0,8,2,10,10,9.89,6,2,3,Yes
S00925,1,0,0,1,0,1,1,1,0,0,2,3,2,1,8.59,5,1,1,No
S00926,1,0,1,1,1,1,0,0,0,0,4,4,10,4,8.31,3,0,3,No
S00927,1,1,1,1,0,0,1,0,0,0,6,8,1,10,7.43,0,1,1,No
S00928,1,1,0,0,1,0,1,0,1,1,5,4,5,9,7.5,6,0,8,Yes
S00929,0,1,1,0,1,0,0,0,1,1,8,1,4,4,9.64,8,2,6,Yes
S00930,1,1,0,1,0,1,0,0,0,1,2,5,7,1,8.9,7,2,6,Yes
S00931,1,1,0,1,1,1,1,0,0,0,5,5,7,5,7.55,5,1,0,Yes
S00932,0,1,0,1,1,1,0,0,1,0,3,10,7,1,9.58,5,0,0,Yes
S00933,0,1,1,1,0,0,0,0,0,0,7,6,7,4,7.35,1,3,0,No
S00934,1,0,0,0,1,0,1,0,0,0,4,6,3,9,8.52,8,3,3,Yes
S00935,1,1,1,1,0,1,0,0,0,1,9,3,9,10,6.13,7,2,8,Yes
S00936,1,1,1,1,1,0,1,0,0,1,2,9,1,10,9.83,2,0,2,Yes
S00937,1,1,1,1,0,1,1,0,1,0,1,3,9,4,6.27,6,1,3,Yes
S00938,0,1,0,1,0,1,1,0,0,1,10,5,4,7,9.97,1,3,2,Yes
S00939,1,1,1,1,1,0,1,1,0,0,4,5,3,5,8.33,6,0,2,Yes
S00940,0,1,1,0,0,1,0,0,0,1,6,4,10,5,5.07,0,1,5,No
S00941,1,0,0,1,1,1,1,1,0,0,5,7,7,10,7.67,4,3,0,Yes
S00942,0,0,0,1,0,1,0,0,0,0,1,3,1,7,6.72,8,0,5,No
S00943,0,0,1,1,1,1,0,1,1,0,4,7,7,8,6.86,7,3,7,Yes
S00944,0,0,0,0,0,0,1,0,0,0,4,4,1,10,6.7,7,2,3,No
S00945,1,0,0,1,1,1,1,0,1,0,9,1,10,8,6.22,6,2,4,Yes
S00946,1,1,1,1,1,0,0,1,0,0,9,5,9,6,7.05,2,3,4,Yes
S00947,1,0,1,1,0,0,1,0,0,0,4,10,4,4,7.62,5,3,0,No
S00948,0,1,0,1,0,1,1,0,1,0,6,3,7,5,6.06,5,1,4,No
S00949,0,1,0,0,1,0,1,0,0,1,9,4,6,2,9.43,4,0,3,No
S00950,0,1,1,1,0,0,0,1,0,0,6,7,9,6,8.19,3,2,6,Yes
S00951,0,0,1,1,1,0,1,0,0,0,6,1,2,2,8.7,3,2,3,No
S00952,0,0,1,0,0,1,0,0,1,0,10,9,9,3,9.74,4,1,0,Yes
S00953,1,0,1,1,1,1,0,0,1,0,10,1,7,7,6.53,3,3,5,Yes
S00954,0,1,1,0,1,1,0,1,0,0,4,9,4,7,7.59,6,3,2,Yes
S00955,1,1,1,0,0,1,1,1,1,0,8,2,7,2,8.81,1,0,0,No
S00956,1,0,0,1,1,0,1,1,0,0,8,7,2,2,6.53,6,2,1,Yes
S00957,1,0,0,1,1,1,1,0,0,1,6,1,4,8,5.45,6,0,7,No
S00958,1,0,1,0,1,1,1,0,0,0,4,7,2,9,5.21,5,0,6,No
S00959,1,1,0,1,0,0,1,0,0,0,8,5,6,1,7.24,5,1,2,Yes
S00960,0,1,0,1,0,0,1,1,0,0,7,2,8,5,6.82,1,3,2,Yes
S00961,1,0,0,1,1,0,1,1,0,1,2,4,1,9,7.84,2,2,5,No
S00962,0,1,1,1,0,1,1,0,1,0,9,10,6,6,8.33,7,1,2,Yes
S00963,1,0,1,1,1,1,0,1,0,0,9,6,9,3,9.01,2,3,7,Yes
S00964,1,1,0,1,1,1,1,1,0,0,5,7,7,5,5.6,0,0,6,No
S00965,1,0,0,1,1,1,0,1,0,0,4,1,8,3,7.37,7,3,0,Yes
S00966,1,1,0,1,1,1,1,1,0,0,10,9,3,6,7.91,1,3,4,Yes
S00967,0,0,1,1,0,0,0,0,0,0,10,9,6,6,6.72,4,1,8,Yes
S00968,1,1,0,1,0,1,1,0,0,0,9,1,8,2,8.09,4,2,5,Yes
S00969,0,1,1,1,1,0,0,0,0,0,3,8,7,7,9.66,0,2,7,Yes
S00970,1,1,0,1,0,0,0,0,0,0,1,2,7,4,8.22,6,1,5,No
S00971,0,0,0,1,0,1,0,0,1,1,10,10,6,3,8.98,2,3,7,Yes
S00972,0,0,0,1,0,1,0,0,0,0,9,10,1,8,7.26,3,0,3,No
S00973,0,1,0,1,0,1,0,0,1,0,7,6,5,7,7.62,3,2,6,Yes
S00974,1,0,1,0,1,1,1,1,0,1,6,6,5,1,9.41,5,3,8,Yes
S00975,1,1,1,1,1,1,0,1,0,0,7,2,3,6,9.06,1,3,6,Yes
S00976,1,1,0,1,0,0,1,0,0,1,7,3,5,1,5.99,1,0,1,No
S00977,0,1,1,0,1,0,0,0,0,0,9,7,6,2,9.78,6,3,8,Yes
S00978,1,0,0,1,0,1,0,1,0,0,8,3,5,8,6.76,5,1,7,No
S00979,1,1,0,1,1,0,1,1,1,1,6,6,7,3,6.79,3,1,5,Yes
S00980,0,1,1,0,1,0,0,1,1,0,7,5,5,6,7.98,3,2,4,No
S00981,1,0,0,1,0,0,0,0,1,0,9,8,5,10,5.15,6,1,5,Yes
S00982,0,0,0,0,0,1,1,0,0,1,10,8,1,8,9.3,0,3,1,No
S00983,1,1,0,1,1,1,1,1,0,1,2,9,9,1,9.85,0,3,4,Yes
S00984,1,0,0,0,1,1,1,0,0,1,2,2,2,8,8.84,7,2,8,Yes
S00985,0,0,0,1,0,1,1,0,1,0,8,6,3,3,6.78,6,3,5,Yes
S00986,1,1,1,0,0,0,0,0,0,1,3,9,10,6,6.95,1,3,7,Yes
S00987,0,0,0,1,1,1,0,0,0,1,2,2,8,1,8.29,1,0,3,No
S00988,1,1,0,1,0,1,0,0,0,0,6,5,3,4,5.21,5,1,7,No
S00989,1,0,0,0,0,1,0,0,1,0,3,2,10,3,5.57,4,1,2,No
S00990,0,1,0,1,1,0,1,0,1,1,3,3,8,9,8.5,7,2,2,Yes
S00991,0,0,1,0,0,1,0,1,0,1,6,10,3,3,7.7,4,1,2,No
S00992,0,1,1,0,1,0,0,0,0,0,10,6,4,5,5.3,5,2,8,No
S00993,1,0,1,0,1,0,0,1,1,1,8,3,8,4,7.1,5,3,2,Yes
S00994,0,1,0,1,1,0,1,0,0,0,2,5,1,8,6.66,7,3,2,No
S00995,1,1,1,0,0,1,1,0,0,0,1,4,9,10,9.01,1,1,4,Yes
S00996,1,1,0,1,1,1,0,0,0,0,8,6,2,9,5.58,5,0,1,No
S00997,0,0,0,1,1,0,0,1,0,0,6,1,7,4,5.33,1,1,8,No
S00998,1,1,1,1,1,1,0,1,0,0,9,9,9,5,5.24,8,2,8,Yes
S00999,0,1,0,0,0,0,1,1,0,0,2,9,9,1,6.75,6,1,6,No
S01000,1,1,0,0,1,0,1,1,1,1,3,10,4,2,9.62,3,0,8,Yes
S01001,1,0,1,0,1,1,1,0,0,0,5,8,9,10,5.99,4,1,1,No
S01002,1,1,1,1,1,0,0,0,0,0,2,8,7,10,6.68,1,0,8,No
S01003,0,0,0,1,1,0,1,0,0,0,3,8,7,9,7.54,5,1,5,Yes
S01004,0,1,1,1,1,0,1,0,0,0,9,1,3,5,6.24,6,2,1,No
S01005,0,1,1,1,1,1,1,0,0,1,7,5,1,7,9.45,6,1,1,Yes
S01006,0,1,1,1,1,1,1,0,1,0,1,1,10,7,5.87,3,1,0,No
S01007,0,0,0,0,0,0,0,1,1,1,6,3,6,3,7.6,8,3,3,Yes
S01008,0,1,1,1,0,0,0,1,0,1,2,9,8,9,7.25,7,3,8,Yes
S01009,1,1,1,1,0,0,1,0,1,1,10,9,9,7,5.05,5,1,1,Yes
S01010,1,1,1,1,1,0,0,0,1,0,9,6,5,8,7.49,7,2,1,Yes
S01011,1,1,1,1,0,0,1,0,0,0,10,6,8,1,9.97,7,2,5,Yes
S01012,0,1,0,0,1,0,0,0,0,1,3,5,1,5,9.83,2,0,5,No
S01013,0,0,0,0,0,0,1,0,0,1,1,6,4,7,9.05,7,0,2,No
S01014,1,1,1,0,1,0,1,0,0,1,4,8,10,6,5.48,4,3,4,Yes
S01015,0,1,0,1,0,0,1,0,0,0,7,8,8,2,9.7,8,2,1,Yes
S01016,0,1,0,0,0,1,1,0,1,1,3,9,6,7,9.7,8,0,7,Yes
S01017,1,1,1,1,0,0,1,0,0,0,5,5,10,5,7.32,1,2,7,Yes
S01018,0,0,0,0,1,0,0,0,0,1,4,3,6,2,7.78,4,0,1,No
S01019,0,1,0,0,0,0,1,0,1,0,9,4,6,8,5.01,0,3,1,No
S01020,1,0,0,1,0,1,1,1,0,0,7,1,7,10,8.11,2,3,5,Yes
S01021,0,1,1,0,1,0,0,0,0,1,9,4,10,6,7.82,1,2,5,Yes
S01022,1,0,1,1,0,1,1,0,1,0,3,9,3,1,5.37,5,0,2,No
S01023,0,1,1,1,1,1,1,1,0,1,4,9,3,4,8.12,1,2,3,Yes
S01024,0,1,0,1,1,1,0,0,0,0,4,2,2,9,9.03,6,1,6,No
S01025,0,0,1,1,1,1,1,0,1,0,6,8,4,2,8.89,6,1,0,Yes
S01026,1,0,0,0,1,0,1,0,1,1,10,7,2,4,6.48,0,0,6,No
S01027,0,1,0,0,0,1,1,0,0,1,3,1,7,10,5.29,8,0,5,No
S01028,0,1,0,1,1,1,1,1,0,0,9,6,1,1,5.45,6,0,6,No
S01029,1,1,1,0,1,0,0,1,0,0,8,3,4,4,5.37,3,2,5,No
S01030,0,0,0,0,1,1,1,1,1,0,5,9,1,3,9.77,2,2,1,Yes
S01031,1,1,1,1,1,1,0,0,1,0,9,3,5,9,7.54,6,2,3,Yes
S01032,0,0,0,1,0,1,1,0,0,0,6,6,6,3,5.96,2,0,7,No
S01033,1,1,0,0,1,0,1,0,0,1,6,8,4,7,8.08,7,2,8,Yes
S01034,1,1,1,1,0,1,0,0,0,0,5,7,7,5,5.69,4,1,1,No
S01035,1,1,1,0,0,0,1,0,0,0,5,6,9,8,5.22,0,2,8,No
S01036,0,1,1,0,0,1,1,0,1,1,8,5,5,6,6.88,5,1,5,Yes
S01037,1,1,0,1,0,1,1,0,1,0,6,1,10,1,9.34,2,3,4,Yes
S01038,0,1,1,1,1,1,0,0,1,0,4,9,7,9,7.48,7,3,5,Yes
S01039,1,0,1,1,0,0,0,0,1,0,8,3,4,9,7.27,6,1,2,Yes
S01040,1,1,0,1,0,1,1,0,1,0,9,1,2,6,6.1,5,3,5,No
S01041,1,0,1,0,0,0,1,0,0,0,10,3,5,7,9.45,3,2,6,Yes
S01042,0,1,1,1,0,1,0,0,0,1,3,2,2,7,6.8,7,0,3,No
S01043,1,0,1,1,1,1,0,0,0,1,3,10,1,10,9.89,2,0,6,Yes
S01044,0,0,0,1,1,1,1,1,0,0,2,8,4,9,6.2,8,2,4,Yes
S01045,0,0,1,1,1,1,0,0,0,0,7,7,8,8,9.89,8,1,2,Yes
S01046,0,0,1,1,1,1,0,0,0,0,6,10,9,9,6.76,7,2,4,Yes
S01047,1,1,0,1,0,1,1,0,0,0,6,7,2,7,10.0,7,0,0,Yes
S01048,1,0,1,1,1,1,0,0,1,0,5,3,2,4,8.07,6,0,4,Yes
S01049,0,0,1,1,1,1,1,0,0,0,9,7,9,8,7.32,7,1,2,Yes
S01050,1,1,1,0,0,0,1,0,0,0,7,1,4,10,6.56,1,2,6,No
S01051,0,1,1,0,0,1,0,0,0,0,4,1,7,8,5.8,6,0,6,No
S01052,1,1,0,1,0,0,0,0,1,0,8,1,9,6,7.33,8,0,0,No
S01053,0,1,1,1,0,1,1,0,0,1,8,7,10,10,5.05,6,2,8,Yes
S01054,0,1,1,0,0,0,0,1,1,0,9,8,1,9,6.58,7,2,1,No
S01055,0,1,0,1,0,1,1,1,1,0,3,8,6,8,9.33,2,2,4,Yes
S01056,1,1,1,1,0,1,0,0,1,1,5,1,8,10,6.93,0,0,2,No
S01057,0,0,1,1,0,0,1,0,0,0,1,9,3,1,6.52,6,3,4,No
S01058,1,1,0,1,0,0,1,0,0,0,1,5,4,1,9.78,3,1,2,No
S01059,1,0,1,1,0,0,1,0,1,1,8,3,7,5,7.08,2,0,7,No
S01060,0,1,1,0,1,0,0,1,1,0,9,5,8,9,9.12,5,3,8,Yes
S01061,0,1,0,1,0,1,0,0,1,0,6,3,7,4,9.21,1,1,2,No
S01062,0,1,1,1,1,1,0,1,0,1,7,7,1,2,8.23,3,1,0,No
S01063,0,1,1,0,1,1,0,0,0,1,4,2,2,3,8.54,2,0,5,No
S01064,1,1,0,0,1,1,1,1,0,0,5,10,2,1,5.42,2,3,8,Yes
S01065,1,1,0,1,0,0,1,1,1,0,2,3,8,8,5.47,1,3,4,No
S01066,0,1,0,0,1,1,1,1,0,0,6,9,8,8,5.55,3,3,7,Yes
S01067,1,1,0,0,0,0,1,0,0,0,1,8,4,10,8.01,7,3,6,Yes
S01068,1,1,1,1,0,0,1,0,1,0,1,7,10,8,6.03,1,3,2,Yes
S01069,1,1,0,0,1,1,0,0,1,0,4,5,7,5,9.38,5,1,0,Yes
S01070,1,1,1,1,0,1,1,1,0,0,1,8,6,6,7.55,3,2,6,Yes
S01071,1,1,1,1,1,0,0,0,0,0,4,7,9,9,7.54,5,3,4,Yes
S01072,1,1,0,1,1,0,0,1,1,0,9,8,1,3,8.5,5,3,8,Yes
S01073,1,1,0,1,0,1,1,0,0,0,6,2,9,3,8.59,3,1,6,Yes
S01074,1,1,1,1,0,1,0,0,1,0,1,9,3,1,9.34,2,3,1,Yes
S01075,0,1,1,0,1,0,0,0,1,0,2,8,2,4,7.0,3,2,0,No
S01076,1,1,0,1,1,0,1,0,0,0,5,6,2,1,6.15,2,1,0,No
S01077,1,1,0,0,0,0,0,0,1,1,9,2,4,4,9.03,3,3,8,Yes
S01078,0,0,0,0,1,1,0,0,0,0,3,9,4,10,7.85,6,3,8,Yes
S01079,1,1,0,0,0,0,0,1,1,1,8,7,2,1,9.76,3,2,7,Yes
S01080,0,1,1,1,1,1,1,0,1,0,2,4,8,3,5.18,5,0,0,No
S01081,0,0,0,1,0,0,0,1,0,0,9,2,8,8,5.89,1,2,4,No
S01082,1,0,0,1,1,1,1,0,0,0,4,2,2,5,9.73,2,0,7,No
S01083,1,1,1,0,1,1,1,0,1,0,9,9,10,5,7.39,7,0,6,Yes
S01084,0,0,0,1,1,1,1,0,0,0,2,5,3,10,8.37,3,1,6,No
S01085,0,1,0,0,0,0,1,0,0,0,2,8,4,4,8.13,1,0,5,No
S01086,1,1,1,1,1,1,1,1,0,1,3,5,2,10,6.31,3,0,8,Yes
S01087,0,0,1,0,0,0,1,0,1,0,8,6,7,9,7.73,6,3,6,Yes
S01088,1,0,0,1,0,1,1,0,0,1,4,5,1,1,7.23,3,1,0,No
S01089,0,1,0,1,0,1,0,0,0,1,6,2,2,3,5.63,8,0,4,No
S01090,1,0,0,0,1,0,1,0,0,1,8,7,6,10,7.6,7,0,2,Yes
S01091,0,0,0,0,1,1,1,1,1,0,7,2,5,8,5.17,0,3,7,No
S01092,0,1,1,0,1,0,1,0,0,0,3,6,5,4,7.6,6,3,4,Yes
S01093,0,1,0,1,1,1,1,0,0,0,9,8,2,10,8.02,6,2,4,Yes
S01094,1,1,0,0,0,1,1,0,1,1,3,4,2,5,5.58,6,2,8,No
S01095,1,0,1,0,0,0,1,0,0,0,7,8,5,9,6.65,6,2,7,Yes
S01096,1,1,1,0,1,0,0,0,1,0,7,2,10,2,6.92,1,3,5,Yes
S01097,1,0,1,0,1,0,0,1,0,1,5,8,6,2,5.13,0,3,3,No
S01098,1,1,0,0,0,1,1,1,0,0,6,1,8,1,5.41,1,1,1,No
S01099,0,1,0,0,1,1,1,1,0,0,4,1,5,4,8.31,4,1,3,No
S01100,1,1,0,0,0,0,1,1,0,0,9,6,3,9,8.37,2,1,0,No
S01101,1,0,1,1,1,0,1,0,0,0,1,9,10,2,6.58,3,3,2,Yes
S01102,0,1,1,0,0,0,0,0,1,0,7,2,2,4,7.79,4,2,6,No
S01103,0,1,0,1,0,1,0,1,0,0,3,7,10,2,9.23,3,2,2,Yes
S01104,0,1,0,0,1,0,0,0,1,0,4,9,2,8,6.61,1,0,5,No
S01105,0,1,0,1,0,0,0,0,0,0,2,5,6,1,8.8,4,1,8,No
S01106,1,1,0,0,1,0,1,0,0,1,1,4,4,1,9.78,1,2,8,No
S01107,1,0,1,0,0,1,1,1,0,1,5,10,1,3,8.53,7,1,3,Yes
S01108,0,1,0,1,1,1,1,0,1,1,8,5,2,8,9.66,2,2,4,Yes
S01109,0,1,0,1,1,1,1,0,0,0,5,6,9,4,7.96,0,3,3,Yes
S01110,1,1,1,0,0,1,0,0,1,1,10,10,6,5,7.17,6,0,2,Yes
S01111,0,0,0,1,1,1,0,0,0,0,3,6,1,3,9.09,6,2,6,Yes
S01112,1,1,0,0,0,1,0,1,0,1,5,9,8,5,7.63,3,1,5,No
S01113,1,1,0,0,1,1,1,1,0,0,3,9,1,8,8.07,1,0,8,No
S01114,1,1,1,1,1,1,1,1,1,1,8,3,4,7,8.5,2,0,4,Yes
S01115,0,1,0,0,0,1,1,0,0,1,3,4,6,9,6.38,5,3,5,Yes
S01116,0,1,0,1,1,1,1,0,1,1,7,6,3,10,6.47,5,3,0,Yes
S01117,1,1,0,1,0,1,0,0,0,0,7,7,2,10,6.35,4,0,0,No
S01118,0,0,1,1,0,1,1,0,0,1,6,6,8,2,9.65,7,1,7,Yes
S01119,1,1,0,0,0,1,1,0,1,0,7,1,5,3,6.26,3,3,1,No
S01120,1,1,1,0,1,1,0,0,0,1,3,5,8,1,5.21,7,3,2,Yes
S01121,0,1,0,0,0,0,0,0,1,0,4,9,5,6,6.81,6,1,5,No
S01122,0,1,0,1,0,1,1,0,0,0,7,8,2,7,9.7,4,1,7,Yes
S01123,0,1,1,1,1,0,0,1,1,1,8,1,6,7,5.87,2,3,1,No
S01124,0,0,0,1,0,0,1,1,1,0,4,3,4,2,5.91,3,1,1,No
S01125,0,0,0,1,1,0,1,0,0,1,5,3,9,6,6.99,5,2,8,Yes
S01126,0,0,1,0,1,1,1,0,0,0,3,7,7,9,5.93,7,1,5,No
S01127,1,1,0,1,1,1,0,0,0,1,9,3,7,6,5.57,5,3,7,Yes
S01128,1,0,1,1,0,1,0,0,0,1,1,6,10,3,7.11,2,0,2,No
S01129,1,1,0,1,1,0,1,0,1,0,6,2,10,5,7.92,5,0,4,Yes
S01130,1,0,1,1,1,0,0,0,1,1,2,10,10,5,5.84,7,2,6,Yes
S01131,0,0,1,1,0,1,1,0,1,1,9,2,1,2,9.55,0,3,4,Yes
S01132,1,1,0,0,0,0,1,0,1,1,3,8,2,10,6.3,0,0,3,No
S01133,1,1,0,0,1,0,1,0,1,0,5,3,8,3,5.79,1,2,1,No
S01134,1,1,0,0,0,0,1,0,0,1,7,5,2,3,8.86,6,2,0,No
S01135,0,0,1,1,0,0,0,0,0,1,8,4,3,8,6.12,0,1,2,No
S01136,1,1,0,1,0,1,1,0,1,0,2,2,6,9,8.78,5,0,6,Yes
S01137,0,0,1,1,0,0,0,1,1,0,7,6,3,7,8.33,0,0,8,No
S01138,1,1,1,0,0,1,0,1,1,0,10,5,5,7,7.19,1,2,1,No
S01139,1,1,0,0,0,0,0,1,0,0,6,9,2,3,8.39,5,1,2,No
S01140,0,1,0,0,0,1,1,0,1,1,2,2,10,1,9.95,4,3,1,Yes
S01141,0,0,0,1,1,1,1,0,1,0,2,4,4,4,7.56,0,2,4,No
S01142,1,1,1,0,1,0,1,0,0,1,8,7,7,4,8.8,2,1,7,Yes
S01143,0,1,0,1,0,0,0,1,0,0,9,6,3,6,6.29,1,1,7,No
S01144,0,1,1,0,0,1,0,0,0,0,5,4,7,1,9.91,0,2,8,No
S01145,1,1,0,1,1,1,0,1,0,1,1,3,4,8,8.08,3,0,7,No
S01146,0,0,0,0,1,1,1,0,0,1,7,5,8,4,7.0,6,1,0,No
S01147,0,1,0,0,1,1,0,0,0,1,6,9,3,4,7.8,5,0,6,No
S01148,0,0,1,0,1,0,0,0,0,0,5,2,7,10,7.26,6,0,6,Yes
S01149,0,0,1,0,1,1,0,0,1,1,8,9,6,9,5.02,5,3,2,Yes
S01150,0,1,1,0,0,0,1,0,0,1,6,8,8,4,8.74,0,1,7,Yes
S01151,0,0,1,1,1,0,1,0,1,0,3,8,1,6,5.76,0,1,5,No
S01152,0,0,1,0,1,1,0,0,1,0,8,9,10,10,7.16,2,2,0,Yes
S01153,0,0,0,0,1,1,1,0,0,1,1,3,3,1,6.3,2,2,7,No
S01154,0,0,1,0,1,1,1,0,1,0,8,9,10,2,6.84,6,3,8,Yes
S01155,0,1,0,0,1,1,0,0,0,0,3,5,2,4,9.38,6,3,7,Yes
S01156,0,1,1,1,1,1,1,0,0,0,7,1,6,3,9.16,5,1,6,Yes
S01157,1,1,0,0,0,1,1,0,1,0,3,4,4,3,9.83,4,0,6,No
S01158,0,0,0,1,0,1,1,0,1,0,10,8,2,9,5.33,2,3,5,Yes
S01159,0,0,0,1,0,0,0,0,0,1,5,9,2,6,8.61,6,2,4,Yes
S01160,1,1,0,0,1,0,1,0,1,0,7,8,5,7,6.29,6,2,4,Yes
S01161,0,1,1,0,1,1,0,0,1,0,4,6,9,4,7.64,5,0,2,No
S01162,1,1,0,0,0,1,0,1,0,0,10,6,10,7,9.85,2,0,5,Yes
S01163,1,0,0,1,1,0,0,1,1,0,2,7,5,2,8.18,0,0,3,No
S01164,0,1,1,0,0,0,0,0,0,0,5,2,4,4,9.76,8,0,6,No
S01165,1,1,1,1,1,1,1,0,0,0,5,5,3,2,6.97,0,1,6,No
S01166,0,1,0,0,0,1,1,1,1,1,5,10,5,2,8.12,8,2,5,Yes
S01167,0,1,1,0,1,1,0,0,0,0,8,8,7,3,5.94,7,0,1,Yes
S01168,1,1,0,0,0,0,1,0,0,0,6,2,6,4,9.0,4,0,7,No
S01169,1,0,1,0,0,1,0,1,0,0,8,6,3,8,9.18,8,0,8,Yes
S01170,1,1,0,1,0,0,1,1,1,0,9,9,7,1,5.62,5,0,0,No
S01171,0,0,0,1,1,1,1,0,1,0,2,3,6,10,5.78,1,1,2,No
S01172,0,1,0,1,0,0,1,0,0,0,3,8,6,9,5.0,0,3,8,No
S01173,0,1,0,1,1,0,1,0,0,0,4,8,10,6,9.39,3,2,7,Yes
S01174,1,1,0,0,1,0,0,0,1,0,2,6,6,6,8.97,0,2,3,No
S01175,0,0,0,0,0,1,1,0,0,1,7,9,3,4,5.37,2,0,0,No
S01176,1,0,1,1,1,1,1,0,0,1,7,2,1,10,6.94,3,3,5,Yes
S01177,0,1,0,0,0,1,1,1,0,0,2,7,1,10,9.6,7,0,5,Yes
S01178,1,0,1,1,1,1,1,1,1,0,8,7,1,10,7.38,0,0,5,Yes
S01179,0,1,0,1,1,0,0,1,0,1,6,7,7,10,9.88,0,2,3,Yes
S01180,1,1,1,0,0,0,0,1,1,0,7,6,8,7,5.75,4,3,0,Yes
S01181,0,1,0,0,1,0,1,0,0,0,9,1,8,6,6.43,7,1,2,No
S01182,1,0,0,1,0,0,1,1,0,0,7,5,4,7,5.87,0,1,2,No
S01183,0,1,0,0,0,1,1,0,0,0,8,5,7,10,6.87,4,1,7,No
S01184,0,1,1,1,1,0,0,1,0,0,10,10,10,10,6.24,8,2,7,Yes
S01185,1,1,0,1,0,1,1,0,0,1,3,8,10,3,8.51,6,1,0,Yes
S01186,0,1,0,1,0,0,0,0,0,0,8,7,3,7,7.63,6,3,6,Yes
S01187,0,1,0,1,0,1,1,1,1,0,7,2,10,4,7.31,5,1,7,Yes
S01188,1,1,0,0,1,1,1,0,1,1,5,9,7,6,8.28,0,3,7,Yes
S01189,1,1,1,1,0,1,0,0,1,1,5,5,9,6,8.43,4,1,8,Yes
S01190,0,0,1,1,1,0,0,1,0,1,10,10,10,6,6.12,0,1,8,Yes
S01191,1,1,0,1,1,0,1,0,0,0,1,1,2,9,7.15,7,0,5,No
S01192,0,1,0,1,1,1,1,0,1,0,6,1,7,9,7.42,0,2,7,Yes
S01193,1,1,0,0,0,0,1,0,0,0,1,3,2,1,9.15,6,1,3,No
S01194,0,1,1,0,0,1,1,0,1,0,2,1,4,7,5.33,3,2,5,No
S01195,1,0,0,1,1,1,1,0,0,0,10,1,9,2,6.42,1,0,3,No
S01196,0,1,0,0,0,0,0,1,0,0,4,1,2,7,6.3,1,0,1,No
S01197,0,0,0,1,0,0,0,1,0,0,5,10,4,6,7.68,3,1,1,No
S01198,0,0,0,1,0,1,0,1,0,0,4,6,10,10,7.7,2,0,5,Yes
S01199,0,0,1,1,0,0,0,0,1,0,2,2,7,4,6.62,3,0,3,No
S01200,1,1,0,0,0,0,1,1,1,0,10,4,10,4,5.46,8,1,2,Yes
S01201,0,1,1,1,1,1,1,0,1,0,7,5,1,4,9.33,4,0,2,No
S01202,1,1,0,0,0,1,1,0,0,0,10,1,9,6,9.86,5,1,2,Yes
S01203,1,0,1,1,1,1,0,0,1,0,5,6,1,10,9.97,7,1,5,Yes
S01204,1,1,0,1,0,0,1,1,0,0,4,1,3,3,9.84,3,0,2,No
S01205,1,1,1,0,1,0,1,0,1,0,10,7,5,4,9.97,2,0,5,Yes
S01206,0,1,0,1,1,0,0,0,0,0,9,8,7,9,8.59,0,3,6,Yes
S01207,0,0,1,1,0,0,1,0,1,0,5,6,8,7,7.86,4,1,7,Yes
S01208,1,0,1,1,1,1,1,0,1,1,2,9,5,4,8.67,4,2,3,Yes
S01209,1,1,0,0,0,0,1,1,0,0,4,5,10,6,5.31,7,1,2,Yes
S01210,0,1,0,1,1,1,1,0,0,0,3,9,7,10,5.07,3,1,5,No
S01211,1,1,1,1,1,0,0,0,0,0,4,2,6,8,7.77,1,3,7,Yes
S01212,1,1,0,1,0,1,0,0,0,0,6,10,3,7,9.75,8,3,0,Yes
S01213,1,0,1,0,0,0,1,1,1,1,7,4,10,6,6.37,2,2,4,Yes
S01214,0,0,0,1,1,0,0,0,0,0,6,6,5,9,6.83,4,1,1,No
S01215,0,1,0,0,1,1,1,1,1,0,10,8,9,5,7.33,8,2,3,Yes
S01216,1,1,0,0,0,0,0,1,0,0,10,9,2,5,5.52,5,1,2,No
S01217,1,0,0,0,0,0,0,1,0,1,1,6,7,9,8.32,1,3,0,No
S01218,0,0,0,0,1,1,1,0,0,0,1,7,1,8,7.86,0,0,0,No
S01219,0,0,0,0,0,0,0,0,1,0,3,10,2,2,8.19,2,0,7,No
S01220,1,0,1,0,0,1,1,0,1,0,10,2,9,7,9.07,4,3,0,Yes
S01221,0,1,1,1,0,0,0,0,1,0,9,6,8,6,6.44,2,3,8,Yes
S01222,1,0,0,1,0,0,1,1,0,1,6,8,4,6,6.04,0,0,3,No
S01223,1,0,0,1,1,1,0,1,0,1,6,6,1,10,6.11,6,3,7,Yes
S01224,0,0,1,1,1,1,0,0,0,0,2,3,2,8,8.84,7,3,6,Yes
S01225,1,1,0,1,1,1,0,1,0,0,9,7,9,5,5.58,3,2,5,Yes
S01226,0,0,1,0,1,0,1,1,0,0,6,3,2,7,7.47,7,1,0,No
S01227,1,1,0,0,1,0,1,0,1,1,8,9,4,2,8.32,6,1,4,Yes
S01228,1,1,1,1,0,1,1,0,0,0,7,9,4,7,9.76,5,3,0,Yes
S01229,0,1,1,1,0,1,1,0,0,1,1,2,1,7,6.58,1,3,3,No
S01230,1,1,1,1,0,1,1,1,0,0,4,1,2,4,8.25,2,1,2,No
S01231,0,1,0,1,1,1,1,0,0,0,10,7,8,8,8.11,7,1,0,Yes
S01232,1,1,0,1,1,0,0,0,1,0,9,10,9,3,6.47,8,1,2,Yes
S01233,1,0,0,0,0,0,0,0,1,1,1,4,7,7,9.81,8,2,6,Yes
S01234,1,0,1,0,0,1,0,0,0,0,3,3,5,3,5.83,7,2,1,No
S01235,0,0,0,1,1,0,1,0,0,1,6,3,2,10,7.92,0,1,5,No
S01236,1,1,1,1,0,1,1,0,0,0,2,9,3,4,6.58,4,0,7,No
S01237,0,0,0,0,0,1,1,0,0,0,1,7,4,9,6.53,5,1,8,No
S01238,1,1,0,0,1,1,1,0,0,0,2,10,7,2,5.59,1,1,0,No
S01239,0,1,0,0,1,0,1,0,1,0,5,10,9,6,6.66,4,0,1,No
S01240,1,1,1,0,0,0,1,0,0,1,8,1,10,9,7.74,3,3,0,Yes
S01241,0,0,1,1,1,1,1,1,0,1,4,2,9,1,8.04,8,2,4,Yes
S01242,0,1,1,1,0,0,1,0,0,0,5,8,4,8,7.63,2,1,8,No
S01243,0,1,1,0,1,0,0,0,0,0,7,8,4,6,8.68,7,3,4,Yes
S01244,0,1,1,0,1,1,1,0,0,1,6,9,2,1,5.29,5,3,1,Yes
S01245,0,1,1,0,1,1,1,0,0,0,3,6,2,3,6.53,1,2,5,No
S01246,0,0,0,1,0,1,1,0,0,0,1,7,5,7,5.1,8,2,7,Yes
S01247,1,0,0,1,1,1,1,1,0,0,3,1,6,1,6.81,6,0,8,No
S01248,1,1,0,1,1,1,0,0,1,0,1,2,7,2,9.51,0,1,2,No
S01249,0,1,1,1,1,0,0,0,1,0,7,5,10,7,5.14,7,2,1,Yes
S01250,0,1,0,1,1,1,0,0,0,0,6,6,9,2,9.4,6,1,1,Yes
S01251,0,0,0,0,0,0,0,0,0,0,8,1,4,7,8.93,7,1,4,No
S01252,1,1,1,1,0,1,1,0,1,0,8,3,1,7,5.84,8,0,4,No
S01253,1,1,0,1,1,0,1,0,0,0,2,5,7,3,9.8,2,2,3,No
S01254,1,1,1,1,1,1,1,1,0,0,7,8,2,4,8.41,4,1,0,Yes
S01255,0,1,1,0,0,0,0,0,1,0,6,7,4,5,8.26,8,3,8,Yes
S01256,1,1,1,0,0,1,0,1,1,0,9,1,4,3,6.82,6,2,0,Yes
S01257,1,1,1,0,1,1,1,0,0,0,2,1,4,10,7.41,1,3,5,No
S01258,1,1,1,0,0,0,0,0,0,0,2,7,1,2,7.88,2,3,0,No
S01259,1,1,1,1,0,1,1,1,1,0,3,8,6,9,6.65,5,0,7,Yes
S01260,0,0,0,1,0,1,1,0,0,0,9,5,6,10,9.15,1,2,3,Yes
S01261,1,1,1,0,1,0,0,1,0,0,8,10,2,3,5.27,5,1,2,No
S01262,0,1,1,0,1,0,1,0,1,1,2,6,7,1,8.1,6,0,8,Yes
S01263,1,0,0,1,0,0,1,0,1,0,1,2,2,4,6.9,5,0,6,No
S01264,1,0,0,1,1,1,1,0,1,0,1,8,6,3,5.91,6,0,2,No
S01265,1,1,0,1,1,1,1,0,0,1,10,7,5,1,8.26,3,1,5,Yes
S01266,1,0,1,1,1,0,1,0,0,0,1,2,9,3,6.33,1,0,1,No
S01267,1,1,0,0,0,1,1,1,0,0,10,6,5,10,7.11,2,1,5,Yes
S01268,1,0,1,1,0,1,1,0,1,0,5,8,1,5,5.84,7,1,8,Yes
S01269,0,0,0,0,0,1,0,1,0,0,9,5,5,3,6.87,1,0,6,No
S01270,1,1,0,1,0,0,1,0,1,0,10,5,6,9,7.84,2,3,8,Yes
S01271,0,1,0,0,1,0,1,1,1,1,8,9,5,7,6.46,8,0,3,Yes
S01272,0,1,1,1,1,0,1,0,0,0,4,6,7,9,5.1,4,3,0,Yes
S01273,0,1,0,0,1,1,1,0,0,0,7,7,3,5,8.68,3,1,7,Yes
S01274,1,1,0,1,0,1,0,0,1,1,5,7,2,1,7.05,5,2,4,Yes
S01275,1,0,1,0,0,1,1,1,1,0,3,1,9,1,6.66,3,3,7,Yes
S01276,1,1,1,1,0,0,0,0,0,1,4,2,8,3,6.58,5,1,1,No
S01277,1,1,1,1,1,1,0,0,1,0,5,5,10,10,8.09,2,3,2,Yes
S01278,0,1,1,1,0,0,1,1,0,0,7,9,3,2,7.96,2,1,2,No
S01279,1,1,1,0,1,1,0,1,0,1,1,6,3,9,6.66,4,0,2,No
S01280,1,1,1,1,0,0,1,0,0,1,2,2,4,4,7.3,2,3,2,No
S01281,0,1,1,1,0,0,1,0,0,1,7,8,7,5,8.61,3,3,2,Yes
S01282,0,0,0,0,1,0,0,0,1,0,9,3,6,2,9.53,0,2,5,No
S01283,0,1,0,0,1,1,0,1,0,0,7,8,1,4,7.22,7,3,4,No
S01284,1,0,0,1,1,1,1,0,1,1,5,4,8,7,9.09,5,3,0,Yes
S01285,1,1,1,1,1,0,1,0,0,1,2,2,4,7,8.85,1,0,3,No
S01286,1,0,1,0,1,0,0,0,1,0,6,4,10,7,7.48,6,3,0,Yes
S01287,1,0,0,0,1,1,1,0,1,0,9,1,3,4,8.58,0,3,2,Yes
S01288,1,1,0,0,1,1,1,0,0,1,9,10,4,7,6.33,8,0,5,Yes
S01289,1,1,1,1,0,1,1,0,0,0,1,9,2,7,7.79,3,1,2,No
S01290,1,1,1,0,1,0,1,0,0,0,5,7,5,1,8.93,0,2,1,No
S01291,1,0,1,1,1,0,1,0,1,0,3,10,7,8,5.41,3,1,1,No
S01292,1,1,1,1,1,0,1,0,1,0,5,1,6,6,7.4,4,1,3,Yes
S01293,0,1,0,1,1,1,1,0,0,0,10,8,1,4,6.32,6,1,3,Yes
S01294,0,1,0,0,1,1,1,1,0,0,4,3,5,6,5.69,4,1,8,No
S01295,0,0,1,0,0,1,0,0,0,0,5,4,9,10,7.95,5,0,6,No
S01296,1,1,1,0,1,1,0,1,0,0,3,7,9,3,7.42,7,1,1,Yes
S01297,1,1,1,1,1,0,1,0,0,0,6,4,10,10,9.19,1,0,5,Yes
S01298,1,1,0,0,0,1,1,1,1,0,4,4,8,5,6.03,7,0,0,No
S01299,0,1,0,1,0,0,0,0,1,0,2,9,8,2,5.85,5,1,7,No
S01300,0,1,0,0,1,0,1,0,0,0,9,6,8,7,5.24,1,1,0,No
S01301,1,1,1,1,1,0,1,0,0,0,7,8,4,8,6.1,0,2,4,Yes
S01302,0,0,0,1,1,1,1,0,0,0,5,1,7,3,6.39,2,1,6,No
S01303,1,0,1,1,0,0,0,0,0,0,8,10,4,6,9.68,6,2,2,Yes
S01304,1,0,1,1,1,1,1,0,0,0,2,4,9,8,8.76,8,0,6,Yes
S01305,0,1,0,0,1,0,1,0,1,0,5,2,7,2,7.65,3,1,1,No
S01306,0,0,0,1,0,0,0,0,0,0,7,1,6,10,6.22,8,3,6,Yes
S01307,0,1,1,0,1,1,1,1,0,0,8,8,2,8,8.21,6,1,7,Yes
S01308,0,1,0,1,1,0,1,1,0,1,2,8,2,5,6.67,7,2,4,Yes
S01309,1,0,1,0,1,0,1,0,0,0,3,9,6,1,8.7,8,2,5,Yes
S01310,0,0,1,0,0,0,1,0,1,0,5,1,1,6,5.18,1,3,7,No
S01311,1,1,0,1,1,1,0,0,0,0,3,3,1,10,7.71,6,3,1,Yes
S01312,0,0,0,1,0,1,0,0,0,1,1,2,7,4,8.25,4,3,5,Yes
S01313,1,0,0,0,0,0,0,1,0,1,9,4,8,2,7.88,4,2,8,Yes
S01314,0,1,0,1,0,0,0,0,0,0,7,6,4,2,7.55,6,0,2,No
S01315,1,1,1,1,1,1,1,1,0,0,7,8,1,1,5.79,4,0,2,No
S01316,0,0,1,1,1,1,1,1,0,1,3,4,1,4,9.99,4,3,1,Yes
S01317,1,1,1,1,0,1,1,1,0,0,2,4,1,3,8.94,3,1,6,Yes
S01318,0,1,1,1,0,1,1,1,1,1,7,4,7,8,9.06,0,0,1,Yes
S01319,1,0,0,1,0,1,0,0,1,1,5,4,1,5,6.75,8,0,5,No
S01320,1,1,0,0,1,1,1,0,1,0,3,4,1,3,8.98,2,2,3,No
S01321,1,1,1,0,1,0,1,0,0,0,7,5,7,10,6.31,8,0,1,Yes
S01322,1,1,0,0,0,0,1,0,1,0,1,6,3,7,6.84,4,2,8,Yes
S01323,0,1,1,1,1,1,1,0,1,0,8,1,2,6,9.02,3,0,5,Yes
S01324,1,0,0,1,0,0,1,0,0,1,2,2,1,7,8.7,8,0,4,No
S01325,0,0,1,1,1,0,0,1,0,1,7,5,6,6,7.82,2,1,6,Yes
S01326,1,1,1,0,1,1,1,0,1,0,6,8,5,7,5.97,3,3,2,Yes
S01327,1,0,1,0,1,1,1,0,0,1,3,3,7,1,5.98,8,1,8,No
S01328,0,0,0,1,0,1,1,0,1,0,7,10,4,10,7.68,0,0,4,No
S01329,0,1,1,1,1,0,0,0,1,0,3,2,6,10,9.92,6,2,1,Yes
S01330,1,0,1,1,1,0,0,0,0,0,5,4,6,10,8.73,0,2,7,Yes
S01331,0,1,1,1,1,1,0,0,1,1,3,9,3,2,5.94,7,1,1,No
S01332,0,1,0,1,0,1,0,1,1,1,10,2,1,5,6.1,7,2,8,Yes
S01333,1,1,0,1,0,1,0,0,0,0,10,8,10,4,8.05,3,0,1,Yes
S01334,0,0,1,1,1,1,1,0,0,0,4,4,9,3,6.61,4,2,8,Yes
S01335,0,1,1,1,1,0,0,0,0,0,10,4,4,2,7.56,8,1,2,Yes
S01336,0,0,0,0,1,0,0,1,0,0,6,8,1,3,5.32,0,1,0,No
S01337,1,0,1,1,0,1,1,1,0,1,8,10,4,9,9.43,5,3,1,Yes
S01338,0,1,0,1,1,0,0,1,0,0,4,1,1,7,8.53,7,0,7,No
S01339,1,1,1,1,1,1,1,0,1,0,1,9,9,1,7.64,8,2,5,Yes
S01340,1,1,0,1,0,0,1,1,1,1,6,5,9,4,8.08,5,0,2,Yes
S01341,1,1,1,0,0,1,1,1,0,1,7,9,2,5,6.34,7,0,5,Yes
S01342,1,1,1,1,1,1,0,0,1,0,7,8,2,4,8.77,2,0,7,Yes
S01343,0,1,0,1,0,1,1,0,0,0,5,5,8,4,5.48,2,0,3,No
S01344,0,1,0,1,1,0,1,0,0,0,10,7,5,3,9.96,3,3,2,Yes
S01345,0,1,0,1,1,1,1,0,0,0,4,4,1,3,8.89,7,2,6,Yes
S01346,1,1,1,0,0,0,0,0,1,0,5,5,4,10,8.54,1,1,8,Yes
S01347,1,0,1,1,1,1,1,0,1,1,4,6,10,7,5.33,2,2,1,No
S01348,1,0,1,1,0,1,1,1,0,0,7,6,1,1,5.82,4,3,3,No
S01349,0,0,1,1,1,0,1,0,1,0,4,10,1,1,8.74,4,0,3,No
S01350,1,1,1,1,0,1,1,0,0,1,3,5,1,4,9.39,8,1,0,Yes
S01351,0,1,1,1,0,0,1,0,0,0,1,2,5,10,6.44,8,1,2,No
S01352,0,0,1,1,1,0,0,1,1,0,4,1,8,1,6.92,4,0,0,No
S01353,1,0,0,0,1,1,0,0,0,0,9,6,4,3,9.47,4,1,7,Yes
S01354,0,1,1,1,0,1,0,1,0,1,4,1,4,8,10.0,5,1,5,Yes
S01355,1,1,0,0,1,1,1,1,0,0,1,1,3,6,6.56,0,1,2,No
S01356,0,1,1,1,0,1,1,0,1,0,9,2,9,9,7.75,6,1,5,Yes
S01357,0,0,0,1,1,0,1,0,1,0,2,1,3,5,7.76,3,2,8,No
S01358,1,1,0,0,1,1,0,1,0,0,1,5,10,10,9.0,5,2,2,Yes
S01359,1,1,0,0,0,1,1,0,0,0,4,1,8,2,8.49,5,1,0,No
S01360,0,0,1,1,0,1,1,0,0,1,1,3,1,6,6.05,4,0,3,No
S01361,0,1,0,1,1,0,1,1,0,1,6,6,2,4,9.86,1,1,7,No
S01362,1,1,1,1,1,0,1,0,1,0,6,6,2,4,5.44,6,2,7,No
S01363,0,1,0,1,0,1,0,0,1,0,8,3,6,4,8.79,3,0,8,No
S01364,0,1,0,0,0,1,1,0,1,0,1,3,10,9,9.42,3,1,2,Yes
S01365,0,1,0,1,1,1,1,0,0,0,10,7,5,9,6.46,4,0,2,Yes
S01366,1,1,0,0,1,0,1,0,0,1,9,8,7,9,8.36,2,1,7,Yes
S01367,0,1,0,1,0,0,0,1,0,1,8,4,5,4,5.05,2,2,0,No
S01368,0,0,0,1,0,1,1,1,1,0,4,6,2,5,5.53,5,1,5,No
S01369,1,0,0,1,0,1,0,0,0,0,3,10,2,4,8.41,6,3,2,No
S01370,1,1,0,0,0,0,1,0,0,0,5,1,3,10,5.28,3,2,2,No
S01371,0,1,0,1,0,0,0,0,1,1,3,1,4,7,5.69,4,0,1,No
S01372,1,0,1,0,0,1,0,0,1,1,3,1,9,10,6.31,0,3,1,No
S01373,0,1,0,1,0,0,1,0,1,0,9,5,10,5,8.35,7,0,1,Yes
S01374,1,1,0,1,1,0,0,0,0,0,1,6,10,3,6.87,5,2,4,No
S01375,1,1,0,1,0,1,1,1,1,0,9,2,6,3,9.06,5,3,4,Yes
S01376,0,1,1,0,1,0,1,0,0,0,4,8,7,2,8.83,6,3,5,Yes
S01377,1,1,0,1,1,0,0,0,1,0,8,3,6,1,6.52,2,2,7,No
S01378,1,0,1,1,1,0,1,0,0,1,5,3,5,3,6.16,0,3,2,No
S01379,1,1,1,1,1,1,1,0,0,0,10,3,6,7,7.11,6,2,7,Yes
S01380,0,0,0,1,0,1,1,0,0,0,4,10,7,8,5.0,1,0,7,No
S01381,1,1,0,1,1,0,1,1,0,0,8,9,9,8,9.81,4,0,6,Yes
S01382,1,0,0,0,1,1,0,0,1,1,5,9,2,7,9.25,1,1,1,No
S01383,0,1,0,0,1,1,0,0,0,0,7,9,6,8,7.37,4,3,8,Yes
S01384,1,1,0,1,0,1,1,1,0,0,3,10,6,7,9.34,7,0,5,Yes
S01385,0,1,0,0,0,1,0,1,0,1,1,5,5,8,7.74,8,1,2,No
S01386,1,1,1,0,1,0,0,0,0,0,8,4,5,10,8.55,4,3,2,Yes
S01387,0,0,0,1,0,1,1,0,0,1,4,9,1,8,5.39,2,2,0,No
S01388,1,1,0,1,1,0,1,1,0,0,9,10,7,1,5.01,6,0,8,Yes
S01389,0,1,1,0,1,1,1,1,0,1,6,8,8,5,5.12,2,2,7,Yes
S01390,1,1,0,1,0,1,0,0,1,1,3,1,8,9,6.27,1,3,5,No
S01391,1,0,0,1,0,0,1,0,0,1,3,1,2,3,8.5,0,1,4,No
S01392,1,1,1,0,0,0,0,0,1,0,3,7,5,6,6.22,2,1,5,No
S01393,1,0,0,1,0,0,0,0,0,1,5,9,5,6,9.41,7,1,6,Yes
S01394,1,0,1,1,0,1,0,1,1,0,7,2,10,1,9.47,5,0,5,Yes
S01395,1,0,0,0,1,1,0,0,0,1,1,4,5,1,7.87,6,0,6,No
S01396,0,1,0,1,1,1,1,0,0,0,10,2,7,4,7.14,0,2,8,Yes
S01397,1,1,1,0,0,1,0,1,1,0,6,10,4,9,8.29,8,1,2,Yes
S01398,1,1,0,1,0,0,0,0,0,0,10,1,5,6,9.81,0,2,6,No
S01399,0,0,0,1,1,1,1,1,0,0,3,1,6,3,5.46,5,3,0,No
S01400,0,0,0,1,0,0,0,1,1,1,10,9,10,10,6.89,3,1,4,Yes
S01401,1,1,1,0,1,1,1,0,1,1,7,9,4,5,6.55,2,0,0,No
S01402,1,0,1,0,1,1,0,0,1,1,8,9,7,7,9.04,0,2,8,Yes
S01403,1,1,0,0,1,0,0,0,0,0,8,6,3,3,5.9,2,1,4,No
S01404,0,1,1,1,1,0,1,0,0,0,9,5,6,2,5.33,7,2,8,Yes
S01405,0,1,1,1,0,1,1,0,1,0,9,6,7,9,8.75,6,3,0,Yes
S01406,1,0,1,1,0,0,0,1,0,0,4,9,8,8,8.48,8,0,7,Yes
S01407,0,0,0,1,0,0,1,1,1,0,4,9,3,1,5.68,5,0,2,No
S01408,0,0,1,1,0,1,0,0,0,0,7,4,8,4,6.79,5,2,8,Yes
S01409,0,0,0,1,0,0,1,0,1,0,1,6,3,10,5.34,8,3,4,No
S01410,0,1,1,1,0,1,0,0,0,1,2,8,10,6,6.51,8,3,8,Yes
S01411,1,0,0,1,0,0,1,1,0,0,8,4,3,1,8.52,3,0,2,No
S01412,1,1,0,1,0,1,1,0,0,0,2,4,9,10,8.38,7,2,7,Yes
S01413,1,0,1,1,0,1,0,1,1,0,7,3,5,5,6.95,3,0,5,No
S01414,1,0,1,1,1,0,1,1,0,0,7,2,1,9,5.33,0,0,3,No
S01415,1,1,0,1,1,0,1,0,1,0,2,3,2,3,7.09,7,0,7,No
S01416,0,1,1,1,1,0,1,1,0,1,1,7,10,8,9.16,8,2,3,Yes
S01417,1,1,0,1,1,0,0,1,1,1,4,10,4,3,5.77,2,0,5,No
S01418,1,0,0,1,1,1,0,0,0,0,6,9,3,9,7.35,0,3,1,No
S01419,1,1,0,1,0,1,1,0,0,0,10,7,9,8,7.66,6,1,2,Yes
S01420,0,1,0,1,0,0,0,0,1,0,6,4,1,9,6.56,8,0,1,No
S01421,1,0,1,0,1,0,1,0,0,0,1,1,1,5,8.19,4,1,5,No
S01422,1,1,0,1,1,1,0,0,1,0,10,1,3,1,7.96,3,1,1,No
S01423,1,1,0,0,0,1,1,0,1,0,5,10,9,6,5.98,1,3,7,Yes
S01424,1,1,1,1,0,0,1,0,1,0,9,6,5,6,8.53,6,1,6,Yes
S01425,0,1,0,1,0,1,0,0,1,0,7,2,2,3,5.96,4,2,3,No
S01426,0,0,1,1,1,0,0,0,0,1,10,4,4,5,6.94,4,0,8,No
S01427,1,1,1,1,1,1,1,0,1,0,5,10,1,1,6.21,8,2,2,Yes
S01428,0,1,0,1,0,0,1,0,0,1,1,7,1,3,8.78,1,3,6,No
S01429,0,1,0,0,1,0,1,0,1,1,10,3,1,9,5.07,7,0,8,No
S01430,0,1,1,0,0,0,1,0,1,0,2,7,5,3,7.69,1,0,8,No
S01431,1,0,0,1,0,1,0,1,0,0,6,6,2,3,7.35,8,2,8,Yes
S01432,1,0,0,1,0,1,1,0,0,1,8,8,4,8,7.48,5,3,6,Yes
S01433,1,1,1,1,0,0,1,0,0,0,1,7,5,2,6.57,6,3,5,Yes
S01434,0,1,1,1,1,0,1,1,0,0,9,8,3,8,8.69,5,0,6,Yes
S01435,1,1,0,0,1,1,1,0,1,1,7,7,3,10,5.43,4,2,3,Yes
S01436,1,1,1,0,1,1,1,0,1,0,6,1,7,4,8.83,6,3,6,Yes
S01437,1,1,0,1,1,1,1,1,0,1,6,2,7,6,7.82,2,1,0,No
S01438,0,0,0,0,1,0,0,0,0,1,8,8,3,7,7.6,2,0,8,No
S01439,1,1,0,0,0,1,1,1,0,0,10,4,9,2,6.96,1,3,6,Yes
S01440,0,1,0,0,0,0,0,0,0,0,7,6,6,10,7.09,0,0,1,No
S01441,0,1,1,1,0,1,0,0,1,1,8,1,8,3,6.21,1,0,5,No
S01442,1,1,0,1,0,1,0,0,0,0,10,10,10,10,7.76,3,2,8,Yes
S01443,0,0,0,1,0,0,1,0,1,1,9,8,5,5,6.05,6,1,3,No
S01444,1,1,0,0,1,1,0,0,0,0,4,5,4,2,8.68,5,0,0,No
S01445,0,1,0,0,0,1,1,0,1,0,1,5,3,7,5.08,8,2,2,No
S01446,1,1,1,0,0,1,0,0,0,1,1,4,9,7,7.24,2,0,4,No
S01447,0,0,1,1,0,0,1,0,1,0,5,8,1,10,6.13,0,2,3,No
S01448,0,1,1,0,0,0,1,0,0,1,8,2,3,5,8.15,7,1,6,No
S01449,0,0,1,1,0,0,0,0,0,0,4,8,8,3,9.55,7,1,1,Yes
S01450,0,1,0,1,0,1,0,0,1,0,8,4,5,4,6.68,1,0,5,No
S01451,1,0,0,0,1,1,1,0,0,1,1,3,1,4,5.15,5,2,4,No
S01452,0,0,1,1,0,1,1,0,0,0,7,3,10,1,8.98,4,3,3,Yes
S01453,0,1,0,0,0,0,0,0,1,1,5,2,3,3,8.18,8,0,5,No
S01454,0,0,1,1,1,0,0,0,0,0,8,8,10,4,7.93,7,1,4,Yes
S01455,1,0,1,1,0,1,1,0,0,0,2,5,10,10,7.28,5,1,4,Yes
S01456,0,1,1,1,0,0,1,1,1,1,6,3,6,9,5.63,5,1,2,Yes
S01457,0,1,0,0,0,1,1,1,0,0,3,1,9,9,7.94,4,3,0,No
S01458,0,1,0,1,1,0,1,0,0,0,8,7,3,10,8.69,1,2,7,Yes
S01459,1,0,1,1,1,0,1,1,0,1,9,9,4,10,5.13,7,1,8,Yes
S01460,0,0,1,0,0,0,1,1,1,0,1,3,5,6,8.34,3,1,6,No
S01461,1,0,1,1,1,1,0,1,0,0,6,7,8,8,5.2,8,3,2,Yes
S01462,0,0,0,1,1,1,1,0,1,0,10,2,6,7,5.18,6,2,5,Yes
S01463,1,0,1,0,1,1,1,1,0,0,7,3,9,9,9.93,2,3,1,Yes
S01464,0,1,1,1,1,0,0,1,0,1,6,5,1,7,7.42,1,2,3,No
S01465,0,1,0,0,1,1,1,0,1,0,4,2,6,10,7.01,3,3,1,Yes
S01466,1,0,1,1,1,0,1,0,0,1,1,7,6,6,7.28,8,2,4,Yes
S01467,0,1,0,1,0,0,0,0,0,0,2,2,7,10,9.44,6,3,7,Yes
S01468,1,1,1,1,0,0,1,0,0,1,4,8,5,5,5.03,6,0,2,No
S01469,0,0,0,1,0,1,1,0,0,1,5,1,4,10,6.48,6,2,4,No
S01470,0,1,1,0,0,0,1,0,0,1,5,6,10,2,7.04,5,1,8,Yes
S01471,0,1,0,1,1,1,1,0,0,0,9,9,6,4,8.07,2,2,0,Yes
S01472,0,1,0,1,1,0,0,0,0,0,3,4,2,9,6.57,8,1,8,No
S01473,0,1,1,1,0,1,1,0,0,1,5,1,3,3,9.82,4,1,7,No
S01474,1,0,0,1,0,0,0,0,0,0,5,6,4,6,6.16,8,2,3,No
S01475,1,1,1,1,1,0,0,0,1,0,6,6,8,7,5.65,0,1,5,No
S01476,0,1,0,0,0,0,1,1,1,0,10,1,7,6,8.98,5,2,6,Yes
S01477,0,1,1,1,1,0,0,0,0,1,7,1,10,10,8.76,8,1,3,Yes
S01478,0,1,0,1,1,0,1,0,0,0,8,4,3,3,8.02,3,1,6,No
S01479,0,1,1,0,1,0,1,1,0,0,1,10,1,9,7.43,8,1,7,Yes
S01480,1,1,0,0,1,0,0,1,0,1,7,3,10,7,7.05,6,3,8,Yes
S01481,0,1,0,1,0,0,1,0,0,0,1,7,10,5,7.43,5,2,6,Yes
S01482,1,1,1,1,0,0,1,0,0,1,8,5,9,7,5.71,4,1,4,Yes
S01483,1,1,0,0,0,1,1,0,0,1,2,5,7,8,5.58,1,0,8,No
S01484,1,0,1,0,1,1,0,0,0,0,6,10,3,4,8.59,1,3,2,No
S01485,1,0,0,1,0,1,1,0,0,0,4,6,1,10,9.88,7,3,7,Yes
S01486,1,0,1,1,1,1,0,0,0,1,7,2,6,7,6.34,7,0,3,No
S01487,1,1,0,0,0,0,1,1,1,1,3,7,4,8,9.11,7,0,0,Yes
S01488,0,1,1,1,1,0,1,1,0,1,6,7,10,2,6.96,5,0,0,Yes
S01489,1,0,0,0,0,0,1,1,0,0,4,3,7,10,7.85,6,2,0,Yes
S01490,1,1,0,1,1,1,1,0,0,1,6,8,1,1,5.77,1,2,4,No
S01491,1,0,0,0,0,1,1,0,1,0,9,9,6,8,9.97,5,2,6,Yes
S01492,1,0,0,0,1,0,1,0,0,0,1,6,5,2,5.17,5,0,4,No
S01493,1,0,1,1,1,1,1,0,0,0,5,10,3,4,8.47,5,2,7,Yes
S01494,1,0,1,1,0,0,1,1,1,0,9,7,7,8,8.16,8,3,8,Yes
S01495,0,0,1,1,1,1,0,0,1,0,1,3,9,1,5.82,0,2,4,No
S01496,0,0,0,0,1,1,1,0,0,1,6,1,2,9,9.7,4,2,6,Yes
S01497,0,1,0,0,0,0,0,0,0,0,10,9,4,2,6.35,3,0,7,No
S01498,1,0,0,1,1,0,1,0,0,0,4,6,8,7,6.85,7,3,4,Yes
S01499,1,1,1,1,1,1,1,0,1,1,9,5,4,2,6.32,4,1,6,Yes
S01500,0,0,0,1,0,1,1,0,1,0,5,7,5,9,9.23,6,0,5,Yes
S01501,1,1,1,1,1,1,1,1,0,1,6,6,4,4,6.2,3,3,4,Yes
S01502,1,1,0,1,0,0,1,0,0,0,7,9,3,5,7.65,0,0,8,No
S01503,1,0,0,1,0,0,1,0,0,1,10,10,6,2,7.7,5,0,3,No
S01504,1,1,1,1,1,1,1,1,0,0,5,3,7,5,7.6,8,1,4,Yes
S01505,1,0,0,0,1,1,0,0,1,0,3,8,7,10,8.74,0,3,7,Yes
S01506,1,1,0,1,1,1,1,0,0,1,7,2,8,10,9.03,3,1,6,Yes
S01507,0,0,1,1,1,0,0,1,1,0,2,4,6,4,8.41,1,0,4,No
S01508,1,0,0,0,1,0,1,0,0,0,4,2,8,4,5.21,8,3,0,No
S01509,0,0,0,1,1,1,1,0,0,0,6,7,9,3,9.33,3,2,3,Yes
S01510,0,1,1,1,0,1,0,1,1,1,8,5,8,7,7.36,3,3,4,Yes
S01511,0,1,0,1,0,0,0,0,0,1,1,4,3,8,8.19,2,0,0,No
S01512,0,0,0,1,1,0,0,0,0,0,3,6,3,4,9.88,7,2,6,No
S01513,0,1,1,1,1,0,1,0,0,0,9,5,7,9,8.33,3,1,8,Yes
S01514,1,1,1,1,0,1,0,0,0,0,4,4,2,10,9.92,2,3,2,Yes
S01515,1,1,0,1,1,0,1,0,0,1,5,7,7,10,9.58,8,0,4,Yes
S01516,1,1,1,1,0,0,1,1,0,1,5,10,6,7,9.92,2,2,8,Yes
S01517,0,1,0,0,0,0,1,0,0,0,8,10,4,3,5.93,1,0,0,No
S01518,0,1,0,1,1,1,1,1,1,1,5,4,5,4,8.71,7,0,4,Yes
S01519,1,1,1,1,0,0,1,0,0,0,9,10,2,4,5.17,7,0,6,Yes
S01520,0,0,1,1,0,1,1,0,0,0,1,2,8,9,9.79,1,0,5,No
S01521,1,1,1,0,0,0,1,1,1,0,5,8,2,3,7.03,5,3,7,Yes
S01522,0,0,1,0,1,1,1,0,0,0,10,9,3,6,7.13,4,2,6,Yes
S01523,1,1,0,1,1,1,0,0,1,0,1,7,10,10,9.18,4,2,7,Yes
S01524,1,1,0,0,0,1,1,0,0,1,5,1,7,7,7.1,3,1,2,No
S01525,1,1,1,0,0,0,0,0,1,1,1,1,6,6,5.81,8,0,7,No
S01526,1,1,1,1,0,1,0,0,1,0,9,4,1,9,6.47,1,1,8,No
S01527,1,1,0,1,1,1,0,0,0,0,5,8,7,8,9.16,2,3,2,Yes
S01528,1,0,0,1,1,0,1,0,0,0,5,5,3,9,5.76,7,1,7,Yes
S01529,0,1,1,0,1,0,1,0,0,1,7,2,5,9,9.35,0,2,6,Yes
S01530,1,0,1,0,1,1,1,0,1,0,2,4,9,8,9.36,5,2,5,Yes
S01531,1,1,0,0,1,1,1,0,0,0,8,9,4,9,6.89,8,3,8,Yes
S01532,0,1,1,1,1,0,0,0,0,0,2,8,3,6,8.89,4,3,4,Yes
S01533,0,1,0,1,1,0,0,1,0,0,7,1,5,3,9.53,3,1,7,No
S01534,1,0,0,0,0,0,1,1,0,0,2,7,10,7,7.94,4,3,1,Yes
S01535,1,1,0,0,1,0,0,1,1,0,4,4,9,9,6.48,3,3,4,Yes
S01536,1,0,0,1,0,0,0,1,0,0,1,4,1,7,9.82,2,2,2,No
S01537,1,1,1,0,0,0,0,0,0,0,10,7,4,9,9.12,2,3,8,Yes
S01538,0,1,0,1,1,1,0,0,1,0,9,6,6,7,5.98,1,1,0,No
S01539,1,1,0,1,1,1,1,0,0,1,1,8,6,3,5.8,7,2,6,Yes
S01540,1,0,1,0,0,0,0,0,0,1,1,9,2,1,9.33,0,1,2,No
S01541,0,0,0,1,1,1,0,0,0,0,7,3,6,2,6.21,2,0,5,No
S01542,1,1,1,1,1,0,0,0,0,0,2,6,3,8,8.46,5,0,7,No
S01543,0,0,1,1,0,0,0,0,0,1,7,3,6,7,6.74,2,3,5,No
S01544,1,1,0,1,1,1,1,0,1,0,4,10,5,2,5.38,4,2,5,Yes
S01545,0,0,0,1,0,0,1,0,0,0,4,3,3,8,8.78,0,2,7,No
S01546,1,0,1,1,0,0,1,0,0,0,3,7,6,7,7.26,7,2,7,Yes
S01547,0,0,1,1,1,1,1,0,0,0,9,10,3,9,9.31,2,1,6,Yes
S01548,0,0,0,1,1,0,1,1,0,0,4,3,4,2,9.95,3,1,4,No
S01549,1,1,1,1,1,1,0,0,0,1,6,4,1,8,8.96,2,2,6,Yes
S01550,0,0,0,0,1,1,1,1,1,1,1,7,5,9,6.11,0,3,5,No
S01551,0,1,0,1,0,0,1,0,1,0,3,1,2,4,5.12,4,0,0,No
S01552,0,1,1,1,1,1,0,0,0,0,8,1,9,10,5.34,6,2,4,Yes
S01553,0,1,1,0,1,0,0,0,0,0,9,7,4,6,9.55,0,3,4,Yes
S01554,0,1,0,1,0,0,0,0,0,0,10,8,10,8,7.38,3,3,5,Yes
S01555,1,1,0,0,1,1,1,0,0,0,5,1,10,7,8.78,2,0,0,No
S01556,1,1,1,1,0,1,1,0,0,0,9,1,10,4,5.66,8,0,3,No
S01557,0,1,1,0,0,0,0,0,1,1,7,2,6,1,8.66,4,0,3,No
S01558,1,1,1,1,0,1,1,0,1,1,7,2,10,6,9.3,3,2,1,Yes
S01559,0,0,0,0,1,0,0,1,0,0,7,8,6,1,8.38,2,2,1,No
S01560,0,1,1,1,0,0,1,1,0,0,9,9,9,4,8.9,3,3,5,Yes
S01561,1,0,0,0,0,0,1,1,1,1,9,8,6,8,7.7,1,1,0,No
S01562,1,1,1,0,1,1,1,0,1,0,3,5,8,9,8.81,2,0,8,Yes
S01563,0,1,0,0,1,1,1,1,0,0,4,3,7,7,9.57,2,2,1,Yes
S01564,1,1,1,1,0,1,0,1,0,0,9,7,2,4,7.62,0,2,1,No
S01565,0,1,1,1,1,1,1,0,0,0,7,4,1,7,8.76,5,3,2,Yes
S01566,1,1,1,1,1,1,1,0,0,0,1,5,10,5,9.9,3,1,4,Yes
S01567,0,1,1,1,1,1,1,0,0,1,1,1,4,3,5.05,7,2,0,No
S01568,1,1,1,0,0,0,1,0,0,1,6,1,5,3,8.19,0,3,4,No
S01569,0,1,1,1,1,0,0,0,0,0,2,9,7,7,7.57,5,0,5,Yes
S01570,1,0,1,0,1,1,1,0,0,0,2,7,3,10,6.82,2,2,6,Yes
S01571,0,1,1,1,1,1,1,0,1,0,1,2,8,6,9.43,1,2,2,Yes
S01572,1,1,1,1,1,0,0,0,0,1,9,1,2,8,8.81,5,0,8,Yes
S01573,0,0,0,1,1,0,1,0,0,1,10,8,10,6,6.91,0,2,6,Yes
S01574,0,1,0,1,0,1,0,0,1,0,10,2,6,10,7.15,0,2,2,No
S01575,1,0,0,1,1,0,1,0,0,0,4,8,10,7,7.6,4,0,3,No
S01576,1,1,0,1,1,0,1,0,1,0,1,6,3,3,7.27,3,1,3,No
S01577,1,1,1,1,0,1,1,1,0,0,3,1,10,6,5.04,6,3,3,Yes
S01578,0,1,0,0,0,0,1,0,1,0,8,7,3,7,7.22,1,3,0,No
S01579,0,1,0,1,1,1,1,0,0,0,7,3,8,3,5.87,0,3,8,Yes
S01580,1,1,0,0,1,0,0,0,0,0,7,8,1,8,6.37,8,0,2,No
S01581,1,0,0,0,1,0,1,0,0,0,10,10,10,9,9.99,2,1,6,Yes
S01582,1,1,0,1,1,1,0,0,0,0,6,6,9,4,6.56,4,3,3,Yes
S01583,0,1,1,0,0,1,0,1,0,0,2,4,5,2,5.23,8,0,0,No
S01584,1,1,1,0,1,0,0,0,1,0,8,8,4,9,5.88,1,0,0,No
S01585,0,1,0,1,0,0,0,0,0,1,1,8,3,2,9.29,4,3,7,No
S01586,1,1,0,1,1,1,1,1,0,0,7,6,6,8,5.5,1,1,3,No
S01587,0,1,1,0,1,0,0,1,0,1,8,8,4,5,5.33,8,0,4,Yes
S01588,1,1,1,1,1,1,1,0,1,1,9,8,5,6,7.37,5,2,4,Yes
S01589,1,1,0,0,1,1,1,0,0,0,10,10,8,4,8.29,1,3,8,Yes
S01590,0,1,0,1,1,1,0,1,0,1,6,8,3,5,7.94,6,2,7,Yes
S01591,0,1,0,1,1,0,0,0,1,1,1,10,2,10,5.12,1,3,8,No
S01592,0,1,0,1,1,0,0,1,0,0,1,3,2,7,8.68,2,0,4,No
S01593,1,1,0,1,0,0,1,1,0,0,3,1,1,1,5.83,4,3,5,No
S01594,1,1,1,0,0,0,0,0,1,1,6,4,6,8,5.29,6,0,2,No
S01595,0,0,1,1,1,1,1,0,0,1,9,5,3,5,8.38,5,0,6,Yes
S01596,0,0,0,1,1,0,1,0,1,0,10,8,7,5,8.62,3,3,1,Yes
S01597,1,0,1,1,0,1,1,1,0,1,4,8,6,1,7.56,1,0,7,Yes
S01598,1,0,1,1,0,1,1,0,1,0,10,1,4,8,6.38,4,2,4,No
S01599,1,0,1,0,0,1,1,0,1,0,5,8,8,1,8.13,3,0,1,Yes
S01600,0,0,1,1,1,1,1,0,0,0,1,6,10,7,6.04,4,1,0,No
S01601,1,0,1,0,1,1,1,0,0,0,10,10,8,2,9.41,8,3,8,Yes
S01602,1,0,0,1,0,1,1,1,0,1,6,8,2,1,9.43,3,3,1,Yes
S01603,1,0,0,1,1,1,1,1,0,0,3,2,4,4,7.52,2,3,6,Yes
S01604,1,1,1,0,1,0,0,0,0,1,5,10,3,2,8.63,8,1,5,Yes
S01605,1,1,0,1,1,1,1,0,0,0,4,8,8,6,5.33,6,3,1,Yes
S01606,1,0,1,1,0,0,1,0,0,1,5,10,2,5,9.92,6,2,1,Yes
S01607,1,1,1,1,1,1,0,1,0,0,3,5,6,7,7.95,8,1,2,Yes
S01608,0,0,0,1,0,0,1,0,1,0,2,4,6,9,6.16,7,0,3,No
S01609,1,1,0,1,1,0,1,0,0,0,6,10,6,3,9.85,1,3,0,Yes
S01610,1,1,0,1,0,1,1,0,1,1,3,1,4,2,7.14,6,0,7,Yes
S01611,0,0,0,0,0,1,0,0,0,0,8,8,4,4,7.36,8,2,6,Yes
S01612,0,0,0,0,0,0,1,1,1,0,7,2,7,7,8.95,2,3,6,Yes
S01613,1,1,0,1,0,0,0,0,0,0,4,9,4,2,9.83,7,0,6,Yes
S01614,1,0,0,1,1,0,0,0,0,1,2,9,7,9,8.61,0,3,7,Yes
S01615,1,0,0,0,0,0,0,0,1,0,10,4,1,9,6.45,6,1,8,No
S01616,0,1,0,1,1,0,1,0,1,1,10,5,9,2,7.71,2,2,4,Yes
S01617,0,1,1,1,0,1,0,1,0,0,6,7,3,10,6.13,7,3,7,Yes
S01618,0,1,1,1,1,0,0,0,0,0,6,8,7,1,5.63,8,1,2,Yes
S01619,0,1,1,1,1,0,1,1,1,0,10,4,5,4,9.87,1,3,1,Yes
S01620,0,1,0,1,0,0,1,0,0,0,8,5,1,10,7.54,2,3,8,Yes
S01621,1,1,1,0,1,1,0,1,0,0,9,3,6,3,8.09,5,0,8,Yes
S01622,1,1,0,1,1,1,0,1,0,0,4,6,6,8,6.97,3,3,1,Yes
S01623,0,0,0,0,1,0,1,1,0,0,1,1,10,3,5.28,5,3,2,No
S01624,0,1,0,1,1,1,1,1,0,0,8,4,8,6,7.94,3,3,0,Yes
S01625,1,1,0,0,0,1,1,0,0,0,3,8,1,2,8.63,5,0,3,No
S01626,0,1,0,1,1,0,1,0,1,0,10,5,4,4,7.36,2,0,6,No
S01627,1,0,0,0,0,1,1,0,0,1,2,5,9,2,9.71,2,3,0,Yes
S01628,1,0,0,0,1,1,1,1,0,0,9,1,10,3,8.39,8,1,0,Yes
S01629,1,1,0,1,1,0,0,1,0,0,8,2,9,2,7.29,6,0,7,Yes
S01630,1,0,0,1,1,1,0,0,1,0,4,5,7,2,5.29,8,1,1,No
S01631,0,0,1,1,1,1,1,1,1,0,5,3,10,4,7.81,3,3,4,Yes
S01632,1,0,0,0,1,1,0,0,1,0,6,3,6,5,5.79,4,3,8,Yes
S01633,0,0,0,0,1,0,1,1,0,1,2,2,9,4,7.51,7,3,0,Yes
S01634,0,1,1,1,0,1,1,1,1,1,10,7,3,1,7.79,7,3,0,Yes
S01635,0,1,0,1,0,0,1,0,1,0,2,8,10,10,8.35,2,0,4,Yes
S01636,1,1,0,1,0,1,0,0,0,1,2,8,7,8,7.14,1,0,7,Yes
S01637,1,1,0,1,1,1,1,0,0,0,3,8,7,8,7.16,1,2,3,No
S01638,1,1,1,1,1,0,1,0,0,0,5,9,10,2,5.42,1,3,7,Yes
S01639,0,0,1,1,0,0,0,0,0,0,7,4,9,8,9.91,0,0,4,No
S01640,0,1,0,1,0,0,1,0,0,0,3,2,6,4,7.61,0,2,3,No
S01641,1,0,0,0,1,1,0,1,1,0,8,5,6,9,5.19,0,3,0,No
S01642,0,1,0,1,1,1,1,1,1,0,6,1,9,6,9.77,4,0,8,Yes
S01643,1,1,1,1,1,0,1,0,0,0,6,8,10,3,9.96,5,0,6,Yes
S01644,0,1,1,1,0,1,1,0,0,0,7,1,3,5,8.56,1,0,2,No
S01645,1,1,1,0,1,0,1,1,0,0,2,7,5,9,6.04,7,0,3,Yes
S01646,0,0,0,0,0,0,1,1,0,0,8,2,2,4,7.85,8,2,0,No
S01647,1,0,0,1,0,0,0,1,0,0,7,2,10,3,5.38,6,3,1,No
S01648,0,1,0,0,0,1,1,1,0,0,10,5,10,10,8.78,1,2,7,Yes
S01649,0,0,1,0,1,1,0,1,0,1,8,8,6,9,7.55,7,0,5,Yes
S01650,0,0,0,0,0,1,0,0,0,0,5,9,8,6,8.89,5,1,6,Yes
S01651,1,1,0,0,0,1,0,0,0,0,5,7,7,2,9.52,3,2,0,No
S01652,1,0,1,1,1,0,0,1,1,0,6,4,1,10,5.6,4,3,5,Yes
S01653,1,1,0,1,1,0,1,1,0,0,3,9,4,3,5.8,4,3,3,Yes
S01654,1,1,1,0,1,1,1,0,0,1,10,7,4,1,6.94,8,2,4,Yes
S01655,1,0,1,0,1,0,0,0,0,0,8,10,7,8,7.46,4,1,5,Yes
S01656,0,1,0,1,0,1,1,0,1,0,1,2,4,4,5.06,8,1,3,No
S01657,0,1,1,1,0,1,1,0,0,0,4,1,6,9,6.8,0,2,7,No
S01658,1,1,1,1,0,1,0,0,0,0,1,1,3,4,9.42,1,3,6,No
S01659,1,0,0,1,0,0,0,0,1,0,2,3,2,10,9.59,6,3,1,No
S01660,1,0,1,1,0,0,1,0,0,1,2,7,3,8,6.86,5,0,7,No
S01661,0,1,1,1,1,0,0,1,1,0,10,7,8,4,8.7,2,1,0,Yes
S01662,1,1,1,0,0,1,1,0,0,0,10,1,3,6,6.96,0,0,6,No
S01663,0,1,1,0,0,0,0,1,1,0,1,5,4,4,9.41,6,2,7,Yes
S01664,1,0,0,0,1,1,0,1,0,1,8,5,3,8,5.18,8,3,2,Yes
S01665,0,1,0,1,1,1,0,0,0,0,6,10,1,1,6.42,2,1,8,No
S01666,0,0,1,0,1,1,1,1,0,0,4,7,5,10,6.25,6,2,8,Yes
S01667,1,0,0,1,1,1,1,0,1,0,1,6,3,8,5.87,8,1,3,No
S01668,0,0,1,1,1,1,0,0,0,0,3,6,6,4,8.22,5,2,8,Yes
S01669,1,1,0,0,1,0,0,0,1,0,8,3,2,9,8.7,0,2,5,No
S01670,0,1,1,1,1,0,1,0,1,1,7,9,8,10,9.51,2,1,6,Yes
S01671,1,1,0,1,1,1,0,0,0,0,5,2,1,9,7.76,0,0,0,No
S01672,0,1,0,0,1,1,0,1,0,1,2,5,1,2,7.35,4,0,1,No
S01673,0,0,1,0,1,1,0,1,1,0,8,3,10,7,8.92,0,0,6,Yes
S01674,0,1,1,0,0,0,0,0,1,1,9,9,4,7,8.26,2,1,7,Yes
S01675,0,1,0,1,0,0,1,0,0,1,10,10,2,10,5.79,0,3,6,Yes
S01676,1,0,0,1,0,0,0,1,1,0,10,2,2,5,9.15,7,1,6,Yes
S01677,1,1,1,1,0,0,0,0,0,1,2,8,10,1,6.96,6,1,7,Yes
S01678,1,1,1,1,1,0,1,0,0,0,8,2,7,9,6.28,5,3,8,Yes
S01679,1,0,0,0,1,0,0,0,0,0,4,1,8,8,6.79,0,2,3,No
S01680,0,1,0,0,1,1,0,0,0,1,7,6,9,6,9.23,6,2,4,Yes
S01681,1,0,0,0,1,0,0,0,1,0,9,7,3,2,8.03,0,0,3,No
S01682,0,0,1,1,1,0,1,0,1,0,8,9,8,7,5.63,8,3,8,Yes
S01683,0,0,0,0,0,1,1,0,0,0,4,9,8,5,6.55,2,3,5,No
S01684,0,1,0,0,0,1,1,0,0,1,3,7,7,5,6.14,2,2,4,No
S01685,1,1,0,1,0,1,1,1,0,0,3,6,7,2,6.15,5,2,2,Yes
S01686,0,1,1,1,1,1,0,0,0,0,3,8,6,6,6.58,6,0,8,No
S01687,0,1,1,0,1,1,1,0,0,1,4,8,10,4,5.55,6,3,7,Yes
S01688,1,0,0,1,1,0,1,0,0,0,7,9,7,10,7.65,4,1,5,Yes
S01689,0,0,0,0,0,1,1,0,1,0,2,9,9,6,5.36,3,2,8,Yes
S01690,0,1,1,1,1,1,0,1,1,1,5,10,6,2,8.51,3,0,3,Yes
S01691,1,0,0,1,1,0,1,1,0,0,10,9,6,8,9.99,0,3,1,Yes
S01692,1,0,0,0,1,0,1,0,0,0,6,10,1,9,8.93,8,3,6,Yes
S01693,1,1,1,0,1,0,0,0,1,1,4,3,10,2,8.55,0,2,8,Yes
S01694,1,1,1,0,1,0,1,1,0,0,4,5,3,1,6.91,7,2,7,Yes
S01695,1,1,1,0,1,1,0,1,0,0,2,2,9,7,9.17,2,3,7,Yes
S01696,1,0,0,0,1,0,1,0,0,0,4,3,8,1,7.42,1,1,0,No
S01697,1,1,0,0,0,1,1,0,0,0,8,4,8,7,6.81,2,2,3,No
S01698,1,0,1,0,1,0,1,1,0,1,7,6,2,8,9.82,2,0,6,Yes
S01699,0,1,0,0,0,1,1,0,1,1,2,3,7,2,7.12,8,1,2,No
S01700,1,0,0,1,1,0,1,1,1,0,8,1,5,3,7.38,8,2,6,Yes
S01701,0,1,0,1,1,1,0,0,1,1,4,9,7,2,6.64,8,3,2,Yes
S01702,1,0,1,0,0,0,1,1,1,1,5,10,3,2,5.23,5,2,0,No
S01703,1,0,1,0,1,1,1,0,0,0,10,10,3,10,9.48,8,3,1,Yes
S01704,1,1,0,0,1,1,1,1,0,1,5,1,8,1,7.5,3,2,4,Yes
S01705,1,0,0,1,1,1,1,0,1,0,4,1,7,4,5.89,0,3,7,No
S01706,1,0,1,1,1,1,0,0,0,0,5,3,5,2,7.94,3,3,5,Yes
S01707,0,0,1,1,0,1,1,0,1,0,1,4,1,10,8.74,4,2,3,No
S01708,1,1,1,1,1,0,1,0,1,0,1,6,1,1,6.93,1,2,2,No
S01709,0,1,0,0,0,1,0,1,0,1,7,5,3,8,5.88,2,0,4,No
S01710,0,0,0,0,1,0,1,0,0,0,5,4,4,7,5.84,7,3,0,Yes
S01711,1,0,1,1,0,0,1,0,0,0,5,6,10,10,7.45,1,0,3,No
S01712,1,1,1,1,1,1,0,1,0,0,10,10,6,5,9.15,4,3,5,Yes
S01713,0,0,0,0,0,1,0,1,1,0,6,6,2,8,7.8,8,0,5,Yes
S01714,1,1,0,0,0,1,0,1,0,1,4,4,6,6,8.91,4,3,8,Yes
S01715,1,0,0,1,1,0,1,0,0,0,8,5,9,10,5.24,1,1,2,No
S01716,0,1,0,1,1,1,1,0,0,0,10,7,5,8,9.63,0,1,1,Yes
S01717,1,1,0,1,0,1,1,0,0,0,4,1,6,6,8.09,7,1,0,Yes
S01718,0,1,1,0,1,0,1,0,1,1,8,8,10,2,8.83,4,1,1,Yes
S01719,0,1,0,0,0,0,0,0,0,1,3,5,8,7,9.65,5,0,5,Yes
S01720,1,1,0,1,0,1,1,0,1,0,6,6,9,3,7.81,0,2,6,Yes
S01721,1,1,0,0,1,0,1,0,1,0,9,6,8,2,6.47,8,1,3,Yes
S01722,1,1,1,1,1,1,1,1,0,0,3,8,2,4,6.73,5,3,8,Yes
S01723,1,1,1,1,1,1,1,0,0,1,3,8,8,6,6.2,6,2,6,Yes
S01724,1,0,0,0,0,1,0,0,0,0,5,10,7,8,7.0,6,2,0,Yes
S01725,0,1,0,0,1,1,0,0,0,1,8,7,4,3,6.54,6,2,2,Yes
S01726,1,1,1,0,1,0,1,0,0,0,7,2,6,1,8.79,3,3,8,Yes
S01727,1,1,0,0,0,1,1,1,0,0,3,6,8,8,5.25,4,1,2,No
S01728,0,0,0,0,1,1,0,0,0,0,4,7,3,10,6.5,2,1,1,No
S01729,0,0,1,1,0,1,1,0,1,0,8,10,6,2,5.24,6,1,5,Yes
S01730,0,1,0,1,0,1,0,0,0,0,7,9,8,1,6.65,4,1,1,No
S01731,1,0,1,0,0,1,1,1,0,0,9,6,5,1,5.19,5,2,8,Yes
S01732,0,0,0,1,1,1,1,0,0,0,7,5,8,3,9.47,7,0,5,Yes
S01733,1,1,0,1,1,0,1,1,0,0,7,9,4,9,9.11,8,2,7,Yes
S01734,1,0,0,1,0,1,1,0,0,0,6,6,9,8,5.39,8,0,7,Yes
S01735,1,1,0,0,0,0,1,0,0,1,4,6,2,2,9.85,8,0,1,No
S01736,0,1,0,1,0,1,1,1,0,0,2,4,3,4,8.09,8,0,2,No
S01737,1,1,1,1,0,1,1,0,0,1,7,7,3,10,6.07,0,1,1,No
S01738,1,0,0,0,1,1,0,0,0,0,3,7,3,5,7.32,2,2,8,No
S01739,1,1,0,0,1,1,1,1,0,0,6,2,5,8,6.35,8,2,3,Yes
S01740,1,1,1,1,1,0,0,1,0,1,8,1,5,2,6.85,1,3,1,No
S01741,0,1,1,0,0,0,1,0,0,1,7,4,7,1,7.0,5,3,3,Yes
S01742,0,1,1,1,1,0,0,0,1,0,2,6,5,2,6.02,5,2,8,No
S01743,0,1,1,0,0,0,1,0,1,0,8,9,9,7,7.03,5,1,3,Yes
S01744,1,1,0,0,0,1,0,1,0,1,8,6,6,8,6.88,7,2,2,Yes
S01745,1,1,0,1,1,1,0,0,0,1,10,2,5,10,5.38,1,1,6,No
S01746,1,0,0,0,0,1,0,0,0,1,5,5,2,9,8.18,0,3,6,No
S01747,1,1,1,1,0,0,1,1,0,0,10,7,1,6,9.82,2,1,0,Yes
S01748,1,1,0,0,0,1,0,0,1,0,1,9,2,5,8.89,3,1,2,No
S01749,0,1,0,0,1,0,1,0,0,0,10,3,8,10,9.43,4,2,5,Yes
S01750,1,1,0,1,0,1,0,0,0,0,2,9,5,6,5.01,8,0,8,No
S01751,1,1,0,1,0,0,1,0,0,0,6,8,9,4,9.95,1,1,1,No
S01752,1,1,0,0,1,1,0,0,0,0,9,1,6,1,8.28,4,1,5,No
S01753,1,0,0,1,1,1,1,0,1,0,6,2,4,4,8.66,1,1,5,No
S01754,1,1,0,1,1,1,1,1,1,0,2,10,5,7,5.33,8,3,3,Yes
S01755,0,1,0,1,0,1,1,0,0,0,1,7,8,4,8.66,7,3,4,Yes
S01756,0,1,0,1,0,0,1,0,0,0,1,8,10,1,5.77,2,1,2,No
S01757,0,0,1,1,1,0,0,0,0,1,7,8,3,7,7.44,0,3,5,No
S01758,1,0,1,1,0,1,1,1,0,0,2,9,3,8,9.2,0,0,1,No
S01759,1,1,0,1,0,0,0,1,1,0,5,4,6,3,9.62,1,0,1,No
S01760,1,1,1,0,0,1,1,1,0,0,4,8,8,3,5.66,1,1,0,No
S01761,1,0,0,1,0,1,1,0,0,0,3,2,2,3,7.95,6,2,1,No
S01762,0,1,0,1,1,0,1,0,0,1,9,7,5,1,9.37,7,0,6,Yes
S01763,1,1,1,0,1,0,1,1,0,0,3,10,6,10,9.44,6,3,4,Yes
S01764,1,1,0,1,0,1,1,0,0,0,2,5,1,5,7.29,4,0,1,No
S01765,1,1,0,0,1,1,1,0,1,1,7,9,10,10,7.6,6,0,1,Yes
S01766,1,0,1,1,0,1,1,0,0,0,3,4,9,8,9.1,5,1,1,Yes
S01767,0,0,0,0,1,1,1,0,0,0,7,9,1,4,5.22,7,2,8,Yes
S01768,1,0,0,0,0,0,0,1,0,0,9,3,5,1,8.06,4,2,5,No
S01769,1,1,1,0,0,1,0,0,0,0,6,6,2,5,9.65,7,2,7,Yes
S01770,1,1,0,1,0,1,1,0,1,0,2,10,2,8,7.75,7,1,0,Yes
S01771,1,1,1,0,0,1,1,0,1,0,6,5,7,3,6.08,6,0,5,Yes
S01772,0,0,0,0,1,1,1,0,0,1,4,8,10,10,9.25,1,2,5,Yes
S01773,0,0,0,1,1,0,0,0,0,0,5,2,4,3,7.15,1,3,5,No
S01774,0,1,0,0,1,0,1,0,0,0,5,7,10,1,6.62,7,1,5,Yes
S01775,0,1,0,1,1,0,1,1,0,1,6,3,5,9,6.04,2,0,0,No
S01776,1,1,1,1,0,1,1,1,1,0,2,9,1,8,5.26,7,3,1,No
S01777,0,0,1,1,1,1,0,0,0,0,5,9,10,4,7.56,3,0,0,No
S01778,1,1,0,0,0,1,1,1,0,1,9,9,9,7,7.45,3,3,7,Yes
S01779,1,1,1,1,1,1,1,1,1,1,10,7,7,6,6.11,5,0,2,Yes
S01780,0,1,0,1,1,0,1,0,1,1,10,5,4,10,6.91,5,3,8,Yes
S01781,1,1,0,0,1,1,0,0,1,0,5,10,9,6,6.46,7,1,6,Yes
S01782,0,0,1,1,1,1,0,1,0,1,8,7,6,9,7.01,7,2,1,Yes
S01783,1,0,0,0,1,1,1,0,0,0,3,1,7,9,9.05,3,2,4,Yes
S01784,0,0,0,0,1,0,1,0,1,0,10,9,8,3,5.18,8,1,3,No
S01785,0,0,1,1,1,1,1,0,1,1,7,9,8,8,8.31,3,3,5,Yes
S01786,0,1,0,1,1,1,1,1,0,1,4,3,10,1,8.34,3,3,0,Yes
S01787,0,1,0,0,0,0,1,1,0,0,4,2,1,9,6.16,7,0,8,No
S01788,0,1,1,1,0,0,0,1,0,0,5,5,1,8,5.4,0,3,7,No
S01789,1,0,1,0,0,0,0,1,1,1,5,8,9,4,8.46,7,0,2,Yes
S01790,1,1,0,1,0,0,1,0,0,1,7,7,2,6,7.23,2,3,0,No
S01791,1,0,0,1,0,0,0,1,0,0,3,8,9,7,8.96,5,0,5,Yes
S01792,0,1,0,1,0,0,1,0,0,0,1,5,4,8,7.83,8,2,6,Yes
S01793,1,1,0,0,0,0,0,0,0,0,4,2,2,10,7.08,7,1,8,No
S01794,0,0,1,0,0,1,1,0,1,0,5,1,3,4,6.66,5,3,1,No
S01795,1,0,1,1,0,1,0,0,0,0,2,10,2,5,7.65,7,0,7,No
S01796,1,1,1,1,1,1,0,0,0,1,8,5,2,4,6.5,5,1,7,Yes
S01797,0,1,1,1,1,0,1,0,0,0,2,10,9,5,8.9,1,3,6,Yes
S01798,1,0,1,0,1,1,1,0,1,0,10,3,5,7,7.78,2,0,0,Yes
S01799,1,0,0,1,1,1,1,0,0,0,5,5,4,3,6.38,8,3,8,Yes
S01800,1,1,0,0,1,1,1,0,0,0,4,5,4,9,6.89,3,1,6,No
S01801,0,1,0,0,1,1,1,0,0,0,4,1,9,8,8.11,2,3,0,Yes
S01802,0,1,1,0,0,0,1,0,0,0,10,1,10,8,7.72,5,3,2,Yes
S01803,1,1,0,0,0,1,1,0,1,0,4,5,6,7,5.13,7,3,7,Yes
S01804,1,0,0,1,1,0,0,0,0,0,10,3,9,1,5.04,1,3,7,No
S01805,1,1,0,1,0,0,1,1,0,0,4,8,6,7,5.24,2,3,8,No
S01806,0,1,1,1,0,1,0,1,0,0,2,4,8,8,7.25,6,0,3,Yes
S01807,0,1,1,1,0,1,0,0,1,0,4,10,5,1,6.25,5,3,8,Yes
S01808,1,1,0,1,0,1,1,0,0,1,7,9,8,5,9.39,7,1,3,Yes
S01809,1,1,1,0,0,0,0,1,0,0,2,10,3,2,7.06,1,3,6,No
S01810,1,1,0,1,1,0,1,1,1,0,2,6,6,9,5.31,4,2,2,Yes
S01811,0,1,1,0,1,1,0,0,0,0,4,1,9,5,5.14,5,2,5,No
S01812,0,1,0,1,0,0,1,0,0,0,5,8,7,7,8.33,6,0,2,No
S01813,1,1,0,0,0,1,1,0,1,0,6,8,6,5,8.33,0,3,7,Yes
S01814,1,1,0,1,0,1,1,1,0,0,10,7,5,6,5.84,4,2,2,Yes
S01815,1,1,0,0,0,0,1,1,1,0,2,1,7,5,6.63,8,2,1,No
S01816,0,1,1,0,0,0,1,0,0,0,2,10,8,2,7.2,2,0,8,No
S01817,1,1,1,1,1,1,0,0,0,0,8,9,6,8,6.36,2,3,0,Yes
S01818,0,1,0,1,1,0,0,0,0,0,10,4,6,6,6.54,7,1,0,Yes
S01819,0,0,0,1,0,0,1,0,0,1,8,6,6,9,6.13,8,0,0,No
S01820,1,0,1,0,1,0,0,1,1,0,8,6,9,8,8.84,3,3,4,Yes
S01821,1,1,0,1,1,1,1,1,0,1,1,5,4,2,8.93,8,1,1,No
S01822,1,0,0,0,1,0,1,1,1,0,3,5,8,7,9.59,8,3,5,Yes
S01823,0,1,0,0,1,0,1,0,1,0,3,5,7,9,9.9,6,1,3,Yes
S01824,0,1,1,0,1,0,0,0,0,1,1,10,2,4,9.18,4,3,6,Yes
S01825,0,1,1,0,1,1,1,1,0,0,1,5,1,5,7.13,4,0,8,No
S01826,1,1,1,0,0,1,1,0,1,1,2,2,4,5,5.78,2,3,0,No
S01827,1,1,0,0,1,0,1,1,0,0,10,5,1,1,5.17,1,0,1,No
S01828,0,0,1,1,1,1,1,0,0,0,2,6,9,1,6.43,7,2,2,Yes
S01829,0,0,1,1,1,1,1,0,1,1,5,7,7,4,5.38,8,1,2,Yes
S01830,1,1,0,1,1,1,1,0,1,1,7,8,10,4,5.51,7,0,1,Yes
S01831,0,1,1,0,0,0,1,0,0,0,1,2,6,10,6.49,0,3,3,No
S01832,0,1,1,0,1,1,1,1,0,0,3,8,10,5,6.79,2,1,5,Yes
S01833,0,1,1,1,1,0,0,1,0,0,2,4,6,3,6.05,4,0,6,No
S01834,0,0,1,1,0,1,1,0,0,0,4,3,8,10,7.69,7,3,8,Yes
S01835,0,0,1,1,0,0,1,0,1,0,4,8,2,2,5.31,3,3,2,No
S01836,0,0,1,1,0,1,1,0,1,1,1,3,10,7,5.32,4,1,1,No
S01837,1,0,1,1,0,0,0,0,1,0,6,3,6,9,8.89,7,3,3,Yes
S01838,1,1,0,1,0,0,1,0,1,1,5,3,10,8,6.52,7,0,0,Yes
S01839,0,1,0,1,1,1,0,0,0,0,9,9,10,7,9.54,4,0,5,Yes
S01840,1,1,1,0,1,1,0,0,0,0,7,10,10,4,9.5,4,3,5,Yes
S01841,1,1,1,0,1,1,1,0,0,0,3,5,7,9,7.1,2,2,2,Yes
S01842,1,0,0,0,1,1,0,1,1,0,10,7,9,9,7.09,3,0,7,Yes
S01843,1,1,1,1,1,1,1,0,0,0,2,8,2,4,7.96,3,0,6,No
S01844,0,1,0,1,0,1,1,0,0,0,6,7,10,3,6.3,1,2,0,No
S01845,0,0,1,1,0,0,1,1,0,0,8,1,6,2,5.04,0,2,0,No
S01846,1,0,1,1,0,0,1,1,0,0,3,1,9,1,5.44,6,3,1,No
S01847,1,1,1,1,0,1,0,0,0,1,6,7,4,7,6.9,2,0,2,No
S01848,1,0,1,1,1,1,1,1,0,0,4,7,10,2,7.54,2,0,7,Yes
S01849,0,1,1,1,1,1,0,1,0,0,7,4,1,8,9.81,3,3,0,Yes
S01850,0,1,1,1,0,1,0,0,1,0,3,1,4,9,8.82,0,1,2,No
S01851,1,1,1,1,1,1,1,0,0,1,1,2,6,3,5.77,7,1,7,No
S01852,0,1,0,1,0,1,1,1,1,0,8,9,2,1,8.97,8,0,5,Yes
S01853,0,1,0,0,0,1,1,1,0,0,10,3,9,8,7.33,2,3,8,Yes
S01854,0,1,1,1,0,0,0,0,0,1,5,8,1,10,7.93,7,0,5,Yes
S01855,0,0,1,1,1,0,1,0,0,0,10,8,4,2,7.58,6,3,7,Yes
S01856,1,0,0,1,0,1,1,0,1,0,10,9,3,5,8.53,4,3,6,Yes
S01857,0,1,0,1,1,1,1,0,0,1,2,7,10,2,7.3,7,1,3,Yes
S01858,1,0,0,1,1,1,1,1,1,0,8,4,4,3,5.94,1,1,6,No
S01859,0,1,0,1,1,0,1,0,0,0,2,4,6,2,8.05,1,3,0,No
S01860,0,1,1,1,1,0,1,0,0,0,5,5,3,5,6.76,7,0,6,No
S01861,0,0,0,0,0,1,1,1,0,1,9,7,7,6,7.56,3,0,6,No
S01862,0,1,0,1,1,1,1,0,0,1,10,6,7,5,7.63,7,0,5,Yes
S01863,1,1,1,1,0,1,1,0,1,0,9,9,3,3,8.27,6,2,3,Yes
S01864,1,0,0,1,1,1,0,0,0,0,10,6,6,8,7.08,6,1,8,Yes
S01865,0,1,1,0,1,0,1,1,0,0,10,8,9,10,8.04,2,1,4,Yes
S01866,0,0,0,1,1,1,0,0,0,0,1,4,9,2,6.35,1,0,6,No
S01867,1,1,1,1,1,0,0,0,0,0,4,3,2,10,6.61,3,3,6,Yes
S01868,1,1,0,1,0,1,1,1,0,1,4,10,5,1,6.5,4,3,1,Yes
S01869,1,1,0,1,1,0,1,1,1,0,2,10,2,3,6.61,7,0,5,No
S01870,0,1,0,0,0,1,1,1,0,0,10,4,4,3,6.21,1,1,6,No
S01871,0,1,1,0,1,0,1,1,0,1,6,6,7,10,8.14,1,1,7,Yes
S01872,1,0,1,0,1,0,1,0,0,0,4,5,7,8,9.4,5,3,8,Yes
S01873,1,1,0,1,0,1,0,1,0,0,1,8,4,6,9.93,5,0,8,Yes
S01874,0,1,1,0,0,0,1,0,0,0,10,10,7,3,8.33,3,2,8,Yes
S01875,0,1,0,0,1,1,1,0,0,1,5,5,10,10,7.19,6,2,4,Yes
S01876,1,1,1,1,0,1,1,0,1,0,4,3,8,4,9.19,3,0,4,Yes
S01877,0,0,0,1,0,1,0,0,1,1,8,7,4,6,6.96,5,0,3,Yes
S01878,1,0,0,0,1,1,0,0,0,0,7,1,4,10,5.59,2,2,0,No
S01879,1,0,0,0,1,1,1,0,1,1,4,4,8,1,7.87,2,1,3,No
S01880,0,1,1,1,1,0,1,0,0,0,10,1,4,1,6.59,2,0,8,No
S01881,0,1,0,0,1,1,1,0,0,0,7,5,10,3,6.03,5,1,0,Yes
S01882,0,1,0,1,1,0,1,0,0,0,7,10,5,5,8.26,2,3,2,Yes
S01883,0,0,0,1,1,1,1,0,1,0,1,4,9,6,7.34,5,0,0,No
S01884,0,1,1,1,0,0,0,0,0,1,5,7,1,7,7.71,7,3,5,Yes
S01885,1,1,1,1,1,0,1,0,1,0,9,5,5,5,9.37,2,0,2,Yes
S01886,1,1,1,1,0,1,1,0,0,0,9,9,4,2,7.26,8,0,2,Yes
S01887,1,0,1,1,1,1,1,0,0,0,7,2,5,4,5.54,7,1,6,No
S01888,1,0,1,1,1,1,0,0,0,0,3,3,3,6,9.63,6,0,0,No
S01889,0,0,0,1,1,0,1,0,0,0,7,4,4,1,7.56,5,0,0,No
S01890,0,1,1,0,0,1,0,1,0,0,2,1,7,5,9.07,4,0,7,No
S01891,1,0,0,1,1,0,1,0,1,0,9,3,6,1,6.32,3,3,7,Yes
S01892,1,1,1,1,0,0,1,0,0,0,3,10,6,3,7.68,5,3,1,Yes
S01893,0,0,1,1,0,0,0,1,0,0,7,8,3,2,8.9,3,0,2,No
S01894,1,0,1,1,1,0,0,0,0,0,1,6,9,7,5.67,0,3,0,No
S01895,0,0,1,0,1,1,0,0,0,1,7,6,3,2,8.3,0,0,8,No
S01896,0,0,0,0,0,0,0,1,0,0,4,7,1,9,8.15,5,0,5,No
S01897,0,1,1,0,0,0,1,0,0,0,3,8,2,10,7.86,2,0,8,Yes
S01898,1,1,1,1,0,1,0,1,1,0,7,8,2,8,5.0,2,3,7,Yes
S01899,1,1,0,0,1,0,1,0,0,1,3,6,5,6,9.1,1,0,2,No
S01900,0,1,0,1,0,1,1,1,0,1,9,9,7,10,9.24,1,1,6,Yes
S01901,0,1,1,0,1,1,0,0,0,0,10,3,10,9,7.5,1,1,2,No
S01902,1,1,0,1,0,1,1,1,1,0,1,2,3,3,8.67,2,3,8,No
S01903,0,0,0,1,0,0,0,0,0,0,3,9,1,2,7.71,6,3,2,No
S01904,1,1,0,1,1,0,1,0,0,0,7,4,7,6,6.11,1,2,1,No
S01905,0,0,1,0,1,1,1,0,0,0,9,4,1,9,5.67,0,2,1,No
S01906,1,0,1,0,1,1,1,0,1,0,10,10,9,6,6.86,6,3,0,Yes
S01907,0,1,0,1,1,1,1,0,0,0,3,8,4,7,7.95,0,0,1,No
S01908,1,1,0,1,0,0,0,1,0,1,3,2,3,9,8.21,7,2,2,Yes
S01909,1,1,0,0,0,0,1,1,1,1,6,6,2,10,7.44,3,1,1,No
S01910,1,0,0,1,1,0,1,0,0,0,10,1,2,6,8.18,5,1,7,Yes
S01911,1,1,1,1,0,0,1,1,0,0,7,8,6,2,5.33,7,1,8,No
S01912,0,1,0,1,0,0,0,1,1,1,3,1,5,4,6.81,5,2,3,No
S01913,0,0,0,1,1,0,0,0,0,1,4,8,7,7,5.65,5,2,7,Yes
S01914,1,1,1,1,0,1,0,1,1,0,6,9,6,4,8.85,4,2,1,Yes
S01915,1,0,0,0,1,1,1,1,1,0,10,1,10,7,7.21,2,0,5,Yes
S01916,0,1,1,0,0,1,1,0,0,0,8,9,9,2,8.75,5,2,3,Yes
S01917,0,0,1,1,0,0,1,0,1,0,7,8,5,2,6.82,2,1,2,No
S01918,0,0,0,0,1,0,0,0,0,1,2,8,10,9,7.04,4,1,1,No
S01919,1,0,0,0,0,0,0,0,1,0,6,8,3,5,5.56,1,2,3,No
S01920,1,1,0,0,1,1,1,0,0,1,9,7,1,10,5.11,3,1,8,Yes
S01921,0,1,0,1,1,0,1,1,0,1,9,1,6,8,7.43,7,0,8,Yes
S01922,1,0,0,1,1,1,0,1,0,0,9,4,8,3,5.11,2,2,0,No
S01923,0,1,1,1,1,0,0,0,1,1,1,1,6,4,6.58,2,3,1,No
S01924,1,1,1,0,1,0,0,0,0,0,7,6,5,8,8.4,5,0,2,Yes
S01925,0,0,0,0,1,0,1,1,0,0,5,10,4,10,7.94,2,3,0,Yes
S01926,1,1,1,1,0,1,0,0,0,0,3,8,6,9,7.06,5,1,1,Yes
S01927,0,1,0,0,1,1,1,1,0,0,4,1,5,6,6.4,3,0,0,No
S01928,1,0,1,1,1,1,1,1,0,1,1,6,3,5,9.44,0,2,0,No
S01929,0,1,0,1,1,0,1,0,0,1,1,1,7,7,5.78,2,2,6,No
S01930,1,1,0,0,0,0,0,1,0,0,3,2,4,2,5.95,0,0,0,No
S01931,0,0,1,1,0,1,0,1,0,1,1,4,1,5,9.31,4,3,4,No
S01932,0,0,0,1,1,1,0,1,0,0,6,8,8,9,5.29,5,2,0,Yes
S01933,0,1,1,0,0,1,1,0,0,1,3,8,5,9,5.49,5,3,5,Yes
S01934,0,0,0,1,0,0,0,0,0,0,9,7,2,7,7.0,3,2,8,No
S01935,0,0,0,1,0,1,1,1,0,0,8,5,7,4,6.55,8,2,6,Yes
S01936,0,1,1,0,0,1,0,0,0,1,6,5,3,8,6.95,3,1,6,No
S01937,1,1,1,1,1,1,0,0,0,0,1,9,1,7,6.37,7,1,5,No
S01938,0,1,0,1,1,1,1,0,0,0,6,8,2,4,5.08,5,1,0,No
S01939,1,0,0,0,0,1,0,0,1,0,3,7,10,2,6.5,1,1,6,No
S01940,1,0,1,1,0,0,1,1,1,0,2,8,10,2,7.2,1,0,7,Yes
S01941,1,1,1,1,0,1,0,0,0,0,1,3,9,3,7.73,6,2,2,No
S01942,1,0,1,1,1,0,0,0,0,0,4,9,9,1,8.41,4,3,0,Yes
S01943,0,0,1,0,1,0,1,0,0,1,10,6,7,7,8.65,2,2,4,Yes
S01944,0,1,1,0,0,0,1,0,1,1,10,3,7,5,9.82,7,2,6,Yes
S01945,0,0,0,1,0,1,1,1,1,0,10,3,8,8,7.27,3,1,2,No
S01946,1,1,1,0,0,0,1,0,0,0,4,6,5,10,6.05,7,2,2,Yes
S01947,1,0,1,0,1,0,0,1,0,0,4,8,10,1,8.39,8,0,1,Yes
S01948,1,1,1,0,0,0,1,1,0,1,4,9,10,10,5.43,6,3,6,Yes
S01949,1,1,0,1,1,1,0,0,0,0,5,5,8,3,7.22,0,0,0,No
S01950,1,0,1,1,0,1,1,0,0,0,1,2,10,2,9.66,2,0,3,No
S01951,1,1,1,1,0,1,1,0,0,0,7,10,2,3,9.63,0,1,8,Yes
S01952,1,0,1,0,1,1,0,1,1,0,4,5,7,6,5.71,4,3,8,Yes
S01953,0,1,0,0,1,0,1,0,1,0,9,8,3,4,8.39,6,3,0,Yes
S01954,0,0,0,1,1,1,0,1,1,1,1,9,2,8,9.0,7,3,7,Yes
S01955,0,1,1,1,0,0,1,1,1,0,5,3,6,5,9.61,6,2,7,Yes
S01956,0,1,1,1,1,1,1,1,0,1,5,1,1,4,7.98,5,1,4,No
S01957,0,0,1,0,1,1,1,0,0,0,8,6,9,8,8.19,0,1,7,Yes
S01958,1,0,1,1,0,0,1,0,0,0,7,2,7,1,5.08,3,1,6,No
S01959,0,0,0,0,1,1,1,0,0,1,2,8,3,8,5.64,4,1,7,No
S01960,0,0,0,0,0,1,0,0,0,1,3,9,6,4,5.66,1,0,2,No
S01961,1,1,0,0,0,0,1,0,0,0,1,4,8,9,7.42,1,1,4,No
S01962,1,1,1,1,0,1,1,0,1,1,3,3,2,5,9.41,5,2,8,Yes
S01963,0,1,0,1,1,0,1,0,0,0,7,4,10,10,6.28,3,2,3,Yes
S01964,1,1,1,0,0,0,0,0,0,1,1,5,7,5,7.32,8,3,0,Yes
S01965,0,0,1,1,1,1,1,1,1,1,1,1,4,3,8.32,3,2,5,Yes
S01966,0,0,1,1,0,1,1,0,0,0,10,4,3,2,8.97,1,1,5,No
S01967,1,1,1,1,0,1,0,0,1,1,8,3,8,2,8.95,5,3,8,Yes
S01968,1,0,1,1,1,1,0,1,0,0,4,9,5,1,5.58,0,1,5,No
S01969,1,0,1,0,0,1,0,1,0,0,7,7,6,1,9.77,4,2,8,Yes
S01970,1,0,0,1,0,1,0,0,0,0,9,3,8,8,8.75,6,0,6,Yes
S01971,1,1,0,0,0,1,1,0,1,0,9,2,8,5,9.69,8,0,7,Yes
S01972,0,1,0,1,0,1,1,0,1,1,1,9,6,1,5.37,4,2,2,No
S01973,1,0,0,1,1,1,0,0,1,1,7,4,7,5,5.63,2,3,1,Yes
S01974,1,0,1,0,1,0,0,0,0,0,5,5,9,3,9.58,5,2,1,Yes
S01975,1,1,0,0,0,0,0,0,0,0,4,8,1,4,7.08,0,2,6,No
S01976,0,0,1,1,0,1,1,0,0,0,1,3,3,2,8.23,2,2,7,No
S01977,1,1,0,1,0,1,1,0,0,0,1,9,6,2,8.73,6,1,6,Yes
S01978,1,1,1,1,1,0,1,1,0,0,7,3,8,9,6.45,5,2,5,Yes
S01979,0,0,0,1,1,1,0,0,1,0,2,8,1,6,5.0,7,0,8,No
S01980,0,1,0,0,1,1,0,0,1,1,9,5,5,3,9.88,8,2,7,Yes
S01981,1,1,0,1,0,1,0,0,0,0,9,5,5,1,9.76,3,3,0,Yes
S01982,0,1,1,1,1,0,0,1,1,0,9,10,7,1,9.26,8,2,7,Yes
S01983,1,1,0,1,1,0,1,0,0,1,9,1,2,1,6.47,3,3,0,No
S01984,1,1,1,1,1,1,0,0,0,0,4,2,7,7,5.54,8,1,2,Yes
S01985,1,1,1,1,1,1,0,0,0,1,2,8,10,5,7.86,0,2,7,Yes
S01986,1,0,0,1,1,1,1,0,1,1,4,7,6,8,5.87,1,1,2,No
S01987,0,0,0,0,1,0,1,0,0,0,8,7,2,1,7.14,3,3,5,No
S01988,1,1,1,0,0,1,1,0,0,0,6,10,2,3,7.18,2,3,7,Yes
S01989,1,1,0,1,0,1,0,0,0,0,8,9,1,6,6.52,0,1,5,No
S01990,0,0,1,0,1,0,0,0,0,0,8,10,9,1,9.02,4,3,8,Yes
S01991,0,0,0,0,0,1,0,1,0,0,6,1,8,3,8.35,0,3,3,No
S01992,1,1,1,1,0,1,1,0,0,0,5,3,3,1,5.92,7,1,2,No
S01993,0,1,1,0,0,0,1,1,0,1,10,4,6,5,5.15,8,0,0,No
S01994,1,1,1,1,0,0,1,0,0,0,3,8,6,2,5.56,3,0,3,No
S01995,0,1,0,1,1,0,1,0,1,0,7,7,5,7,5.8,7,1,1,Yes
S01996,0,1,1,1,1,0,1,0,1,1,2,1,5,2,6.19,0,1,1,No
S01997,0,0,1,0,1,1,1,1,1,0,8,2,10,10,9.2,4,1,2,Yes
S01998,1,0,0,1,0,1,0,0,0,0,8,2,3,9,9.52,3,0,6,No
S01999,1,0,1,1,0,1,0,1,0,1,3,7,8,6,5.15,4,2,0,Yes
S02000,1,1,1,0,1,0,1,0,1,0,1,9,6,5,8.12,3,2,8,Yes
S02001,1,0,1,0,0,0,0,0,1,0,10,4,7,8,7.57,2,0,1,No
S02002,1,1,1,0,1,1,1,0,0,1,5,9,10,1,5.05,5,3,3,Yes
S02003,0,1,0,1,1,0,0,0,0,0,3,7,8,8,9.46,8,3,2,Yes
S02004,1,0,0,0,0,0,1,0,1,1,4,8,6,4,7.55,8,3,5,Yes
S02005,1,1,1,1,0,0,1,0,0,0,6,10,5,8,8.91,0,2,0,No
S02006,0,1,0,0,1,1,1,0,0,1,10,1,10,3,5.45,1,2,5,No
S02007,1,1,1,1,0,0,1,1,0,0,8,6,3,1,7.72,4,2,8,Yes
S02008,0,0,1,0,1,0,1,0,0,1,2,4,3,1,8.39,0,1,4,No
S02009,1,1,0,1,1,1,0,0,0,1,9,10,1,10,9.96,2,3,7,Yes
S02010,1,0,0,0,1,1,0,1,1,0,7,3,10,7,7.24,3,1,6,Yes
S02011,1,0,0,1,0,1,1,0,1,0,6,5,9,1,5.55,2,2,0,No
S02012,1,0,1,1,0,1,1,1,1,0,4,3,8,10,9.49,4,0,3,Yes
S02013,0,1,0,1,0,1,1,0,0,0,4,3,5,2,7.7,8,0,2,No
S02014,1,1,0,1,1,1,1,1,1,1,2,5,7,5,9.54,6,3,1,Yes
S02015,1,1,1,1,0,1,1,1,1,0,4,10,3,5,8.66,3,2,4,Yes
S02016,1,1,0,1,1,1,0,0,0,0,4,4,5,1,8.32,7,0,2,No
S02017,1,0,1,0,1,1,0,0,0,0,6,6,6,6,9.34,6,0,1,Yes
S02018,0,1,0,0,1,1,0,0,0,0,9,7,8,8,9.16,5,2,2,Yes
S02019,1,0,0,1,0,1,1,1,0,0,3,2,5,4,6.29,6,0,0,No
S02020,0,1,0,1,1,0,0,0,0,1,8,7,4,4,5.98,8,1,4,No
S02021,0,0,0,1,1,1,0,0,1,0,5,6,8,2,9.58,3,3,5,Yes
S02022,0,1,0,1,0,0,1,0,1,0,6,3,9,3,9.11,7,1,1,Yes
S02023,0,1,0,1,1,1,1,1,0,1,1,7,8,5,8.06,8,0,2,Yes
S02024,1,0,1,0,1,1,0,0,1,0,2,3,6,6,8.46,2,1,7,No
S02025,1,1,1,0,0,1,0,0,1,0,6,9,10,5,7.02,8,2,1,Yes
S02026,1,1,0,1,0,1,0,1,0,1,2,4,8,2,5.62,7,3,1,No
S02027,0,1,0,0,1,0,0,0,1,0,5,9,9,4,6.56,0,1,7,No
S02028,0,1,0,1,1,1,0,1,0,0,8,4,8,8,5.93,7,0,7,Yes
S02029,1,0,0,1,0,0,1,0,0,0,7,10,4,1,5.03,7,3,5,No
S02030,0,0,0,0,1,0,0,0,0,0,9,6,6,4,9.03,5,0,7,No
S02031,1,1,1,0,1,0,1,0,0,0,8,7,9,8,8.14,0,1,6,Yes
S02032,0,1,0,1,0,0,0,0,0,0,2,7,5,9,8.56,0,0,1,No
S02033,1,0,0,0,1,0,0,0,0,1,10,9,8,10,5.84,8,2,2,Yes
S02034,0,0,1,0,0,1,0,0,0,1,4,7,9,8,8.27,8,2,5,Yes
S02035,0,0,1,1,0,1,1,0,0,0,4,1,5,10,5.35,4,0,3,No
S02036,1,0,1,1,0,1,1,1,0,1,9,8,8,2,6.93,5,0,5,Yes
S02037,1,1,0,0,0,0,1,1,0,0,7,10,9,10,8.37,5,1,6,Yes
S02038,1,1,0,1,1,0,1,0,0,0,10,4,9,2,8.78,8,2,6,Yes
S02039,1,1,0,1,0,0,0,1,0,0,6,3,2,2,5.73,0,3,8,No
S02040,1,1,0,0,0,0,1,0,0,0,1,1,4,4,6.69,4,2,6,No
S02041,0,0,0,1,1,1,1,0,0,1,4,2,1,3,9.99,2,0,8,No
S02042,0,1,1,0,1,1,0,0,0,1,9,5,5,5,8.32,1,0,8,Yes
S02043,1,0,1,1,0,1,0,0,0,1,3,2,10,3,7.65,4,0,0,No
S02044,1,1,0,0,1,1,0,0,0,0,8,4,9,4,9.06,8,0,2,Yes
S02045,0,0,0,0,0,0,1,1,1,0,10,8,8,2,6.51,4,2,7,Yes
S02046,0,1,1,0,0,1,0,1,0,0,8,1,3,2,7.58,0,2,2,No
S02047,1,1,0,1,0,1,1,0,0,0,3,5,5,9,8.42,5,3,7,Yes
S02048,0,1,1,1,0,1,1,1,1,0,9,9,7,10,5.25,2,1,8,Yes
S02049,1,0,1,1,1,0,0,0,0,0,3,7,4,2,6.68,7,2,8,No
S02050,1,1,1,0,1,0,1,0,1,0,3,6,8,10,6.1,1,0,4,Yes
S02051,1,0,1,1,1,0,0,1,1,0,5,10,3,6,5.84,6,2,4,Yes
S02052,1,1,0,1,0,0,1,1,0,0,2,1,6,3,7.72,3,2,2,No
S02053,1,1,1,1,0,0,1,0,0,0,7,6,6,9,7.98,0,1,0,No
S02054,0,0,0,1,1,1,1,1,0,1,2,2,5,3,9.51,0,3,7,Yes
S02055,0,1,0,0,0,0,1,0,0,1,8,6,9,6,9.54,3,0,1,Yes
S02056,0,1,0,0,0,1,0,0,1,0,3,8,7,6,8.21,3,2,2,No
S02057,1,1,0,1,0,1,1,0,0,1,7,1,1,1,5.34,2,2,3,No
S02058,1,0,0,0,0,1,0,1,0,0,1,3,5,4,5.01,0,2,6,No
S02059,0,1,0,0,0,1,1,1,1,0,2,9,1,5,7.5,6,3,1,Yes
S02060,1,1,0,1,0,1,0,1,1,0,3,5,5,10,7.5,6,1,6,Yes
S02061,1,1,1,1,0,1,1,0,0,0,1,3,4,10,9.43,5,1,6,Yes
S02062,1,1,1,0,1,1,1,0,0,0,4,1,8,8,8.58,7,2,3,Yes
S02063,0,1,0,1,0,1,0,0,1,1,5,1,3,8,7.06,4,0,4,No
S02064,1,0,0,0,0,0,1,1,1,0,5,3,1,1,6.65,3,3,1,No
S02065,1,0,0,1,0,1,0,1,1,0,4,8,9,7,5.23,5,0,6,No
S02066,0,1,1,0,0,1,0,0,0,0,8,6,6,3,9.62,1,3,5,Yes
S02067,1,0,1,0,1,1,0,0,0,0,10,10,8,5,8.75,1,1,4,Yes
S02068,1,0,0,0,0,0,0,1,1,0,7,6,7,6,6.96,1,0,6,No
S02069,1,0,1,1,1,0,1,1,0,0,5,10,3,3,5.34,7,1,2,No
S02070,1,1,1,0,1,0,0,0,0,0,1,9,8,1,9.73,6,0,1,Yes
S02071,0,1,0,1,1,1,1,0,0,1,3,1,5,4,9.77,3,3,2,Yes
S02072,1,0,0,0,1,0,1,0,1,0,5,3,2,10,5.57,4,0,0,No
S02073,1,1,1,0,1,1,1,0,1,0,10,3,1,10,9.54,8,3,3,Yes
S02074,0,1,1,1,1,1,0,0,0,0,3,7,3,4,8.43,6,0,1,No
S02075,0,0,0,0,1,1,1,1,1,0,9,4,9,6,8.7,3,3,2,Yes
S02076,0,1,0,0,0,1,1,1,0,0,2,3,10,7,7.17,4,2,8,Yes
S02077,1,1,1,0,1,1,0,1,1,0,10,4,9,1,7.1,3,1,8,Yes
S02078,1,1,0,0,1,0,1,1,0,1,3,2,7,1,6.74,7,2,3,No
S02079,0,0,1,1,0,1,1,0,0,0,8,3,3,8,7.11,6,0,3,No
S02080,0,1,0,1,1,1,0,0,0,1,5,6,1,6,7.89,2,0,1,No
S02081,1,0,0,0,1,0,1,1,1,0,1,6,8,1,5.95,1,0,2,No
S02082,1,1,0,1,1,0,1,0,1,0,9,3,8,1,8.07,8,3,6,Yes
S02083,1,1,1,1,0,0,0,1,1,1,10,8,5,9,5.88,8,3,1,Yes
S02084,0,1,1,1,0,1,1,0,1,0,10,9,2,2,5.95,0,0,1,No
S02085,1,1,1,1,1,1,0,0,0,1,3,5,4,8,7.76,0,0,4,No
S02086,1,1,0,1,0,0,0,0,0,0,2,3,6,7,6.01,7,2,8,Yes
S02087,1,1,1,0,1,1,0,0,0,0,5,10,8,1,8.35,6,1,0,Yes
S02088,0,0,1,1,0,1,1,0,0,0,8,1,2,1,7.97,1,1,4,No
S02089,0,1,0,1,0,0,0,1,0,1,7,1,5,7,9.48,7,3,7,Yes
S02090,1,1,1,1,1,1,1,0,0,0,7,6,10,10,9.73,1,2,6,Yes
S02091,0,1,1,0,0,1,1,0,0,1,10,4,9,4,5.06,0,2,8,No
S02092,0,0,1,1,1,1,1,0,0,0,6,10,9,10,6.95,1,0,3,No
S02093,1,1,1,0,1,1,0,0,1,1,3,5,9,4,9.8,0,1,4,Yes
S02094,1,1,1,1,0,1,1,1,1,0,10,1,3,3,5.86,3,1,0,No
S02095,1,0,1,1,1,0,1,0,0,0,6,3,3,5,8.7,6,1,2,No
S02096,0,1,0,1,1,1,1,0,1,0,1,9,2,7,8.9,0,1,7,Yes
S02097,0,1,1,1,0,1,1,0,1,0,5,9,1,10,7.91,2,2,1,Yes
S02098,0,1,0,1,0,1,1,0,0,0,10,5,10,2,7.55,5,0,8,Yes
S02099,0,0,1,1,1,1,0,0,0,1,2,5,8,7,5.02,5,3,5,Yes
S02100,1,1,1,1,1,1,1,0,1,0,5,10,8,2,8.92,2,1,6,Yes
S02101,0,1,1,0,0,1,1,0,0,0,6,10,9,9,9.83,7,2,8,Yes
S02102,1,0,1,1,0,1,1,0,0,0,6,3,10,8,8.78,8,3,1,Yes
S02103,1,1,0,1,1,0,1,0,0,0,5,9,5,7,6.97,4,3,6,Yes
S02104,0,0,0,1,0,0,1,0,0,0,5,8,10,8,7.11,1,3,5,No
S02105,0,1,0,0,0,1,0,0,0,0,8,4,10,5,6.35,0,0,7,No
S02106,1,1,0,1,1,1,1,0,0,0,7,2,3,10,7.99,6,1,1,No
S02107,0,1,1,0,1,1,0,1,0,0,5,8,9,5,8.2,4,1,0,Yes
S02108,0,1,1,0,0,0,1,0,0,1,9,8,7,8,5.8,4,0,5,No
S02109,1,0,0,1,1,1,0,0,1,1,8,2,4,3,7.54,6,2,0,No
S02110,0,1,0,1,0,1,1,0,1,0,2,5,3,9,7.23,5,3,4,Yes
S02111,1,1,0,0,1,1,1,1,0,1,5,1,9,3,9.27,1,0,1,No
S02112,1,0,1,1,0,1,1,1,1,0,7,7,6,9,8.73,4,3,7,Yes
S02113,1,1,1,0,1,0,1,1,0,0,1,10,1,5,7.98,7,0,0,No
S02114,0,0,0,1,1,1,1,1,1,0,1,6,8,9,7.82,7,2,1,Yes
S02115,0,0,1,1,0,1,1,1,0,0,6,6,1,9,8.81,2,0,1,No
S02116,1,0,0,0,1,0,0,0,0,1,1,4,5,9,9.46,6,2,6,Yes
S02117,1,0,1,1,1,0,0,1,0,0,6,5,6,7,7.07,4,3,4,Yes
S02118,0,1,0,0,1,0,1,0,0,1,6,8,8,7,6.56,0,0,4,No
S02119,1,0,1,1,1,0,0,1,0,0,3,9,9,5,6.96,2,1,7,Yes
S02120,0,0,0,1,1,1,0,1,0,1,9,10,8,5,8.09,7,0,8,Yes
S02121,0,0,1,1,1,1,1,0,1,0,10,10,1,8,9.03,3,0,5,Yes
S02122,1,1,0,0,0,0,0,0,1,0,2,1,2,3,6.81,8,0,8,No
S02123,0,0,0,0,1,1,1,0,0,0,7,1,8,6,6.22,6,0,4,No
S02124,1,0,0,1,1,1,0,1,0,0,1,2,9,6,8.67,3,1,2,No
S02125,0,0,0,1,0,0,0,0,0,0,8,3,3,9,6.4,1,1,7,No
S02126,0,1,1,1,0,1,1,0,0,0,8,3,3,7,8.58,7,2,7,Yes
S02127,0,1,0,0,1,1,1,1,0,0,6,3,5,7,7.68,6,1,6,Yes
S02128,1,0,1,1,1,1,0,0,0,0,10,2,6,2,7.77,1,3,3,Yes
S02129,0,1,1,1,0,0,0,1,0,0,2,3,9,9,7.76,7,1,4,Yes
S02130,1,1,0,1,1,1,1,0,0,1,3,6,5,5,8.29,1,0,6,No
S02131,1,0,0,0,0,1,1,0,0,0,3,10,5,6,8.65,7,1,6,Yes
S02132,1,1,1,1,0,0,1,0,0,0,1,9,5,4,8.39,8,1,4,Yes
S02133,0,1,0,1,0,1,0,0,0,1,6,9,6,8,5.05,0,1,2,No
S02134,1,1,0,1,0,0,0,0,1,0,2,4,7,1,8.36,3,2,1,No
S02135,0,1,1,1,1,1,1,1,0,0,3,4,1,6,9.35,0,2,4,Yes
S02136,0,1,0,0,0,1,0,1,1,1,4,4,10,1,8.31,7,1,2,Yes
S02137,1,1,0,0,1,1,0,1,0,1,2,7,2,4,8.84,3,1,5,No
S02138,0,1,0,0,1,0,0,0,0,0,3,4,7,3,6.84,1,1,2,No
S02139,1,1,1,1,0,1,1,0,1,0,3,5,4,4,9.81,0,0,1,No
S02140,0,0,0,0,0,0,0,0,0,1,7,6,1,10,8.42,2,3,3,No
S02141,0,1,1,1,1,0,0,1,0,1,9,9,10,1,6.12,1,3,1,Yes
S02142,1,1,0,0,1,1,0,0,0,0,6,6,4,4,6.27,6,0,0,No
S02143,0,1,0,0,0,0,1,0,1,0,3,1,1,7,6.08,0,1,3,No
S02144,1,0,1,1,0,1,1,1,1,0,8,2,7,5,7.32,7,0,1,Yes
S02145,1,0,0,1,0,1,0,1,0,0,1,6,2,6,5.97,6,0,6,No
S02146,0,1,0,1,1,1,0,0,0,0,10,7,5,8,8.72,8,3,1,Yes
S02147,1,1,0,1,1,1,1,0,1,0,9,7,9,8,5.05,6,0,8,Yes
S02148,1,1,1,0,1,0,0,0,0,0,10,7,3,1,6.33,1,2,7,No
S02149,1,0,0,1,1,1,1,1,0,0,2,4,5,10,5.34,2,0,6,No
S02150,0,1,1,0,0,0,1,0,1,0,10,8,8,10,6.68,3,0,7,Yes
S02151,1,1,0,0,1,1,1,0,0,0,6,7,7,2,5.04,1,2,3,No
S02152,1,0,0,0,1,1,1,0,1,0,1,4,6,8,8.08,7,1,7,Yes
S02153,0,0,0,0,1,0,1,0,0,0,8,3,9,5,6.77,0,1,3,No
S02154,0,1,1,1,0,1,0,0,1,1,3,9,4,4,6.83,0,3,3,No
S02155,1,0,1,1,0,1,0,0,0,1,4,9,9,7,7.22,1,1,2,No
S02156,1,1,1,1,0,0,1,1,0,0,6,2,1,5,9.26,0,1,3,No
S02157,1,0,0,1,0,1,0,0,0,0,6,10,10,7,5.93,6,0,3,Yes
S02158,1,1,0,1,1,0,1,0,1,0,7,8,4,2,9.5,0,2,6,Yes
S02159,1,1,1,0,1,1,1,1,1,1,2,8,10,10,9.51,4,1,7,Yes
S02160,0,0,1,1,1,0,0,0,1,0,4,3,10,2,8.46,2,0,1,No
S02161,0,1,1,0,1,0,1,1,1,1,4,3,6,7,9.72,2,2,7,Yes
S02162,0,1,0,0,0,1,1,0,0,1,9,5,7,9,5.32,2,1,2,No
S02163,1,1,1,0,1,0,0,0,1,0,3,6,2,10,7.06,8,3,4,Yes
S02164,0,1,0,0,1,0,1,1,0,0,2,2,10,10,5.41,2,2,7,No
S02165,1,1,0,1,0,1,0,1,1,0,10,5,4,10,5.04,3,2,5,Yes
S02166,0,0,1,0,1,0,1,0,1,0,6,9,5,10,9.87,5,3,5,Yes
S02167,0,1,1,1,0,0,1,0,0,0,10,7,6,3,6.08,8,0,0,No
S02168,1,1,0,0,0,0,0,0,0,0,10,6,3,7,5.7,8,2,0,No
S02169,0,1,1,0,1,1,1,0,1,1,4,5,1,1,5.55,4,3,7,No
S02170,1,1,0,1,1,1,0,0,1,0,5,6,5,5,8.01,1,3,7,Yes
S02171,0,1,0,0,1,0,1,1,1,1,9,3,10,3,7.66,6,2,3,Yes
S02172,1,1,1,1,1,1,1,0,1,0,10,6,10,9,5.38,8,0,0,Yes
S02173,1,1,0,1,0,0,0,0,1,0,7,5,1,6,7.8,5,0,8,No
S02174,0,1,0,0,1,0,0,0,0,1,3,7,10,10,6.66,1,3,7,Yes
S02175,1,0,0,0,1,1,0,1,0,1,7,9,2,9,8.53,7,0,4,Yes
S02176,0,1,0,0,1,1,1,0,1,1,3,3,1,2,5.13,2,3,3,No
S02177,1,1,0,1,1,1,1,0,1,1,8,3,7,8,6.35,1,2,8,Yes
S02178,0,1,1,1,0,1,1,1,0,1,6,4,4,1,7.74,3,2,8,Yes
S02179,0,0,1,1,1,0,1,1,1,0,1,7,9,4,7.24,2,0,2,No
S02180,1,1,0,1,1,0,0,0,1,1,7,9,2,6,6.86,7,3,8,Yes
S02181,1,0,1,1,0,0,1,1,0,0,8,2,3,9,9.96,0,1,2,Yes
S02182,1,1,1,0,0,0,1,1,0,0,1,8,8,6,8.79,0,0,6,No
S02183,1,1,1,1,1,1,1,0,0,0,2,1,10,6,7.74,1,2,4,Yes
S02184,1,0,0,0,0,0,1,0,0,0,3,9,5,4,7.32,4,0,5,No
S02185,0,0,0,1,1,1,1,0,0,0,5,3,3,2,5.03,4,1,8,No
S02186,0,1,1,1,0,1,1,1,0,1,8,2,6,5,8.94,4,0,1,Yes
S02187,0,1,0,1,1,1,1,0,0,0,8,6,8,6,5.32,3,1,0,No
S02188,0,1,0,1,1,1,0,0,0,0,3,2,6,3,8.55,5,3,0,Yes
S02189,0,0,1,1,1,0,1,0,0,1,3,3,7,10,9.28,8,3,5,Yes
S02190,0,0,0,1,1,1,1,0,0,1,7,6,7,4,6.46,0,3,2,No
S02191,1,1,1,1,0,0,1,0,0,0,10,7,10,10,6.31,6,3,2,Yes
S02192,0,1,1,0,0,0,0,0,0,0,3,2,5,10,9.42,7,2,5,Yes
S02193,0,1,1,1,0,0,0,0,0,1,9,5,4,7,8.34,8,3,2,Yes
S02194,0,1,1,1,1,1,0,0,0,0,5,8,8,9,7.04,5,2,3,Yes
S02195,1,1,0,1,0,0,1,0,1,0,4,4,7,2,5.75,0,2,0,No
S02196,1,0,1,1,0,1,0,0,1,0,4,1,8,6,6.24,2,0,5,No
S02197,1,1,1,1,1,0,0,0,1,1,1,9,1,9,6.76,4,1,1,No
S02198,0,1,0,1,0,0,1,1,1,0,9,4,4,10,5.34,1,0,8,No
S02199,1,1,1,1,1,0,1,0,1,0,6,3,10,9,7.65,0,2,2,Yes
S02200,1,1,1,1,0,0,1,1,0,0,3,8,2,5,8.84,0,0,4,No
S02201,0,1,1,1,1,1,0,1,0,0,1,1,3,1,8.4,7,3,7,Yes
S02202,1,1,1,1,1,0,1,1,0,0,10,7,4,2,9.56,0,3,0,Yes
S02203,1,1,0,1,1,1,0,0,0,0,6,5,4,3,5.82,1,1,1,No
S02204,1,0,0,0,1,0,1,1,0,1,4,4,10,6,8.57,3,0,0,No
S02205,0,0,0,1,0,1,0,1,0,0,4,9,7,4,8.94,5,0,5,No
S02206,0,1,0,1,1,0,0,0,0,0,9,3,9,7,7.99,3,3,0,Yes
S02207,1,1,0,1,1,1,0,1,0,0,6,6,4,9,6.55,4,3,4,Yes
S02208,0,1,1,0,0,1,1,0,0,0,2,4,8,3,8.36,3,2,3,Yes
S02209,1,1,1,1,0,1,1,0,0,0,2,3,3,7,8.28,7,2,8,Yes
S02210,0,1,0,0,1,0,1,0,0,1,10,2,9,4,7.65,8,1,5,Yes
S02211,0,1,0,0,1,1,0,1,0,0,6,1,3,8,5.63,5,2,7,No
S02212,0,1,0,1,0,1,1,0,1,1,3,1,5,2,8.86,0,3,1,No
S02213,1,1,1,0,0,1,0,0,0,0,1,5,4,9,7.62,0,3,8,Yes
S02214,0,0,1,1,0,0,0,0,1,1,4,1,4,6,6.87,5,2,3,No
S02215,0,0,1,1,0,0,1,0,1,0,4,2,4,2,8.38,4,1,0,No
S02216,1,0,0,1,1,1,1,0,1,0,5,10,3,9,9.65,5,2,6,Yes
S02217,0,1,0,0,0,0,0,0,1,0,9,10,6,8,9.18,2,1,5,Yes
S02218,1,0,1,1,0,0,1,0,0,0,2,4,3,2,5.66,7,2,4,No
S02219,0,0,0,1,1,0,0,1,1,1,10,9,7,7,7.42,8,2,4,Yes
S02220,1,0,1,1,0,1,1,1,0,1,4,3,4,5,5.94,7,2,4,Yes
S02221,0,1,0,1,0,1,1,0,0,0,9,10,10,2,6.79,3,2,5,Yes
S02222,1,0,0,1,1,0,0,0,0,1,9,9,9,9,5.52,1,3,5,No
S02223,1,1,0,0,0,1,1,1,1,1,7,2,7,9,7.97,1,3,4,Yes
S02224,1,1,1,1,1,1,0,0,0,0,2,7,8,5,6.77,5,2,3,Yes
S02225,1,1,0,0,1,0,1,1,0,0,1,9,9,4,7.95,0,1,4,Yes
S02226,1,0,0,0,0,0,0,0,0,1,2,10,5,5,9.21,4,0,0,No
S02227,1,0,0,0,1,1,1,0,0,0,10,8,6,7,8.81,0,3,8,Yes
S02228,0,1,0,0,1,1,0,0,1,0,6,4,7,7,7.13,2,1,7,No
S02229,1,1,1,0,1,1,0,0,0,0,8,5,5,10,5.91,8,0,4,Yes
S02230,1,1,0,1,0,1,1,0,0,0,3,2,1,8,7.66,5,3,2,No
S02231,0,1,0,1,1,0,1,1,0,0,3,8,2,5,7.24,8,3,5,Yes
S02232,1,1,0,1,1,0,1,0,0,0,4,5,2,1,9.67,4,2,2,No
S02233,0,1,0,1,0,1,1,0,0,1,2,8,5,6,9.86,7,2,2,Yes
S02234,0,0,1,1,0,1,1,0,0,1,2,1,6,3,9.63,2,1,3,No
S02235,0,1,0,0,0,1,0,0,1,0,10,10,2,10,5.52,4,1,2,No
S02236,0,1,1,1,0,0,0,0,1,1,8,7,4,10,8.85,4,1,1,Yes
S02237,0,0,1,1,0,1,1,0,0,1,3,9,7,9,6.42,1,3,3,Yes
S02238,1,0,0,0,0,0,1,1,0,0,6,10,2,9,8.93,0,2,8,Yes
S02239,1,0,1,0,1,1,1,0,0,1,5,4,1,1,7.87,3,2,2,No
S02240,1,1,1,0,0,1,0,0,0,1,9,6,8,6,5.66,7,0,0,No
S02241,0,0,0,1,1,0,1,0,0,0,9,10,1,4,8.99,0,1,4,No
S02242,1,1,0,0,0,1,1,0,0,1,4,6,4,10,7.57,1,2,3,No
S02243,0,0,1,1,0,1,1,0,1,0,4,7,7,5,6.85,1,0,8,No
S02244,0,0,1,0,0,1,1,1,0,0,2,8,9,6,5.91,1,2,2,No
S02245,0,0,0,1,1,1,0,0,0,1,3,8,10,8,6.11,7,2,3,Yes
S02246,1,1,0,1,1,1,0,0,0,1,7,8,3,7,8.24,8,0,5,Yes
S02247,1,1,1,1,1,0,1,0,0,0,7,7,9,6,8.87,6,0,5,Yes
S02248,0,0,0,0,0,1,0,0,0,0,4,9,9,4,7.43,3,1,0,No
S02249,0,0,1,1,1,1,1,1,1,0,8,2,3,2,5.5,1,0,6,No
S02250,1,1,1,0,0,1,1,0,1,0,10,4,4,2,9.47,7,1,1,Yes
S02251,1,0,1,0,0,1,1,0,0,0,7,3,1,8,7.54,5,1,3,No
S02252,0,1,1,1,1,1,0,0,0,0,1,9,7,4,5.14,0,0,0,No
S02253,0,1,1,1,1,1,1,1,1,0,6,8,1,8,5.98,2,1,6,No
S02254,0,0,1,1,0,1,1,1,1,0,7,6,2,7,7.1,0,2,8,No
S02255,0,1,0,0,0,0,1,1,1,0,10,7,4,6,9.1,1,1,7,Yes
S02256,0,1,1,1,0,0,1,1,0,0,10,3,2,4,8.11,8,1,4,Yes
S02257,1,0,1,0,0,1,1,0,0,1,7,4,1,6,5.29,3,1,3,No
S02258,1,1,1,0,1,1,1,0,0,0,5,6,10,8,8.45,2,0,4,Yes
S02259,1,1,1,1,1,0,1,0,0,1,10,4,1,10,6.02,6,1,5,Yes
S02260,1,0,1,0,1,1,0,1,0,0,9,10,1,10,7.02,5,1,8,Yes
S02261,0,0,0,0,1,1,1,0,1,0,9,4,3,3,5.24,1,1,7,No
S02262,0,1,1,0,0,1,1,0,1,0,2,6,5,9,9.96,3,2,1,Yes
S02263,0,1,0,1,1,0,1,0,0,0,10,5,5,9,8.5,3,1,5,No
S02264,1,1,1,1,0,1,1,0,0,0,7,8,5,8,6.58,7,3,2,Yes
S02265,0,0,0,1,1,1,1,0,0,1,10,5,6,6,6.67,2,2,8,Yes
S02266,0,1,0,0,1,1,0,1,0,0,6,9,3,3,9.11,3,1,0,Yes
S02267,0,0,1,1,1,0,1,0,1,0,10,4,9,2,7.87,4,0,5,Yes
S02268,0,0,1,1,0,0,1,0,0,0,8,1,8,9,8.17,4,2,8,Yes
S02269,1,1,1,1,0,1,1,1,1,1,5,6,9,5,7.14,7,3,5,Yes
S02270,1,1,0,1,1,1,0,0,0,0,8,10,4,9,8.32,5,3,4,Yes
S02271,1,0,1,1,1,1,0,0,1,0,6,2,8,4,9.53,5,3,4,Yes
S02272,1,1,1,1,0,1,1,1,1,0,1,9,9,6,9.76,6,3,3,Yes
S02273,1,1,0,0,1,0,0,0,1,1,4,5,10,10,5.55,0,1,2,No
S02274,0,0,1,0,0,0,1,0,1,1,7,7,9,1,5.25,4,0,1,No
S02275,0,0,1,0,1,1,1,0,0,0,5,6,9,4,7.34,4,1,8,Yes
S02276,0,1,0,1,1,0,1,0,0,0,5,10,7,7,7.71,7,0,1,Yes
S02277,0,1,0,1,0,1,0,0,1,0,6,3,1,8,9.56,5,0,2,No
S02278,1,0,1,1,0,1,0,1,1,1,2,10,6,3,6.12,4,3,2,Yes
S02279,0,0,1,0,1,1,0,0,1,1,3,2,2,5,6.81,8,0,2,No
S02280,1,1,0,0,0,1,0,0,0,0,2,7,5,6,7.6,0,3,6,No
S02281,1,1,1,1,1,0,1,1,1,1,6,8,7,6,7.65,5,1,8,Yes
S02282,1,1,1,1,0,1,1,1,1,0,7,10,7,10,5.07,5,0,2,Yes
S02283,1,0,0,1,1,1,0,0,0,0,10,5,2,6,7.83,4,2,6,Yes
S02284,1,1,0,0,0,0,1,0,1,1,4,10,3,5,8.45,6,2,1,Yes
S02285,1,0,1,1,0,1,1,0,0,1,6,2,7,8,7.42,0,1,6,No
S02286,1,0,1,1,0,1,1,0,0,0,6,8,1,5,5.85,0,2,7,No
S02287,0,0,1,1,1,0,1,0,0,1,7,4,3,3,7.58,7,3,0,Yes
S02288,1,0,1,1,0,1,1,0,1,1,4,3,5,8,7.0,4,2,2,Yes
S02289,1,0,1,0,1,1,0,0,0,0,2,2,4,5,6.41,5,0,0,No
S02290,1,1,1,1,0,1,1,1,0,0,2,1,1,6,5.35,1,0,1,No
S02291,0,1,0,1,0,1,1,0,1,0,2,2,2,8,8.64,7,3,2,Yes
S02292,1,0,0,0,1,1,1,0,0,0,6,2,6,4,6.51,8,3,6,Yes
S02293,1,1,1,0,0,1,0,0,0,1,8,9,8,8,7.72,0,3,8,Yes
S02294,1,1,1,0,1,1,1,0,1,0,9,8,7,2,8.01,8,2,4,Yes
S02295,1,1,0,0,0,1,1,0,0,1,3,10,1,8,6.25,6,2,0,No
S02296,1,1,1,1,0,1,0,1,0,0,1,7,8,1,6.95,0,1,7,No
S02297,1,0,1,1,0,0,0,0,0,0,7,2,6,9,7.87,2,3,8,Yes
S02298,1,0,0,0,0,0,1,0,1,0,2,7,7,1,5.3,7,3,6,No
S02299,1,1,1,0,0,0,1,0,0,0,2,8,1,6,9.77,8,0,5,No
S02300,1,0,0,1,0,1,1,0,0,0,1,9,10,1,8.91,1,3,5,Yes
S02301,0,1,1,0,0,1,0,0,1,1,1,5,8,4,6.01,3,0,5,No
S02302,0,0,1,1,1,0,1,0,1,0,6,7,1,5,5.54,0,1,1,No
S02303,1,1,1,1,0,0,1,0,1,0,3,9,9,9,6.11,0,1,7,No
S02304,1,0,0,0,1,1,0,0,0,0,7,9,9,6,8.84,3,1,8,Yes
S02305,0,1,0,0,0,1,1,0,1,0,6,6,1,8,5.44,4,2,7,No
S02306,1,1,0,1,1,0,0,0,0,0,8,1,2,8,6.57,3,3,2,No
S02307,1,0,1,1,1,1,1,1,1,1,5,7,5,2,9.4,3,2,6,Yes
S02308,0,1,0,1,0,1,0,0,0,0,10,9,7,9,8.38,3,0,1,Yes
S02309,1,0,0,1,1,1,1,0,0,1,10,3,10,5,9.56,2,1,6,Yes
S02310,1,1,1,1,0,1,1,1,1,1,8,6,5,9,9.88,1,3,4,Yes
S02311,1,1,0,0,0,0,0,0,0,1,9,3,4,2,5.85,6,1,1,No
S02312,0,1,0,1,1,1,1,0,1,1,8,4,2,2,9.07,7,0,7,Yes
S02313,1,1,1,0,0,1,0,0,0,1,7,9,9,2,9.0,7,0,5,Yes
S02314,0,1,1,0,1,0,1,0,0,0,6,8,6,5,5.24,3,0,5,No
S02315,0,0,0,1,1,0,0,0,0,1,6,6,10,5,6.46,7,1,0,Yes
S02316,1,1,1,1,1,1,1,0,1,0,4,6,6,6,6.26,2,3,3,Yes
S02317,1,0,0,0,1,1,1,0,0,0,10,8,6,7,9.67,1,2,2,Yes
S02318,1,1,0,1,1,0,0,0,0,0,2,6,4,4,8.35,0,0,5,No
S02319,1,0,0,0,1,0,1,0,1,0,5,10,2,1,6.23,6,2,0,No
S02320,1,1,0,1,1,1,1,0,0,0,10,10,7,5,5.78,1,2,2,No
S02321,0,1,1,0,1,0,0,1,1,1,10,6,2,5,6.85,6,0,2,Yes
S02322,0,0,0,1,1,1,0,1,0,0,10,4,10,7,9.78,4,1,1,Yes
S02323,0,1,1,0,1,1,1,0,1,1,10,1,1,2,6.78,3,3,0,No
S02324,1,1,0,0,1,1,1,1,0,0,3,4,3,5,9.72,1,2,1,Yes
S02325,0,1,0,1,1,0,0,1,0,1,7,8,8,2,8.68,8,2,8,Yes
S02326,0,1,0,0,0,0,1,0,0,0,9,1,1,5,7.51,8,3,7,Yes
S02327,0,1,0,1,0,0,0,0,1,1,3,4,3,9,5.99,8,3,3,Yes
S02328,1,1,0,1,1,0,0,1,0,0,2,2,3,1,5.68,4,1,4,No
S02329,0,1,1,1,0,0,1,0,0,0,8,7,8,10,8.09,3,3,2,Yes
S02330,1,0,1,1,1,0,0,0,1,0,4,2,7,2,6.05,5,1,4,No
S02331,1,0,1,0,1,0,1,0,0,0,9,10,5,4,5.75,5,0,4,Yes
S02332,1,1,1,1,0,1,0,0,0,1,6,1,6,8,5.93,7,3,5,Yes
S02333,0,1,0,0,0,1,0,0,0,1,9,2,10,5,9.56,0,2,0,Yes
S02334,0,0,1,0,1,1,0,0,0,1,2,6,5,4,5.89,4,1,2,No
S02335,1,0,1,0,0,0,1,1,1,1,2,3,7,9,8.62,3,2,6,Yes
S02336,1,0,0,0,1,0,0,0,1,0,9,8,4,1,6.96,3,1,1,No
S02337,1,0,1,0,0,1,1,1,1,0,8,6,9,6,5.21,3,1,0,No
S02338,1,1,0,1,1,0,1,0,1,0,1,4,6,10,8.68,2,3,6,Yes
S02339,1,0,0,1,0,1,1,0,1,1,9,1,3,4,9.76,8,2,5,Yes
S02340,1,0,0,0,0,1,1,1,1,0,3,7,4,6,9.05,7,2,7,Yes
S02341,0,1,1,0,0,0,1,1,1,0,1,3,5,5,5.38,2,3,4,No
S02342,1,1,1,1,1,1,1,1,0,0,2,10,3,6,9.44,8,1,1,Yes
S02343,1,1,1,0,0,1,1,0,1,0,9,8,6,2,7.47,6,1,7,Yes
S02344,1,0,1,0,0,1,1,1,0,1,9,7,7,7,8.87,2,3,5,Yes
S02345,0,1,1,1,0,0,1,1,0,0,2,9,7,3,9.45,3,2,8,Yes
S02346,0,1,0,0,0,0,1,0,0,0,10,2,8,6,7.88,4,0,3,No
S02347,0,1,0,0,0,0,1,0,0,1,4,3,7,10,6.35,5,0,1,No
S02348,1,1,1,1,0,0,0,0,0,1,8,5,1,2,7.49,3,0,5,No
S02349,0,1,0,0,1,0,1,0,0,1,5,3,5,4,7.37,3,1,7,No
S02350,1,0,0,0,0,1,0,0,1,0,10,10,2,2,5.49,8,2,3,Yes
S02351,0,1,0,0,0,1,1,0,0,0,4,6,5,5,9.26,1,0,4,No
S02352,0,0,0,0,0,1,1,0,1,0,7,3,9,9,7.82,8,2,2,Yes
S02353,0,0,0,1,0,1,1,0,0,1,7,9,8,2,6.15,6,2,0,No
S02354,0,0,0,0,1,0,1,0,0,1,9,4,3,2,6.65,3,0,0,No
S02355,0,0,0,1,0,1,1,0,0,1,2,3,8,7,5.48,5,3,5,No
S02356,1,1,0,1,0,0,1,0,0,1,8,4,6,4,9.27,2,1,2,Yes
S02357,0,1,0,1,1,0,0,1,0,1,3,7,2,9,8.38,5,3,3,Yes
S02358,1,1,1,0,0,0,1,0,1,1,4,8,8,8,7.52,6,3,2,Yes
S02359,1,0,1,1,0,1,1,1,1,1,6,9,7,3,6.81,3,0,6,Yes
S02360,1,1,1,0,1,1,1,1,0,0,8,1,3,2,5.98,7,3,2,Yes
S02361,1,1,1,0,1,0,0,1,0,0,9,3,8,7,9.11,2,2,2,Yes
S02362,1,0,0,1,0,0,1,0,1,1,4,4,4,1,6.93,0,2,5,No
S02363,1,0,1,0,1,1,1,0,0,0,6,3,4,3,7.52,1,2,5,No
S02364,1,0,1,1,0,0,1,0,0,0,10,7,10,3,5.65,6,0,1,No
S02365,0,0,0,0,0,1,1,0,1,1,3,6,8,5,7.99,2,0,0,No
S02366,1,1,0,1,1,1,1,0,1,1,4,10,5,10,5.04,7,0,0,Yes
S02367,1,1,1,0,1,1,0,0,1,0,4,2,1,10,7.68,3,2,8,Yes
S02368,0,1,0,1,1,1,1,0,0,1,1,3,2,1,9.19,4,1,5,No
S02369,1,0,1,1,1,1,1,1,0,0,6,9,6,8,5.71,8,0,8,Yes
S02370,0,1,1,1,0,1,1,0,0,0,2,5,4,7,5.93,5,2,8,Yes
S02371,0,1,0,1,1,0,0,0,1,0,9,7,8,2,7.79,1,1,4,Yes
S02372,0,0,0,1,0,1,1,0,1,0,5,8,7,1,8.71,7,0,1,No
S02373,0,1,1,1,1,1,0,0,0,0,5,3,4,4,5.38,8,2,6,No
S02374,1,0,0,0,1,0,0,0,1,0,3,9,3,4,7.74,5,1,7,No
S02375,0,0,1,0,1,0,1,0,0,0,9,3,6,1,5.22,5,1,0,No
S02376,1,0,0,0,0,1,0,0,0,1,4,5,4,1,7.1,3,2,3,No
S02377,1,1,1,1,0,1,0,0,0,0,10,9,1,8,7.23,7,3,0,Yes
S02378,0,1,0,1,0,1,1,0,0,0,10,3,6,2,7.31,4,0,6,No
S02379,1,0,1,1,0,0,0,0,0,0,1,7,6,8,5.09,4,2,5,No
S02380,0,0,0,1,0,1,1,1,1,0,9,2,7,2,5.37,3,3,7,No
S02381,0,1,0,0,1,1,0,0,1,1,5,8,1,1,9.15,4,3,5,Yes
S02382,0,1,1,0,1,1,0,0,0,1,6,10,1,8,9.87,7,2,0,Yes
S02383,0,1,0,1,1,1,0,0,0,0,10,3,1,3,6.32,3,0,3,No
S02384,1,0,0,0,1,0,1,0,0,1,8,6,4,2,8.31,0,2,1,No
S02385,1,1,0,1,0,0,0,1,0,0,7,1,5,9,5.3,1,2,1,No
S02386,0,1,0,0,0,1,1,1,0,0,1,6,10,6,7.15,8,3,0,Yes
S02387,1,0,0,1,0,1,1,1,1,0,7,5,7,4,6.62,5,0,4,No
S02388,0,1,1,1,1,1,0,1,0,0,7,10,10,1,8.14,5,1,4,Yes
S02389,0,0,0,0,0,1,0,0,0,0,6,6,10,7,8.83,6,2,5,Yes
S02390,0,1,0,0,0,1,0,0,0,0,6,7,1,9,5.92,0,0,1,No
S02391,1,1,0,1,1,1,1,0,0,0,1,6,7,10,8.42,0,1,3,Yes
S02392,1,1,1,1,0,0,1,0,0,0,9,1,2,4,9.66,7,0,6,Yes
S02393,1,1,1,1,1,0,1,0,0,0,1,6,6,8,8.92,5,0,0,No
S02394,1,1,1,1,0,0,0,0,0,0,10,3,9,7,8.97,6,3,8,Yes
S02395,0,1,1,1,1,1,0,0,0,0,7,5,2,3,5.86,0,0,8,No
S02396,1,1,1,1,1,1,1,0,0,0,5,7,7,7,9.26,2,1,6,Yes
S02397,1,0,0,1,0,0,1,0,1,0,8,9,4,4,5.52,6,2,0,No
S02398,1,1,0,1,1,0,0,0,0,0,10,7,4,3,7.8,2,3,8,Yes
S02399,0,0,0,1,1,0,0,0,1,1,2,5,9,9,6.46,0,3,0,No
S02400,0,1,0,1,1,0,0,0,1,1,5,2,3,5,7.72,0,3,0,No
S02401,1,1,1,1,1,1,1,0,1,0,1,3,2,2,9.95,0,1,7,No
S02402,1,1,1,1,0,1,0,0,0,1,4,8,9,1,9.15,0,0,5,Yes
S02403,1,1,1,0,0,1,1,0,0,1,4,9,2,2,5.16,4,3,8,Yes
S02404,1,1,0,1,1,1,0,0,0,0,4,10,1,7,9.28,7,1,8,Yes
S02405,0,1,1,1,1,1,0,1,0,0,4,3,2,2,9.13,0,0,2,No
S02406,0,1,0,0,1,1,0,0,0,0,4,10,2,10,8.33,5,3,2,Yes
S02407,1,0,0,1,0,0,1,0,0,0,7,4,8,4,5.75,0,1,1,No
S02408,1,1,1,0,0,1,0,0,0,0,8,5,9,3,7.95,1,2,7,Yes
S02409,0,1,0,1,1,0,1,0,1,0,4,10,7,2,8.04,0,0,0,No
S02410,1,1,0,0,0,1,1,1,0,0,3,9,2,3,5.11,2,2,4,No
S02411,0,0,1,1,0,1,0,0,0,0,10,8,6,7,6.21,6,1,8,Yes
S02412,1,1,1,1,0,0,1,1,0,0,10,4,2,1,6.91,1,3,0,Yes
S02413,1,0,0,1,0,0,1,0,0,0,6,10,8,4,9.18,6,2,3,Yes
S02414,1,1,1,0,1,1,0,0,1,0,6,4,6,8,6.53,4,1,2,Yes
S02415,1,0,1,0,0,1,1,1,0,1,1,8,2,6,7.43,6,1,4,No
S02416,0,1,0,1,0,1,1,1,0,1,8,6,10,6,7.58,6,2,7,Yes
S02417,1,0,0,0,1,1,0,0,0,1,8,6,6,5,7.29,7,1,3,Yes
S02418,1,1,1,1,1,0,1,1,0,0,1,1,6,10,5.92,4,3,1,Yes
S02419,1,1,0,1,0,1,0,0,0,1,2,3,4,6,5.36,3,1,0,No
S02420,1,1,0,1,1,1,1,0,0,0,9,9,8,3,5.5,5,0,5,No
S02421,1,1,1,1,0,1,0,0,1,1,5,2,6,9,7.63,2,2,1,No
S02422,1,0,1,0,1,1,0,0,0,1,5,7,10,4,5.46,2,0,6,No
S02423,0,1,0,0,1,1,1,0,0,1,10,1,9,6,7.92,3,2,2,Yes
S02424,1,1,0,0,0,1,1,0,0,0,9,5,1,2,8.6,8,2,0,No
S02425,1,1,1,0,1,1,0,1,0,0,3,2,1,7,7.17,0,2,8,No
S02426,0,1,0,1,0,1,1,0,0,0,5,7,7,6,5.29,3,3,6,No
S02427,1,1,1,0,1,0,1,0,1,1,4,8,8,7,5.76,0,0,7,No
S02428,0,1,1,0,0,1,1,0,0,1,8,4,3,4,6.07,5,0,8,No
S02429,1,1,0,0,1,1,0,0,1,1,9,2,9,2,5.46,8,2,6,Yes
S02430,0,1,1,1,1,0,0,0,0,0,9,9,10,6,5.5,7,2,6,Yes
S02431,0,1,1,0,0,0,1,0,0,0,3,9,3,5,8.35,7,0,2,No
S02432,0,1,0,1,0,1,1,1,0,0,10,4,10,5,5.01,3,3,1,No
S02433,0,1,0,1,0,0,0,1,0,0,8,8,7,9,8.69,2,2,3,Yes
S02434,1,1,0,1,1,0,1,0,1,0,10,3,3,4,5.33,8,2,7,Yes
S02435,0,1,0,0,1,0,1,0,0,0,6,8,6,4,6.0,2,0,4,No
S02436,1,0,0,1,1,0,0,1,0,0,1,4,2,4,5.07,8,2,5,No
S02437,1,0,0,1,1,1,0,0,0,0,1,3,2,4,8.42,8,3,0,No
S02438,1,0,0,0,1,1,1,0,0,0,7,1,8,7,9.89,3,2,6,Yes
S02439,1,1,0,1,0,0,0,1,1,0,2,7,8,8,8.07,0,0,6,No
S02440,1,0,0,1,1,0,0,0,0,0,2,4,4,6,9.68,8,3,8,Yes
S02441,0,1,0,1,0,1,1,1,0,0,7,4,5,9,5.98,5,2,3,No
S02442,1,1,0,1,0,0,1,0,0,0,2,2,7,4,5.84,4,1,8,No
S02443,0,1,0,1,1,0,1,0,0,1,6,6,1,9,7.1,6,3,0,Yes
S02444,0,0,1,1,0,0,1,0,1,0,5,2,4,7,6.63,3,0,0,No
S02445,1,0,0,1,0,1,0,1,0,1,8,6,6,4,9.31,3,2,4,Yes
S02446,1,1,1,0,1,1,1,0,0,1,6,4,7,6,9.91,7,3,0,Yes
S02447,1,1,0,1,1,1,0,1,0,0,4,1,4,2,5.19,6,1,6,No
S02448,1,0,1,1,0,0,1,0,1,0,1,10,5,8,5.61,0,2,5,No
S02449,1,0,0,1,0,1,0,0,0,1,2,9,9,9,7.67,8,1,1,Yes
S02450,1,0,1,0,1,1,1,1,0,0,5,4,10,6,6.79,1,2,1,Yes
S02451,1,1,0,1,0,1,1,0,0,0,7,6,8,4,6.36,2,2,0,No
S02452,0,1,1,1,1,0,0,0,0,1,3,7,5,5,7.46,3,2,1,No
S02453,0,1,0,1,0,0,0,1,1,1,3,4,5,10,9.89,8,2,8,Yes
S02454,1,0,0,0,1,1,1,1,0,0,5,9,1,1,9.55,5,1,3,No
S02455,0,0,0,0,0,0,1,0,1,1,4,3,7,8,7.45,6,2,6,Yes
S02456,1,1,1,1,1,0,1,0,0,1,8,5,2,10,8.62,4,1,2,Yes
S02457,1,1,1,0,1,0,1,0,0,1,4,5,7,2,6.24,3,0,0,No
S02458,0,0,0,1,1,0,1,0,0,0,5,6,9,2,9.83,7,3,7,Yes
S02459,1,0,1,1,1,1,0,0,0,0,1,2,6,6,5.09,6,0,8,No
S02460,1,0,1,1,0,0,1,0,1,1,9,9,10,3,8.06,6,0,6,Yes
S02461,0,1,1,0,1,1,1,0,0,1,5,8,7,5,8.09,8,0,8,Yes
S02462,0,0,1,0,0,1,1,0,0,1,5,6,1,9,6.08,3,1,3,No
S02463,0,0,0,1,0,0,1,0,0,1,2,1,5,2,5.8,8,1,3,No
S02464,0,1,0,1,0,0,1,0,1,1,2,9,5,9,5.62,6,2,0,No
S02465,0,0,1,0,0,0,0,0,1,0,4,7,8,1,5.63,7,3,2,No
S02466,1,1,0,1,0,1,1,1,0,0,2,8,3,8,7.86,6,2,7,Yes
S02467,1,0,1,1,1,1,1,1,0,1,2,4,3,8,8.97,7,3,8,Yes
S02468,1,0,1,0,1,1,1,0,0,1,4,4,2,9,9.32,5,3,2,Yes
S02469,1,1,1,1,0,1,1,0,0,0,1,1,3,3,9.21,4,2,0,No
S02470,1,1,0,0,1,1,1,1,0,1,1,1,2,2,9.47,5,2,3,Yes
S02471,1,1,0,1,0,1,0,1,0,0,5,8,1,3,9.01,6,1,0,No
S02472,0,0,0,1,1,1,1,0,0,1,7,8,5,4,9.74,1,2,6,Yes
S02473,0,0,1,0,0,1,1,1,0,0,10,7,7,8,9.15,3,1,3,Yes
S02474,0,1,0,0,0,0,0,0,1,0,10,3,6,5,7.2,1,0,4,No
S02475,1,0,0,0,1,0,1,0,1,0,1,9,3,6,5.67,7,2,8,No
S02476,0,1,0,1,1,1,0,0,0,0,8,9,10,2,5.8,2,2,4,Yes
S02477,1,1,0,1,1,1,0,0,0,0,7,1,3,8,7.65,7,1,0,No
S02478,0,1,0,1,1,1,0,0,1,0,8,8,1,8,7.9,7,0,2,No
S02479,1,0,0,0,1,1,1,0,0,0,1,4,8,3,8.51,4,3,6,Yes
S02480,0,1,0,0,1,0,1,0,0,1,10,9,8,1,7.92,8,2,8,Yes
S02481,1,0,1,0,0,0,0,0,0,1,2,10,7,6,7.34,6,2,8,Yes
S02482,0,1,1,1,0,0,0,0,1,1,1,6,3,7,9.43,7,2,8,Yes
S02483,0,0,1,0,1,0,1,0,0,0,6,4,8,1,6.0,0,0,6,No
S02484,1,1,0,1,0,1,0,1,1,1,10,8,6,5,5.07,6,1,0,Yes
S02485,1,0,1,1,0,0,0,0,0,1,8,5,9,7,9.03,8,1,7,Yes
S02486,0,1,1,0,0,1,1,0,1,1,7,1,9,1,8.49,1,1,4,Yes
S02487,1,0,1,1,1,1,1,0,0,0,8,9,1,2,7.35,4,1,4,Yes
S02488,0,0,0,1,1,1,1,0,0,0,9,1,9,3,5.58,0,3,4,Yes
S02489,0,0,1,0,0,0,1,1,1,0,5,10,9,8,8.56,6,3,4,Yes
S02490,1,0,0,1,0,1,0,1,1,1,2,4,4,2,7.59,1,0,2,No
S02491,1,0,0,1,0,1,0,1,0,0,8,1,1,7,7.13,4,0,3,No
S02492,1,1,0,0,0,0,1,1,0,0,4,10,5,7,6.7,5,2,0,Yes
S02493,0,0,1,1,0,0,1,0,1,0,6,4,5,5,8.96,6,0,7,Yes
S02494,1,0,1,0,1,0,0,0,0,0,9,1,7,5,9.98,4,1,2,Yes
S02495,1,1,0,1,0,0,0,0,0,1,8,2,5,4,8.63,4,1,5,No
S02496,1,0,1,0,0,0,0,0,0,0,3,1,2,9,9.17,4,2,5,No
S02497,0,0,0,0,0,0,1,0,0,0,8,10,7,6,5.37,1,1,4,No
S02498,0,0,0,0,1,0,1,0,1,0,1,4,10,5,7.84,1,0,8,No
S02499,0,0,0,0,0,0,0,0,1,0,5,3,9,3,8.64,7,1,8,No
S02500,1,1,0,0,0,1,0,0,1,0,6,2,8,3,6.32,7,2,5,No
S02501,0,1,0,1,0,0,0,1,0,0,10,10,10,9,6.08,1,1,7,Yes
S02502,0,1,0,1,0,1,0,0,1,0,3,9,6,5,6.32,6,0,0,No
S02503,0,1,1,0,1,0,1,0,1,0,10,8,1,7,6.88,1,0,5,No
S02504,0,0,1,0,1,0,0,0,0,1,10,2,9,4,6.42,3,2,1,No
S02505,1,1,0,0,0,1,1,1,1,1,10,5,2,6,8.22,3,3,2,Yes
S02506,1,1,1,0,1,0,0,1,1,1,1,5,7,10,9.59,1,2,6,Yes
S02507,0,0,0,0,1,1,1,0,0,1,3,3,6,3,9.17,5,0,5,No
S02508,1,0,0,0,1,1,0,0,1,0,1,3,3,3,7.78,1,2,4,No
S02509,0,1,0,0,1,0,1,0,1,0,6,8,5,6,5.02,1,2,3,No
S02510,0,1,0,1,0,1,0,1,1,0,5,5,9,7,5.76,8,0,1,No
S02511,1,1,0,1,1,0,1,0,0,1,2,7,3,5,7.2,6,2,6,Yes
S02512,0,1,0,0,1,0,0,0,1,0,9,10,10,7,7.0,3,1,6,Yes
S02513,1,0,0,1,1,0,1,0,0,1,1,4,2,4,8.88,1,0,7,No
S02514,1,0,1,1,1,1,1,1,0,1,8,3,4,4,5.95,8,3,7,Yes
S02515,0,1,1,0,1,0,1,1,0,0,7,10,2,7,7.43,2,2,8,No
S02516,0,0,1,0,0,0,1,1,0,1,6,5,5,9,5.32,6,0,5,No
S02517,1,1,1,1,1,0,0,0,1,0,8,10,8,4,6.68,0,0,6,Yes
S02518,1,0,0,1,0,1,1,0,0,1,7,7,3,1,7.87,6,2,6,Yes
S02519,0,1,1,0,0,0,1,0,0,0,8,2,2,3,8.45,4,1,3,No
S02520,0,0,0,0,1,0,1,0,0,1,4,7,3,9,7.97,3,1,3,No
S02521,0,1,1,1,0,0,1,1,0,0,7,5,3,8,8.28,0,3,4,Yes
S02522,1,1,1,0,0,0,1,0,1,0,5,9,1,10,9.28,4,3,7,Yes
S02523,1,1,0,1,0,0,1,0,0,1,7,7,10,10,7.24,4,0,6,Yes
S02524,1,1,0,1,1,1,0,0,0,0,3,10,4,8,5.8,8,3,1,Yes
S02525,0,0,0,0,0,0,1,1,0,1,8,3,7,7,5.96,6,3,8,Yes
S02526,1,1,0,1,0,0,1,1,1,1,10,9,5,10,8.73,5,3,6,Yes
S02527,1,0,1,1,1,1,0,1,1,0,8,7,9,4,9.93,2,3,4,Yes
S02528,0,0,1,1,1,0,1,0,0,0,3,8,6,6,6.53,3,1,1,No
S02529,1,0,0,1,0,1,1,0,1,1,6,1,2,10,8.87,4,1,3,Yes
S02530,0,0,0,0,1,0,1,1,1,0,5,1,4,4,6.18,0,3,8,No
S02531,0,1,0,1,0,1,1,0,1,0,2,6,7,10,7.39,5,2,3,No
S02532,0,1,1,1,1,1,1,0,1,0,9,2,2,4,9.73,8,2,3,Yes
S02533,1,0,1,0,0,0,0,0,1,1,6,7,3,10,7.87,3,3,3,Yes
S02534,1,1,1,1,0,0,0,0,0,0,8,2,7,9,7.12,7,2,1,Yes
S02535,0,1,1,0,0,0,1,0,0,1,5,2,9,5,6.57,7,3,2,Yes
S02536,0,0,1,1,0,0,0,0,0,0,6,1,5,3,9.45,5,3,3,No
S02537,0,1,0,1,1,1,0,0,0,0,8,7,4,3,6.98,1,2,4,No
S02538,1,0,1,0,1,0,0,0,0,0,6,9,3,3,9.83,7,3,3,Yes
S02539,0,0,0,1,1,1,0,1,0,0,8,6,6,5,8.32,8,0,6,Yes
S02540,0,1,0,0,1,1,1,1,0,0,8,5,9,2,8.67,4,1,0,Yes
S02541,0,0,0,0,0,0,0,1,0,0,9,4,8,7,6.79,0,2,3,No
S02542,0,1,1,1,1,0,1,1,0,1,4,8,9,9,9.62,1,0,3,Yes
S02543,0,1,0,1,1,0,0,1,1,0,10,7,6,9,5.44,4,1,1,Yes
S02544,0,0,1,0,1,0,0,1,0,0,3,7,3,1,7.48,7,2,6,Yes
S02545,1,0,1,0,1,1,1,0,0,0,3,2,8,10,7.06,3,2,0,No
S02546,1,0,1,1,0,1,1,0,1,0,4,6,6,7,5.94,8,1,8,Yes
S02547,1,0,1,0,0,0,1,1,0,1,2,4,10,4,7.9,4,3,1,Yes
S02548,1,1,0,0,1,1,0,0,0,0,5,2,4,7,9.18,6,3,3,Yes
S02549,1,0,0,1,0,0,1,1,0,1,2,9,6,1,8.59,1,0,6,No
S02550,1,1,0,1,0,1,1,0,0,0,10,10,3,1,6.28,6,2,3,No
S02551,1,1,0,1,1,0,0,0,0,1,1,3,7,2,9.58,5,0,1,No
S02552,1,1,1,0,0,1,0,0,0,0,4,2,9,3,8.67,1,1,1,Yes
S02553,0,0,1,0,0,1,1,0,0,0,2,5,3,4,8.49,4,1,3,No
S02554,0,1,0,0,0,1,0,1,0,0,10,4,1,8,8.3,5,1,3,No
S02555,1,0,1,1,1,1,1,1,0,1,4,8,1,5,8.47,1,0,2,No
S02556,0,0,1,0,1,0,0,0,0,0,5,10,3,8,7.82,8,3,8,Yes
S02557,1,1,1,0,0,0,1,0,0,1,3,2,10,8,7.93,2,3,0,Yes
S02558,1,1,0,0,0,1,1,0,0,0,10,6,9,7,8.3,2,0,6,Yes
S02559,1,1,1,0,0,0,1,1,1,0,9,8,9,7,8.21,5,3,6,Yes
S02560,1,1,0,0,1,1,0,1,0,0,9,7,4,7,9.53,0,3,7,Yes
S02561,0,0,0,0,0,0,1,1,0,0,8,10,7,10,5.91,8,1,2,Yes
S02562,0,1,0,0,1,1,0,1,1,0,7,1,4,10,7.34,0,1,8,No
S02563,1,0,0,1,1,1,1,0,1,0,9,8,2,6,7.51,1,3,6,Yes
S02564,1,0,0,0,0,1,1,0,0,0,10,10,7,7,9.04,6,1,2,Yes
S02565,1,1,0,0,1,0,1,0,0,0,2,7,9,10,9.31,2,1,2,Yes
S02566,1,0,1,1,0,0,1,0,1,0,6,4,1,7,8.97,2,3,0,No
S02567,1,1,1,1,1,1,1,1,0,0,9,4,8,2,7.7,0,3,5,Yes
S02568,1,1,1,0,1,0,1,1,0,0,10,8,5,8,9.75,4,3,4,Yes
S02569,0,1,0,1,1,0,0,0,0,0,3,4,8,4,7.04,2,0,8,No
S02570,0,1,1,1,1,1,1,0,0,0,10,5,8,6,5.15,7,2,6,Yes
S02571,1,1,1,1,0,0,1,1,0,0,7,9,5,5,6.44,1,0,3,No
S02572,0,0,0,1,0,1,1,1,0,0,3,8,2,8,7.81,0,0,5,No
S02573,1,1,1,0,1,1,1,1,0,0,3,6,8,9,8.62,1,1,5,Yes
S02574,1,0,1,0,0,0,1,1,1,1,4,7,9,9,8.21,8,2,0,Yes
S02575,1,1,0,1,0,1,0,0,0,1,5,1,9,9,7.48,4,0,1,No
S02576,0,1,1,1,1,0,1,0,0,0,9,9,8,1,9.04,4,2,4,Yes
S02577,0,1,1,1,1,1,0,0,0,0,10,10,5,9,8.54,0,0,4,Yes
S02578,0,0,1,1,1,1,0,0,1,0,3,7,1,6,8.84,1,2,6,Yes
S02579,1,1,1,1,1,0,1,0,0,1,10,3,4,4,7.73,0,1,8,Yes
S02580,0,1,1,0,1,1,1,1,1,0,5,2,9,1,6.11,5,2,3,No
S02581,1,1,1,0,1,1,1,0,0,1,10,2,7,6,8.89,2,3,5,Yes
S02582,0,0,1,0,1,1,1,1,1,0,2,4,5,5,6.92,7,2,7,Yes
S02583,1,1,1,0,0,0,0,0,1,0,1,2,4,1,8.14,8,1,0,No
S02584,1,0,1,0,0,1,1,0,0,0,7,1,3,2,6.84,1,0,2,No
S02585,0,1,1,0,1,1,1,0,0,1,8,4,9,7,9.47,4,3,8,Yes
S02586,0,0,0,0,1,1,1,1,0,0,2,8,7,3,9.67,6,2,7,Yes
S02587,1,1,1,0,1,1,1,0,1,0,5,2,8,8,9.6,5,3,6,Yes
S02588,0,1,0,0,0,0,0,0,0,0,7,5,1,5,5.94,0,2,2,No
S02589,1,1,1,0,0,1,1,0,1,0,4,2,7,5,9.5,4,2,6,Yes
S02590,0,0,0,1,1,1,0,0,0,0,10,9,2,4,6.45,8,3,2,Yes
S02591,0,1,0,0,1,1,1,0,0,0,7,5,1,7,5.9,5,2,4,No
S02592,0,0,0,1,1,1,0,0,1,1,9,5,8,4,6.37,5,2,8,Yes
S02593,0,1,1,0,0,0,1,1,0,1,1,4,3,8,9.62,1,2,3,Yes
S02594,1,1,1,1,0,1,1,1,1,0,8,3,3,6,8.32,2,2,7,Yes
S02595,1,1,0,0,0,0,0,0,1,0,9,7,1,5,6.05,6,3,2,No
S02596,0,1,1,0,0,0,1,0,0,0,10,1,5,6,8.68,5,0,1,No
S02597,1,0,1,1,0,0,1,0,0,0,7,4,10,1,9.47,8,0,4,Yes
S02598,1,0,0,0,1,0,0,1,0,0,9,5,3,4,8.67,4,3,5,Yes
S02599,1,0,1,1,0,1,1,0,0,0,4,7,7,4,6.59,4,1,2,No
S02600,1,1,0,1,1,1,1,0,0,0,4,1,3,6,5.47,6,1,2,No
S02601,0,1,1,1,1,1,1,0,0,0,7,6,6,8,5.17,6,3,6,Yes
S02602,1,0,0,1,0,1,0,0,0,1,7,4,10,5,6.54,2,2,7,No
S02603,0,1,1,0,1,0,1,0,0,0,6,9,10,4,6.73,6,2,4,Yes
S02604,1,0,0,0,1,0,1,0,0,0,6,7,4,4,6.2,7,0,1,No
S02605,1,1,0,1,0,0,0,0,1,0,7,1,8,2,9.48,5,3,0,Yes
S02606,1,0,0,1,1,0,1,0,1,0,1,7,1,5,8.4,3,1,3,No
S02607,1,0,0,1,0,1,1,0,0,0,8,2,5,1,5.09,4,2,7,No
S02608,1,0,1,1,1,1,1,0,0,0,7,7,10,10,9.49,3,1,5,Yes
S02609,0,1,0,1,0,1,0,1,0,0,2,7,6,3,7.42,0,0,5,No
S02610,1,1,0,1,1,1,1,1,0,0,5,1,8,5,7.14,5,0,7,No
S02611,0,1,1,1,1,1,0,0,1,0,3,8,4,6,6.76,1,3,3,Yes
S02612,1,0,1,0,1,1,1,0,1,1,10,2,6,6,5.71,5,0,1,Yes
S02613,1,0,1,1,0,1,1,1,0,0,5,6,3,6,7.22,1,2,4,No
S02614,0,1,1,0,0,1,1,0,0,1,6,3,4,6,7.96,7,1,3,Yes
S02615,1,1,1,1,0,0,1,0,1,0,3,2,3,2,5.68,5,2,6,No
S02616,1,1,1,0,1,1,0,0,0,0,4,9,9,7,5.83,7,2,0,Yes
S02617,1,0,0,0,0,0,1,0,1,0,9,9,4,4,9.97,4,0,2,Yes
S02618,1,1,0,1,0,0,0,0,0,0,8,2,8,8,6.18,3,3,6,No
S02619,0,0,0,0,0,1,0,0,0,1,10,1,2,1,9.35,4,0,0,No
S02620,1,1,0,1,0,0,0,1,1,1,8,9,9,1,8.62,5,3,6,Yes
S02621,0,1,1,1,1,0,1,0,0,1,6,4,7,10,5.62,1,1,4,Yes
S02622,0,0,1,1,0,1,1,0,1,0,2,9,7,3,7.86,0,0,1,No
S02623,1,1,0,1,1,0,1,0,0,1,9,8,10,3,6.12,5,2,0,Yes
S02624,0,1,0,1,0,1,1,0,0,1,7,10,10,5,6.32,1,1,5,Yes
S02625,1,1,1,0,0,0,1,0,0,1,8,5,4,4,5.87,8,1,5,Yes
S02626,0,1,1,1,0,0,1,0,0,0,8,3,3,6,8.49,6,3,1,Yes
S02627,1,1,0,0,1,1,1,1,0,1,3,9,6,7,9.91,0,0,0,No
S02628,0,1,0,0,0,1,0,0,0,0,4,5,7,8,8.18,0,2,6,No
S02629,1,0,1,1,0,1,1,0,1,0,9,5,5,7,9.35,2,1,0,Yes
S02630,1,1,1,1,0,0,1,0,1,1,9,8,9,8,7.17,3,2,4,Yes
S02631,0,0,0,0,1,1,0,0,0,0,3,10,5,8,8.4,7,0,0,No
S02632,0,0,0,0,0,0,0,0,0,1,4,7,8,10,9.56,4,1,1,No
S02633,1,0,1,0,1,0,1,1,0,0,2,4,3,1,5.34,7,0,3,No
S02634,1,0,1,1,0,1,1,0,1,0,2,7,10,6,8.46,4,1,4,Yes
S02635,0,1,0,0,1,1,0,0,0,1,3,7,8,4,6.36,3,0,8,No
S02636,0,1,1,1,1,1,1,0,0,1,3,7,4,9,6.53,6,3,2,Yes
S02637,0,0,0,0,1,1,0,0,0,0,2,4,9,7,8.03,5,1,1,No
S02638,0,1,1,0,0,0,1,0,0,1,9,4,5,7,7.18,5,2,3,Yes
S02639,0,1,1,1,0,1,1,0,1,0,4,8,5,8,7.44,4,3,5,Yes
S02640,0,1,0,1,1,1,0,1,0,0,10,8,4,9,9.98,6,0,2,Yes
S02641,1,1,0,1,1,0,1,1,1,0,5,4,5,9,9.0,4,3,7,Yes
S02642,1,1,0,0,1,0,0,0,1,0,5,9,8,7,9.64,7,1,8,Yes
S02643,0,1,1,1,0,0,1,1,0,0,10,7,8,3,8.16,0,3,3,Yes
S02644,0,1,0,0,0,1,0,0,0,0,9,10,9,5,8.94,8,2,0,Yes
S02645,1,0,1,1,1,1,1,0,0,0,3,3,2,7,7.01,1,0,6,No
S02646,1,1,1,0,0,1,0,1,1,1,10,3,10,1,8.98,7,1,7,Yes
S02647,0,0,1,1,1,1,1,1,0,1,1,8,10,2,8.99,7,1,6,Yes
S02648,1,1,1,1,1,0,1,0,0,0,6,10,4,5,9.93,0,3,1,Yes
S02649,1,0,1,1,0,1,1,0,0,1,6,10,7,8,8.84,0,1,8,Yes
S02650,1,1,1,1,1,1,0,0,0,1,5,3,6,2,9.79,3,0,5,Yes
S02651,1,1,1,1,1,1,1,0,1,0,1,8,8,4,5.06,4,0,0,No
S02652,1,1,1,0,0,0,1,0,0,1,2,9,5,9,6.95,8,0,2,Yes
S02653,1,1,0,0,0,1,1,0,1,1,8,4,6,9,7.88,4,2,7,Yes
S02654,1,0,1,1,0,1,1,0,1,1,2,1,9,8,5.42,6,0,3,No
S02655,0,0,0,0,0,0,0,0,1,1,10,3,6,7,9.83,8,3,8,Yes
S02656,1,1,1,1,1,1,1,0,0,0,3,7,7,3,6.18,0,2,1,No
S02657,0,1,1,0,1,0,1,0,1,1,3,5,10,8,7.25,4,3,4,Yes
S02658,0,1,0,1,0,1,1,0,0,1,9,3,6,10,5.86,5,3,2,Yes
S02659,1,1,0,1,1,1,1,0,0,0,6,9,5,1,7.18,7,2,4,Yes
S02660,0,1,0,0,1,0,1,0,0,0,7,6,4,1,5.26,8,2,2,No
S02661,1,0,0,0,0,0,1,1,0,0,9,8,3,10,9.44,8,3,8,Yes
S02662,0,1,1,1,1,1,1,0,0,0,8,6,4,4,8.33,6,1,0,Yes
S02663,1,0,1,1,1,1,1,1,0,0,10,4,9,1,6.87,8,2,3,Yes
S02664,0,0,0,0,1,1,0,0,0,0,10,8,9,6,6.83,1,2,2,No
S02665,0,0,0,0,1,0,0,0,0,0,1,1,7,8,5.54,4,3,0,No
S02666,1,1,1,0,1,0,0,0,0,0,8,10,2,8,9.62,7,3,0,Yes
S02667,1,0,0,1,0,1,1,0,0,0,5,2,4,10,9.09,0,0,6,No
S02668,0,0,1,0,0,1,1,1,1,1,8,7,4,8,8.6,8,1,2,Yes
S02669,0,1,0,1,0,0,1,0,0,1,9,7,1,4,7.04,6,2,7,Yes
S02670,1,1,1,0,0,0,1,1,0,0,3,1,2,2,5.69,2,1,3,No
S02671,0,0,0,1,0,0,1,0,1,0,6,3,6,9,9.01,6,3,4,Yes
S02672,1,0,0,0,1,0,1,0,1,1,9,5,8,6,5.83,8,0,6,Yes
S02673,0,1,0,0,1,0,1,0,0,0,5,10,5,3,9.3,1,3,6,No
S02674,1,1,1,1,0,1,1,1,0,0,2,10,9,5,6.3,4,2,1,Yes
S02675,0,1,0,1,1,1,0,0,1,0,6,4,2,5,5.92,0,3,0,No
S02676,1,1,1,0,0,1,0,1,0,0,4,5,1,7,9.47,4,3,4,Yes
S02677,1,1,0,1,0,1,0,0,1,1,2,9,9,1,5.45,7,3,3,Yes
S02678,1,1,0,0,1,0,1,1,0,0,8,8,10,3,7.03,5,2,8,Yes
S02679,1,0,0,0,0,1,1,0,0,0,3,10,7,10,8.1,7,2,7,Yes
S02680,1,0,0,1,0,1,0,1,0,0,2,1,6,8,7.2,3,3,3,No
S02681,1,0,0,1,1,1,0,1,0,1,4,9,4,7,7.59,5,0,4,No
S02682,0,1,0,0,1,1,1,0,1,0,3,8,4,1,8.6,7,2,7,Yes
S02683,1,0,1,0,1,1,0,1,1,1,1,3,3,9,9.82,2,3,8,Yes
S02684,1,1,1,1,1,0,1,0,0,0,3,9,8,6,5.46,2,2,1,No
S02685,1,1,1,0,1,1,1,0,1,0,9,9,4,5,6.34,3,1,1,No
S02686,1,0,0,1,0,1,0,0,0,0,5,6,4,1,5.11,5,2,3,No
S02687,1,1,0,0,0,1,1,0,1,0,4,6,4,1,8.98,6,3,0,Yes
S02688,1,1,0,1,0,0,0,0,1,0,4,5,8,1,5.81,3,2,3,No
S02689,1,1,0,0,0,1,1,1,0,0,4,6,3,4,9.32,7,3,8,Yes
S02690,1,1,0,0,1,0,1,0,1,0,1,9,6,7,8.78,8,0,1,Yes
S02691,1,0,0,1,1,1,0,0,0,0,9,1,2,3,5.24,6,2,7,Yes
S02692,0,0,0,0,0,0,0,0,1,0,2,7,1,4,5.92,4,3,7,No
S02693,1,0,0,0,1,1,1,0,0,0,10,2,10,6,7.15,7,2,5,Yes
S02694,1,0,0,0,0,1,1,0,0,0,9,5,1,3,7.85,3,1,8,No
S02695,0,0,0,1,1,0,0,1,0,0,2,3,1,7,9.01,2,0,5,No
S02696,1,0,0,1,0,0,0,0,1,0,2,4,5,2,8.17,3,2,4,No
S02697,0,1,1,0,0,1,1,1,1,1,10,8,4,4,8.76,0,3,0,Yes
S02698,1,0,0,0,1,0,0,1,0,1,1,8,8,5,6.03,1,1,0,No
S02699,0,1,0,1,1,1,0,0,1,0,8,5,6,5,8.76,0,1,4,No
S02700,0,0,0,1,0,0,1,1,1,1,5,9,1,8,8.11,7,1,2,Yes
S02701,1,1,0,1,1,1,1,0,0,0,2,2,10,2,6.06,2,2,3,No
S02702,0,0,1,1,1,0,1,0,1,1,3,1,2,1,6.23,8,2,1,No
S02703,1,0,0,1,0,0,1,1,1,0,10,2,2,3,8.78,3,2,0,No
S02704,1,0,0,1,1,1,1,0,1,1,8,5,1,6,9.78,7,2,1,Yes
S02705,0,0,1,0,0,1,0,0,0,0,4,1,1,6,8.04,2,0,8,No
S02706,0,1,1,1,0,1,1,1,1,1,2,5,2,5,8.05,5,1,8,Yes
S02707,1,1,1,1,1,0,0,1,1,0,4,2,9,1,8.4,5,0,5,Yes
S02708,1,1,1,1,0,0,1,1,1,0,8,8,3,6,5.34,0,1,4,Yes
S02709,1,1,0,0,1,0,1,0,1,1,1,3,7,10,9.84,3,2,2,Yes
S02710,1,1,0,0,0,1,1,0,0,0,10,2,2,4,8.26,5,2,7,Yes
S02711,0,1,1,0,0,0,0,1,0,0,10,8,6,4,6.82,8,2,3,Yes
S02712,1,1,1,0,1,0,0,0,0,0,7,8,3,4,6.98,4,1,7,No
S02713,1,0,1,0,0,1,1,0,1,0,1,4,7,3,9.91,6,2,6,Yes
S02714,1,0,0,1,1,1,1,1,0,0,2,6,3,9,5.0,0,3,2,No
S02715,1,1,0,1,1,0,1,0,0,0,7,7,6,2,7.11,3,3,3,Yes
S02716,1,1,1,1,0,0,0,0,0,1,3,4,5,1,8.63,4,2,5,No
S02717,0,1,0,1,1,1,1,0,1,1,5,2,8,5,5.95,6,0,2,No
S02718,0,1,0,1,0,0,0,1,0,1,1,7,6,9,8.15,4,1,4,No
S02719,0,1,1,0,1,1,0,0,0,0,6,4,4,1,9.92,1,0,6,No
S02720,1,1,0,0,1,1,1,0,0,0,10,3,6,6,6.07,0,3,2,No
S02721,0,1,1,1,0,0,1,1,0,0,8,2,5,3,8.58,4,0,2,No
S02722,0,1,1,0,1,0,0,0,0,0,7,7,2,10,5.5,4,2,3,No
S02723,0,1,0,1,1,1,0,0,1,0,4,7,8,6,6.8,3,0,6,No
S02724,1,1,1,0,1,1,1,0,0,0,8,7,9,8,7.22,4,2,6,Yes
S02725,1,0,1,1,0,0,1,0,0,0,5,5,4,7,5.18,8,2,5,Yes
S02726,1,0,0,1,1,1,1,0,0,1,7,2,5,5,9.37,3,1,1,No
S02727,1,1,0,1,1,1,1,1,0,0,8,5,1,9,7.31,3,0,2,No
S02728,1,1,0,0,1,1,1,0,0,1,9,10,1,9,6.36,6,3,1,Yes
S02729,1,1,1,1,1,0,1,0,0,1,3,3,4,9,9.14,4,1,1,Yes
S02730,1,1,0,1,1,1,1,1,0,0,10,8,9,5,5.47,1,3,8,Yes
S02731,0,1,0,0,1,0,0,1,1,0,6,5,1,3,9.46,2,3,7,Yes
S02732,1,1,0,0,1,1,0,0,0,0,9,10,1,6,8.84,2,3,0,No
S02733,1,1,0,1,1,1,0,0,0,1,2,3,1,8,5.47,1,0,2,No
S02734,0,1,0,1,0,1,0,0,0,0,7,1,4,6,6.34,1,1,3,No
S02735,0,0,0,0,0,0,0,0,0,0,6,5,7,4,8.58,3,3,5,No
S02736,0,1,0,1,0,1,0,0,0,0,2,1,6,4,5.66,1,2,6,No
S02737,0,1,1,0,0,1,1,0,1,1,8,5,5,4,5.14,3,0,3,No
S02738,1,1,1,0,0,0,0,0,0,0,10,9,8,9,5.53,2,2,3,Yes
S02739,0,1,1,1,1,1,1,0,1,1,1,10,9,5,8.81,8,2,8,Yes
S02740,1,0,0,0,1,0,0,0,0,0,2,8,9,4,7.32,4,2,4,No
S02741,1,0,1,0,0,1,0,0,0,1,6,2,10,4,9.24,3,2,8,Yes
S02742,1,1,0,0,0,0,1,0,1,1,2,2,7,9,9.18,6,2,5,Yes
S02743,1,0,0,1,0,1,0,1,0,1,3,4,4,1,8.58,1,0,7,No
S02744,1,1,0,0,0,0,1,1,1,1,8,6,2,8,5.77,5,2,1,Yes
S02745,0,1,0,0,1,1,0,0,0,0,7,6,2,7,5.87,3,1,4,No
S02746,0,1,0,1,1,1,1,0,0,1,6,5,2,3,7.2,0,2,2,No
S02747,0,0,0,0,1,1,1,1,0,0,8,4,7,10,9.53,6,0,7,Yes
S02748,1,1,0,1,0,0,1,0,0,1,3,5,4,10,6.47,8,2,5,Yes
S02749,0,1,0,1,0,1,1,0,0,0,7,10,8,3,7.79,8,1,0,Yes
S02750,0,1,0,0,1,0,0,0,1,1,10,7,9,1,6.61,2,0,3,No
S02751,1,0,1,1,1,1,1,1,1,1,1,3,5,1,5.69,5,0,6,No
S02752,0,0,1,1,1,1,1,1,0,1,3,5,9,7,8.39,6,2,4,Yes
S02753,1,0,1,1,0,0,1,1,0,0,9,2,6,1,8.04,1,3,0,No
S02754,1,0,1,1,0,1,1,0,0,0,9,9,2,1,9.96,0,3,1,No
S02755,0,0,0,1,0,0,0,1,0,1,4,1,5,7,6.85,3,0,7,No
S02756,1,0,1,1,1,1,0,0,0,0,6,3,5,8,5.02,2,3,6,No
S02757,1,0,1,0,1,0,1,0,0,1,5,4,1,8,7.36,0,2,6,No
S02758,0,0,0,0,0,0,0,0,1,0,5,6,4,10,9.04,2,1,0,No
S02759,0,1,0,1,1,0,1,0,1,0,2,10,6,10,5.67,6,1,6,Yes
S02760,1,1,0,0,0,1,1,0,0,0,6,5,10,6,5.08,8,0,8,Yes
S02761,1,0,1,1,1,1,1,0,1,1,7,4,8,10,9.24,7,2,2,Yes
S02762,1,0,0,1,0,1,1,0,0,1,7,1,4,8,6.4,2,2,6,No
S02763,0,0,1,0,1,1,1,0,1,1,2,1,8,5,9.38,7,3,4,Yes
S02764,1,0,1,1,1,1,1,0,0,0,10,4,6,6,7.98,4,2,4,Yes
S02765,1,0,0,1,1,0,1,1,1,0,7,8,10,4,5.38,2,0,6,No
S02766,0,1,1,1,0,1,0,1,1,1,4,5,4,9,5.53,8,3,1,Yes
S02767,1,1,1,0,1,1,1,0,0,1,7,2,7,7,6.5,2,1,0,No
S02768,1,1,0,1,0,1,1,0,1,0,10,9,1,10,6.49,8,2,5,Yes
S02769,1,1,0,1,1,0,1,1,1,0,8,2,6,4,7.46,6,0,7,Yes
S02770,0,1,1,0,0,0,1,0,0,0,8,10,1,1,9.83,4,2,6,Yes
S02771,1,1,0,1,0,0,1,0,1,1,10,1,10,3,5.41,4,1,0,No
S02772,1,1,1,1,1,1,0,0,1,1,4,6,1,7,5.5,6,2,8,Yes
S02773,0,0,0,1,0,0,1,0,0,0,5,6,6,6,9.76,1,3,4,Yes
S02774,1,1,0,1,1,1,1,1,0,0,5,1,3,6,8.64,1,0,7,No
S02775,1,0,1,1,0,0,1,0,0,0,6,9,7,4,7.45,3,3,8,Yes
S02776,1,0,0,0,1,1,0,1,1,0,8,6,2,2,7.86,0,3,7,Yes
S02777,1,1,0,1,1,1,1,0,1,1,6,6,7,6,9.59,4,1,1,Yes
S02778,1,1,1,1,1,0,1,0,1,1,3,1,1,6,6.03,4,3,3,No
S02779,1,0,1,0,0,1,1,1,0,0,6,4,3,1,8.89,3,2,1,No
S02780,1,0,0,1,1,0,1,0,0,0,3,9,5,8,7.45,0,0,3,No
S02781,1,1,1,1,0,0,0,0,0,1,9,6,10,6,7.07,6,3,2,Yes
S02782,0,1,0,0,0,1,1,0,1,0,3,8,6,8,9.25,7,0,6,Yes
S02783,0,1,1,0,0,0,0,0,0,1,3,3,7,5,5.42,2,0,1,No
S02784,0,1,0,1,1,1,0,1,1,0,3,6,10,3,9.65,4,1,1,Yes
S02785,0,1,0,0,0,0,1,0,1,0,9,4,9,1,6.51,7,2,6,Yes
S02786,1,1,1,0,1,1,1,1,1,0,5,1,8,7,7.56,5,2,1,Yes
S02787,0,1,1,0,1,1,1,0,0,0,10,7,4,6,7.09,3,0,5,No
S02788,1,0,1,0,0,0,0,0,0,1,2,7,9,8,7.53,4,0,8,Yes
S02789,0,0,0,1,1,1,1,0,0,0,5,1,3,8,7.82,5,1,5,No
S02790,0,0,1,1,0,1,0,0,0,0,9,3,7,2,7.63,6,1,1,No
S02791,0,0,0,0,0,0,1,1,1,0,10,1,6,5,8.38,2,1,6,Yes
S02792,0,0,0,1,1,1,0,0,0,0,5,9,3,9,9.71,7,3,8,Yes
S02793,0,1,1,1,1,1,1,1,1,0,8,10,2,8,9.94,4,0,8,Yes
S02794,1,1,0,0,0,1,1,0,0,0,4,4,2,1,5.13,4,3,0,No
S02795,1,0,0,0,1,1,0,0,0,0,2,5,7,2,6.16,1,2,5,No
S02796,0,0,1,1,0,0,1,0,1,0,9,1,4,3,5.34,5,1,6,No
S02797,1,1,1,1,0,0,1,0,0,0,10,9,2,3,5.72,8,1,8,Yes
S02798,0,1,1,1,1,1,1,0,0,0,1,10,8,8,6.65,6,2,2,Yes
S02799,0,0,0,1,1,0,1,0,0,0,3,3,6,3,5.41,0,2,3,No
S02800,1,1,0,1,0,0,1,1,1,0,9,5,2,9,8.8,4,2,5,Yes
S02801,0,1,0,0,1,1,1,0,0,1,8,1,5,4,8.13,2,0,3,No
S02802,0,0,0,0,0,1,1,0,1,0,7,3,4,4,5.47,3,3,0,No
S02803,0,1,0,0,1,0,1,0,0,1,8,4,7,9,9.52,6,0,2,Yes
S02804,0,0,0,1,0,1,1,0,0,1,4,8,6,3,9.93,1,2,4,No
S02805,1,0,0,1,0,1,1,0,0,0,7,8,7,4,8.82,5,0,8,Yes
S02806,0,1,0,0,1,0,1,0,0,0,9,7,2,4,9.44,7,1,5,Yes
S02807,0,1,1,0,1,0,1,0,0,0,6,9,6,7,5.04,2,0,5,No
S02808,1,1,0,0,0,1,1,0,0,0,2,10,8,2,6.59,6,2,3,No
S02809,1,1,1,1,1,1,1,1,0,0,7,5,5,3,8.91,0,1,6,Yes
S02810,0,0,0,0,0,0,0,0,0,1,4,2,4,10,9.28,4,3,5,Yes
S02811,1,1,0,0,0,1,1,1,0,0,8,1,2,6,9.61,6,1,0,No
S02812,0,1,1,1,1,0,1,0,0,0,8,8,4,2,6.5,6,0,1,No
S02813,0,1,0,0,0,1,0,0,1,0,7,4,2,9,8.59,7,2,7,No
S02814,1,1,0,0,1,1,0,0,0,0,9,6,8,6,9.58,2,1,7,Yes
S02815,0,1,1,0,0,1,1,0,1,0,3,3,10,6,5.33,7,1,4,No
S02816,0,0,0,1,0,1,1,0,0,1,9,7,8,8,8.57,6,0,7,Yes
S02817,1,1,1,1,0,0,1,1,0,0,10,7,6,3,8.95,6,0,0,Yes
S02818,1,1,1,0,1,0,1,0,1,1,1,3,1,9,6.68,4,1,2,No
S02819,1,1,0,1,1,1,0,1,0,0,6,2,4,7,9.44,6,2,2,Yes
S02820,1,0,0,0,1,1,1,0,1,0,10,3,9,10,6.94,0,0,6,No
S02821,0,1,1,0,0,1,0,1,0,0,3,7,6,4,6.49,8,0,6,No
S02822,1,0,1,0,1,1,0,0,1,0,7,9,5,10,6.97,3,3,4,Yes
S02823,0,1,1,1,0,0,1,0,0,1,6,9,8,2,7.29,3,3,5,Yes
S02824,1,0,1,1,0,1,1,0,0,0,10,10,7,1,9.16,2,2,5,Yes
S02825,1,1,0,1,0,0,0,0,1,1,8,2,1,7,6.34,5,2,5,No
S02826,0,0,0,1,1,0,1,0,0,1,2,2,3,10,5.81,3,2,3,No
S02827,0,1,1,1,0,0,1,1,0,0,7,2,1,6,6.35,5,1,5,No
S02828,1,0,0,1,1,1,0,1,1,0,1,2,9,8,7.74,1,2,3,Yes
S02829,1,1,1,1,1,1,0,1,0,0,9,9,6,6,9.89,1,0,1,Yes
S02830,1,0,1,1,0,1,0,0,0,0,1,2,9,10,5.13,5,2,4,No
S02831,1,0,1,1,0,0,1,1,0,0,6,7,6,10,9.54,2,3,2,Yes
S02832,0,1,0,1,0,1,1,0,1,0,1,10,4,4,6.45,7,3,7,Yes
S02833,1,1,1,1,1,1,1,1,0,0,2,1,8,3,7.4,7,1,0,Yes
S02834,1,0,0,0,1,1,0,1,0,0,4,1,8,2,6.89,4,1,7,No
S02835,1,1,1,1,1,1,1,0,0,1,3,5,1,6,9.51,1,1,7,No
S02836,0,0,1,1,1,1,1,1,0,1,7,10,3,10,8.78,0,3,6,Yes
S02837,0,1,0,1,1,1,1,0,1,0,9,8,8,8,6.56,4,0,3,Yes
S02838,1,1,0,1,1,1,1,0,1,1,2,10,2,10,6.94,1,0,4,No
S02839,0,0,1,1,0,0,0,0,1,0,9,1,6,1,8.83,0,3,3,No
S02840,1,1,0,0,1,1,1,0,0,1,6,4,4,3,8.72,8,0,8,Yes
S02841,1,0,0,0,1,0,1,1,1,0,6,5,10,1,8.89,0,3,7,Yes
S02842,0,0,1,1,1,1,1,1,0,0,9,9,1,8,8.87,5,1,8,Yes
S02843,0,1,1,0,1,1,0,0,0,0,4,5,8,5,8.19,7,1,6,Yes
S02844,0,0,1,0,0,1,1,0,0,0,4,7,5,2,6.88,2,3,0,No
S02845,0,0,0,1,0,1,1,1,0,1,6,5,10,1,7.02,6,3,2,Yes
S02846,1,1,1,1,0,1,1,1,1,0,4,4,4,2,7.18,1,1,5,Yes
S02847,0,0,1,1,0,1,1,0,0,0,9,3,9,3,7.44,3,3,0,No
S02848,1,1,0,0,1,0,1,0,0,0,3,1,5,9,6.18,1,1,5,No
S02849,0,1,1,1,1,0,1,1,0,0,5,8,3,3,7.51,4,0,8,No
S02850,1,1,0,1,0,0,1,0,0,1,2,9,5,7,7.33,1,2,2,No
S02851,0,0,0,0,1,0,0,0,1,0,1,10,9,5,6.55,5,1,3,No
S02852,1,1,0,0,1,0,0,1,0,0,10,7,5,9,6.73,8,3,1,Yes
S02853,1,1,0,1,1,1,1,0,0,0,2,3,3,5,8.17,5,2,3,Yes
S02854,0,1,1,1,0,0,1,1,1,0,6,1,3,7,5.27,4,1,4,No
S02855,1,1,0,0,0,0,1,0,0,1,7,6,9,8,9.0,1,3,3,Yes
S02856,1,0,1,0,0,0,1,1,0,0,7,10,8,3,8.3,1,0,0,No
S02857,1,0,0,1,0,1,1,0,0,0,6,7,7,6,7.48,6,0,4,No
S02858,1,1,0,1,0,1,1,0,1,0,7,8,9,10,5.67,1,2,0,Yes
S02859,1,1,0,1,1,1,1,1,0,0,8,3,10,4,8.21,1,2,1,Yes
S02860,1,1,0,0,1,1,0,1,0,0,6,6,9,5,5.89,1,1,7,No
S02861,0,1,0,1,0,1,1,1,1,0,7,6,5,2,5.02,1,1,6,No
S02862,1,1,0,1,1,1,0,1,1,0,7,9,1,1,8.54,7,3,7,Yes
S02863,0,1,1,1,0,1,0,0,1,0,10,8,4,7,9.09,4,1,0,Yes
S02864,0,1,1,0,1,0,1,0,1,0,3,4,8,5,7.71,6,1,4,Yes
S02865,1,1,1,0,0,1,1,1,1,1,5,1,9,5,5.62,6,1,4,Yes
S02866,0,1,1,1,1,0,1,0,0,1,6,10,4,4,8.3,8,1,4,Yes
S02867,1,0,1,0,1,1,1,0,0,0,7,6,3,5,6.51,5,3,5,Yes
S02868,0,1,0,0,1,0,0,0,1,1,7,7,5,5,9.57,2,1,6,No
S02869,1,0,1,1,1,1,1,1,1,0,2,1,4,9,7.67,3,0,8,Yes
S02870,1,1,0,1,0,1,1,1,0,0,6,6,4,5,9.34,4,3,8,Yes
S02871,0,1,1,0,0,1,0,0,0,0,7,7,10,10,6.11,8,0,5,Yes
S02872,0,1,1,1,1,1,1,0,0,1,9,2,1,2,8.45,4,2,3,Yes
S02873,0,0,1,1,0,1,1,0,1,0,8,5,10,4,9.38,0,0,0,No
S02874,1,0,1,0,1,0,1,1,0,1,5,8,2,3,9.5,7,3,8,Yes
S02875,0,0,0,0,1,1,1,0,1,1,7,6,1,1,9.06,0,2,4,Yes
S02876,1,0,0,1,1,1,1,1,1,0,8,3,3,8,5.56,4,3,1,Yes
S02877,1,1,0,1,1,1,1,1,0,0,4,8,4,10,7.47,6,3,0,Yes
S02878,1,0,0,0,1,0,1,0,1,0,10,4,5,3,6.77,2,0,4,No
S02879,0,0,1,1,1,1,1,0,1,1,5,1,9,1,6.38,6,3,0,Yes
S02880,1,0,0,0,1,0,1,0,1,1,8,6,4,5,7.78,0,1,6,No
S02881,1,0,1,1,0,0,0,0,1,1,5,6,4,4,7.12,1,3,0,No
S02882,0,0,1,1,1,1,1,0,0,1,10,1,6,5,5.59,0,0,8,No
S02883,1,1,0,1,0,1,1,1,1,0,5,6,6,10,7.86,6,3,0,Yes
S02884,1,0,0,1,1,1,0,0,1,1,9,4,2,8,6.65,3,0,7,No
S02885,1,0,0,1,1,0,0,1,0,1,7,1,8,6,7.48,0,0,0,No
S02886,0,0,1,1,1,1,0,1,0,1,10,10,9,4,9.37,0,2,6,Yes
S02887,1,1,1,0,0,1,0,0,1,0,5,2,8,3,9.44,6,3,3,Yes
S02888,1,1,0,1,0,0,0,0,0,0,7,3,9,6,8.42,4,3,8,Yes
S02889,0,0,0,1,0,0,1,0,0,0,7,10,5,5,5.89,5,3,6,Yes
S02890,0,0,0,1,1,1,1,0,1,1,7,4,7,10,7.12,6,2,5,Yes
S02891,1,0,0,1,1,0,1,0,1,1,5,9,7,1,8.72,5,1,3,Yes
S02892,0,1,1,1,1,1,1,0,0,0,4,6,10,5,8.24,5,0,6,Yes
S02893,0,0,1,1,1,0,1,1,1,0,6,1,2,10,9.9,4,0,4,Yes
S02894,0,1,0,1,0,0,1,0,1,0,3,1,2,3,7.77,6,2,7,No
S02895,1,0,1,1,0,0,0,0,0,1,8,5,8,8,9.01,7,3,3,Yes
S02896,0,1,0,1,0,1,1,0,0,1,1,7,9,8,6.07,0,3,4,No
S02897,1,0,0,1,0,1,0,0,0,0,9,9,7,5,7.86,1,2,3,Yes
S02898,1,1,1,1,0,1,1,0,0,0,9,3,9,3,9.2,3,1,7,Yes
S02899,1,1,0,0,0,1,1,0,0,1,7,4,2,4,7.56,5,0,2,No
S02900,1,1,0,0,1,0,0,0,1,0,8,3,3,4,9.36,2,2,1,Yes
S02901,1,1,1,1,0,0,1,1,0,0,7,3,1,2,6.17,4,3,4,No
S02902,0,0,0,1,0,0,1,0,0,0,4,8,1,9,5.38,3,0,1,No
S02903,1,0,0,0,1,0,1,0,0,0,10,7,5,7,7.11,6,3,0,Yes
S02904,1,0,1,0,1,0,0,0,1,0,10,10,5,2,6.74,1,3,1,No
S02905,1,1,0,1,1,0,1,0,0,0,9,7,9,8,7.77,6,2,1,Yes
S02906,1,0,0,0,0,0,0,0,0,0,2,8,3,7,8.86,0,1,7,No
S02907,0,1,0,1,0,1,0,1,1,1,5,10,6,2,9.04,4,3,7,Yes
S02908,1,0,0,1,0,1,1,1,1,0,1,5,2,8,5.89,3,2,0,No
S02909,1,0,0,0,0,1,1,0,1,1,8,2,5,6,7.73,3,3,0,No
S02910,1,1,1,1,1,1,1,0,0,1,4,5,1,4,5.02,6,3,3,Yes
S02911,1,1,1,1,1,1,1,0,0,0,2,8,4,8,7.78,5,1,1,No
S02912,1,1,0,1,0,1,0,0,0,0,2,3,2,5,6.25,7,3,5,Yes
S02913,0,0,1,0,1,0,1,1,0,0,4,9,1,9,8.62,7,2,2,No
S02914,0,1,0,0,1,0,1,1,1,0,7,3,7,9,7.76,7,1,3,Yes
S02915,1,0,0,1,1,1,0,0,1,0,9,2,6,2,6.91,3,3,2,No
S02916,0,1,1,0,1,1,1,0,0,0,4,9,2,3,5.34,6,0,8,No
S02917,0,0,1,1,0,0,0,0,1,0,8,10,3,8,8.32,5,3,4,Yes
S02918,0,0,0,0,0,1,1,1,0,1,9,10,7,8,9.47,7,1,5,Yes
S02919,1,1,0,0,0,1,0,0,0,1,4,10,5,7,8.29,7,0,5,Yes
S02920,1,0,0,1,1,1,1,1,0,0,6,7,9,7,9.72,7,2,5,Yes
S02921,1,0,0,1,1,1,0,1,0,0,10,3,9,10,6.07,5,3,8,Yes
S02922,0,0,0,0,1,1,1,0,1,0,5,5,6,8,6.03,7,2,4,Yes
S02923,0,1,1,0,0,1,1,0,0,1,7,9,7,5,7.65,7,2,2,Yes
S02924,1,1,0,1,1,1,1,0,0,0,2,2,9,3,8.5,4,1,5,Yes
S02925,1,1,0,0,0,0,1,0,0,1,9,9,9,10,6.6,0,3,5,Yes
S02926,0,1,0,0,1,1,1,0,0,1,3,2,6,1,9.75,7,3,8,Yes
S02927,0,1,1,1,0,1,0,1,1,1,1,5,9,1,7.27,0,3,7,Yes
S02928,0,1,0,1,1,1,1,0,0,0,3,4,8,10,6.07,7,3,0,Yes
S02929,0,0,0,1,0,0,1,1,1,0,6,3,10,7,6.76,0,3,5,Yes
S02930,1,1,0,0,0,0,1,0,0,1,4,4,3,2,9.22,7,1,8,Yes
S02931,0,0,1,1,1,0,0,0,1,0,10,3,3,5,9.78,0,2,3,No
S02932,0,1,0,1,1,1,1,0,1,1,9,9,7,2,5.38,1,2,0,Yes
S02933,1,0,0,1,0,0,0,0,1,1,3,9,6,5,6.23,1,1,5,No
S02934,1,0,0,1,1,0,1,0,0,0,1,3,2,9,7.19,7,1,6,No
S02935,0,1,0,0,0,1,1,0,0,0,9,7,6,9,8.08,2,1,5,Yes
S02936,1,0,0,1,1,0,1,1,0,1,8,5,8,6,6.7,2,2,8,Yes
S02937,0,1,0,0,1,0,1,1,0,0,9,1,2,9,7.29,8,1,7,Yes
S02938,0,0,0,1,0,0,1,0,1,1,10,8,10,8,9.04,6,0,7,Yes
S02939,0,1,1,0,0,1,1,1,0,0,8,9,1,6,8.19,1,0,4,No
S02940,1,1,0,1,0,1,0,0,0,0,7,3,7,10,7.74,4,1,1,Yes
S02941,1,1,1,1,0,0,1,0,0,1,7,1,8,6,8.28,2,2,5,Yes
S02942,0,1,0,0,1,0,1,1,0,0,9,9,6,1,5.15,2,1,0,No
S02943,1,1,1,1,0,0,1,0,1,0,3,6,3,6,8.96,0,3,8,Yes
S02944,0,1,1,0,0,0,1,1,0,1,9,1,4,8,9.89,0,3,3,No
S02945,0,1,1,0,0,0,1,1,1,1,2,9,4,10,8.51,4,3,5,Yes
S02946,1,0,1,1,1,1,1,0,0,1,4,7,2,5,7.16,3,1,4,No
S02947,1,1,0,0,1,0,0,1,0,0,1,4,2,2,9.93,8,2,7,Yes
S02948,1,1,1,1,1,1,1,0,0,0,1,3,5,2,8.25,0,1,3,No
S02949,1,1,0,0,1,0,0,0,1,0,9,3,7,6,8.13,4,0,3,No
S02950,0,0,1,1,0,1,0,0,0,0,2,1,4,6,5.03,6,3,4,No
S02951,0,1,0,0,0,1,1,1,1,0,10,7,2,6,9.39,0,1,2,No
S02952,0,1,0,1,1,0,0,1,0,0,3,10,9,1,6.71,5,1,7,Yes
S02953,0,1,1,1,0,0,1,0,1,1,1,9,7,5,5.72,7,2,1,Yes
S02954,1,1,0,0,1,0,1,1,0,0,1,10,2,2,9.1,2,1,1,No
S02955,0,1,1,1,0,1,0,0,0,0,1,3,7,3,6.8,0,3,7,No
S02956,0,1,1,1,1,1,0,0,0,1,2,2,10,1,5.67,3,3,8,Yes
S02957,0,1,0,1,0,0,1,0,0,0,8,3,9,10,8.53,2,3,7,Yes
S02958,0,1,0,0,1,0,1,0,0,0,8,3,8,10,6.05,2,2,2,Yes
S02959,1,1,0,0,1,1,0,0,1,0,8,1,10,10,7.43,5,2,8,Yes
S02960,0,1,1,1,0,0,1,0,0,0,8,1,3,1,5.97,4,1,4,No
S02961,1,1,1,0,1,0,0,0,0,0,9,4,1,1,8.53,3,3,0,No
S02962,1,0,1,1,0,0,1,0,0,1,6,10,4,7,8.43,8,3,0,Yes
S02963,1,1,1,0,0,0,1,0,0,0,4,6,10,3,8.74,5,0,3,No
S02964,0,0,0,0,0,0,1,0,0,1,4,5,8,7,5.38,1,0,3,No
S02965,0,1,0,1,0,0,1,0,1,0,3,2,1,4,6.3,3,3,0,No
S02966,0,1,0,1,1,0,0,1,0,0,10,7,3,3,6.93,1,1,1,No
S02967,0,0,1,0,1,1,1,0,0,0,2,5,3,5,5.56,3,0,4,No
S02968,0,1,0,0,1,0,1,1,0,1,1,6,1,10,8.72,2,2,6,Yes
S02969,0,1,1,1,1,1,0,0,0,0,10,3,1,10,9.88,4,3,3,Yes
S02970,1,1,1,1,1,0,0,0,1,0,1,3,4,6,8.03,1,3,4,No
S02971,1,1,0,1,1,0,1,0,1,0,3,10,6,4,6.84,7,0,5,Yes
S02972,1,0,0,1,0,1,0,0,0,0,6,1,1,1,7.45,8,2,6,No
S02973,0,1,0,1,1,0,0,0,1,0,7,3,10,10,9.08,7,0,0,Yes
S02974,0,1,1,1,0,1,1,0,0,1,7,2,4,7,5.92,3,2,6,Yes
S02975,1,0,0,0,1,1,1,0,0,0,4,1,9,1,9.1,0,1,0,No
S02976,1,0,0,1,0,1,1,1,0,0,10,5,7,9,5.76,1,2,2,Yes
S02977,0,0,1,0,0,0,0,0,0,0,7,9,8,7,9.73,8,0,8,Yes
S02978,1,1,0,0,0,0,1,1,1,1,2,6,2,5,5.81,2,0,8,No
S02979,0,0,0,0,1,1,1,1,1,1,6,9,5,1,8.8,6,2,0,Yes
S02980,0,0,1,1,0,1,0,0,0,0,1,10,8,9,8.01,2,1,7,Yes
S02981,1,0,1,1,1,1,0,0,1,1,1,7,5,10,6.69,3,3,2,Yes
S02982,1,0,1,0,1,1,0,1,1,1,5,7,2,4,5.41,0,3,8,No
S02983,0,0,0,0,0,1,0,0,1,0,7,4,2,7,8.57,0,1,2,No
S02984,0,1,0,0,1,1,1,1,0,0,7,4,4,3,7.65,8,2,1,Yes
S02985,1,1,1,0,0,0,1,0,0,0,7,9,7,8,9.99,1,1,6,Yes
S02986,0,0,0,1,1,0,1,0,0,0,6,1,8,2,7.62,6,1,5,Yes
S02987,1,1,1,1,1,1,1,1,0,0,3,4,6,3,5.09,2,0,7,No
S02988,1,1,0,0,0,0,1,0,0,0,1,6,4,2,5.36,2,0,7,No
S02989,0,1,0,1,0,1,0,0,0,1,4,4,10,1,7.24,8,1,4,Yes
S02990,0,0,0,1,0,0,0,1,1,0,8,5,5,7,8.17,7,1,3,Yes
S02991,1,1,1,1,0,1,1,0,0,0,6,5,6,7,9.37,7,1,2,Yes
S02992,0,0,1,1,1,0,1,0,0,0,5,8,10,9,9.47,3,0,8,Yes
S02993,0,1,0,1,1,0,1,0,0,0,5,3,8,8,5.6,8,1,5,Yes
S02994,1,1,1,1,0,1,1,1,0,0,2,5,4,1,8.86,7,1,0,Yes
S02995,1,1,0,1,0,0,0,0,0,0,1,6,9,1,5.61,6,1,4,No
S02996,0,1,0,0,0,0,1,0,1,1,4,10,9,8,8.14,1,3,2,Yes
S02997,1,0,0,1,1,1,0,1,0,1,8,9,4,10,8.08,3,0,4,Yes
S02998,1,0,0,0,0,1,1,1,1,1,4,6,2,5,7.96,6,2,4,Yes
S02999,1,0,0,0,0,0,0,0,1,0,4,9,4,10,8.2,8,0,7,No
S03000,0,1,0,1,1,0,1,0,0,0,1,8,7,1,5.59,5,3,3,No
S03001,0,1,0,1,0,1,1,0,1,0,7,3,5,8,6.73,3,0,0,No
S03002,0,1,0,1,0,0,0,1,0,0,4,10,5,3,7.32,7,1,3,No
S03003,1,1,0,0,0,0,1,0,0,0,7,7,9,8,5.25,3,3,1,Yes
S03004,0,1,1,1,1,0,0,0,0,1,2,4,4,3,5.17,5,2,0,No
S03005,0,0,1,1,0,1,0,1,1,1,7,10,10,2,9.15,4,3,0,Yes
S03006,0,1,1,1,0,1,1,0,0,0,5,2,8,10,6.34,7,0,0,Yes
S03007,0,1,0,1,1,0,1,0,0,0,2,7,9,3,7.74,3,1,0,No
S03008,1,0,0,0,0,0,0,1,1,0,10,5,4,8,6.7,8,3,1,Yes
S03009,0,1,1,1,1,1,0,0,0,0,5,8,3,6,8.1,1,1,8,No
S03010,1,0,1,1,0,1,1,0,1,0,8,10,9,3,6.37,0,1,7,No
S03011,1,0,0,1,0,1,0,0,0,0,7,3,4,9,8.45,0,0,2,No
S03012,1,1,1,1,0,1,1,1,0,0,8,10,1,4,9.4,0,3,4,Yes
S03013,1,1,1,1,1,0,0,1,0,0,6,1,3,9,6.61,3,3,6,Yes
S03014,1,0,1,0,1,0,0,0,0,0,6,1,2,6,6.52,6,0,3,No
S03015,0,1,1,1,1,0,1,1,0,0,6,10,7,7,5.82,5,3,3,Yes
S03016,1,1,1,1,1,0,1,1,1,1,3,9,2,5,6.24,3,3,2,Yes
S03017,0,0,1,0,1,0,1,0,0,1,1,3,4,10,9.87,4,0,1,No
S03018,1,1,0,1,0,1,0,0,0,1,7,2,2,1,7.13,3,1,5,No
S03019,1,1,0,0,1,1,1,0,0,0,6,6,6,3,8.89,2,2,3,Yes
S03020,0,0,0,0,0,0,0,0,1,1,10,9,5,7,8.33,8,3,6,Yes
S03021,1,0,0,1,0,1,0,1,0,1,9,5,6,7,9.68,7,3,0,Yes
S03022,1,1,0,1,1,0,1,0,0,1,4,7,10,10,9.42,8,1,5,Yes
S03023,0,1,0,0,0,0,1,0,1,1,1,4,8,1,7.34,0,2,6,No
S03024,1,1,0,1,0,1,0,0,1,0,8,6,4,8,6.26,3,0,0,No
S03025,1,1,1,0,1,1,1,0,0,0,3,8,9,10,8.81,3,1,1,Yes
S03026,1,0,0,0,1,0,1,0,1,0,1,1,9,3,6.58,4,2,7,No
S03027,0,0,0,1,0,1,1,0,0,0,6,3,7,6,8.99,1,3,4,Yes
S03028,0,0,0,0,0,0,1,1,1,0,7,2,5,3,6.81,4,1,1,No
S03029,0,1,1,1,1,0,0,0,0,0,7,8,3,9,7.99,5,0,7,No
S03030,0,1,1,1,1,0,1,0,0,0,7,2,3,7,6.49,6,0,7,No
S03031,1,1,0,1,1,1,1,0,0,0,4,6,7,6,6.06,7,0,6,Yes
S03032,1,1,1,1,0,0,0,0,0,0,4,6,7,5,5.95,2,0,7,No
S03033,0,1,0,1,0,1,0,1,1,0,6,8,7,1,5.31,6,0,3,No
S03034,1,1,1,0,1,1,0,0,0,0,5,4,3,6,6.69,3,1,6,No
S03035,1,1,0,1,1,1,0,0,0,0,2,5,2,3,8.11,4,2,2,No
S03036,1,0,0,1,0,0,1,0,0,1,1,8,4,2,6.16,7,3,6,Yes
S03037,1,0,0,1,0,0,0,0,0,0,1,8,9,3,6.07,8,0,7,No
S03038,0,1,0,0,1,1,0,0,1,1,3,7,1,5,7.41,4,2,5,No
S03039,1,1,1,1,0,0,1,0,1,1,7,1,6,8,7.86,0,3,2,Yes
S03040,1,0,1,1,1,0,1,0,0,0,10,7,7,2,5.36,1,2,6,Yes
S03041,1,0,0,1,0,0,1,0,1,0,3,8,1,5,8.56,4,3,4,No
S03042,0,1,0,0,1,0,1,0,1,0,10,2,2,8,5.18,2,1,7,No
S03043,1,0,0,1,1,1,1,1,0,0,8,8,10,6,5.53,8,2,3,Yes
S03044,1,0,0,1,0,0,1,0,0,0,4,9,8,1,5.0,3,2,1,No
S03045,0,1,1,1,1,0,0,1,0,1,10,2,9,4,5.33,2,0,8,No
S03046,0,1,0,0,0,1,1,0,1,0,6,3,10,1,6.16,2,1,8,No
S03047,1,1,0,0,0,1,0,0,0,0,8,10,1,8,6.88,7,0,8,Yes
S03048,1,1,1,1,0,1,0,0,0,0,6,4,8,8,8.08,1,3,8,Yes
S03049,1,1,0,0,1,1,1,0,0,0,9,9,2,5,9.88,8,1,2,Yes
S03050,1,0,0,1,1,1,1,0,1,1,8,5,6,5,7.64,5,2,6,Yes
S03051,1,0,0,0,0,0,0,1,1,0,7,2,8,10,9.05,8,1,1,Yes
S03052,1,1,1,0,0,1,1,1,1,0,5,4,6,8,7.42,2,2,3,Yes
S03053,1,1,1,1,0,1,1,0,1,0,6,4,5,3,8.94,0,3,3,Yes
S03054,1,0,0,1,1,1,0,1,0,0,7,7,4,1,8.42,5,0,0,No
S03055,0,1,1,0,1,1,1,0,0,0,4,6,9,6,7.95,7,1,0,No
S03056,0,1,1,1,1,1,1,0,1,0,2,10,4,3,7.2,7,2,1,Yes
S03057,0,0,1,0,1,0,1,1,0,0,8,4,6,9,9.43,0,0,4,No
S03058,1,1,1,0,1,0,0,1,0,0,10,3,10,3,5.81,5,0,1,No
S03059,1,1,0,0,0,0,0,1,0,0,6,10,2,6,7.81,3,2,3,Yes
S03060,0,1,0,0,1,1,1,0,0,0,1,10,6,8,9.51,1,1,5,No
S03061,1,1,1,1,0,1,1,1,0,0,4,3,8,2,5.61,4,0,1,No
S03062,1,1,0,0,0,1,0,1,0,0,5,8,8,7,6.75,0,2,2,Yes
S03063,0,1,0,0,1,1,0,0,0,1,10,3,2,5,5.8,5,3,3,Yes
S03064,0,1,0,1,1,0,0,0,1,0,3,7,9,9,7.35,3,0,2,No
S03065,0,1,1,0,0,1,1,0,1,0,1,7,10,5,8.48,5,1,3,Yes
S03066,1,1,0,0,0,1,1,0,0,0,3,6,2,10,5.04,4,0,6,No
S03067,1,1,0,0,0,1,1,0,1,0,5,9,3,5,7.79,8,0,3,Yes
S03068,0,1,0,1,0,0,0,0,0,0,9,4,1,10,9.22,5,0,8,No
S03069,1,0,1,1,1,0,1,0,1,0,2,1,5,4,7.16,0,3,7,Yes
S03070,0,1,0,0,1,0,1,0,0,0,9,8,4,5,6.21,1,3,5,No
S03071,0,0,0,0,1,1,1,0,0,0,9,8,2,9,7.57,4,0,2,No
S03072,0,1,1,1,1,1,1,0,0,0,7,1,1,2,8.28,3,2,8,No
S03073,1,1,1,1,0,0,1,0,0,0,8,4,8,9,9.71,5,0,2,Yes
S03074,1,0,0,0,0,0,1,0,1,0,2,5,5,6,9.6,4,3,5,Yes
S03075,0,1,0,1,1,1,1,0,1,0,6,3,5,9,6.12,7,3,7,Yes
S03076,0,0,1,0,1,0,1,1,1,1,3,4,1,3,5.72,1,3,0,No
S03077,0,1,1,1,0,0,1,0,0,0,8,8,8,6,9.78,1,3,8,Yes
S03078,1,1,0,1,0,1,1,0,0,0,4,2,10,8,7.52,1,0,3,Yes
S03079,1,0,0,0,0,1,1,0,1,0,1,3,1,3,5.08,7,1,2,No
S03080,0,1,0,0,1,0,1,1,0,1,8,3,5,5,5.61,8,3,3,Yes
S03081,0,1,1,0,0,0,1,0,0,0,5,3,1,2,9.37,8,1,3,No
S03082,0,0,1,1,1,0,0,0,0,0,4,2,9,9,8.99,2,3,2,Yes
S03083,1,0,0,0,0,1,1,1,1,0,9,10,9,7,5.65,0,3,4,Yes
S03084,0,1,0,1,0,0,0,0,1,1,5,10,9,10,6.51,8,0,3,Yes
S03085,0,1,1,1,1,0,0,1,0,0,2,6,2,8,8.12,2,0,6,No
S03086,0,1,1,0,0,1,0,0,0,0,5,1,1,6,8.06,3,2,4,No
S03087,1,1,1,1,0,0,0,1,1,0,10,6,3,9,8.55,5,2,2,Yes
S03088,1,1,1,0,1,1,1,0,0,1,6,10,3,7,5.04,8,0,4,Yes
S03089,0,0,0,1,0,0,0,0,0,0,9,9,8,3,9.62,6,3,4,Yes
S03090,1,1,0,0,0,0,1,0,0,0,7,6,9,5,5.28,8,3,2,Yes
S03091,1,0,1,1,0,1,1,1,0,0,6,4,4,9,7.99,0,3,6,Yes
S03092,0,1,0,1,0,0,1,0,1,1,5,5,3,3,5.27,7,3,0,No
S03093,1,1,0,1,0,0,0,0,0,0,4,4,4,6,6.76,2,3,7,Yes
S03094,0,0,0,1,0,1,1,0,1,1,1,7,10,2,6.53,3,3,8,Yes
S03095,1,1,1,1,0,1,1,1,1,1,1,2,8,5,8.82,8,3,5,Yes
S03096,0,1,0,1,1,0,1,1,0,0,7,5,7,1,8.81,6,2,4,Yes
S03097,0,1,0,1,1,0,1,0,0,0,8,3,7,9,8.04,6,1,8,Yes
S03098,1,0,1,1,1,1,0,0,1,0,5,2,2,6,7.72,7,1,8,Yes
S03099,1,1,1,0,1,0,1,0,0,0,7,10,9,1,7.14,6,2,7,Yes
S03100,1,1,1,0,0,0,1,0,0,1,9,2,9,4,7.15,5,1,8,Yes
S03101,1,0,1,1,0,1,1,0,1,0,7,8,10,6,8.89,6,0,4,Yes
S03102,0,1,0,1,1,1,1,0,0,0,9,9,3,2,9.37,8,2,6,Yes
S03103,0,0,0,0,0,1,0,0,1,1,10,1,10,8,7.78,4,1,4,Yes
S03104,1,1,1,0,1,1,0,0,1,0,9,7,5,4,8.53,3,0,6,Yes
S03105,1,1,0,1,1,1,1,1,0,0,3,7,6,1,5.68,0,1,4,No
S03106,1,0,1,1,0,1,1,1,1,1,3,1,2,8,9.63,4,0,5,No
S03107,0,0,0,0,1,0,0,0,0,1,6,2,5,10,9.35,8,1,2,Yes
S03108,1,0,0,0,0,1,0,0,1,1,7,10,4,9,6.63,7,2,7,Yes
S03109,0,0,1,0,1,1,0,0,1,0,9,10,2,8,9.09,4,3,4,Yes
S03110,0,1,1,1,0,1,1,0,0,1,4,2,2,5,9.88,1,1,4,Yes
S03111,0,1,1,1,0,1,1,0,0,1,4,9,2,2,5.33,0,0,2,No
S03112,1,1,1,0,1,1,1,0,0,0,10,6,1,7,7.51,6,2,6,Yes
S03113,0,0,1,1,1,1,1,1,1,0,9,7,6,4,5.01,2,2,6,No
S03114,1,0,1,1,0,0,1,0,0,1,10,7,8,10,8.9,3,3,8,Yes
S03115,1,0,1,1,1,0,1,1,0,0,2,8,7,1,7.54,8,2,4,Yes
S03116,0,1,0,0,0,0,0,1,1,1,3,10,5,5,9.33,7,2,8,Yes
S03117,0,1,1,1,0,1,0,0,0,0,2,9,8,7,9.5,2,0,4,Yes
S03118,1,1,0,1,1,1,1,0,0,0,6,4,2,8,9.39,6,3,2,Yes
S03119,1,0,1,1,0,0,0,0,1,1,1,1,1,4,5.76,3,1,8,No
S03120,1,1,1,0,0,0,1,0,1,0,10,8,8,5,9.38,3,1,3,Yes
S03121,1,0,0,0,1,1,0,1,0,0,2,6,2,7,5.81,7,1,7,Yes
S03122,1,1,0,0,0,0,1,1,0,0,4,7,8,4,5.74,6,3,4,Yes
S03123,1,1,0,1,0,1,1,0,1,0,2,1,6,2,9.53,6,0,3,Yes
S03124,1,1,0,1,0,1,1,0,0,0,3,4,5,7,9.04,0,1,3,No
S03125,0,1,0,1,0,0,1,1,1,0,9,10,10,5,9.41,3,3,4,Yes
S03126,0,1,1,0,0,1,0,1,0,0,1,3,2,7,9.7,0,0,0,No
S03127,0,1,0,1,1,1,0,0,1,0,3,2,2,2,7.42,2,1,6,No
S03128,1,1,0,0,1,0,0,0,1,0,3,4,4,7,7.87,8,1,0,No
S03129,0,1,1,1,1,1,1,1,1,1,4,8,10,7,9.94,1,0,6,Yes
S03130,0,0,0,1,1,1,1,1,0,0,9,7,10,8,9.53,5,0,6,Yes
S03131,0,0,1,1,0,0,1,1,0,0,8,5,1,10,8.08,4,1,0,No
S03132,0,1,0,1,0,1,1,0,0,1,8,4,6,10,5.32,5,0,8,Yes
S03133,0,1,1,0,1,0,0,0,1,0,9,5,5,9,8.46,6,0,0,Yes
S03134,1,1,0,1,0,0,1,0,0,0,10,1,1,10,9.73,6,2,5,Yes
S03135,1,0,1,1,1,0,1,0,0,1,10,1,3,5,9.04,1,1,2,No
S03136,0,1,1,1,0,1,1,1,1,0,1,6,10,6,8.51,7,1,2,Yes
S03137,0,1,1,0,0,1,1,1,1,1,6,1,7,8,5.3,7,1,0,No
S03138,0,0,0,0,0,1,1,0,0,0,2,7,1,9,8.2,5,2,4,No
S03139,1,1,0,0,0,0,0,0,0,0,5,10,9,5,5.92,6,3,2,Yes
S03140,1,0,1,0,1,1,0,0,0,0,10,6,6,4,9.06,5,2,5,Yes
S03141,1,1,0,0,0,1,1,0,1,0,3,1,4,4,5.23,8,3,4,No
S03142,0,1,0,1,1,0,1,0,1,1,9,4,10,6,5.35,0,2,2,No
S03143,0,1,0,0,0,1,1,0,1,0,8,8,7,2,5.08,4,2,5,Yes
S03144,1,0,0,1,1,1,0,0,0,1,9,9,7,5,5.02,6,0,4,No
S03145,1,0,0,0,0,0,1,1,1,0,3,10,10,5,5.31,0,1,6,No
S03146,1,1,0,1,1,0,0,0,1,1,7,10,10,5,5.87,5,1,5,Yes
S03147,0,1,0,0,1,0,1,1,0,0,2,8,3,2,5.6,6,3,4,No
S03148,0,1,0,1,0,1,1,0,1,0,6,2,5,1,7.46,5,3,0,No
S03149,0,0,0,1,1,1,1,0,1,0,6,7,10,10,8.01,4,2,2,Yes
S03150,1,1,1,0,0,1,1,0,0,0,3,1,6,1,8.75,1,0,8,No
S03151,0,0,1,1,1,0,1,1,1,1,6,10,9,10,5.73,7,2,3,Yes
S03152,1,1,0,1,0,0,1,0,0,0,1,5,4,1,5.06,7,1,3,No
S03153,0,1,1,0,1,0,1,1,0,0,2,5,5,1,9.22,8,2,5,Yes
S03154,1,1,1,1,0,0,1,1,0,0,5,5,4,9,6.4,3,1,5,Yes
S03155,1,0,1,1,1,0,1,0,1,0,4,2,3,1,5.08,7,1,4,No
S03156,0,0,1,1,1,1,0,0,0,0,8,5,6,10,5.1,7,3,8,Yes
S03157,0,1,0,1,1,0,1,0,0,0,4,5,1,8,7.41,8,3,8,Yes
S03158,1,1,1,1,0,0,1,0,1,0,10,10,9,4,8.56,4,1,5,Yes
S03159,0,1,1,0,0,0,1,0,0,0,2,4,2,2,9.02,3,1,4,No
S03160,1,1,0,1,1,0,0,1,1,0,9,7,1,7,6.5,1,2,0,No
S03161,1,0,1,1,1,0,0,0,0,1,7,8,9,2,6.7,8,1,4,Yes
S03162,1,1,0,1,1,0,0,0,0,0,4,2,3,8,7.45,7,2,2,No
S03163,1,0,0,1,1,1,0,1,1,0,8,4,7,4,6.06,3,1,2,No
S03164,1,0,0,1,0,0,1,1,1,1,8,6,3,10,6.53,6,3,2,Yes
S03165,1,0,1,1,1,1,1,0,0,1,9,10,6,3,7.83,0,0,1,No
S03166,1,0,1,1,1,1,0,1,0,1,3,3,5,8,8.36,4,3,4,Yes
S03167,0,1,0,0,0,1,1,0,1,0,6,10,3,9,9.31,2,1,4,Yes
S03168,1,0,0,0,0,1,0,0,1,1,3,6,10,5,9.85,0,3,1,Yes
S03169,0,1,0,1,1,1,0,0,1,1,6,8,5,7,8.33,0,2,2,Yes
S03170,1,1,0,0,0,0,1,0,0,1,7,3,10,10,9.02,2,3,6,Yes
S03171,0,0,1,0,1,0,1,0,1,0,4,10,6,6,9.55,2,1,2,No
S03172,1,1,1,1,1,0,1,0,1,0,1,5,1,7,9.32,2,3,8,Yes
S03173,1,0,1,1,0,1,1,1,1,0,4,8,4,1,6.38,4,3,6,Yes
S03174,1,0,1,1,1,0,0,0,0,0,10,1,7,5,7.77,6,1,5,Yes
S03175,1,0,1,0,1,1,1,0,0,1,5,2,7,4,8.91,6,1,4,Yes
S03176,1,1,0,1,0,0,1,1,1,0,2,2,2,6,7.34,4,1,0,No
S03177,0,0,0,1,1,0,1,0,1,0,4,6,4,5,7.65,7,0,2,No
S03178,0,1,0,0,1,1,1,0,1,0,2,6,3,3,7.09,1,1,3,No
S03179,0,0,0,0,1,1,0,0,0,0,7,5,9,7,7.38,8,0,5,Yes
S03180,0,1,1,1,1,0,1,0,1,0,8,9,8,7,7.05,5,3,5,Yes
S03181,1,1,0,1,1,0,0,0,0,0,4,1,2,8,8.76,5,3,0,Yes
S03182,1,1,1,1,1,1,1,0,1,1,10,5,5,6,9.73,3,1,7,Yes
S03183,1,1,1,1,1,0,0,0,1,1,5,5,3,1,7.34,1,0,6,No
S03184,1,1,1,1,0,1,0,0,1,1,10,6,10,5,9.62,0,0,1,Yes
S03185,1,1,0,0,0,1,1,1,0,1,3,8,8,5,9.6,6,0,6,Yes
S03186,1,1,0,0,0,1,0,1,1,0,10,2,10,1,6.93,4,2,3,Yes
S03187,1,0,1,0,1,1,1,0,0,0,6,9,1,6,6.28,7,3,0,Yes
S03188,1,1,1,1,0,0,1,1,0,1,9,3,3,6,5.07,4,2,3,No
S03189,0,1,1,1,1,1,0,0,0,0,3,10,9,5,6.97,0,0,7,No
S03190,0,1,1,1,0,1,1,1,1,1,2,10,8,3,5.88,7,0,6,Yes
S03191,1,0,0,1,1,1,1,1,0,0,8,8,10,6,6.68,8,2,2,Yes
S03192,0,1,0,0,1,1,0,1,0,0,1,2,7,3,7.32,5,3,5,Yes
S03193,0,1,1,1,1,1,1,1,0,1,10,8,5,6,8.62,7,0,5,Yes
S03194,1,1,0,1,1,0,0,1,0,1,10,2,1,2,6.49,6,3,5,Yes
S03195,1,1,1,1,1,1,0,0,1,0,8,5,10,4,9.51,8,3,1,Yes
S03196,1,1,0,1,1,1,0,1,1,0,9,5,2,9,5.78,5,0,5,Yes
S03197,0,1,0,0,1,1,1,0,1,0,6,6,9,8,7.69,3,1,6,Yes
S03198,0,0,0,0,0,1,1,0,0,1,7,4,9,7,7.64,5,2,1,Yes
S03199,1,1,1,0,0,0,0,0,0,0,5,7,9,6,7.18,8,2,6,Yes
S03200,1,1,1,0,0,1,0,0,1,0,5,2,6,5,7.56,6,1,6,No
S03201,0,1,1,1,1,1,0,0,1,0,2,4,1,6,9.45,0,2,0,No
S03202,1,1,0,1,1,0,1,1,0,0,8,1,5,9,7.28,4,2,5,Yes
S03203,1,0,0,1,1,1,1,0,1,1,4,10,4,9,7.21,3,0,0,Yes
S03204,0,1,1,0,0,0,1,0,0,0,5,10,9,3,8.41,8,2,4,Yes
S03205,0,0,0,1,0,1,0,1,0,1,2,7,2,2,8.03,2,2,8,No
S03206,0,0,0,1,1,0,0,0,0,1,2,3,2,3,8.71,2,2,5,No
S03207,0,1,0,1,0,1,0,0,0,0,6,6,9,4,5.57,7,2,6,Yes
S03208,0,0,0,0,0,0,1,0,1,1,3,1,4,8,8.65,5,1,7,No
S03209,1,1,0,0,0,1,0,0,0,1,8,10,5,1,8.91,7,2,4,Yes
S03210,0,0,1,1,1,1,1,0,1,0,4,5,10,7,9.77,7,2,2,Yes
S03211,1,1,1,0,1,0,1,0,0,0,3,4,6,5,8.3,2,1,2,No
S03212,0,1,0,0,0,0,0,0,0,0,5,2,2,2,8.37,4,3,6,No
S03213,1,1,0,1,0,1,1,0,0,0,10,2,1,6,7.97,5,2,7,Yes
S03214,0,1,1,1,1,0,1,1,1,0,6,2,9,8,8.92,2,1,2,No
S03215,1,1,0,0,1,1,0,1,0,0,8,2,3,1,8.08,2,1,7,No
S03216,1,1,1,1,1,1,1,0,0,0,10,8,8,4,6.71,3,3,3,Yes
S03217,1,1,0,0,0,0,0,1,1,1,5,6,7,4,7.64,3,0,1,No
S03218,1,1,0,1,0,1,0,0,0,0,3,6,8,9,7.45,3,0,3,No
S03219,0,1,1,1,1,0,1,0,0,0,9,9,2,10,7.85,2,1,0,No
S03220,0,1,1,1,0,0,0,0,0,1,6,3,9,10,8.19,3,1,1,Yes
S03221,1,1,0,0,0,0,1,1,0,0,2,2,4,10,6.22,1,2,7,No
S03222,1,1,0,1,1,1,1,1,0,0,10,5,4,5,8.04,4,1,8,Yes
S03223,1,1,0,0,0,0,1,1,1,1,5,9,5,6,8.73,5,2,3,Yes
S03224,1,1,0,1,0,0,1,0,1,0,10,6,2,3,6.11,6,2,8,Yes
S03225,1,1,0,1,1,0,0,0,0,0,6,1,5,4,8.36,2,2,5,No
S03226,0,0,1,1,1,1,1,0,1,0,5,10,5,7,7.02,7,2,3,Yes
S03227,1,1,0,1,1,0,1,1,1,0,7,3,10,4,5.39,4,3,7,Yes
S03228,1,1,0,1,1,0,1,1,1,0,8,3,10,6,9.24,8,1,8,Yes
S03229,1,1,1,0,0,1,1,1,0,0,6,4,5,5,6.92,8,2,3,Yes
S03230,1,1,0,0,1,0,0,1,0,1,1,1,9,5,7.53,5,3,0,No
S03231,1,1,1,1,0,0,1,0,1,1,3,7,7,7,5.02,4,3,8,Yes
S03232,0,1,1,0,0,1,1,0,0,1,1,3,3,4,5.85,0,3,7,No
S03233,1,1,0,1,1,1,1,0,0,0,9,2,1,2,5.74,3,3,7,No
S03234,1,1,1,0,0,0,1,0,0,1,8,1,6,3,6.07,4,2,0,No
S03235,1,0,0,1,1,1,1,0,0,1,3,10,3,7,6.89,2,0,6,Yes
S03236,1,1,1,1,0,1,1,1,0,1,4,8,1,10,7.89,8,0,4,Yes
S03237,1,1,1,1,1,1,0,0,0,0,8,5,8,9,6.8,1,0,5,Yes
S03238,0,0,1,0,0,1,1,0,0,0,6,8,8,10,7.68,4,0,3,Yes
S03239,0,1,0,1,0,1,1,1,0,0,5,10,6,4,9.42,8,0,5,Yes
S03240,0,0,0,0,1,1,0,1,0,1,5,6,7,10,6.7,4,1,3,No
S03241,1,0,0,0,0,1,0,0,0,0,1,7,8,8,9.76,4,3,7,Yes
S03242,1,1,1,1,0,1,0,0,1,0,5,4,9,4,7.73,7,1,7,Yes
S03243,1,1,1,1,0,1,0,1,0,0,7,10,5,6,7.55,2,1,5,Yes
S03244,0,0,0,1,0,0,0,1,0,1,1,2,1,9,7.51,0,2,1,No
S03245,0,0,0,1,0,0,0,1,1,1,9,7,2,7,7.38,1,3,5,Yes
S03246,1,0,1,1,1,1,0,0,1,0,8,6,2,3,8.29,3,3,6,Yes
S03247,1,1,0,1,1,1,0,0,0,0,7,3,5,4,8.65,6,2,2,Yes
S03248,1,1,0,0,1,0,0,1,0,1,2,5,1,2,8.13,3,2,5,No
S03249,0,0,0,1,0,0,1,0,1,1,1,4,5,2,9.03,3,1,0,No
S03250,0,1,0,1,0,0,1,1,0,1,1,2,3,3,5.88,8,3,5,Yes
S03251,1,0,1,1,0,1,1,1,1,0,6,1,7,2,5.67,8,0,8,No
S03252,1,1,1,1,0,1,0,0,0,0,3,7,9,3,9.47,4,0,1,No
S03253,0,0,0,1,0,1,1,1,0,0,8,3,4,1,6.94,1,2,5,No
S03254,1,1,1,0,0,1,1,1,1,0,3,2,6,3,6.41,5,0,8,No
S03255,1,1,0,1,1,0,1,0,1,1,5,4,8,6,6.4,7,3,2,Yes
S03256,1,0,1,0,0,0,0,0,0,0,3,8,4,3,6.99,8,2,8,No
S03257,0,1,0,1,1,0,1,0,1,0,9,10,4,8,6.75,8,1,0,Yes
S03258,1,1,1,1,1,1,1,0,1,0,7,2,3,10,8.42,5,1,7,Yes
S03259,1,1,0,1,1,0,1,0,1,1,6,7,8,1,9.44,3,0,6,Yes
S03260,0,0,0,1,1,0,1,0,0,1,6,6,7,5,6.41,0,2,1,No
S03261,1,0,1,1,1,1,1,1,0,1,10,10,6,5,6.15,4,1,6,Yes
S03262,1,1,0,0,0,1,0,0,1,1,2,4,5,1,7.52,7,0,8,No
S03263,1,1,1,0,0,1,1,0,1,0,5,7,9,4,8.36,1,3,2,Yes
S03264,1,1,0,0,0,1,1,0,0,0,3,10,8,7,9.87,1,0,2,Yes
S03265,0,0,0,0,0,0,1,0,1,0,8,1,1,5,5.29,0,3,7,No
S03266,1,1,1,1,1,1,1,0,1,0,4,9,4,10,5.35,0,2,7,No
S03267,1,1,1,1,1,0,1,0,0,0,7,9,5,8,5.18,1,0,5,No
S03268,0,1,0,1,0,0,1,0,1,0,1,9,1,8,5.22,5,0,1,No
S03269,0,1,0,1,1,1,1,1,0,0,5,7,1,3,7.09,0,3,3,No
S03270,0,0,1,1,0,1,1,1,0,1,9,2,9,2,6.72,7,1,2,Yes
S03271,1,1,0,1,1,1,0,1,1,0,4,6,3,4,5.9,7,0,3,No
S03272,1,1,0,0,0,0,1,1,1,0,8,5,8,2,9.78,4,0,1,Yes
S03273,0,1,1,1,0,1,0,0,0,0,7,9,7,7,8.27,4,2,4,Yes
S03274,1,0,1,1,0,0,1,1,0,0,3,1,4,8,7.45,4,0,1,No
S03275,0,1,1,1,1,0,1,1,0,1,3,6,2,4,5.69,1,0,2,No
S03276,0,1,1,0,0,1,0,1,1,1,1,5,1,5,6.68,6,2,6,Yes
S03277,0,1,0,0,1,0,1,1,0,1,6,3,10,6,5.22,3,2,3,No
S03278,1,0,0,1,0,0,1,0,0,0,3,7,6,8,5.86,2,2,3,No
S03279,1,1,0,0,0,1,1,0,1,1,7,2,4,10,6.43,3,2,3,No
S03280,0,1,0,1,0,1,1,1,0,0,3,9,2,4,7.7,4,2,5,Yes
S03281,1,1,0,1,1,1,0,1,1,0,3,5,6,5,6.02,7,2,6,Yes
S03282,1,1,1,0,0,1,0,1,0,0,3,9,3,4,5.19,6,1,8,No
S03283,0,0,1,1,0,0,1,0,0,1,7,3,5,10,8.52,5,1,4,Yes
S03284,0,1,1,0,0,1,1,1,0,0,9,8,6,3,6.76,6,2,4,Yes
S03285,1,0,1,0,1,1,0,1,0,0,4,10,7,7,5.75,8,2,1,Yes
S03286,1,1,0,0,0,1,1,0,0,1,7,8,3,8,9.04,3,0,4,Yes
S03287,1,1,1,1,0,1,1,0,0,1,7,1,9,7,9.72,6,1,3,Yes
S03288,0,1,1,0,1,1,0,1,0,0,7,4,8,9,8.92,1,1,1,Yes
S03289,0,0,1,0,1,0,0,0,0,0,3,4,7,8,6.65,4,0,0,No
S03290,1,1,0,0,1,0,1,0,0,0,3,9,1,5,9.71,5,0,6,No
S03291,1,0,1,1,1,1,1,1,1,0,5,3,2,2,7.38,1,0,1,No
S03292,0,1,1,1,0,1,1,0,0,0,7,8,9,7,9.38,8,1,5,Yes
S03293,1,1,0,1,0,1,1,0,1,0,10,7,3,4,8.94,4,3,7,Yes
S03294,1,0,0,1,0,1,1,0,0,0,2,9,1,6,6.28,8,1,0,No
S03295,0,0,1,1,1,1,1,0,1,0,10,4,6,4,8.61,7,1,4,Yes
S03296,1,1,1,1,0,0,1,0,0,0,10,7,9,1,6.49,5,0,5,Yes
S03297,0,1,1,1,0,1,1,0,0,0,2,2,7,2,5.57,8,3,3,Yes
S03298,1,1,0,1,0,0,0,0,1,0,5,9,1,8,7.27,0,0,1,No
S03299,1,1,0,1,1,1,0,0,0,0,6,1,10,4,9.07,6,3,8,Yes
S03300,0,1,0,0,0,0,0,0,0,0,9,1,6,5,9.19,2,2,4,No
S03301,1,1,0,0,0,0,0,0,1,1,4,5,1,1,7.54,5,0,2,No
S03302,0,1,0,0,0,0,1,0,1,0,4,5,10,1,10.0,0,0,6,No
S03303,0,1,1,0,0,0,0,0,0,1,3,2,7,7,8.36,0,3,3,No
S03304,1,0,1,1,1,0,1,0,0,0,6,2,6,1,8.7,5,3,2,Yes
S03305,1,0,1,1,1,0,1,0,0,1,3,5,5,8,7.57,3,0,1,No
S03306,1,1,0,1,0,0,1,0,0,1,1,7,4,9,6.3,0,1,7,No
S03307,1,0,0,0,1,1,0,0,0,0,2,5,1,2,7.0,5,3,7,No
S03308,1,1,0,0,1,0,1,1,0,0,9,5,1,1,5.14,2,3,7,No
S03309,1,1,0,1,1,0,0,1,1,0,1,2,2,1,5.42,6,3,6,No
S03310,1,1,0,0,1,1,1,1,0,0,2,6,1,3,8.23,0,2,8,No
S03311,0,1,1,0,1,1,1,0,0,0,9,5,5,9,5.32,5,3,3,Yes
S03312,0,0,0,1,1,1,0,0,1,0,6,6,4,1,6.7,0,2,1,No
S03313,0,1,0,1,0,1,0,0,0,0,8,5,4,1,7.57,3,0,5,No
S03314,1,1,0,0,0,0,0,0,0,0,8,8,9,1,9.64,2,3,4,Yes
S03315,1,1,0,1,0,1,1,1,1,0,3,10,8,10,7.06,5,0,2,Yes
S03316,0,0,1,1,1,0,1,0,0,0,9,1,2,1,7.32,2,1,5,No
S03317,1,0,1,1,1,1,1,0,0,0,3,9,9,4,7.76,2,0,5,Yes
S03318,1,0,0,1,0,0,0,1,1,1,5,5,2,9,5.96,8,0,5,No
S03319,0,1,1,0,1,0,1,0,1,1,9,1,5,5,7.25,0,0,8,Yes
S03320,0,1,1,1,0,0,0,1,1,1,2,10,10,10,5.38,7,3,5,Yes
S03321,1,1,0,0,1,1,1,0,0,0,5,8,3,7,5.66,6,0,6,No
S03322,1,1,0,0,1,1,0,0,1,0,3,10,6,10,9.36,1,0,1,No
S03323,0,1,1,0,0,0,0,0,0,0,6,6,3,2,9.71,3,1,2,No
S03324,0,0,0,0,0,1,1,0,1,1,2,4,2,3,5.32,5,2,2,No
S03325,0,1,0,1,0,0,1,0,0,0,8,2,9,7,7.01,4,1,3,Yes
S03326,0,1,0,1,1,0,1,1,0,1,7,8,5,10,9.41,1,1,2,Yes
S03327,0,0,0,1,1,1,0,0,0,0,4,6,10,1,7.12,0,0,4,No
S03328,1,0,1,0,1,1,1,1,0,1,4,10,2,10,7.02,2,3,4,Yes
S03329,1,1,1,0,1,0,1,0,0,0,10,5,7,8,8.79,2,1,1,Yes
S03330,0,1,1,1,0,0,0,0,0,0,8,10,6,9,6.75,7,1,2,Yes
S03331,0,1,1,1,1,0,1,1,1,0,10,6,9,8,7.83,8,3,2,Yes
S03332,0,0,1,1,1,0,1,0,0,1,1,3,2,3,5.12,7,1,7,No
S03333,1,0,0,1,1,1,1,1,1,1,2,3,3,9,8.96,5,3,4,Yes
S03334,1,1,0,1,1,1,1,0,0,0,5,3,8,9,6.32,7,3,5,Yes
S03335,0,0,0,0,0,0,0,0,1,1,6,2,10,9,6.85,5,1,7,Yes
S03336,0,0,1,1,1,1,1,0,0,1,5,3,6,3,7.96,1,3,3,No
S03337,0,1,1,1,1,0,0,0,1,0,10,5,5,8,7.96,7,1,3,Yes
S03338,0,0,1,1,1,1,1,0,0,1,1,7,1,5,7.32,5,3,0,Yes
S03339,0,1,0,1,0,0,1,0,0,0,5,5,6,2,5.29,1,2,8,No
S03340,0,1,1,0,0,0,1,1,1,0,5,5,5,5,8.56,5,0,7,No
S03341,0,1,0,1,1,0,0,1,0,1,3,1,5,5,5.79,1,0,1,No
S03342,0,1,0,1,1,0,0,0,1,1,8,2,7,6,5.05,7,3,8,Yes
S03343,0,0,0,0,0,0,1,0,0,0,2,7,7,7,9.38,2,1,3,No
S03344,1,0,1,1,0,0,1,0,0,0,10,8,9,10,6.01,7,0,3,Yes
S03345,1,0,0,0,1,0,1,1,0,0,7,4,9,3,6.72,5,3,5,Yes
S03346,0,1,0,0,1,1,1,0,0,0,3,2,2,4,5.85,3,2,1,No
S03347,1,1,0,1,0,1,1,0,1,0,6,6,8,5,5.6,7,0,4,Yes
S03348,1,1,0,1,0,0,0,0,0,1,4,6,2,6,7.91,0,0,1,No
S03349,1,1,1,0,0,1,0,1,0,0,1,10,6,8,5.43,7,0,1,No
S03350,1,1,0,1,1,1,1,1,0,0,1,1,1,3,8.36,0,2,1,No
S03351,1,1,1,1,0,1,1,0,0,0,5,5,6,2,6.19,0,1,6,No
S03352,1,1,0,0,0,0,1,0,1,0,8,6,5,5,5.24,0,1,3,No
S03353,0,1,0,1,1,1,1,0,0,0,2,4,1,6,6.13,3,0,4,No
S03354,1,1,1,1,1,1,0,1,0,0,3,4,2,8,7.43,3,1,7,No
S03355,1,1,1,0,1,1,0,0,0,0,1,3,8,1,6.91,6,3,8,Yes
S03356,1,0,1,0,1,1,0,0,0,0,8,5,4,8,5.45,7,3,1,Yes
S03357,0,1,0,0,0,1,1,1,0,0,8,9,9,3,8.76,0,3,0,Yes
S03358,1,1,0,1,0,0,1,1,1,1,4,2,10,10,9.08,6,0,7,Yes
S03359,0,0,1,0,0,1,1,0,1,0,2,9,6,8,8.0,0,1,1,No
S03360,0,0,0,1,0,0,1,0,1,0,5,4,10,3,5.41,4,0,8,No
S03361,0,0,1,1,0,0,1,0,1,0,4,5,10,2,8.58,1,3,0,No
S03362,1,1,0,1,1,1,1,1,0,0,4,1,5,8,5.1,7,1,0,No
S03363,0,1,0,1,0,1,0,0,0,1,5,8,7,5,8.71,4,2,8,Yes
S03364,1,0,0,0,0,0,1,1,0,1,10,5,7,3,9.73,3,0,1,No
S03365,0,0,1,1,0,0,1,0,1,0,7,1,7,7,8.37,0,3,3,Yes
S03366,0,1,0,1,0,0,0,0,0,0,2,7,7,7,7.83,7,3,6,Yes
S03367,1,1,1,1,0,0,0,0,0,0,8,7,3,10,8.95,2,3,8,Yes
S03368,1,1,0,1,0,0,0,1,0,0,5,9,3,6,5.94,7,1,4,Yes
S03369,1,1,1,0,1,1,1,1,0,1,10,10,10,7,6.5,6,1,1,Yes
S03370,0,1,0,0,1,0,1,0,0,1,10,4,2,8,7.92,2,1,2,Yes
S03371,1,1,1,0,0,0,0,0,0,1,8,5,6,2,6.76,1,0,4,No
S03372,0,0,0,0,1,0,0,0,1,0,9,1,10,7,6.03,6,3,5,Yes
S03373,1,1,1,1,0,0,1,0,0,0,2,2,3,9,9.39,7,3,3,Yes
S03374,0,0,0,0,1,0,0,0,1,0,2,7,3,2,9.98,8,1,1,No
S03375,0,1,0,1,0,1,1,0,1,0,1,9,5,8,9.6,5,1,7,Yes
S03376,0,1,0,0,1,0,1,1,1,1,1,6,10,2,7.68,0,3,3,No
S03377,0,1,1,0,0,1,1,1,0,0,5,2,5,9,9.01,0,3,7,Yes
S03378,1,0,0,1,0,0,1,0,1,1,6,9,10,6,6.65,2,2,6,Yes
S03379,1,1,0,1,0,1,1,0,1,1,3,8,8,1,9.26,3,2,4,Yes
S03380,0,1,0,1,0,0,0,0,0,0,8,10,1,5,6.69,4,0,5,No
S03381,1,0,0,0,1,1,1,0,0,0,3,3,3,5,8.95,7,2,3,No
S03382,1,1,1,1,1,1,0,0,1,1,8,10,10,1,7.17,4,0,2,Yes
S03383,1,0,0,0,1,1,1,0,0,0,7,2,6,10,8.93,7,2,0,Yes
S03384,1,0,0,1,1,0,1,0,0,0,7,5,9,4,5.13,3,3,3,No
S03385,1,0,0,0,1,1,1,0,0,0,8,8,6,10,8.47,4,2,8,Yes
S03386,0,1,0,1,1,0,0,0,0,0,6,10,6,2,7.52,0,0,8,No
S03387,1,1,0,0,1,1,1,0,0,0,10,4,8,9,7.58,5,0,3,Yes
S03388,0,0,0,1,0,0,0,0,0,1,1,6,6,4,6.4,1,1,2,No
S03389,1,1,0,1,1,0,1,0,0,0,9,7,1,9,7.13,7,3,7,Yes
S03390,0,1,0,1,0,0,1,1,0,0,9,8,4,10,8.89,4,3,7,Yes
S03391,1,0,1,1,0,1,1,0,0,1,9,4,7,4,7.18,8,0,5,No
S03392,0,1,0,0,1,0,1,0,1,1,10,8,6,4,8.53,7,1,0,Yes
S03393,0,0,1,0,1,1,1,0,1,1,1,3,4,8,7.67,0,3,1,No
S03394,1,0,0,1,1,1,1,0,1,1,2,6,8,10,5.76,2,1,5,Yes
S03395,0,0,1,1,0,0,1,0,0,0,5,5,10,10,9.83,6,0,7,Yes
S03396,0,1,0,0,0,1,0,0,0,0,9,5,5,2,8.12,0,1,2,No
S03397,0,1,0,0,0,0,0,1,0,0,5,8,7,2,8.13,1,2,1,No
S03398,0,1,1,1,0,1,0,0,0,1,3,4,9,4,5.31,3,1,4,No
S03399,1,1,1,0,0,0,0,0,1,0,3,3,1,6,8.83,7,0,8,Yes
S03400,0,1,0,1,1,0,1,0,0,0,10,3,3,10,6.84,6,2,2,Yes
S03401,1,1,0,1,1,1,1,1,0,0,10,2,2,6,6.9,3,0,5,No
S03402,1,1,0,1,0,1,1,0,0,0,3,10,4,3,8.4,6,2,1,Yes
S03403,0,1,1,0,0,0,1,0,1,0,5,3,8,5,9.45,2,0,2,No
S03404,1,0,1,0,1,1,0,0,1,1,5,1,1,9,7.01,0,0,8,No
S03405,0,1,0,0,1,1,1,1,1,0,5,3,10,3,7.66,2,2,5,Yes
S03406,0,1,1,1,1,1,1,0,0,1,2,4,5,2,9.15,7,3,7,Yes
S03407,0,0,0,1,1,1,0,0,0,1,9,8,7,10,9.61,3,1,8,Yes
S03408,0,0,1,1,0,0,1,1,0,0,1,1,2,10,8.54,4,1,3,No
S03409,1,1,0,0,0,0,0,0,1,0,10,9,6,1,5.44,2,0,4,No
S03410,1,1,0,1,1,0,1,0,1,0,9,2,8,3,5.88,8,3,5,No
S03411,1,1,0,1,1,0,1,1,0,0,3,10,3,9,9.35,5,3,3,Yes
S03412,1,1,1,0,0,0,1,0,1,0,1,6,4,7,7.64,3,1,2,No
S03413,1,0,1,0,1,0,1,0,1,1,7,4,4,10,6.5,1,0,6,No
S03414,1,0,1,1,0,0,0,0,0,0,10,5,8,9,5.82,1,1,7,Yes
S03415,0,1,0,1,0,1,0,0,0,1,5,2,7,9,7.8,4,3,5,Yes
S03416,0,0,0,1,1,1,1,0,0,0,10,1,4,7,7.62,4,3,4,Yes
S03417,1,0,1,1,0,0,1,0,0,0,2,5,1,6,9.59,1,1,7,No
S03418,0,0,1,1,1,1,1,1,0,0,3,4,7,2,8.62,0,2,6,No
S03419,1,1,1,1,1,1,0,0,0,0,6,10,3,4,6.85,1,3,0,No
S03420,1,1,0,0,1,1,0,0,1,0,6,6,1,1,9.39,6,3,4,Yes
S03421,0,1,1,1,0,1,1,1,0,0,6,1,6,5,5.51,3,3,1,No
S03422,0,1,1,1,1,0,1,1,0,1,10,7,3,10,7.51,0,2,6,Yes
S03423,0,1,0,1,1,1,1,1,0,1,10,10,4,1,8.75,6,1,3,Yes
S03424,1,0,0,1,0,0,1,0,0,1,4,2,4,4,8.85,4,0,1,No
S03425,0,0,0,1,0,0,1,0,0,0,5,1,6,4,6.89,0,0,0,No
S03426,0,0,1,1,0,0,1,1,1,0,2,5,8,3,9.57,0,0,5,No
S03427,0,1,1,1,0,1,1,0,1,0,8,3,10,4,5.64,8,3,8,Yes
S03428,0,1,1,0,0,1,0,1,1,1,2,8,5,6,5.22,3,1,2,No
S03429,0,1,1,1,0,0,1,1,1,1,1,8,2,1,5.4,7,0,6,No
S03430,0,1,0,1,1,0,1,1,0,0,7,4,7,7,8.87,7,1,4,Yes
S03431,0,0,1,1,1,1,1,0,0,0,5,6,2,9,6.34,3,0,4,No
S03432,0,1,1,1,0,0,1,0,1,0,1,1,6,10,8.63,5,1,6,No
S03433,0,0,1,1,1,1,1,0,0,1,4,10,2,6,5.11,7,0,0,No
S03434,1,1,0,0,0,0,0,0,0,0,1,10,1,10,7.58,5,0,8,No
S03435,0,1,1,1,0,1,1,1,0,1,1,1,6,2,5.82,3,0,0,No
S03436,1,0,1,1,0,1,1,1,0,1,6,2,4,4,6.18,6,0,2,No
S03437,1,1,1,1,1,0,1,0,1,0,1,3,9,2,6.51,3,2,5,Yes
S03438,0,1,1,1,1,1,1,0,1,0,2,8,5,3,6.54,2,1,6,Yes
S03439,0,1,0,1,1,1,1,0,0,0,1,9,4,1,6.46,8,2,1,No
S03440,0,0,1,1,0,1,0,1,1,1,10,8,9,6,5.5,8,1,8,Yes
S03441,1,0,1,1,0,0,1,1,0,0,6,2,6,5,9.91,7,2,1,Yes
S03442,1,0,0,1,0,1,1,0,1,0,7,5,8,5,9.99,8,1,2,Yes
S03443,1,0,1,1,1,1,0,1,1,0,6,7,6,2,9.07,2,1,8,Yes
S03444,0,0,0,0,1,0,1,0,0,1,10,6,3,7,9.26,7,0,7,Yes
S03445,0,0,0,0,1,1,1,0,0,0,2,10,1,10,7.84,3,0,4,No
S03446,0,1,1,0,1,1,0,0,0,1,7,4,1,5,5.67,0,2,0,No
S03447,0,1,0,0,1,1,1,0,1,0,4,2,9,6,9.86,6,2,6,Yes
S03448,0,1,1,0,1,0,0,0,1,0,4,7,9,10,6.75,2,1,8,Yes
S03449,0,0,0,1,1,1,1,0,0,0,10,7,10,2,7.95,3,3,5,Yes
S03450,1,1,0,1,1,0,1,1,0,1,4,2,1,7,7.14,6,3,0,Yes
S03451,1,1,0,1,0,1,1,0,1,0,6,3,9,3,6.49,1,2,0,No
S03452,0,0,1,0,1,1,0,0,1,0,1,7,5,8,7.5,5,0,3,Yes
S03453,0,1,0,1,1,0,0,0,1,0,4,7,1,9,7.74,3,1,1,No
S03454,1,0,1,0,1,0,0,1,0,0,10,1,6,2,5.21,4,2,0,No
S03455,0,0,1,0,1,1,1,0,0,0,3,10,4,2,5.0,3,1,3,No
S03456,1,1,1,1,1,0,0,0,0,1,6,8,7,4,8.41,2,0,3,No
S03457,1,0,0,1,0,0,1,0,0,0,5,2,2,4,7.28,0,1,6,No
S03458,0,0,0,1,1,1,0,1,0,0,1,5,3,10,8.19,5,2,5,No
S03459,0,1,1,1,0,0,1,1,0,0,3,9,3,8,8.99,2,0,8,No
S03460,0,0,0,0,0,0,0,1,0,0,8,1,7,5,8.05,5,2,0,No
S03461,1,0,0,1,0,0,0,1,0,0,1,8,3,4,8.71,6,2,7,Yes
S03462,1,1,0,0,0,1,0,1,1,0,9,7,10,5,9.56,8,3,2,Yes
S03463,0,1,1,0,1,0,1,1,0,0,6,4,9,7,8.73,5,0,4,Yes
S03464,0,1,0,1,0,1,1,0,0,0,3,1,1,2,9.25,7,1,3,No
S03465,1,1,0,0,1,1,1,1,0,0,1,9,7,8,9.26,2,2,0,No
S03466,0,1,1,1,0,1,0,1,1,0,1,9,5,10,5.96,4,0,2,No
S03467,1,0,1,0,1,1,0,1,0,1,1,1,1,6,8.12,3,3,3,No
S03468,0,1,0,0,0,0,1,1,1,0,1,8,2,5,5.95,1,0,1,No
S03469,0,0,0,0,1,1,1,0,0,0,5,8,8,1,8.11,8,0,3,Yes
S03470,1,1,0,1,1,1,1,0,1,0,1,7,4,2,5.83,3,3,8,Yes
S03471,1,1,0,0,0,1,1,1,1,0,1,9,9,3,7.3,1,0,4,No
S03472,0,1,0,0,1,0,0,1,1,0,3,7,8,1,7.59,6,2,1,Yes
S03473,0,0,0,0,0,0,1,0,0,0,3,5,2,8,8.48,6,2,0,No
S03474,0,1,0,1,1,1,0,0,0,0,8,2,9,9,8.7,3,2,2,Yes
S03475,0,1,0,0,1,1,0,0,0,0,4,1,3,2,8.64,5,1,2,No
S03476,0,0,0,0,0,0,1,0,0,0,4,4,1,8,8.29,4,3,6,No
S03477,0,1,1,0,1,0,1,1,0,0,9,2,9,2,7.8,2,3,2,Yes
S03478,1,1,0,1,1,1,0,1,1,0,10,4,9,9,9.45,1,1,6,Yes
S03479,1,1,0,1,1,1,0,1,0,0,5,4,9,8,8.54,8,0,3,Yes
S03480,1,0,0,0,1,1,1,0,0,1,1,2,7,8,8.69,1,0,2,No
S03481,1,1,0,1,1,1,1,1,0,0,10,4,5,2,9.52,8,2,2,Yes
S03482,0,1,1,0,0,1,1,0,0,1,2,7,10,7,5.41,1,1,1,No
S03483,1,1,1,1,1,0,1,1,0,0,3,5,2,9,7.23,0,2,5,No
S03484,0,0,0,0,0,0,0,0,1,0,9,9,3,5,8.01,8,3,5,Yes
S03485,0,1,1,0,1,0,1,0,1,0,1,3,7,8,5.88,2,0,0,No
S03486,0,1,1,1,1,1,0,1,0,0,10,2,9,4,8.53,3,2,3,No
S03487,1,1,0,0,1,0,1,0,0,0,2,10,10,7,5.83,7,1,1,No
S03488,1,1,0,0,0,0,1,0,0,0,9,9,6,2,7.17,7,2,7,Yes
S03489,1,0,1,0,0,0,1,1,0,0,2,7,4,2,8.53,4,1,3,No
S03490,1,1,1,1,0,0,1,0,0,0,7,2,8,9,7.02,3,2,7,Yes
S03491,1,0,0,0,1,1,0,1,1,0,10,8,9,8,5.89,4,2,4,Yes
S03492,0,0,0,1,0,1,1,1,1,1,6,6,4,1,9.38,8,2,3,Yes
S03493,0,0,1,1,0,1,1,0,0,0,4,8,5,3,8.63,0,1,7,No
S03494,0,1,0,0,0,1,1,0,0,1,8,4,7,8,6.36,3,1,8,No
S03495,0,0,1,1,1,0,1,1,0,0,2,5,10,5,5.87,2,2,0,No
S03496,1,1,0,1,1,0,1,1,0,0,10,8,7,6,8.52,6,1,3,Yes
S03497,0,0,0,0,0,1,0,0,0,0,5,1,6,1,6.92,8,3,3,No
S03498,0,1,0,1,1,0,1,0,1,0,1,7,7,8,7.93,4,0,3,No
S03499,1,0,1,0,0,1,1,0,0,1,5,10,1,7,6.19,3,0,8,No
S03500,0,1,0,1,0,1,0,1,0,1,2,6,1,1,9.08,0,2,1,No
S03501,1,0,1,0,1,0,0,1,0,0,7,10,1,1,5.85,6,3,6,Yes
S03502,0,0,0,1,0,0,1,0,0,1,9,4,7,7,5.2,2,1,5,No
S03503,0,0,0,1,0,1,0,0,1,0,4,2,7,8,9.92,5,2,5,Yes
S03504,1,0,0,1,0,0,0,1,1,0,4,7,7,10,9.2,2,1,2,Yes
S03505,0,1,1,1,0,1,1,0,0,1,4,10,5,5,9.83,1,0,8,No
S03506,0,1,1,0,1,1,0,0,1,0,10,6,5,1,6.09,0,0,7,No
S03507,0,0,0,0,1,1,1,0,0,0,4,8,7,7,6.94,8,0,3,No
S03508,1,0,0,1,0,0,0,0,1,0,1,10,9,3,9.56,1,2,2,Yes
S03509,0,1,1,1,1,1,1,0,0,0,9,1,2,10,9.06,3,0,2,No
S03510,1,1,0,1,0,0,0,0,1,0,8,4,1,4,5.99,8,0,8,No
S03511,1,1,0,1,1,0,0,0,0,0,9,4,10,2,9.08,3,0,8,Yes
S03512,1,1,0,1,1,0,0,0,1,0,10,3,2,3,8.64,8,1,1,No
S03513,0,1,1,1,0,0,1,1,1,0,6,9,2,9,9.34,7,1,0,Yes
S03514,0,1,1,0,0,1,1,0,0,1,10,5,6,8,7.38,6,2,8,Yes
S03515,0,1,0,0,1,1,1,1,0,0,4,6,4,6,7.6,2,0,2,No
S03516,0,1,1,1,0,0,0,0,0,1,9,2,1,6,9.29,8,0,3,No
S03517,1,1,1,1,0,1,0,1,0,0,3,6,10,3,7.78,7,1,0,Yes
S03518,1,1,0,0,1,1,1,1,0,0,8,6,7,7,7.2,1,1,6,Yes
S03519,1,1,0,0,1,1,1,0,1,0,1,6,9,6,8.26,2,2,7,Yes
S03520,1,0,0,1,0,1,1,1,0,0,8,10,5,2,6.89,8,2,5,Yes
S03521,1,1,0,0,1,0,1,0,0,0,4,8,5,3,7.15,6,1,5,Yes
S03522,1,0,1,1,0,1,1,1,1,0,7,10,4,5,8.19,5,2,0,Yes
S03523,1,0,0,0,1,1,1,0,0,0,2,4,4,7,6.03,0,1,1,No
S03524,1,1,0,1,0,1,0,1,1,0,7,3,7,10,7.97,8,2,7,Yes
S03525,1,1,0,0,1,1,1,0,1,0,4,8,8,3,8.34,7,2,1,Yes
S03526,1,1,1,1,0,0,1,0,1,0,3,7,5,6,9.14,8,3,1,Yes
S03527,0,1,1,0,1,1,1,0,0,0,6,5,5,10,9.64,8,2,4,Yes
S03528,0,1,1,1,1,1,0,0,0,0,1,10,9,2,7.79,5,3,7,Yes
S03529,0,1,1,1,0,0,1,0,0,0,6,5,9,10,7.93,7,3,8,Yes
S03530,1,1,0,0,1,0,1,1,0,0,6,9,1,10,5.46,6,3,1,Yes
S03531,1,1,1,0,0,0,1,0,0,1,3,3,9,3,5.43,0,1,8,No
S03532,0,0,1,0,1,0,1,0,0,1,2,4,4,2,7.35,6,2,6,No
S03533,1,1,0,0,1,1,0,0,1,0,8,3,5,8,6.65,2,0,3,No
S03534,1,0,0,0,1,0,1,0,1,1,9,3,2,3,9.51,8,1,1,Yes
S03535,1,1,0,0,1,0,0,0,0,0,8,2,6,9,7.15,2,2,3,Yes
S03536,1,1,1,1,0,1,1,0,0,0,2,2,7,2,6.1,8,3,5,Yes
S03537,1,1,1,1,0,1,1,1,0,1,3,10,2,5,6.34,0,3,7,Yes
S03538,1,0,1,1,1,1,1,0,0,0,4,6,3,2,8.33,4,1,1,No
S03539,0,1,0,1,0,1,1,0,1,0,4,6,6,4,5.31,7,3,5,Yes
S03540,1,1,1,0,0,1,1,0,1,0,3,7,5,10,5.44,6,3,1,Yes
S03541,1,0,0,1,0,1,0,0,1,0,8,6,2,5,7.9,3,0,3,No
S03542,0,0,1,1,1,0,1,0,0,0,10,4,10,7,5.25,5,0,6,No
S03543,1,1,1,0,1,0,1,1,1,1,6,6,3,3,7.29,8,1,7,Yes
S03544,1,0,0,0,0,1,0,0,0,0,4,8,7,7,6.54,8,2,7,Yes
S03545,0,0,1,0,0,1,0,0,0,1,2,7,6,5,7.82,4,2,3,No
S03546,1,1,0,0,1,0,1,1,0,1,6,6,9,6,9.78,2,2,4,Yes
S03547,1,1,0,1,0,0,0,0,0,0,7,5,8,5,9.67,8,3,5,Yes
S03548,1,0,1,1,1,0,0,0,0,0,6,4,7,2,9.83,8,0,8,Yes
S03549,1,0,0,1,0,1,1,0,1,0,4,8,10,4,6.21,0,3,4,Yes
S03550,0,1,0,1,0,0,1,0,0,1,8,1,6,4,9.16,7,1,7,Yes
S03551,0,0,0,1,0,1,1,1,1,0,2,8,2,6,6.38,1,3,4,No
S03552,1,1,0,0,0,0,1,1,1,1,8,5,6,3,8.62,0,3,0,Yes
S03553,0,1,0,1,0,0,1,0,0,0,6,4,3,5,5.84,6,2,0,No
S03554,1,1,1,1,1,1,1,0,1,0,7,9,10,9,9.52,3,0,2,Yes
S03555,1,1,0,1,1,0,1,0,1,0,4,3,6,5,5.98,1,0,8,No
S03556,0,0,1,0,0,1,1,1,1,0,10,4,9,9,8.36,3,0,3,No
S03557,1,1,1,0,0,1,0,0,0,0,10,9,6,2,8.67,8,1,7,Yes
S03558,1,1,0,1,0,1,1,0,1,1,4,10,2,4,6.5,0,0,7,No
S03559,1,1,1,1,1,1,0,0,0,1,5,4,7,5,9.25,1,2,2,Yes
S03560,1,1,0,0,1,1,1,0,0,1,9,9,4,1,9.38,8,1,5,Yes
S03561,1,0,0,0,0,1,0,0,0,1,9,3,7,7,6.22,0,3,4,No
S03562,0,0,0,1,0,1,0,0,0,0,10,10,6,5,6.73,7,3,5,Yes
S03563,1,1,0,1,0,1,0,0,0,0,2,2,3,4,6.13,4,0,5,No
S03564,1,0,1,0,0,0,1,0,1,0,1,10,7,9,5.35,7,1,1,No
S03565,1,1,0,0,0,1,1,1,0,0,8,7,6,2,6.25,7,1,0,Yes
S03566,0,0,1,0,1,1,0,0,0,1,9,3,10,3,8.28,6,2,3,Yes
S03567,0,0,1,1,1,0,1,1,0,1,6,2,9,3,8.88,2,0,5,No
S03568,0,1,0,0,1,1,1,0,0,1,3,2,2,8,9.78,1,3,3,Yes
S03569,0,0,1,1,1,1,0,0,0,0,3,1,2,7,7.46,5,1,2,No
S03570,0,1,1,0,0,1,0,0,0,0,3,3,8,1,5.96,2,0,5,No
S03571,1,1,1,1,1,0,0,0,0,0,1,1,1,6,6.13,3,0,5,No
S03572,1,1,0,0,1,0,1,0,1,1,3,9,6,2,5.01,2,1,4,No
S03573,0,0,0,0,0,0,1,1,0,1,9,10,4,7,9.85,5,1,0,Yes
S03574,0,1,0,1,1,0,1,1,0,0,7,10,1,1,7.86,7,2,1,Yes
S03575,0,0,1,1,0,1,1,0,1,0,9,1,7,2,5.23,2,3,3,No
S03576,1,0,0,1,1,0,1,1,0,0,8,7,3,2,6.36,1,0,3,No
S03577,1,1,1,0,0,1,1,0,1,0,7,8,7,1,6.4,2,3,8,Yes
S03578,1,1,1,1,0,1,1,1,0,0,10,9,10,3,8.11,3,0,5,Yes
S03579,0,1,0,1,0,0,0,0,0,1,8,1,1,1,7.36,7,3,2,No
S03580,1,1,0,1,0,1,0,0,0,1,9,5,8,9,8.1,0,1,2,No
S03581,1,1,1,0,1,1,0,0,0,0,9,1,9,2,6.85,8,2,5,Yes
S03582,0,0,0,1,0,1,1,1,0,0,9,6,9,1,9.13,7,1,4,Yes
S03583,1,0,0,1,1,0,1,1,0,0,6,10,2,1,9.23,0,3,3,No
S03584,0,1,0,1,1,1,0,1,0,0,10,3,7,8,8.47,3,2,6,Yes
S03585,1,1,0,0,1,0,1,0,1,0,2,10,7,4,9.72,4,3,1,Yes
S03586,1,1,0,0,1,0,1,0,0,0,6,1,5,2,5.44,8,0,0,No
S03587,1,1,0,1,1,1,1,0,0,0,10,9,9,1,6.62,7,3,0,Yes
S03588,0,0,0,1,0,1,0,0,1,0,1,8,4,5,6.79,7,2,3,No
S03589,1,0,1,1,1,1,1,0,1,0,5,2,1,7,6.04,1,3,7,No
S03590,1,1,0,0,0,1,0,0,0,0,4,2,3,7,9.78,8,1,2,No
S03591,0,1,0,1,0,0,1,1,1,0,7,7,4,6,8.1,6,0,8,Yes
S03592,1,0,1,1,0,0,1,1,0,0,4,7,6,3,7.47,2,2,2,No
S03593,0,1,1,1,1,0,1,0,0,1,8,3,8,3,6.12,0,0,3,No
S03594,0,1,0,0,0,1,1,1,0,0,6,10,9,6,7.42,2,3,6,Yes
S03595,1,1,1,0,0,0,0,0,0,0,3,9,5,9,9.26,5,3,3,Yes
S03596,0,1,0,0,1,1,0,0,0,1,2,2,4,7,6.58,7,2,6,No
S03597,1,1,0,0,0,1,0,1,1,0,3,4,5,1,5.15,6,0,1,No
S03598,0,1,1,0,0,0,1,1,0,1,7,6,9,5,8.69,5,0,2,Yes
S03599,1,1,0,0,1,0,0,0,1,0,9,4,9,1,9.6,1,0,2,No
S03600,0,1,1,1,0,0,1,1,1,0,7,4,4,4,5.1,0,0,1,No
S03601,1,1,1,1,1,0,1,0,1,0,8,1,5,8,9.98,4,1,6,Yes
S03602,0,1,0,0,1,0,1,1,0,0,3,5,8,3,9.53,7,0,8,Yes
S03603,1,1,0,1,1,0,1,0,0,1,2,5,8,3,8.43,8,1,8,Yes
S03604,1,0,0,1,1,1,0,1,0,0,1,6,8,1,7.79,7,3,2,Yes
S03605,1,1,0,1,0,1,1,1,1,0,6,5,10,10,5.58,5,0,1,Yes
S03606,1,1,1,0,0,1,1,1,0,0,5,2,10,4,5.97,5,1,2,No
S03607,0,0,0,0,1,0,1,0,1,0,5,1,8,10,6.3,7,2,7,Yes
S03608,1,1,0,0,1,0,0,0,1,0,5,2,10,8,9.1,0,3,2,Yes
S03609,0,0,1,0,1,0,1,1,1,0,8,5,6,2,9.55,8,0,8,Yes
S03610,0,1,0,1,1,0,1,0,1,0,4,10,7,10,6.19,6,3,8,Yes
S03611,0,1,0,1,1,0,1,0,0,0,5,6,5,1,8.91,3,0,1,No
S03612,1,1,0,1,0,1,1,0,1,0,8,8,7,7,5.23,4,3,0,Yes
S03613,1,1,1,1,1,0,1,1,0,0,2,9,4,6,6.04,1,1,6,No
S03614,0,1,0,0,1,0,0,0,0,1,7,10,2,3,5.56,2,1,7,No
S03615,1,1,0,1,0,0,0,0,0,0,3,6,5,7,6.87,4,2,5,Yes
S03616,1,0,0,1,0,0,1,1,0,0,3,8,7,4,9.54,4,1,4,Yes
S03617,0,1,1,1,1,1,1,0,1,1,10,5,7,3,6.01,2,2,8,Yes
S03618,0,1,0,1,1,0,1,0,0,1,6,10,10,6,5.2,4,2,3,Yes
S03619,0,1,0,1,1,0,1,1,1,0,9,6,4,10,9.69,1,0,3,Yes
S03620,1,0,0,1,1,1,1,1,1,0,9,4,6,4,9.14,8,1,3,Yes
S03621,0,0,1,1,1,1,1,0,0,0,9,3,5,1,8.11,2,1,6,No
S03622,1,0,0,1,1,1,1,1,1,0,3,6,10,3,5.19,6,2,7,Yes
S03623,1,1,1,1,0,1,0,1,0,1,9,8,10,4,9.08,5,1,4,Yes
S03624,0,1,0,1,1,0,1,0,1,0,4,2,7,7,5.64,4,1,0,No
S03625,1,1,1,1,0,0,1,0,0,1,1,2,2,3,7.59,6,2,7,No
S03626,1,0,1,1,1,1,0,0,0,1,2,7,2,5,5.2,4,3,0,No
S03627,1,0,1,1,1,1,0,0,1,0,5,9,1,9,9.59,5,0,0,Yes
S03628,0,0,0,0,1,1,0,0,1,0,7,6,10,2,5.35,6,2,3,No
S03629,0,1,0,1,0,1,1,0,1,0,5,3,4,3,6.15,5,1,5,No
S03630,0,1,1,0,1,0,1,0,0,1,10,8,9,3,7.02,7,1,4,Yes
S03631,0,1,1,1,1,0,0,0,1,0,8,5,4,9,6.38,2,3,5,Yes
S03632,1,1,1,1,0,0,1,0,0,0,8,2,1,10,7.38,3,1,3,No
S03633,1,1,0,1,0,1,1,0,0,0,1,5,3,2,9.81,8,0,2,Yes
S03634,1,1,1,1,0,0,1,0,0,1,4,10,6,8,5.99,4,1,7,Yes
S03635,1,0,0,1,0,0,1,1,0,1,10,4,4,2,6.97,3,3,1,Yes
S03636,1,1,1,1,1,0,1,1,0,0,6,9,5,5,6.15,2,0,7,No
S03637,0,0,1,0,1,1,1,0,0,0,3,7,2,10,9.59,0,0,6,No
S03638,1,1,0,0,1,1,1,1,0,0,3,2,3,8,9.73,7,3,1,Yes
S03639,1,1,1,1,1,0,0,0,1,0,1,9,7,9,8.47,6,1,4,Yes
S03640,1,1,0,1,0,1,1,0,0,1,1,5,3,5,9.03,7,3,3,Yes
S03641,1,1,0,0,0,1,0,0,1,0,2,2,1,7,6.37,6,2,6,No
S03642,0,1,0,1,0,1,0,0,0,1,1,10,10,5,6.63,5,1,1,Yes
S03643,1,1,0,1,1,0,1,0,0,0,9,7,1,9,7.19,5,2,4,Yes
S03644,1,1,0,1,0,0,0,0,1,1,9,6,5,2,6.48,3,3,6,Yes
S03645,0,0,0,1,0,0,1,0,1,1,6,9,7,2,6.22,4,3,6,Yes
S03646,1,0,0,1,1,0,1,0,0,0,3,4,2,10,5.8,7,0,6,No
S03647,1,0,0,1,1,1,0,0,0,0,3,4,3,8,9.16,3,0,7,No
S03648,1,1,1,1,0,1,1,1,0,1,1,1,2,2,8.2,3,2,3,No
S03649,0,1,0,1,0,0,1,0,1,0,4,6,1,1,5.37,2,1,1,No
S03650,0,1,0,1,0,0,1,0,1,0,1,6,4,3,6.76,7,1,6,No
S03651,0,0,0,1,0,0,0,0,0,1,1,7,10,9,8.15,1,0,3,No
S03652,1,1,1,1,0,1,0,1,0,0,1,1,10,4,6.26,1,0,6,No
S03653,0,1,0,1,1,1,0,0,0,1,1,4,6,9,9.57,3,2,6,Yes
S03654,1,1,1,1,1,0,1,0,0,0,5,1,3,5,9.98,0,0,1,No
S03655,1,1,0,1,0,1,0,1,1,1,3,9,6,4,9.72,2,3,1,Yes
S03656,1,0,0,1,1,0,1,1,1,0,9,7,2,8,6.65,7,3,6,Yes
S03657,1,1,0,1,0,0,0,0,0,0,5,6,2,8,7.0,7,3,4,No
S03658,1,1,0,1,1,1,1,0,1,0,2,2,1,1,7.95,4,1,4,No
S03659,0,0,0,1,1,1,1,1,0,0,7,2,8,6,8.47,1,2,8,Yes
S03660,0,1,0,1,1,1,0,1,0,1,3,1,5,5,7.32,1,3,7,Yes
S03661,1,1,1,1,0,1,0,0,0,0,6,8,9,8,8.26,3,3,5,Yes
S03662,1,1,0,0,1,0,0,1,1,0,2,3,5,10,5.4,8,0,7,No
S03663,1,0,1,0,1,1,1,1,1,1,2,6,3,8,7.86,5,1,6,Yes
S03664,1,0,1,1,0,1,1,0,0,0,7,2,3,8,6.12,3,2,2,No
S03665,0,1,1,1,0,0,0,0,0,1,3,6,3,10,9.72,3,0,8,Yes
S03666,1,0,0,1,0,1,1,1,0,0,1,2,5,8,9.39,2,1,5,No
S03667,0,1,0,1,0,0,1,0,0,0,9,10,5,10,8.99,7,1,8,Yes
S03668,1,1,0,1,0,1,0,0,1,0,4,6,4,3,9.52,0,3,5,Yes
S03669,1,1,1,1,1,0,1,0,0,0,3,3,2,10,7.79,1,2,0,No
S03670,1,0,1,1,0,0,0,1,1,0,7,4,2,7,5.49,2,0,7,No
S03671,1,1,0,0,0,1,1,0,0,1,3,2,4,1,9.89,6,0,4,No
S03672,1,0,0,0,0,1,1,0,0,1,7,5,8,9,6.78,7,3,1,Yes
S03673,0,0,0,0,0,1,1,0,0,1,2,9,8,6,5.98,4,1,0,No
S03674,1,0,1,0,1,1,1,1,0,0,9,7,1,7,6.4,5,2,3,Yes
S03675,0,1,0,1,1,0,1,0,1,1,2,3,9,9,8.28,7,2,6,Yes
S03676,1,1,1,0,0,1,1,0,1,0,6,8,10,2,9.94,6,1,5,Yes
S03677,1,1,1,1,0,1,1,1,0,0,10,2,8,5,8.07,8,3,3,Yes
S03678,1,1,1,0,1,0,0,0,1,1,4,10,2,7,8.21,2,3,8,Yes
S03679,0,0,0,0,1,1,1,0,1,0,8,8,9,7,7.33,4,1,0,No
S03680,1,1,0,1,1,1,0,1,0,0,3,6,3,7,5.5,0,0,5,No
S03681,0,0,0,0,0,1,1,0,1,1,3,2,5,7,7.17,2,2,6,No
S03682,1,0,1,1,1,1,1,0,0,0,8,2,8,5,7.48,4,0,1,No
S03683,0,1,0,1,0,1,1,0,1,0,1,8,1,9,7.64,6,2,7,Yes
S03684,1,1,1,0,0,1,0,0,0,1,5,4,8,1,7.58,6,3,4,Yes
S03685,0,1,1,1,0,1,1,0,0,0,9,6,3,10,7.49,5,1,2,Yes
S03686,0,1,1,0,0,1,1,1,0,0,9,2,2,7,9.07,2,2,8,Yes
S03687,0,1,1,1,1,1,0,0,0,1,5,3,2,5,7.72,3,3,6,Yes
S03688,1,1,0,1,1,1,1,0,0,1,2,6,5,3,9.1,4,3,6,Yes
S03689,1,1,0,0,0,1,0,1,0,0,7,10,8,5,9.47,7,3,3,Yes
S03690,1,0,0,0,1,0,1,0,1,1,8,5,10,6,8.43,7,0,7,Yes
S03691,0,1,1,1,0,1,0,0,0,0,4,2,1,1,9.81,6,2,1,No
S03692,1,1,1,1,1,1,1,0,0,1,3,8,5,9,6.19,6,3,4,Yes
S03693,0,1,0,1,1,0,1,0,1,1,2,10,9,2,8.59,6,0,4,Yes
S03694,1,0,0,0,1,1,0,0,0,0,10,6,2,4,6.38,0,1,6,No
S03695,1,0,1,1,0,0,1,0,0,0,6,1,10,1,7.34,3,1,5,No
S03696,1,1,0,0,1,0,0,0,0,0,9,3,8,2,8.87,3,2,2,No
S03697,0,0,0,0,0,1,1,1,1,0,7,9,10,1,7.97,3,3,5,Yes
S03698,0,0,0,1,1,0,1,0,1,0,1,1,4,9,8.26,1,3,5,No
S03699,0,0,1,1,1,0,1,0,0,0,4,7,8,9,7.64,5,1,4,Yes
S03700,1,1,1,1,1,0,0,0,1,0,6,9,3,3,5.38,6,2,7,Yes
S03701,0,0,1,1,0,1,1,1,0,0,6,8,9,5,8.71,6,3,3,Yes
S03702,0,1,1,0,1,1,1,0,1,0,5,6,6,9,5.85,6,1,8,Yes
S03703,1,0,0,1,0,1,1,0,0,0,7,9,7,10,9.21,5,3,3,Yes
S03704,0,1,1,1,1,0,0,1,0,0,1,10,8,2,6.55,6,0,5,No
S03705,0,0,0,0,1,0,1,1,0,0,7,5,6,4,9.71,4,1,8,Yes
S03706,0,0,0,1,0,0,1,0,0,0,10,6,10,3,7.09,8,0,4,Yes
S03707,0,1,0,1,0,1,1,1,0,0,5,7,1,9,7.07,0,2,2,No
S03708,1,0,0,1,0,1,1,1,1,0,7,1,4,1,7.82,6,2,0,No
S03709,1,1,1,0,0,1,1,0,0,1,3,10,8,8,9.88,6,3,6,Yes
S03710,0,1,1,0,1,1,0,1,1,1,2,4,6,2,7.14,8,0,3,Yes
S03711,1,1,1,0,1,0,0,0,1,0,10,5,4,6,9.04,1,2,6,Yes
S03712,0,0,1,1,1,0,0,0,0,1,7,10,5,8,7.67,7,1,6,Yes
S03713,0,1,0,1,1,1,1,0,1,1,1,2,8,4,5.05,4,0,0,No
S03714,0,1,0,1,1,0,1,1,0,1,2,7,3,3,8.89,8,2,7,Yes
S03715,0,0,1,0,1,1,1,1,0,0,2,9,4,8,8.06,7,1,4,Yes
S03716,1,0,0,1,0,1,0,0,1,1,9,7,1,3,5.57,8,3,4,Yes
S03717,1,0,0,1,1,0,0,1,0,0,2,7,7,2,7.89,3,3,6,Yes
S03718,1,1,1,1,1,1,0,1,0,1,10,1,2,4,8.79,8,2,7,Yes
S03719,1,1,0,0,1,0,1,0,0,0,1,7,6,8,6.04,8,2,5,Yes
S03720,1,1,0,0,1,1,1,1,0,1,6,5,10,8,6.02,3,2,2,Yes
S03721,1,1,0,1,1,1,0,0,1,0,9,5,10,3,5.2,4,1,5,No
S03722,0,1,0,0,0,1,1,0,1,1,7,6,4,10,7.82,6,1,6,Yes
S03723,0,1,1,0,0,1,0,0,0,0,6,8,8,5,5.89,4,0,3,No
S03724,1,0,1,0,1,1,0,0,0,0,6,10,1,10,6.39,6,2,4,Yes
S03725,1,1,0,0,0,1,1,0,0,0,4,6,2,7,6.48,4,1,3,No
S03726,0,1,1,1,1,1,1,1,1,0,9,5,3,8,6.11,6,3,7,Yes
S03727,1,1,1,0,1,1,1,0,0,1,6,1,4,8,9.45,2,0,5,No
S03728,1,1,0,1,1,0,0,1,0,1,2,7,1,8,7.41,7,1,6,Yes
S03729,1,1,1,1,0,0,0,1,0,0,4,7,9,9,6.57,0,0,2,No
S03730,0,1,0,0,1,1,1,0,1,0,10,8,9,6,5.12,5,2,1,Yes
S03731,1,0,1,1,1,0,0,0,0,1,10,6,3,3,5.3,1,3,1,No
S03732,0,1,1,0,1,0,1,0,1,0,10,5,6,3,5.89,1,2,1,No
S03733,1,1,0,1,1,1,1,0,0,1,10,9,9,1,9.69,4,3,0,Yes
S03734,1,0,1,1,1,1,1,0,0,0,2,7,6,6,6.5,0,1,8,No
S03735,1,0,1,0,0,1,1,1,0,0,9,6,3,1,6.0,7,0,6,No
S03736,1,0,0,1,1,0,1,0,0,0,10,6,1,4,7.6,0,1,8,No
S03737,0,0,0,1,0,1,1,0,0,0,3,3,6,10,5.96,4,0,7,No
S03738,0,0,0,1,1,1,1,1,0,0,3,10,7,1,9.76,7,1,8,Yes
S03739,0,1,0,0,1,0,1,0,0,0,8,10,3,4,5.91,5,2,8,Yes
S03740,0,0,0,1,1,0,1,0,1,0,9,7,2,1,9.91,1,3,5,No
S03741,0,1,0,1,0,1,1,0,0,1,5,6,3,4,6.46,4,2,8,No
S03742,0,1,0,1,0,1,0,0,0,0,7,1,1,9,5.92,8,1,6,No
S03743,0,1,0,0,1,0,1,1,1,0,10,1,3,2,8.39,4,2,3,No
S03744,1,1,1,1,0,1,1,0,1,0,8,10,9,9,5.99,0,1,1,Yes
S03745,1,1,1,1,1,1,1,0,0,0,1,7,2,1,9.53,2,2,6,Yes
S03746,1,1,1,0,1,1,1,1,0,0,8,1,5,7,8.99,6,0,8,Yes
S03747,0,1,0,0,1,0,1,0,0,0,4,2,8,9,9.88,8,2,5,Yes
S03748,1,0,1,1,0,0,0,1,0,0,1,5,3,2,7.6,2,3,8,No
S03749,1,0,1,0,0,0,0,0,0,0,7,6,2,10,9.62,7,1,2,Yes
S03750,0,1,1,1,0,1,0,0,1,0,3,1,9,4,7.96,6,3,0,Yes
S03751,0,0,1,1,1,1,1,0,1,0,8,5,3,5,9.56,0,1,2,Yes
S03752,0,1,1,1,0,1,1,1,0,0,1,9,7,5,9.61,3,2,1,Yes
S03753,1,0,0,1,0,1,1,1,1,1,7,10,3,8,8.58,8,3,4,Yes
S03754,0,1,0,1,1,1,1,0,0,0,4,8,2,4,9.75,1,3,8,Yes
S03755,1,1,0,1,1,1,1,0,1,1,6,8,8,10,6.95,6,1,2,Yes
S03756,1,1,0,1,0,0,1,0,0,1,10,7,3,6,8.51,8,1,1,Yes
S03757,1,1,1,0,1,0,1,0,1,0,2,7,8,7,5.62,2,0,2,No
S03758,1,1,0,0,1,1,0,1,0,1,7,4,9,2,6.16,6,0,5,No
S03759,1,1,1,1,1,0,1,0,0,0,3,3,4,6,6.88,5,3,2,Yes
S03760,0,1,1,1,1,1,1,0,1,0,9,8,8,1,8.07,1,2,6,Yes
S03761,1,1,0,1,1,0,1,0,0,0,4,6,6,7,9.32,7,1,4,Yes
S03762,0,1,0,0,0,1,0,0,0,1,2,2,2,10,7.71,0,1,5,No
S03763,1,0,0,0,0,0,1,0,1,0,9,9,9,1,7.02,5,3,3,Yes
S03764,1,1,1,0,1,1,0,0,1,0,1,7,7,5,8.09,6,1,5,Yes
S03765,1,1,1,1,1,1,0,1,1,1,3,6,8,10,9.92,8,3,4,Yes
S03766,1,0,1,1,1,0,0,0,0,1,6,1,2,4,5.51,1,0,8,No
S03767,0,0,0,1,0,0,0,0,1,0,5,9,10,1,9.85,3,0,5,No
S03768,1,1,0,1,0,0,1,0,1,0,4,6,1,9,7.3,1,0,0,No
S03769,1,0,0,0,0,1,1,0,1,0,1,3,9,5,8.56,0,0,3,No
S03770,1,1,0,0,0,0,0,0,1,1,7,3,8,3,5.33,5,3,0,No
S03771,1,1,1,0,0,0,1,0,1,0,5,8,5,9,6.69,2,0,6,Yes
S03772,0,1,0,0,0,1,0,0,0,1,9,3,8,5,9.05,6,2,5,Yes
S03773,1,1,0,1,1,1,0,1,0,0,8,2,5,2,5.06,6,0,1,No
S03774,0,1,0,0,0,1,0,1,0,0,10,6,3,1,7.51,0,2,6,No
S03775,0,0,0,0,0,0,1,0,0,0,2,5,5,4,7.93,6,0,7,No
S03776,0,1,1,1,1,0,0,0,0,1,3,10,7,7,9.8,6,2,5,Yes
S03777,0,0,0,0,1,0,0,0,0,0,6,3,4,3,6.29,7,0,3,No
S03778,0,1,0,1,0,1,1,0,1,0,3,3,4,6,8.26,6,2,2,Yes
S03779,0,1,1,1,0,0,1,0,1,1,1,6,10,5,8.23,8,2,6,Yes
S03780,0,1,0,1,1,1,1,0,1,1,3,5,8,4,8.69,6,2,2,Yes
S03781,1,0,1,1,0,1,0,0,0,1,1,5,4,10,6.34,5,2,4,Yes
S03782,1,1,1,1,0,0,0,0,1,0,6,2,6,6,6.64,0,3,0,No
S03783,1,0,1,1,1,0,0,1,0,0,3,5,10,2,5.3,7,0,2,No
S03784,0,0,0,0,1,1,0,0,0,0,7,2,2,10,7.61,5,0,2,No
S03785,0,1,1,1,1,1,1,0,0,1,6,3,6,2,5.44,8,0,4,Yes
S03786,1,0,1,1,0,0,1,0,1,0,4,6,1,7,9.54,3,1,1,No
S03787,0,0,0,1,0,1,1,0,1,0,2,5,3,8,6.94,7,3,6,No
S03788,1,1,1,0,1,1,0,0,1,1,1,8,2,3,6.79,5,0,4,No
S03789,1,1,0,1,1,1,1,0,0,0,9,4,5,8,9.96,0,1,2,No
S03790,0,1,1,1,1,1,0,0,0,0,8,1,9,8,5.87,0,0,3,No
S03791,1,1,0,0,0,1,0,0,0,0,7,1,9,6,6.69,5,1,6,Yes
S03792,1,1,1,1,0,0,1,1,0,1,5,10,5,10,6.03,0,2,3,Yes
S03793,0,1,1,0,0,1,0,1,0,1,7,6,10,4,9.71,6,3,1,Yes
S03794,0,0,0,1,1,0,0,0,0,0,2,10,7,8,9.0,7,2,5,Yes
S03795,1,1,0,1,1,1,0,1,0,0,4,8,3,5,8.34,1,3,2,Yes
S03796,0,0,0,0,0,1,1,1,0,1,3,3,5,3,8.9,5,2,0,No
S03797,1,1,0,0,1,0,0,0,1,1,5,10,7,7,8.51,7,3,2,Yes
S03798,1,1,0,0,1,1,0,1,0,1,3,9,7,1,6.62,7,1,5,Yes
S03799,1,0,0,1,1,0,1,1,0,0,9,7,4,3,7.5,7,0,7,Yes
S03800,0,1,0,1,1,0,1,0,0,0,8,2,3,3,7.98,5,2,4,No
S03801,1,1,0,1,0,1,1,0,0,0,3,10,1,4,6.49,1,2,1,No
S03802,0,1,0,0,0,1,1,1,0,0,3,8,9,10,5.54,4,2,5,Yes
S03803,0,1,1,1,1,1,1,1,0,0,10,2,1,6,6.96,7,2,5,Yes
S03804,0,1,0,0,1,1,0,0,1,0,5,2,10,7,5.6,4,0,5,No
S03805,1,1,0,1,1,1,1,1,0,0,7,10,3,8,5.24,5,2,6,Yes
S03806,0,0,0,1,0,1,1,1,0,0,2,1,2,4,8.75,0,1,2,No
S03807,1,1,0,1,1,0,1,1,1,1,4,7,5,2,7.95,3,3,7,Yes
S03808,1,1,0,0,1,0,0,0,1,0,9,4,8,2,8.45,6,3,1,Yes
S03809,1,1,0,1,1,0,1,0,0,1,5,1,10,7,7.75,1,1,6,Yes
S03810,1,1,0,1,0,0,0,0,0,0,3,9,5,6,8.29,0,0,6,No
S03811,0,1,0,0,1,0,1,0,0,0,10,8,6,10,6.97,2,2,1,No
S03812,1,1,0,1,0,0,0,1,0,0,1,7,10,4,7.13,8,1,7,Yes
S03813,1,1,0,1,0,1,0,1,0,1,1,4,10,6,7.27,3,2,5,Yes
S03814,0,0,1,1,1,1,0,1,0,0,10,9,7,7,9.95,0,3,0,Yes
S03815,1,1,1,0,1,1,1,0,0,1,8,2,5,10,5.02,7,1,3,Yes
S03816,0,0,1,0,1,1,1,1,0,0,7,6,7,6,7.77,5,3,5,Yes
S03817,1,1,0,1,0,1,1,0,0,0,3,7,5,8,5.3,6,3,8,Yes
S03818,0,1,1,1,1,1,0,0,0,1,5,7,4,2,8.6,8,0,1,Yes
S03819,0,0,1,0,1,0,0,0,1,1,4,9,3,4,8.92,3,0,2,No
S03820,1,0,0,0,0,1,1,1,0,0,8,8,10,7,9.29,5,3,5,Yes
S03821,1,1,1,1,0,0,0,0,0,0,1,4,2,5,5.83,6,3,1,No
S03822,1,0,0,1,0,1,0,0,1,0,6,7,1,9,6.96,4,0,8,No
S03823,0,0,0,0,0,1,1,1,1,0,10,3,10,2,9.52,7,0,8,Yes
S03824,1,0,0,0,1,1,1,1,1,0,10,7,7,8,6.21,5,0,6,Yes
S03825,1,1,1,0,0,0,0,1,1,1,9,10,2,10,8.28,0,2,3,Yes
S03826,1,0,1,1,1,1,1,0,1,0,5,7,6,7,7.7,5,1,4,Yes
S03827,1,0,0,0,0,0,1,0,0,0,3,4,8,5,9.63,5,2,2,Yes
S03828,1,0,1,1,1,0,0,0,0,1,9,5,6,2,9.95,8,2,4,Yes
S03829,0,0,0,1,0,1,0,1,1,1,9,6,6,10,8.09,8,2,6,Yes
S03830,1,0,0,1,1,0,1,0,0,0,7,9,5,1,9.38,1,0,8,No
S03831,1,1,1,0,1,0,0,1,0,0,1,7,2,7,8.13,0,1,2,No
S03832,0,1,0,1,1,1,1,0,1,1,6,5,7,9,8.98,5,2,8,Yes
S03833,0,1,0,0,1,1,1,1,0,1,2,5,4,9,7.37,6,3,6,Yes
S03834,1,1,0,0,1,1,0,0,0,0,3,5,3,5,9.26,6,1,1,No
S03835,1,1,1,1,1,0,1,1,1,0,1,1,1,4,6.02,5,0,3,No
S03836,1,1,0,1,1,0,1,0,0,0,1,7,2,2,7.18,6,3,8,Yes
S03837,0,1,1,1,0,1,1,1,0,1,7,2,1,10,7.28,0,1,2,No
S03838,1,0,1,0,1,1,0,0,0,0,8,4,8,9,9.17,5,0,2,Yes
S03839,0,0,0,1,0,0,1,0,0,0,7,9,2,2,8.63,6,1,3,No
S03840,0,1,0,1,1,1,1,0,0,0,6,1,5,6,7.22,0,0,2,No
S03841,1,0,1,1,1,1,0,0,1,0,5,1,7,3,7.33,4,3,6,Yes
S03842,1,1,1,1,0,0,1,0,1,1,4,8,2,5,6.45,1,2,4,No
S03843,1,0,1,1,1,1,0,0,0,1,7,5,10,10,9.61,4,0,6,Yes
S03844,1,0,1,1,1,1,1,0,0,0,8,1,5,6,5.4,3,2,2,No
S03845,1,1,0,0,1,0,1,0,0,0,7,2,5,6,9.89,1,2,0,No
S03846,0,1,1,0,0,1,1,1,1,0,7,1,10,1,7.98,5,2,8,Yes
S03847,0,1,1,1,0,1,0,0,1,1,3,7,8,1,5.12,2,2,7,No
S03848,0,0,0,1,1,1,1,1,0,0,4,5,4,10,9.16,7,3,6,Yes
S03849,0,0,1,1,0,1,1,1,0,1,5,5,6,10,8.44,3,0,8,Yes
S03850,1,1,0,0,1,1,1,0,0,0,6,6,4,5,9.45,8,0,3,Yes
S03851,1,1,0,1,1,1,0,0,1,1,5,7,1,10,5.36,8,1,6,Yes
S03852,1,1,0,1,0,1,0,1,1,0,5,1,1,7,9.58,4,3,1,Yes
S03853,0,1,1,1,1,0,0,1,0,0,1,9,8,5,6.66,6,2,3,Yes
S03854,0,0,0,0,1,1,1,1,1,1,5,3,4,1,7.4,3,3,3,No
S03855,0,1,0,1,0,0,0,1,0,1,2,9,9,8,8.74,0,2,2,Yes
S03856,1,0,1,0,1,0,1,0,0,0,8,6,2,7,5.91,5,3,0,Yes
S03857,1,0,0,1,0,0,1,1,0,0,3,6,4,8,5.52,4,3,1,No
S03858,0,0,0,0,0,1,1,0,0,1,9,9,8,6,7.22,6,1,2,Yes
S03859,1,1,0,0,1,1,1,0,0,1,1,8,4,3,5.65,2,3,0,No
S03860,0,1,0,0,1,0,1,0,1,0,6,1,2,5,7.5,4,1,2,No
S03861,0,1,0,1,0,0,1,1,0,0,10,4,8,8,5.05,7,0,5,Yes
S03862,0,0,0,1,0,0,1,0,0,0,2,1,9,1,8.12,2,0,0,No
S03863,1,1,0,0,0,0,1,1,0,0,4,6,1,3,8.39,7,2,6,Yes
S03864,1,1,1,0,1,1,0,0,0,0,8,10,5,8,7.19,2,0,8,Yes
S03865,1,0,0,1,0,0,0,1,0,0,8,9,5,1,6.92,7,0,8,Yes
S03866,1,1,1,1,1,0,0,0,1,0,8,7,4,5,9.88,3,1,5,Yes
S03867,1,1,0,1,0,0,1,0,1,0,10,1,4,2,7.83,1,2,5,No
S03868,0,1,0,1,1,1,1,0,0,1,6,8,4,9,9.72,3,3,2,Yes
S03869,0,1,0,1,1,0,0,0,0,0,5,8,1,3,6.13,0,2,5,No
S03870,1,1,0,1,0,1,0,1,1,0,8,5,1,8,8.69,7,2,4,Yes
S03871,1,1,0,1,0,1,1,1,0,0,10,1,10,5,7.98,0,1,1,No
S03872,1,0,0,1,0,1,0,1,1,0,1,9,10,5,9.78,4,0,6,Yes
S03873,1,0,1,0,1,1,1,0,1,0,9,9,10,2,5.3,7,2,6,Yes
S03874,0,1,1,1,1,1,1,0,0,0,9,1,4,8,8.96,1,0,8,No
S03875,1,0,0,1,1,0,1,1,1,1,10,7,8,10,8.14,6,1,3,Yes
S03876,1,1,0,0,0,1,0,0,0,0,7,4,8,9,9.34,1,3,2,Yes
S03877,1,1,0,0,1,0,1,0,0,0,9,5,1,5,8.84,3,1,1,No
S03878,0,0,0,1,0,0,0,0,1,0,9,10,3,1,5.4,8,0,0,No
S03879,0,0,1,1,1,0,1,0,0,0,5,10,8,1,9.05,8,2,8,Yes
S03880,1,1,1,1,1,1,1,1,0,0,4,4,6,7,6.68,6,0,8,Yes
S03881,1,1,0,0,1,1,1,1,0,0,2,1,3,3,9.47,8,0,2,No
S03882,0,0,0,0,0,0,1,0,1,0,7,5,7,1,7.83,7,3,5,Yes
S03883,0,1,0,1,1,1,0,0,1,0,6,9,2,9,5.33,8,2,0,Yes
S03884,1,0,1,1,1,0,1,1,1,0,2,8,10,7,6.44,3,0,7,Yes
S03885,0,1,0,1,0,0,0,1,0,1,7,2,8,6,9.86,6,1,7,Yes
S03886,0,0,1,1,1,0,0,0,1,0,1,6,2,3,8.71,4,2,7,Yes
S03887,0,1,1,1,0,1,1,0,0,1,2,10,1,6,8.84,6,1,6,Yes
S03888,0,1,1,0,1,1,0,1,1,0,7,6,8,9,9.39,5,3,5,Yes
S03889,0,1,0,0,1,1,0,1,1,0,4,8,6,6,7.48,7,1,4,Yes
S03890,1,1,1,1,1,0,1,0,0,1,4,3,1,1,5.75,2,0,6,No
S03891,0,0,1,1,0,0,0,1,0,1,7,1,10,2,8.34,7,1,5,Yes
S03892,1,1,1,1,0,0,1,0,1,1,9,8,4,10,7.7,7,1,4,Yes
S03893,0,0,0,1,1,0,1,0,0,0,2,6,8,8,9.78,7,0,7,Yes
S03894,1,1,1,0,1,1,1,0,0,0,2,7,1,3,5.22,1,1,0,No
S03895,0,1,1,1,1,0,0,0,1,0,8,7,4,7,9.68,5,0,6,Yes
S03896,0,1,0,1,0,0,1,1,0,0,3,6,2,8,8.27,8,2,4,Yes
S03897,1,1,0,1,1,0,0,1,1,1,4,3,9,7,9.23,3,2,6,Yes
S03898,0,0,0,0,1,1,1,0,0,1,7,9,8,3,9.32,4,2,3,Yes
S03899,1,1,1,0,1,0,1,0,1,0,10,5,9,9,9.52,2,0,2,Yes
S03900,0,0,1,0,0,0,1,1,0,1,4,8,10,1,5.74,6,2,5,No
S03901,1,0,0,1,0,0,1,0,1,1,9,8,10,2,8.58,3,0,6,Yes
S03902,1,0,0,0,0,0,1,0,0,0,8,9,8,6,8.97,1,2,4,No
S03903,0,1,0,0,1,0,1,0,0,0,7,10,10,9,5.27,6,3,6,Yes
S03904,1,1,0,1,1,0,0,1,0,1,5,7,9,10,8.25,6,3,3,Yes
S03905,0,1,0,0,0,1,1,0,0,0,4,5,6,7,7.47,1,0,6,No
S03906,1,1,1,0,0,1,0,1,1,0,8,7,9,8,5.03,3,0,4,Yes
S03907,1,1,1,1,1,0,1,0,1,1,3,1,10,8,5.94,1,2,7,Yes
S03908,1,1,0,1,0,1,1,0,0,1,6,6,8,10,9.97,0,0,4,Yes
S03909,0,1,1,0,0,0,1,1,1,0,2,9,1,10,8.24,5,1,4,Yes
S03910,1,0,0,1,0,1,0,0,0,1,4,6,9,7,7.25,8,3,7,Yes
S03911,1,0,0,0,1,1,1,0,0,0,7,10,1,4,7.02,4,1,5,No
S03912,1,0,1,1,0,1,0,0,0,0,10,3,9,4,7.03,7,0,2,Yes
S03913,1,1,0,1,1,1,1,1,1,0,8,8,6,6,5.82,8,3,7,Yes
S03914,0,1,0,0,0,1,1,1,0,0,2,9,8,8,5.41,1,1,0,No
S03915,0,1,0,1,0,1,0,0,1,0,3,10,4,5,7.82,5,3,2,No
S03916,1,1,1,1,1,1,0,0,0,0,4,7,10,9,7.37,5,3,8,Yes
S03917,0,1,1,1,1,1,1,0,0,1,1,9,8,9,9.99,3,0,4,Yes
S03918,1,1,0,0,0,0,1,1,0,0,4,1,1,9,6.51,2,1,5,No
S03919,0,1,0,1,0,0,1,0,0,0,1,2,7,7,6.93,3,3,7,No
S03920,0,0,1,1,0,1,1,0,0,1,3,7,5,6,8.88,8,1,2,Yes
S03921,0,0,0,0,0,1,1,1,0,1,9,3,10,3,5.26,7,0,6,No
S03922,1,1,0,1,1,1,0,0,0,0,5,4,1,4,9.46,4,0,0,No
S03923,0,1,0,0,1,1,0,0,0,1,7,9,3,10,6.38,1,2,3,No
S03924,1,0,1,1,0,0,1,0,0,0,1,8,3,1,9.27,6,3,3,Yes
S03925,0,1,1,1,0,0,1,0,0,1,7,9,5,6,9.56,1,3,5,Yes
S03926,1,1,1,0,0,1,0,1,0,0,2,9,7,4,6.16,7,2,0,No
S03927,0,1,1,1,1,1,1,1,1,0,4,9,8,1,8.11,4,3,5,Yes
S03928,0,1,0,1,0,0,1,1,0,0,3,2,7,3,5.63,6,3,8,No
S03929,0,1,0,0,0,1,0,1,0,1,9,4,9,4,9.67,8,0,6,Yes
S03930,1,0,1,1,0,1,0,1,1,0,7,6,4,6,6.76,5,1,3,No
S03931,0,1,0,0,1,1,1,0,0,1,6,6,5,1,8.19,3,0,6,No
S03932,1,1,1,1,1,0,0,0,0,0,2,1,6,9,8.32,0,2,3,No
S03933,0,1,0,0,0,1,0,0,0,0,1,8,5,6,7.99,7,3,3,No
S03934,1,0,0,1,0,1,0,1,0,0,5,7,5,6,9.24,6,1,4,Yes
S03935,1,1,1,0,0,0,1,0,1,1,10,1,10,5,5.91,0,2,3,No
S03936,1,1,0,1,0,0,1,0,0,1,7,4,5,7,5.96,3,1,0,No
S03937,1,1,0,0,1,0,1,0,0,1,4,5,5,8,6.81,4,3,8,Yes
S03938,1,1,0,1,1,0,0,1,0,0,9,2,6,2,5.82,3,1,7,No
S03939,1,1,1,1,0,1,0,0,0,1,9,8,10,8,5.72,7,2,3,Yes
S03940,1,1,0,0,0,1,1,0,1,0,5,5,1,8,5.61,3,3,3,Yes
S03941,0,0,0,0,1,1,1,0,0,0,8,4,7,2,6.34,6,3,8,Yes
S03942,0,0,0,1,1,0,1,0,1,0,4,7,6,9,8.71,4,0,2,Yes
S03943,1,1,0,0,1,1,1,0,1,0,7,3,8,5,5.54,0,0,1,No
S03944,1,1,1,1,1,0,1,1,0,0,10,2,9,9,8.54,1,0,2,Yes
S03945,1,1,0,1,1,0,0,1,0,0,4,7,8,9,7.57,4,1,8,Yes
S03946,1,0,1,0,0,1,1,0,0,0,2,7,3,7,9.42,3,3,8,Yes
S03947,0,1,1,0,0,0,0,1,0,1,1,5,9,7,8.37,5,2,7,Yes
S03948,0,0,0,1,1,0,1,0,0,1,8,3,2,7,8.04,3,3,8,Yes
S03949,1,0,1,1,0,0,1,0,1,1,3,6,9,1,8.74,8,3,1,Yes
S03950,1,0,1,1,0,0,1,1,0,0,7,7,1,2,5.96,4,0,1,No
S03951,1,0,1,1,1,1,1,0,0,0,1,9,2,2,7.77,3,0,4,No
S03952,0,0,0,1,0,0,0,1,0,0,5,1,5,7,5.7,2,1,5,No
S03953,0,1,0,1,1,1,1,1,1,0,3,8,7,8,6.17,1,3,8,Yes
S03954,1,1,0,1,1,1,1,1,1,0,3,6,2,3,8.25,4,3,2,Yes
S03955,1,1,0,1,0,1,1,0,1,1,5,5,2,9,7.73,1,3,8,Yes
S03956,0,1,1,0,0,0,0,0,1,0,8,4,2,5,5.87,2,2,1,No
S03957,0,1,1,1,0,1,1,0,0,0,10,5,3,7,6.94,6,3,4,Yes
S03958,1,1,1,1,0,0,1,0,0,0,10,1,8,3,7.13,0,2,0,No
S03959,1,0,1,0,0,1,0,0,0,0,10,8,10,4,9.0,2,3,4,Yes
S03960,1,1,1,0,1,0,1,1,0,0,9,1,6,9,6.75,1,2,6,No
S03961,0,1,0,1,1,0,1,0,1,0,5,3,3,8,6.42,1,2,7,No
S03962,1,1,1,0,0,1,0,0,0,0,8,9,4,4,5.15,8,1,8,Yes
S03963,1,1,1,0,0,0,1,0,1,0,6,5,1,8,6.04,3,0,2,No
S03964,0,1,0,1,1,0,0,1,0,0,2,1,8,7,9.86,3,1,4,No
S03965,1,0,1,0,0,1,1,1,1,0,6,1,4,4,7.97,6,2,4,Yes
S03966,0,1,1,1,1,0,0,0,0,0,8,7,5,1,8.08,4,1,3,No
S03967,1,1,1,0,1,1,1,1,0,0,2,4,2,4,9.52,2,1,1,Yes
S03968,1,1,0,1,0,1,1,0,1,0,2,2,6,5,7.55,4,2,0,No
S03969,0,0,1,0,0,1,1,1,0,0,5,9,6,4,7.44,4,1,5,Yes
S03970,1,1,0,1,1,1,1,0,0,0,2,8,5,2,6.22,5,2,0,No
S03971,0,0,0,0,1,1,0,0,0,0,3,10,1,5,5.59,3,2,3,No
S03972,1,1,0,1,1,0,1,0,0,0,6,10,6,7,8.75,3,3,0,Yes
S03973,1,1,0,0,1,0,0,0,1,0,6,9,6,8,8.78,6,2,3,Yes
S03974,0,0,0,0,1,1,0,0,0,1,9,5,6,10,6.81,8,3,4,Yes
S03975,1,1,1,1,0,0,0,1,1,0,2,10,3,1,9.12,3,3,4,Yes
S03976,0,0,0,1,1,0,0,0,0,0,3,1,6,4,8.76,6,1,8,No
S03977,1,1,1,0,0,1,1,1,0,0,2,4,7,5,9.79,5,0,4,Yes
S03978,1,0,0,1,1,0,0,1,1,0,9,4,5,2,6.71,3,3,1,No
S03979,1,1,0,0,1,0,1,0,0,0,10,4,10,6,5.22,0,3,0,No
S03980,1,0,1,1,0,0,1,0,1,1,8,7,7,8,5.52,5,1,4,Yes
S03981,0,1,1,1,0,1,0,1,0,0,3,7,7,10,8.96,7,2,6,Yes
S03982,0,1,1,1,0,0,1,0,1,0,9,8,7,3,7.14,2,3,4,Yes
S03983,1,0,0,1,0,0,1,0,1,0,7,7,3,10,7.73,0,1,4,No
S03984,1,0,0,1,0,1,0,0,1,1,5,7,9,1,7.93,8,1,2,Yes
S03985,0,1,1,0,1,0,0,1,0,1,9,9,5,10,8.26,1,3,3,Yes
S03986,0,1,0,1,0,1,1,0,0,0,2,8,6,6,8.27,3,0,8,No
S03987,1,1,0,1,1,1,0,0,0,0,4,9,5,8,9.63,3,1,1,No
S03988,1,1,0,1,0,1,0,0,0,0,4,8,1,4,7.76,2,2,2,No
S03989,1,1,0,0,1,0,1,0,0,1,2,2,3,8,6.42,1,2,7,No
S03990,0,1,0,0,1,1,0,1,1,1,7,4,6,8,6.78,5,1,3,Yes
S03991,1,1,0,1,0,0,0,1,0,0,10,4,6,7,5.76,0,2,2,No
S03992,1,1,0,0,0,1,1,1,1,1,8,10,6,7,6.89,7,2,2,Yes
S03993,0,1,1,0,0,0,1,0,0,0,2,5,9,5,9.99,1,1,4,No
S03994,1,0,0,0,1,0,0,0,1,0,10,7,5,4,7.52,1,1,1,No
S03995,1,1,1,1,1,0,1,0,1,0,9,2,6,2,6.76,3,3,7,Yes
S03996,1,0,0,1,0,1,1,1,0,1,7,8,2,2,6.8,6,2,5,Yes
S03997,1,1,0,0,1,1,0,0,1,0,5,5,9,7,9.54,6,1,7,Yes
S03998,1,1,0,1,1,1,1,0,0,0,6,10,4,6,9.36,6,1,7,Yes
S03999,1,1,1,1,0,1,0,1,0,1,5,6,6,6,7.95,6,1,6,Yes
S04000,1,1,1,1,0,1,1,0,1,0,7,10,6,3,6.86,0,1,8,Yes
S04001,0,0,1,1,0,0,0,0,0,0,8,5,8,10,7.37,0,0,7,No
S04002,0,1,1,1,0,1,0,0,1,1,10,9,6,9,6.47,0,1,2,Yes
S04003,0,1,1,1,0,1,0,0,1,1,2,10,8,7,7.43,0,0,1,No
S04004,1,0,1,0,0,1,0,0,0,0,2,9,3,9,7.51,2,1,2,No
S04005,1,0,0,1,1,1,1,0,0,1,6,9,2,7,9.45,3,3,6,Yes
S04006,1,1,0,1,1,0,1,1,0,1,8,4,8,8,6.53,0,0,3,No
S04007,1,1,0,0,0,1,1,0,0,0,8,9,2,2,5.38,6,1,3,No
S04008,1,1,1,1,0,0,0,1,1,0,5,8,4,10,8.98,0,3,7,Yes
S04009,0,1,0,0,0,1,0,0,0,0,3,4,8,8,7.64,5,2,1,No
S04010,1,1,1,1,1,0,1,0,1,0,2,2,4,6,5.21,7,0,2,No
S04011,1,1,0,0,1,1,1,0,0,1,10,10,7,7,8.02,1,0,3,Yes
S04012,1,0,0,1,0,0,0,1,0,0,8,5,7,5,9.69,1,1,8,Yes
S04013,0,1,0,1,0,0,1,1,1,0,5,5,10,10,6.0,4,1,6,Yes
S04014,1,1,0,0,1,1,1,0,1,0,8,9,9,6,9.33,1,2,6,Yes
S04015,0,0,0,0,1,1,1,0,0,0,7,6,8,9,8.94,1,0,7,Yes
S04016,1,1,0,0,1,1,1,0,1,0,5,5,1,9,6.75,4,0,1,No
S04017,0,1,0,0,1,0,1,0,0,0,3,1,1,10,9.38,0,3,7,No
S04018,0,0,1,1,1,0,1,0,0,0,6,4,3,9,6.85,4,1,7,No
S04019,1,1,0,0,0,1,1,1,1,0,1,2,8,10,5.75,1,0,6,No
S04020,1,1,0,1,0,0,1,0,0,0,1,9,6,2,7.77,1,3,5,Yes
S04021,1,1,0,1,0,1,1,0,0,0,10,1,1,1,9.43,2,2,0,No
S04022,1,1,1,1,1,1,0,0,0,0,5,8,6,3,6.61,5,1,0,Yes
S04023,0,0,0,1,1,0,1,0,1,0,5,8,1,5,5.28,2,1,7,No
S04024,0,1,1,0,0,1,0,1,0,0,8,7,1,3,5.39,2,0,3,No
S04025,0,1,0,1,1,1,1,1,0,1,10,3,8,1,9.83,0,3,1,Yes
S04026,0,1,1,1,1,1,1,0,1,0,6,4,1,3,7.12,4,2,8,Yes
S04027,1,0,0,1,0,0,1,0,1,0,6,10,8,9,8.37,3,1,1,Yes
S04028,1,1,0,0,1,0,1,0,0,1,3,5,3,9,8.95,5,0,1,No
S04029,0,1,1,1,0,1,1,1,1,0,2,3,1,10,7.04,0,1,1,No
S04030,1,0,1,1,0,1,1,0,1,0,3,9,2,2,6.81,1,3,8,No
S04031,0,0,1,1,0,1,0,0,1,1,6,9,1,9,7.09,6,0,8,Yes
S04032,1,1,1,1,0,1,0,1,1,1,2,2,6,1,9.11,7,2,4,Yes
S04033,1,1,0,1,1,0,0,0,0,0,3,8,2,5,5.46,1,1,8,No
S04034,0,1,0,1,1,1,1,0,0,1,3,2,8,2,6.99,5,2,1,Yes
S04035,1,1,0,1,0,0,1,0,0,0,5,3,10,2,5.6,5,3,7,Yes
S04036,0,0,0,1,1,0,1,0,0,0,2,7,4,5,7.92,8,1,7,Yes
S04037,0,1,0,0,1,1,0,0,0,0,9,7,1,1,5.25,1,2,1,No
S04038,0,1,0,1,1,1,0,0,1,0,6,7,4,8,5.59,3,1,3,No
S04039,0,1,1,0,0,1,1,0,1,1,8,10,1,5,5.52,7,3,8,Yes
S04040,0,0,0,1,0,0,1,0,0,0,8,8,5,1,5.86,6,3,5,No
S04041,0,1,0,1,0,1,1,0,0,1,7,10,4,5,5.14,0,3,0,No
S04042,1,1,0,1,1,1,0,0,1,1,5,9,7,5,9.0,6,0,3,Yes
S04043,1,0,0,1,1,1,0,0,1,1,8,8,3,6,8.38,1,3,0,Yes
S04044,0,1,0,0,0,1,1,0,1,1,5,1,9,3,9.83,8,2,2,Yes
S04045,1,1,0,1,1,0,1,0,0,0,5,7,3,1,8.04,4,1,6,No
S04046,1,1,1,1,0,1,1,0,1,0,5,10,1,5,9.47,7,3,8,Yes
S04047,1,1,0,1,1,1,1,0,0,0,6,2,7,7,7.72,6,1,8,Yes
S04048,0,1,0,1,1,0,1,0,0,0,6,4,2,10,6.58,3,2,6,Yes
S04049,0,1,0,0,1,0,0,0,0,0,9,4,5,9,9.37,1,3,7,Yes
S04050,1,1,0,0,1,0,1,0,0,0,1,10,10,3,5.93,4,2,8,Yes
S04051,0,1,0,1,0,1,1,0,1,0,6,8,3,7,9.26,0,2,0,No
S04052,0,1,0,0,0,1,1,0,0,1,8,2,7,7,7.92,7,1,7,Yes
S04053,0,1,0,1,1,1,1,0,1,0,6,6,2,6,6.49,3,0,1,No
S04054,0,1,1,0,1,0,0,1,0,0,1,2,4,9,9.64,0,0,8,No
S04055,0,1,1,0,0,1,0,0,0,0,10,3,6,2,5.35,7,1,3,No
S04056,1,0,0,1,1,0,0,1,1,0,5,7,9,4,7.41,0,0,6,No
S04057,0,1,1,0,0,0,0,1,0,0,1,3,3,6,9.82,0,1,3,No
S04058,1,1,0,0,0,1,1,0,0,1,7,9,9,5,7.89,8,3,0,Yes
S04059,0,0,0,1,0,1,1,1,1,1,9,4,4,5,5.9,0,1,7,No
S04060,0,1,0,0,1,1,0,1,0,0,10,10,2,4,6.79,1,3,3,Yes
S04061,1,0,1,1,0,0,1,0,1,0,6,8,3,3,8.43,4,2,7,Yes
S04062,1,0,0,1,1,0,1,0,0,1,3,7,7,9,5.21,8,3,7,Yes
S04063,0,0,1,1,1,1,0,0,0,0,9,10,7,9,5.37,7,2,5,Yes
S04064,1,0,1,1,0,0,0,0,0,1,7,4,8,2,9.73,8,2,7,Yes
S04065,0,1,1,1,1,0,0,1,0,1,6,4,2,9,5.68,7,2,3,No
S04066,1,0,0,1,1,1,1,1,1,0,10,9,4,1,8.48,7,1,5,Yes
S04067,1,1,0,1,1,0,1,0,0,0,1,7,7,5,6.61,1,2,1,No
S04068,0,1,0,0,0,0,1,0,0,0,3,6,1,1,7.35,1,2,1,No
S04069,0,0,1,1,0,1,1,0,0,1,7,1,3,4,7.83,1,1,2,No
S04070,0,1,1,1,0,0,1,1,1,0,5,9,4,6,6.98,2,1,1,No
S04071,1,0,1,1,0,0,1,1,0,0,9,7,8,1,7.12,3,1,7,Yes
S04072,0,1,0,1,0,1,0,0,1,0,8,5,3,9,9.33,2,0,0,No
S04073,0,1,0,0,1,1,1,1,0,0,6,4,9,3,8.13,8,0,2,No
S04074,0,1,0,1,0,0,1,1,0,0,7,10,7,3,9.64,6,3,4,Yes
S04075,0,1,1,1,0,0,0,0,1,0,5,3,8,10,7.45,1,1,7,No
S04076,0,1,1,1,0,0,1,0,1,1,10,4,10,8,5.5,6,3,5,Yes
S04077,1,1,0,1,1,1,1,0,0,0,2,10,3,10,9.84,5,1,5,Yes
S04078,1,1,0,0,1,1,1,0,0,0,3,6,10,6,7.07,7,3,1,Yes
S04079,0,0,1,1,1,1,1,0,0,1,2,8,6,6,6.99,7,3,0,Yes
S04080,1,1,0,1,0,1,0,0,0,0,4,2,9,4,9.46,2,0,4,No
S04081,0,0,1,1,0,0,1,0,0,0,4,4,6,3,5.76,0,3,8,No
S04082,1,1,0,0,1,1,0,1,0,1,2,4,9,3,8.38,0,2,8,Yes
S04083,0,1,0,0,1,1,1,0,1,0,7,3,6,9,7.97,8,1,8,Yes
S04084,0,1,1,0,0,0,0,0,0,1,1,6,10,9,7.22,4,2,5,No
S04085,1,0,1,0,1,1,0,0,0,0,7,9,8,5,9.07,4,2,2,Yes
S04086,1,1,0,0,0,0,0,0,0,0,4,10,8,6,7.5,5,3,0,Yes
S04087,1,1,1,1,0,0,1,0,1,1,1,2,4,8,6.4,8,0,5,Yes
S04088,0,0,1,1,1,1,1,1,0,0,6,9,10,6,6.97,6,2,7,Yes
S04089,0,1,0,0,1,1,1,0,1,1,3,6,3,5,6.27,0,1,1,No
S04090,1,0,1,1,0,1,1,0,1,0,4,1,6,6,8.24,0,0,1,No
S04091,0,1,1,1,1,1,1,1,1,0,2,4,10,6,7.94,0,2,1,Yes
S04092,1,1,0,1,1,1,1,0,0,0,5,10,2,5,6.83,4,0,0,No
S04093,1,1,1,0,1,0,0,1,1,0,5,4,8,6,7.5,7,0,1,Yes
S04094,0,1,0,1,0,1,1,1,0,0,1,9,1,6,7.74,7,0,4,No
S04095,1,0,0,0,1,0,0,1,0,1,8,6,7,2,9.53,2,3,5,Yes
S04096,1,0,1,0,1,0,0,0,0,1,8,10,4,9,7.73,7,2,2,Yes
S04097,1,1,0,1,0,0,1,0,0,0,7,3,7,2,8.7,6,0,7,No
S04098,1,0,1,1,1,1,0,0,1,0,6,10,8,4,8.21,3,1,1,Yes
S04099,1,1,0,1,1,1,1,1,0,0,6,9,8,10,7.76,2,0,0,Yes
S04100,1,1,1,1,0,0,0,1,0,0,3,5,6,6,8.95,2,3,3,Yes
S04101,0,1,1,1,0,0,1,0,0,0,7,4,1,6,6.41,4,1,6,No
S04102,1,1,1,1,1,1,1,0,0,0,8,8,10,4,9.34,5,2,2,Yes
S04103,1,1,1,0,0,0,1,0,0,1,2,10,6,3,6.81,8,2,2,Yes
S04104,1,1,0,1,1,1,1,1,0,0,2,6,5,6,9.02,3,0,3,Yes
S04105,1,1,0,0,0,0,1,0,0,0,4,9,2,9,9.15,0,1,5,No
S04106,0,0,1,1,1,1,1,1,1,0,9,1,2,10,9.95,0,1,0,No
S04107,0,0,1,0,1,0,1,0,0,0,5,6,10,3,9.52,0,2,2,Yes
S04108,1,1,0,1,1,1,0,1,0,1,5,5,6,7,5.23,6,0,0,No
S04109,0,1,1,1,0,1,1,0,0,0,4,1,1,6,5.74,7,3,1,No
S04110,0,1,0,1,0,1,0,0,1,1,5,4,8,9,9.49,8,0,7,Yes
S04111,0,0,1,1,1,1,1,0,0,0,6,5,2,1,9.53,8,3,7,Yes
S04112,1,1,0,1,0,1,0,1,1,0,7,9,8,1,7.3,7,3,7,Yes
S04113,1,1,0,1,0,0,1,0,1,0,7,3,1,1,6.78,6,3,4,No
S04114,1,0,0,1,1,1,1,1,0,0,5,8,7,1,6.8,6,3,7,Yes
S04115,0,1,0,0,0,0,0,0,0,1,9,1,3,2,6.96,4,2,8,No
S04116,1,1,0,0,1,1,1,0,0,0,6,3,4,9,8.99,6,0,1,Yes
S04117,0,1,0,1,1,1,1,1,1,0,8,5,4,3,7.03,8,3,6,Yes
S04118,1,1,0,1,0,0,1,0,0,1,1,6,2,4,5.33,7,3,6,Yes
S04119,1,0,1,0,1,1,1,1,1,0,7,10,6,2,9.14,4,2,0,Yes
S04120,0,1,0,1,0,0,0,0,0,0,6,3,2,4,8.57,5,3,1,No
S04121,1,1,0,0,0,0,1,1,1,0,7,2,5,9,5.92,0,0,6,No
S04122,1,1,1,1,0,1,0,0,0,0,9,6,8,1,5.59,5,0,6,Yes
S04123,0,1,1,1,1,0,1,1,1,1,5,1,10,3,7.63,7,2,7,Yes
S04124,0,1,0,1,0,0,1,1,0,0,10,10,9,9,7.3,3,3,6,Yes
S04125,0,1,1,1,1,1,0,0,1,1,2,10,9,1,8.88,1,3,6,Yes
S04126,0,1,1,0,1,1,0,0,0,0,3,7,1,10,8.1,6,3,8,Yes
S04127,0,1,1,1,1,1,1,0,0,0,1,10,6,1,6.57,3,3,2,Yes
S04128,0,1,1,1,0,0,0,0,0,1,7,8,2,4,6.36,4,1,7,Yes
S04129,1,1,1,1,1,0,0,0,0,0,4,6,3,6,8.46,4,3,2,Yes
S04130,1,0,0,0,1,1,0,0,0,1,8,4,3,4,7.1,0,3,0,No
S04131,1,1,1,1,0,0,1,0,1,1,7,4,9,2,9.12,8,1,3,Yes
S04132,1,0,1,0,1,1,1,0,0,1,10,8,9,6,6.55,6,1,6,Yes
S04133,0,1,0,0,1,1,1,0,0,1,8,9,6,8,9.86,0,2,1,Yes
S04134,0,0,0,0,0,1,1,0,0,0,9,7,7,8,6.22,6,3,5,Yes
S04135,0,1,0,1,1,1,0,0,1,0,5,2,9,9,8.27,4,3,7,Yes
S04136,1,1,1,1,1,1,1,0,1,0,5,3,2,8,5.98,6,3,3,No
S04137,0,1,0,1,0,0,1,0,0,0,2,6,5,6,6.25,7,3,2,Yes
S04138,1,1,1,1,0,1,0,0,0,0,1,8,9,2,7.14,3,3,4,Yes
S04139,0,0,1,0,1,0,1,1,0,1,1,3,3,9,9.61,5,0,8,Yes
S04140,0,1,0,0,1,1,0,1,0,0,2,4,2,9,9.6,3,0,2,No
S04141,1,1,1,1,1,0,1,0,0,0,9,4,2,3,9.56,2,0,2,Yes
S04142,1,0,0,0,0,1,1,0,0,1,8,10,9,10,7.48,5,0,7,Yes
S04143,1,1,0,1,1,0,1,1,1,0,6,4,1,1,5.26,6,0,8,No
S04144,0,1,0,1,1,0,1,0,0,0,7,7,4,2,5.53,5,3,1,No
S04145,0,1,0,1,0,0,0,1,0,0,10,5,9,4,5.78,8,3,0,Yes
S04146,0,1,0,1,1,0,1,0,0,1,4,4,8,6,7.2,7,2,1,Yes
S04147,1,0,1,0,1,0,1,0,0,0,8,10,7,8,6.96,1,2,0,No
S04148,1,1,1,1,1,0,1,0,0,0,4,2,6,10,5.83,0,1,7,No
S04149,0,1,1,0,0,1,1,0,0,1,1,7,3,3,9.7,0,2,8,No
S04150,0,1,1,1,0,0,0,1,1,0,3,10,1,5,7.27,6,0,2,Yes
S04151,1,1,0,0,0,1,1,0,1,0,6,5,7,9,8.14,0,2,6,Yes
S04152,1,1,0,0,1,1,1,0,0,0,6,6,7,2,5.17,6,0,0,No
S04153,0,1,1,0,1,0,0,1,0,1,9,3,8,2,6.59,4,0,1,No
S04154,1,1,1,1,0,1,0,1,0,1,3,1,1,5,8.57,0,3,3,Yes
S04155,1,0,0,1,1,0,0,0,0,0,8,1,2,4,8.68,1,2,2,No
S04156,1,1,1,1,0,1,1,0,0,0,6,4,9,4,6.52,7,0,4,Yes
S04157,1,1,1,1,0,1,1,1,0,0,7,9,7,3,9.11,6,1,5,Yes
S04158,0,1,1,1,0,0,1,0,0,1,1,10,2,8,5.18,7,0,3,No
S04159,0,0,1,0,0,1,1,1,0,0,6,9,3,6,9.47,2,0,7,No
S04160,0,1,0,1,1,1,1,0,1,0,4,7,7,10,5.35,8,1,4,Yes
S04161,1,0,1,1,0,1,1,0,0,1,3,1,5,3,5.77,4,1,8,No
S04162,1,0,0,0,1,1,0,0,1,0,6,7,9,5,8.09,6,1,4,Yes
S04163,1,0,1,1,1,1,0,0,0,0,1,4,3,9,8.35,0,2,4,No
S04164,1,1,0,0,1,1,1,1,0,0,2,5,5,1,8.95,2,3,7,Yes
S04165,0,1,0,1,0,0,1,0,0,1,5,6,8,8,9.62,6,1,7,Yes
S04166,1,1,0,1,1,1,1,1,1,0,6,5,4,1,7.17,7,2,7,Yes
S04167,1,0,0,1,0,1,1,0,0,0,8,3,1,7,5.44,6,1,7,No
S04168,1,0,0,1,0,0,0,1,0,1,6,6,4,4,7.32,1,0,2,No
S04169,1,0,1,1,0,1,1,0,0,0,9,4,8,10,6.11,0,1,5,Yes
S04170,1,1,0,1,0,1,1,0,1,0,9,6,3,6,6.26,2,0,5,No
S04171,1,1,0,0,0,0,0,0,0,1,8,1,3,8,5.69,7,0,6,No
S04172,0,1,0,0,0,0,1,0,1,0,9,6,9,2,8.83,0,2,1,Yes
S04173,1,1,1,1,0,1,1,0,0,0,3,7,1,1,9.17,3,1,7,No
S04174,1,1,0,0,1,1,1,1,0,0,5,5,4,2,6.56,0,1,1,No
S04175,0,1,0,0,1,1,1,1,0,0,7,1,5,5,5.39,1,3,7,No
S04176,0,0,0,1,0,0,1,1,0,0,10,10,6,9,5.11,6,1,2,Yes
S04177,0,1,1,0,0,0,1,1,1,0,1,5,5,2,6.48,8,3,4,Yes
S04178,0,0,1,0,0,1,1,0,0,0,9,1,9,8,7.36,6,1,5,Yes
S04179,1,0,0,0,0,1,0,0,0,0,6,6,4,10,7.13,5,2,1,No
S04180,1,1,0,1,1,0,0,0,0,0,8,1,9,2,5.17,6,3,0,No
S04181,1,1,1,0,1,0,1,0,1,0,8,1,5,9,6.05,0,1,3,No
S04182,0,1,0,1,0,0,1,1,0,0,9,10,6,9,6.31,8,2,1,Yes
S04183,0,1,1,0,0,1,0,0,0,0,7,8,8,4,6.55,5,0,4,No
S04184,1,1,0,1,0,0,0,0,0,0,3,6,3,9,8.3,0,2,4,No
S04185,1,1,0,0,0,0,1,0,0,0,9,8,3,1,5.84,3,2,2,No
S04186,0,0,0,1,1,1,0,0,0,1,5,7,3,3,5.65,0,2,0,No
S04187,1,1,1,1,1,1,0,0,0,0,6,4,10,1,7.21,5,0,1,No
S04188,0,0,0,0,1,0,1,0,1,0,4,4,2,8,6.05,4,0,2,No
S04189,0,0,0,0,1,0,0,0,0,0,5,3,8,1,8.04,3,1,0,No
S04190,0,1,1,1,0,1,1,1,0,0,10,7,4,6,9.96,8,3,8,Yes
S04191,0,1,0,0,0,1,0,0,0,1,4,2,8,7,8.21,1,2,2,Yes
S04192,0,0,0,0,1,1,0,1,0,0,1,8,8,10,7.2,1,0,5,No
S04193,1,1,0,0,0,1,1,0,1,1,7,1,7,9,7.22,2,2,4,Yes
S04194,0,1,1,1,1,1,1,0,0,0,2,5,5,9,8.97,4,0,6,Yes
S04195,0,0,1,0,1,1,1,1,0,1,6,3,4,10,6.97,5,1,1,Yes
S04196,1,1,1,0,1,0,0,0,1,1,6,3,2,5,8.94,7,0,4,No
S04197,1,0,0,0,1,1,1,0,1,0,3,6,4,8,6.14,6,2,0,Yes
S04198,1,1,0,1,1,0,1,0,1,0,9,4,3,2,9.35,5,2,4,Yes
S04199,1,1,1,1,1,0,0,0,1,1,8,9,10,5,5.55,4,1,2,Yes
S04200,0,0,0,0,0,1,0,0,0,1,5,5,5,1,7.04,1,3,7,No
S04201,0,0,0,1,1,1,0,1,1,0,9,2,6,3,5.44,1,1,1,No
S04202,1,1,1,0,1,1,0,1,0,0,9,3,7,3,9.08,7,3,0,Yes
S04203,1,0,0,0,1,1,0,0,0,1,7,5,4,4,8.96,2,3,7,Yes
S04204,0,0,1,0,0,0,1,0,0,0,10,4,7,2,8.12,7,1,2,No
S04205,1,1,0,1,1,1,1,1,0,0,8,7,2,8,6.23,6,2,0,Yes
S04206,1,1,1,1,0,1,0,1,0,0,10,7,1,1,5.39,5,3,0,Yes
S04207,0,1,0,1,1,1,0,1,1,1,6,10,3,5,5.38,5,0,1,No
S04208,1,1,0,0,0,1,1,0,1,0,8,2,3,8,9.2,3,2,4,Yes
S04209,1,1,1,1,0,0,0,0,0,0,6,5,3,10,7.12,7,0,5,No
S04210,1,1,1,1,0,1,1,0,0,1,4,6,9,8,8.64,1,3,5,Yes
S04211,1,1,1,1,1,0,0,0,0,1,3,6,6,1,7.97,3,3,5,Yes
S04212,0,0,0,0,1,0,0,0,0,0,1,10,10,9,7.67,1,1,6,No
S04213,1,0,0,1,0,0,0,1,1,1,5,5,8,7,8.08,4,0,6,No
S04214,1,1,1,1,1,0,1,1,1,0,4,9,9,7,7.21,6,3,5,Yes
S04215,0,0,0,1,1,0,1,0,1,0,1,2,7,3,9.13,8,3,2,Yes
S04216,0,1,1,1,1,1,1,1,0,0,10,1,2,6,9.93,2,2,2,Yes
S04217,1,1,0,1,1,0,1,0,1,1,3,8,2,2,6.02,5,2,0,No
S04218,1,1,0,1,1,1,1,0,1,0,1,10,3,9,9.34,1,2,5,Yes
S04219,0,0,1,1,1,1,0,0,0,0,5,9,4,5,8.2,4,3,2,Yes
S04220,1,0,0,1,1,1,0,1,1,0,8,8,3,8,9.61,3,2,1,Yes
S04221,1,0,1,0,1,0,0,0,0,1,7,9,1,2,9.35,7,2,4,Yes
S04222,0,0,0,1,0,1,1,1,1,0,8,8,8,6,9.23,8,0,7,Yes
S04223,0,1,1,0,1,0,1,1,0,0,1,2,8,10,9.49,4,1,3,Yes
S04224,0,0,0,0,0,1,0,1,0,0,7,5,8,5,6.0,6,2,7,No
S04225,0,1,0,0,1,1,0,0,0,0,1,3,6,2,5.41,3,0,8,No
S04226,0,1,1,1,0,0,0,0,0,0,1,3,2,8,8.32,7,2,2,No
S04227,1,0,1,0,0,0,1,0,1,0,8,5,9,6,9.17,3,0,2,No
S04228,0,0,1,0,0,0,1,0,1,0,2,5,7,1,8.42,4,2,7,Yes
S04229,1,1,1,1,0,1,1,1,0,1,9,7,8,9,7.77,8,2,1,Yes
S04230,1,1,1,1,1,1,1,1,0,0,10,3,6,10,7.39,7,3,3,Yes
S04231,0,1,0,1,1,1,1,1,0,0,4,9,1,10,5.08,6,1,8,Yes
S04232,0,1,0,1,1,1,0,1,0,1,10,9,5,8,5.82,1,2,8,Yes
S04233,1,1,1,1,0,1,1,1,1,1,6,6,5,9,5.64,0,2,5,Yes
S04234,0,1,1,0,0,1,0,0,0,0,2,7,5,3,5.35,4,1,8,No
S04235,1,1,1,0,0,0,1,0,1,0,1,7,9,7,6.81,2,3,5,Yes
S04236,1,0,1,1,1,0,0,0,0,0,4,1,8,3,9.21,2,2,4,Yes
S04237,1,0,1,1,0,1,0,0,1,0,2,3,5,5,8.7,3,2,0,No
S04238,0,1,0,0,1,0,1,0,1,1,6,8,7,8,7.05,1,3,3,Yes
S04239,0,0,1,1,1,1,0,0,1,0,8,10,8,7,7.72,8,0,8,Yes
S04240,1,1,0,0,0,1,1,0,1,0,7,8,2,2,9.42,4,1,7,Yes
S04241,0,1,0,1,1,1,1,0,0,0,8,5,3,7,7.96,2,0,7,Yes
S04242,1,1,0,1,0,0,1,0,1,0,2,10,9,7,9.13,1,3,2,Yes
S04243,0,1,1,0,0,1,1,0,0,1,5,10,6,9,9.89,4,2,6,Yes
S04244,1,1,1,1,1,1,1,1,0,0,10,4,10,9,9.61,6,0,2,Yes
S04245,1,1,1,1,1,1,1,0,1,0,10,5,6,10,8.11,3,0,3,Yes
S04246,0,1,0,0,1,0,1,1,0,0,4,6,3,3,9.63,8,3,5,Yes
S04247,1,1,0,1,0,1,1,0,0,0,9,8,7,9,7.33,2,3,2,Yes
S04248,1,0,0,0,0,1,0,0,1,1,1,5,1,6,7.34,6,3,2,No
S04249,0,1,0,0,1,0,1,1,1,0,5,10,1,3,6.29,7,0,3,No
S04250,0,0,0,1,0,0,0,1,0,0,9,6,9,10,9.82,7,2,5,Yes
S04251,1,1,0,1,0,0,1,1,0,0,6,1,2,3,8.0,3,3,2,No
S04252,1,0,0,0,1,0,0,1,0,1,10,4,8,4,9.09,7,0,3,Yes
S04253,1,1,0,1,1,0,1,0,1,0,7,7,5,4,8.33,0,3,4,Yes
S04254,1,0,0,0,1,1,1,1,0,0,5,2,8,9,7.92,2,2,8,Yes
S04255,1,0,1,1,1,0,1,1,0,1,10,3,10,2,8.49,4,1,0,Yes
S04256,0,1,1,0,0,0,1,1,0,0,1,6,9,10,7.64,2,2,1,No
S04257,0,0,1,1,1,0,1,0,1,1,5,6,9,10,5.84,0,2,3,No
S04258,1,1,1,0,0,1,0,0,0,0,2,3,9,10,7.25,3,2,5,Yes
S04259,1,0,0,0,1,1,0,0,0,1,1,1,10,5,5.4,4,2,1,No
S04260,1,1,1,1,1,0,1,0,1,0,6,1,2,6,5.54,1,1,6,No
S04261,1,1,1,0,1,0,0,1,0,0,6,3,7,10,7.11,2,0,1,No
S04262,0,1,0,1,1,0,1,0,0,0,10,2,4,4,9.8,1,0,6,Yes
S04263,1,1,1,1,1,1,1,0,0,0,6,9,10,6,8.35,8,3,0,Yes
S04264,1,1,0,1,0,0,1,0,0,1,2,6,4,8,9.51,6,0,4,Yes
S04265,0,0,0,0,0,0,1,0,0,0,10,1,8,4,5.17,6,2,5,Yes
S04266,1,1,1,0,0,1,1,0,1,0,4,5,4,4,8.42,4,3,7,Yes
S04267,0,0,1,0,0,0,1,1,0,0,1,7,3,6,7.09,8,3,3,Yes
S04268,1,1,1,1,1,0,1,1,0,0,9,8,10,3,8.48,4,3,4,Yes
S04269,0,1,0,0,0,0,0,1,0,0,4,9,4,7,9.68,7,3,5,Yes
S04270,0,1,0,1,0,0,0,0,1,0,4,8,6,1,7.42,7,1,0,No
S04271,0,0,0,1,0,0,1,0,0,0,1,9,7,7,5.49,4,2,2,No
S04272,0,1,1,1,1,1,1,0,0,0,9,8,6,3,8.23,7,1,8,Yes
S04273,1,1,1,0,1,1,0,0,1,0,4,6,9,10,9.31,2,0,2,Yes
S04274,1,1,1,1,0,1,0,1,1,0,9,6,8,5,7.93,6,3,5,Yes
S04275,0,1,0,1,0,1,1,0,0,0,4,2,8,2,9.41,4,0,2,No
S04276,0,0,0,1,1,1,1,0,0,1,10,6,3,10,5.47,8,1,0,Yes
S04277,1,1,0,0,0,0,1,0,0,0,5,6,3,5,5.31,3,1,5,No
S04278,1,1,0,1,1,0,1,1,1,0,10,8,1,10,5.64,0,1,0,No
S04279,1,1,0,0,1,0,0,0,0,0,1,1,8,9,9.98,8,3,3,Yes
S04280,1,1,1,1,0,1,1,1,0,0,7,9,5,8,6.57,4,0,1,No
S04281,1,1,0,1,1,0,1,1,0,1,4,1,7,7,8.35,4,0,6,No
S04282,0,1,1,0,0,1,1,0,1,0,3,10,2,8,8.85,8,1,0,Yes
S04283,1,1,0,1,1,0,1,0,0,1,4,4,9,6,6.4,0,2,8,No
S04284,1,1,0,0,1,1,0,0,1,0,6,2,7,7,6.07,5,1,4,Yes
S04285,0,1,1,0,0,0,0,1,1,1,3,9,9,5,8.49,4,2,2,Yes
S04286,0,1,0,0,1,1,1,1,0,0,9,5,7,2,8.47,7,1,0,Yes
S04287,0,1,1,0,1,0,1,0,0,0,3,10,8,6,7.22,1,2,1,No
S04288,0,1,1,0,1,0,1,0,1,1,2,7,8,9,7.23,1,3,2,Yes
S04289,1,1,1,0,1,1,1,0,1,0,5,3,4,5,8.94,0,2,4,No
S04290,0,1,0,0,0,1,1,0,0,1,9,9,3,9,7.18,5,2,7,Yes
S04291,1,0,0,1,1,0,1,0,0,1,1,7,7,8,6.71,1,2,3,No
S04292,1,1,0,0,0,0,0,1,0,0,6,4,10,5,8.23,8,2,7,Yes
S04293,0,1,1,1,1,0,1,0,1,0,8,10,2,7,9.37,4,1,0,Yes
S04294,0,1,1,1,1,1,1,0,0,0,6,10,1,4,9.89,2,0,8,Yes
S04295,1,1,0,0,1,1,1,0,0,0,9,6,7,5,6.36,4,2,5,Yes
S04296,1,0,0,1,0,1,1,0,1,0,6,5,2,10,8.72,2,0,0,No
S04297,1,1,0,1,1,0,0,0,0,0,8,10,6,8,7.03,8,2,8,Yes
S04298,1,1,0,1,1,0,1,0,0,0,4,5,2,10,8.75,2,3,4,Yes
S04299,1,0,1,1,1,1,1,0,1,0,10,5,8,1,5.41,2,1,0,No
S04300,0,0,0,1,1,0,1,0,1,1,8,9,8,4,7.68,3,0,3,No
S04301,1,0,0,1,0,1,0,1,0,1,3,10,10,7,9.84,1,1,1,Yes
S04302,0,1,0,1,0,1,1,1,0,0,7,10,9,9,8.27,5,3,5,Yes
S04303,0,0,0,0,0,1,0,0,0,0,6,7,9,1,8.35,3,2,0,No
S04304,0,1,0,0,0,0,1,0,0,0,8,1,6,6,5.92,0,1,2,No
S04305,0,1,0,1,0,0,1,0,1,1,9,8,4,10,5.76,5,0,7,Yes
S04306,1,1,1,0,1,1,1,1,1,0,1,4,6,6,9.09,7,3,2,Yes
S04307,1,1,1,1,0,1,1,0,0,1,8,4,4,7,6.66,1,3,3,Yes
S04308,0,1,0,1,1,1,0,0,1,0,4,2,1,1,9.28,6,0,1,No
S04309,0,0,0,0,0,1,1,0,1,0,9,4,8,2,5.41,0,3,7,No
S04310,0,1,1,1,1,1,0,0,0,0,3,2,1,8,6.52,7,1,8,No
S04311,1,0,0,0,1,0,0,1,1,0,9,5,3,2,9.04,0,0,3,No
S04312,0,1,0,1,0,1,0,0,0,0,8,8,4,9,9.96,8,0,8,Yes
S04313,1,1,0,0,1,1,0,0,0,0,3,4,8,8,5.07,4,1,0,No
S04314,0,1,0,1,1,0,1,0,1,1,7,7,9,5,7.6,4,2,0,Yes
S04315,0,1,0,0,0,0,1,0,0,0,4,2,6,1,9.57,4,0,3,No
S04316,1,1,0,1,1,0,1,1,1,0,6,3,2,7,7.65,3,2,6,Yes
S04317,0,1,0,1,0,0,0,0,0,0,5,3,4,4,6.76,7,3,8,Yes
S04318,1,1,1,1,0,1,0,0,0,0,2,3,9,5,9.0,2,2,1,No
S04319,1,1,0,1,0,1,1,0,0,0,8,3,10,5,9.54,0,3,0,Yes
S04320,1,0,1,1,1,1,1,1,1,0,2,1,4,9,7.3,7,0,5,Yes
S04321,0,1,1,0,1,0,1,1,0,1,7,8,7,6,5.34,7,0,6,Yes
S04322,0,1,1,0,1,0,0,1,0,0,1,7,3,1,6.74,1,1,6,No
S04323,0,1,1,0,0,1,1,0,0,0,8,3,4,5,5.89,8,2,1,No
S04324,1,1,0,0,1,1,0,0,0,0,5,6,2,2,8.2,4,2,8,Yes
S04325,0,0,1,0,1,1,1,0,0,0,10,4,4,8,7.48,6,2,6,Yes
S04326,0,0,1,0,0,0,1,1,0,1,3,8,10,7,8.08,1,0,2,No
S04327,1,0,0,0,0,1,1,0,0,0,9,1,2,7,6.99,8,0,0,No
S04328,0,1,0,0,1,1,1,0,1,0,8,3,3,10,7.51,0,3,0,No
S04329,1,0,0,1,0,1,0,0,0,0,1,6,3,5,6.45,2,1,2,No
S04330,0,1,1,1,1,0,0,0,1,0,1,3,6,4,6.44,0,0,6,No
S04331,1,1,0,0,1,0,1,1,0,0,8,4,5,10,5.99,7,3,0,Yes
S04332,1,1,0,1,1,0,1,0,1,1,6,3,6,8,6.49,0,3,2,Yes
S04333,1,0,1,1,1,1,1,1,1,1,7,6,6,4,5.75,3,1,4,Yes
S04334,0,1,0,0,0,0,1,1,1,0,1,3,9,9,6.04,0,2,7,No
S04335,1,1,1,0,0,1,0,0,1,0,7,2,10,7,8.39,7,3,7,Yes
S04336,1,0,0,0,1,1,0,0,0,0,9,4,3,10,7.48,6,0,4,Yes
S04337,0,1,0,0,1,0,1,1,0,0,3,8,7,5,5.6,2,2,3,No
S04338,0,1,0,0,1,1,0,0,0,0,9,8,3,2,8.27,3,0,0,No
S04339,1,1,1,1,0,1,1,1,1,0,3,2,8,1,8.86,7,3,2,Yes
S04340,1,1,1,1,0,1,1,0,0,0,10,5,6,6,9.42,1,1,3,Yes
S04341,1,0,0,1,1,1,1,0,0,0,1,1,6,7,9.46,1,1,5,No
S04342,1,1,0,1,0,0,1,1,0,0,2,5,8,3,9.19,4,1,2,Yes
S04343,0,0,1,1,1,0,0,1,0,1,4,6,6,4,7.89,0,1,3,No
S04344,0,1,1,1,0,1,1,0,1,0,1,5,6,4,9.78,2,1,4,Yes
S04345,0,0,0,0,1,1,0,0,1,0,1,7,5,3,8.45,2,3,1,No
S04346,1,1,1,0,0,1,1,0,0,1,1,6,7,2,8.68,4,3,0,No
S04347,0,0,1,0,0,1,0,1,0,1,9,7,7,4,9.89,8,1,5,Yes
S04348,0,1,0,0,1,1,0,0,0,0,9,9,9,9,5.49,2,0,8,Yes
S04349,0,0,0,1,1,0,0,1,0,0,6,1,8,1,9.76,5,2,3,Yes
S04350,0,1,0,1,0,0,0,0,1,0,6,6,2,9,6.06,1,2,7,No
S04351,0,1,1,1,0,1,1,0,1,0,6,1,9,6,9.0,5,1,7,Yes
S04352,0,1,0,0,1,0,1,0,1,0,4,6,2,2,6.72,2,0,5,No
S04353,1,0,1,1,1,1,0,0,1,0,9,10,9,1,7.34,3,0,4,No
S04354,0,1,1,1,1,0,0,0,0,0,8,2,1,5,7.85,4,1,7,Yes
S04355,1,1,1,1,0,1,1,0,1,1,9,7,1,7,8.9,1,0,1,Yes
S04356,0,0,0,0,0,1,1,1,0,0,7,4,9,9,7.19,0,1,4,No
S04357,1,0,1,1,0,1,1,0,0,0,2,6,4,6,5.4,6,3,7,Yes
S04358,0,1,0,0,0,1,1,0,0,0,6,4,7,10,9.26,8,3,6,Yes
S04359,0,1,0,1,0,1,1,1,1,1,8,5,7,1,5.09,1,2,0,No
S04360,1,1,1,1,1,1,0,1,0,0,6,3,9,4,9.87,8,3,0,Yes
S04361,1,0,1,1,0,0,0,0,0,1,3,8,5,6,9.62,1,1,0,No
S04362,0,0,0,1,0,0,1,0,0,0,7,8,6,8,9.99,6,3,5,Yes
S04363,0,0,0,1,0,1,0,0,0,1,4,3,2,7,5.61,0,3,5,No
S04364,1,1,0,1,1,1,0,0,1,0,6,1,6,3,8.42,3,1,1,No
S04365,1,1,1,1,1,1,0,0,0,0,6,3,2,8,6.07,4,1,0,No
S04366,0,1,1,1,1,0,0,0,0,0,4,8,3,7,7.61,8,2,6,Yes
S04367,1,1,0,1,0,0,0,0,1,0,1,9,7,1,9.21,2,1,2,Yes
S04368,1,0,1,1,0,1,0,0,0,0,5,2,1,6,6.92,7,1,4,No
S04369,1,1,1,1,0,1,1,0,1,0,2,6,6,2,9.9,3,2,0,Yes
S04370,1,1,0,1,0,0,1,1,1,0,4,1,7,4,7.37,1,2,7,No
S04371,1,0,1,1,1,0,1,0,1,0,4,8,6,1,7.78,6,2,4,Yes
S04372,1,1,0,0,1,0,1,0,0,1,1,9,2,10,6.41,7,2,2,No
S04373,1,1,1,0,0,1,0,0,1,1,7,6,3,3,8.78,6,3,3,Yes
S04374,1,0,0,1,0,0,1,1,0,0,6,2,8,9,5.58,2,2,3,Yes
S04375,1,0,1,1,1,1,1,0,0,0,4,2,10,2,9.89,7,0,0,No
S04376,1,0,0,0,1,1,0,0,1,0,1,3,5,2,5.62,4,2,6,No
S04377,1,1,0,1,1,1,1,0,1,0,2,2,7,3,5.44,5,1,8,No
S04378,0,1,0,0,1,0,0,1,0,0,2,9,4,3,9.33,7,2,2,Yes
S04379,1,1,1,1,0,1,0,0,1,0,1,9,5,6,6.33,1,1,4,No
S04380,1,0,0,0,1,1,0,0,1,1,7,7,10,7,7.69,5,1,0,Yes
S04381,1,1,1,0,1,1,0,0,0,1,7,6,5,5,9.21,6,1,6,Yes
S04382,1,0,0,1,1,1,1,0,0,1,9,7,5,1,8.09,3,0,3,Yes
S04383,0,1,1,1,0,0,1,0,1,0,4,10,2,8,8.22,4,3,3,Yes
S04384,0,1,0,0,1,0,0,0,0,0,9,3,8,8,7.76,3,1,5,Yes
S04385,0,0,0,0,1,1,1,1,1,1,8,5,10,4,7.59,3,1,2,Yes
S04386,0,0,0,1,0,0,0,0,0,1,10,10,5,5,8.66,4,1,5,Yes
S04387,0,1,0,1,0,0,0,0,0,1,9,5,3,6,9.19,3,1,6,Yes
S04388,1,0,1,1,0,1,1,0,0,1,7,2,6,4,8.43,0,0,0,No
S04389,1,0,1,0,1,0,1,0,0,0,3,4,4,4,6.77,0,2,4,No
S04390,1,0,0,1,0,1,1,0,0,0,10,4,6,3,8.92,7,2,2,Yes
S04391,1,0,1,0,0,0,1,0,0,1,6,9,1,1,9.85,2,3,6,Yes
S04392,1,0,0,1,0,0,1,0,1,1,9,7,4,3,5.17,2,1,3,No
S04393,0,0,0,0,1,0,0,1,0,0,1,5,4,7,5.54,5,0,6,No
S04394,1,1,0,1,0,0,1,1,0,0,10,9,1,3,6.6,8,1,0,Yes
S04395,0,1,0,0,0,1,0,1,1,1,5,4,7,1,9.68,3,1,6,Yes
S04396,0,1,1,1,1,1,1,0,0,0,9,7,5,3,9.76,3,3,4,Yes
S04397,1,1,1,1,0,0,0,1,0,0,4,1,1,7,7.22,8,1,8,No
S04398,1,1,0,0,0,1,1,1,1,0,1,4,4,6,5.55,7,1,3,No
S04399,1,1,1,1,0,1,0,0,0,1,1,5,1,6,9.28,7,0,7,No
S04400,1,0,1,1,0,1,0,0,0,0,10,4,10,4,7.63,6,3,1,Yes
S04401,1,0,0,1,0,0,1,0,1,0,5,6,10,5,9.14,6,3,3,Yes
S04402,1,1,0,0,1,1,1,0,0,0,6,4,6,3,7.17,8,0,1,Yes
S04403,1,1,0,1,0,1,0,1,0,0,2,2,9,6,9.14,5,0,6,Yes
S04404,1,0,1,1,1,0,0,0,0,1,3,9,7,1,6.99,8,3,8,Yes
S04405,0,0,1,1,0,1,1,0,1,0,9,6,3,4,6.59,1,3,0,No
S04406,0,0,1,1,0,0,0,0,1,1,3,1,9,1,7.79,1,0,6,No
S04407,0,0,0,1,1,1,1,0,0,0,3,4,9,6,5.84,1,2,8,No
S04408,1,0,1,1,0,1,1,1,1,0,7,6,2,7,9.85,4,2,3,Yes
S04409,1,1,0,1,1,1,1,0,0,0,1,7,9,2,8.75,4,0,0,No
S04410,0,1,1,1,1,1,1,0,1,0,9,8,7,4,9.82,0,3,3,Yes
S04411,1,0,0,1,1,0,0,1,1,0,8,5,3,5,9.66,2,3,1,Yes
S04412,1,1,0,1,1,1,1,1,0,0,6,8,4,6,7.41,3,2,5,Yes
S04413,0,0,1,1,0,0,1,1,1,0,1,5,7,6,5.54,6,3,6,Yes
S04414,0,1,1,0,0,0,1,0,1,0,8,2,1,7,8.3,1,3,8,Yes
S04415,1,0,1,1,0,1,1,1,0,0,9,10,7,7,9.66,4,2,5,Yes
S04416,1,1,0,1,1,1,1,0,0,1,7,5,10,7,5.66,0,2,1,No
S04417,1,1,1,1,1,0,0,0,0,0,4,9,3,7,6.88,6,0,3,Yes
S04418,1,1,1,0,1,0,1,0,0,1,5,1,9,2,7.03,0,2,6,Yes
S04419,1,0,1,0,1,0,0,0,1,0,6,4,6,4,5.66,1,2,8,No
S04420,1,1,1,1,1,1,1,0,0,1,5,7,5,5,6.91,6,0,8,Yes
S04421,1,0,0,1,0,1,1,1,0,1,8,6,8,3,7.73,2,0,4,No
S04422,0,0,0,1,0,0,1,1,1,1,10,9,4,9,5.17,4,1,8,Yes
S04423,0,0,1,1,0,0,0,0,0,1,2,10,5,1,8.4,2,2,6,No
S04424,0,0,0,1,1,1,1,1,1,0,7,3,6,5,7.05,2,2,1,No
S04425,1,1,0,0,0,0,1,1,1,0,6,10,5,6,7.49,0,3,3,Yes
S04426,1,1,0,1,0,1,1,1,0,1,6,8,6,4,7.05,3,3,7,Yes
S04427,1,1,1,1,1,1,1,1,1,1,8,10,3,10,7.89,1,1,3,Yes
S04428,1,0,0,1,0,0,1,1,1,0,8,6,7,9,6.05,2,0,2,No
S04429,1,0,0,1,1,1,1,0,0,0,4,9,6,1,9.66,8,3,5,Yes
S04430,0,1,0,0,1,1,0,1,0,0,7,6,1,6,5.42,3,3,4,No
S04431,0,1,0,1,0,0,1,0,1,1,7,7,10,10,5.07,6,0,2,Yes
S04432,1,1,0,1,1,1,0,1,1,0,7,2,3,1,6.96,7,0,3,No
S04433,1,1,0,1,1,1,1,0,0,0,2,8,7,8,6.91,6,0,0,Yes
S04434,0,1,1,0,0,0,1,1,0,1,7,1,4,3,9.4,7,3,5,Yes
S04435,1,1,0,1,0,1,1,1,0,1,7,9,7,3,5.13,6,3,0,Yes
S04436,1,1,1,1,1,0,1,0,0,1,3,9,1,4,6.46,2,3,0,No
S04437,1,1,1,1,1,1,0,0,1,0,6,4,5,7,9.75,1,1,0,Yes
S04438,0,1,1,1,0,1,0,0,0,0,1,10,6,8,6.58,2,3,4,Yes
S04439,0,1,0,1,1,1,1,0,0,0,1,6,8,4,9.76,1,0,5,No
S04440,1,1,1,1,1,1,1,0,0,1,8,3,1,3,5.82,2,1,0,No
S04441,0,1,0,1,0,1,0,0,0,0,8,5,6,3,6.44,1,1,0,No
S04442,0,1,0,0,1,1,1,0,0,1,8,4,6,7,7.35,4,1,1,No
S04443,1,1,0,0,0,1,1,0,1,0,6,6,2,4,5.37,0,2,8,No
S04444,1,1,0,0,0,0,0,0,1,1,6,5,7,2,5.96,7,2,4,Yes
S04445,1,1,0,1,0,1,1,1,0,0,10,8,2,4,8.26,7,0,3,Yes
S04446,0,0,0,1,1,0,0,0,1,0,8,3,7,10,7.02,3,3,6,Yes
S04447,1,1,0,1,1,0,1,0,0,0,9,6,6,1,5.3,3,3,7,Yes
S04448,0,1,1,0,1,0,1,0,0,1,2,4,7,1,7.62,3,3,2,No
S04449,1,1,1,1,0,1,1,0,1,0,7,5,10,2,7.72,0,2,1,Yes
S04450,0,1,0,1,1,1,1,1,1,0,3,3,2,5,7.18,5,3,8,No
S04451,1,0,0,1,0,0,1,0,0,0,7,9,9,8,6.27,3,0,8,Yes
S04452,0,1,1,0,1,1,1,0,1,0,10,2,8,5,7.15,7,2,3,Yes
S04453,0,1,0,0,0,0,0,0,0,0,1,3,1,3,5.15,5,2,5,No
S04454,0,1,0,1,0,1,0,0,1,0,5,4,9,4,5.06,2,0,6,No
S04455,0,1,1,0,1,0,1,0,1,0,1,8,3,5,6.74,0,3,8,No
S04456,1,1,1,1,1,1,0,0,0,0,7,10,9,7,8.91,0,0,8,Yes
S04457,0,1,1,1,0,0,1,1,1,1,6,10,1,6,7.17,2,0,7,Yes
S04458,1,1,0,1,0,1,1,1,1,0,8,2,2,4,5.85,6,2,0,No
S04459,1,1,0,1,1,0,0,1,0,0,4,2,10,5,9.1,0,2,5,No
S04460,1,0,0,0,0,0,0,0,0,0,10,8,4,1,9.54,3,3,6,Yes
S04461,1,0,0,1,0,1,1,1,0,0,6,2,10,10,6.21,6,3,1,Yes
S04462,1,1,0,1,1,0,0,0,0,0,3,2,4,1,8.59,6,1,3,No
S04463,0,1,0,1,0,1,0,0,0,0,7,7,5,3,9.95,1,3,4,Yes
S04464,1,1,0,1,0,1,1,0,0,0,8,1,3,8,5.05,1,0,8,No
S04465,0,1,0,0,0,1,1,0,0,0,9,2,9,3,5.41,2,2,1,No
S04466,1,0,1,0,1,1,0,0,0,1,10,5,4,6,9.15,5,0,5,Yes
S04467,1,1,1,0,0,0,1,1,1,0,2,7,10,2,5.49,4,2,8,No
S04468,1,1,1,1,1,1,1,0,1,1,1,1,6,10,7.87,7,0,6,Yes
S04469,0,1,0,1,0,0,0,0,1,0,7,2,7,7,5.77,5,3,7,No
S04470,0,0,0,0,1,1,1,0,0,1,2,8,3,8,6.99,0,0,5,No
S04471,0,1,1,1,1,1,1,0,1,1,10,7,2,6,8.53,1,3,1,Yes
S04472,0,0,1,1,0,0,1,0,1,1,5,7,9,9,8.26,6,1,1,Yes
S04473,1,0,1,1,0,0,1,0,0,0,8,2,5,9,5.88,8,3,6,Yes
S04474,1,1,0,0,1,0,1,1,0,1,10,1,4,1,7.87,8,0,8,Yes
S04475,0,0,1,0,1,1,0,1,1,0,6,4,7,2,5.32,6,0,1,No
S04476,1,1,1,1,0,1,1,0,0,0,7,9,6,6,6.25,7,3,7,Yes
S04477,1,0,0,0,1,0,1,0,0,0,2,3,9,1,6.25,7,0,8,No
S04478,1,0,0,0,1,1,1,1,0,0,10,7,1,2,9.16,0,3,6,Yes
S04479,0,1,0,1,0,1,1,1,0,0,5,10,4,3,7.17,6,2,7,Yes
S04480,0,1,1,0,1,0,0,0,0,1,9,7,9,1,5.58,6,3,3,Yes
S04481,1,0,0,1,1,1,1,0,1,0,7,6,9,2,5.49,2,1,2,No
S04482,1,1,1,0,0,1,1,0,0,1,3,9,2,10,6.22,8,0,5,Yes
S04483,0,1,0,1,0,0,1,0,0,0,10,8,6,4,7.27,8,3,8,Yes
S04484,0,1,1,1,0,0,1,1,1,0,5,2,5,9,7.2,5,2,8,Yes
S04485,1,0,0,0,0,0,1,0,0,0,5,6,1,7,9.52,1,3,0,Yes
S04486,0,0,0,1,1,0,0,0,1,0,3,4,2,3,5.63,4,0,0,No
S04487,1,1,1,0,0,0,1,0,0,0,7,5,9,7,8.05,6,3,3,Yes
S04488,1,0,1,1,0,1,1,1,0,1,1,8,4,10,6.6,8,0,1,Yes
S04489,0,1,1,1,1,1,0,0,0,1,7,6,9,6,9.73,7,0,7,Yes
S04490,0,0,0,1,0,1,0,1,0,0,2,6,10,1,6.18,6,1,0,No
S04491,1,1,0,0,1,1,1,0,0,0,10,3,2,8,7.38,3,1,3,No
S04492,0,1,0,1,1,0,0,0,0,1,10,10,6,2,8.31,8,3,3,Yes
S04493,0,1,0,0,0,1,0,0,1,1,7,10,4,10,6.0,4,1,1,No
S04494,0,1,0,1,1,0,1,0,1,1,9,5,1,2,9.21,0,0,0,No
S04495,0,1,0,1,0,0,0,1,0,0,6,9,7,8,8.34,6,2,3,Yes
S04496,0,0,1,1,1,1,0,1,0,0,7,6,5,1,9.67,6,1,2,Yes
S04497,1,1,0,0,1,0,0,0,1,0,10,5,8,3,9.8,3,1,4,Yes
S04498,1,0,1,0,0,0,0,0,0,0,2,6,6,6,8.1,2,1,1,No
S04499,1,1,1,1,0,0,0,0,1,0,7,2,9,3,9.07,1,3,3,Yes
S04500,1,0,0,0,0,0,1,0,0,0,7,4,2,3,5.83,6,1,8,No
S04501,0,1,1,0,1,1,1,1,0,0,4,4,2,9,7.2,4,2,6,Yes
S04502,1,0,0,1,1,0,1,1,1,0,2,2,4,9,8.74,0,3,7,No
S04503,1,0,1,1,0,0,1,0,0,0,10,6,5,10,9.57,8,1,8,Yes
S04504,1,0,1,1,0,1,1,1,0,0,2,1,2,10,6.01,6,3,2,No
S04505,1,0,1,1,0,1,1,1,0,1,3,10,8,8,9.2,5,2,5,Yes
S04506,1,1,1,1,0,0,1,0,1,0,7,3,10,10,7.59,5,2,8,Yes
S04507,0,1,0,0,0,1,1,0,0,1,10,6,10,7,6.67,5,3,4,Yes
S04508,1,0,0,1,0,0,1,0,0,0,10,3,5,8,8.12,2,1,2,No
S04509,0,0,1,0,0,1,0,0,1,1,9,3,10,5,7.91,2,3,5,Yes
S04510,0,1,0,0,1,0,1,1,0,0,2,5,5,10,9.58,1,3,6,Yes
S04511,1,1,1,0,0,0,1,0,0,0,3,10,10,10,6.35,5,0,1,No
S04512,1,0,1,1,0,1,1,1,0,0,9,2,1,5,6.09,0,1,2,No
S04513,1,1,0,1,0,1,0,0,0,1,9,3,7,6,7.04,5,3,0,Yes
S04514,0,1,0,0,0,0,0,0,1,1,9,4,9,2,9.74,1,2,5,Yes
S04515,0,1,0,1,0,1,0,0,1,0,10,9,2,8,7.83,8,2,6,Yes
S04516,1,1,1,0,0,1,0,0,1,1,8,10,4,5,7.49,5,0,3,Yes
S04517,1,1,0,1,0,1,0,0,0,0,10,10,2,4,9.96,4,3,3,Yes
S04518,0,0,1,1,1,1,1,0,0,0,9,3,5,2,8.16,8,3,6,Yes
S04519,1,0,1,0,0,1,0,1,1,0,7,10,1,10,9.38,2,1,2,No
S04520,1,0,0,1,0,1,1,1,0,1,2,4,4,7,7.13,8,0,3,Yes
S04521,0,0,1,0,1,0,0,0,0,1,9,6,2,8,8.47,3,1,5,No
S04522,0,1,1,0,0,1,1,0,1,0,3,5,1,7,6.1,5,2,0,No
S04523,0,0,0,0,1,1,1,0,0,0,8,2,10,9,9.76,3,0,4,Yes
S04524,0,0,1,1,1,0,0,0,0,0,6,5,6,3,9.39,6,2,2,No
S04525,0,0,0,1,1,0,1,0,0,1,7,9,5,9,9.15,1,3,3,Yes
S04526,1,0,0,0,0,1,0,0,1,1,8,9,6,6,7.49,6,2,0,Yes
S04527,0,1,1,0,0,0,1,1,0,0,6,9,5,1,7.01,8,3,3,Yes
S04528,0,1,0,1,1,1,1,0,0,0,2,1,3,6,7.26,7,1,7,No
S04529,0,1,0,1,0,1,0,0,0,0,3,7,9,9,5.16,1,1,7,No
S04530,1,0,1,0,0,0,0,0,1,0,10,6,2,10,7.55,5,0,8,Yes
S04531,1,1,1,0,0,0,1,1,0,0,7,5,3,3,6.35,5,3,1,No
S04532,1,0,0,0,1,0,0,1,0,0,7,2,3,2,7.34,3,3,2,No
S04533,1,1,0,1,1,0,1,1,0,0,8,7,8,6,5.97,7,2,4,Yes
S04534,1,0,0,0,1,0,1,0,0,1,7,9,10,9,8.05,0,3,6,Yes
S04535,0,1,1,0,1,0,0,0,0,0,1,2,2,3,6.41,6,3,3,No
S04536,0,1,1,1,1,1,1,0,0,0,4,4,9,9,6.21,2,1,7,No
S04537,1,1,1,1,1,0,0,0,1,0,4,5,9,7,5.56,7,3,4,Yes
S04538,0,1,1,1,1,0,1,0,1,1,4,9,7,4,6.76,6,2,5,Yes
S04539,1,1,0,1,0,1,0,1,0,1,3,1,1,7,8.32,0,3,2,No
S04540,1,0,0,0,1,0,1,1,0,1,5,2,8,2,9.74,0,1,2,No
S04541,1,1,0,1,0,0,1,0,0,1,10,7,3,8,8.3,8,0,7,Yes
S04542,1,0,0,1,0,0,1,0,1,1,7,9,2,4,8.59,2,3,3,Yes
S04543,1,1,1,1,1,1,1,0,1,0,9,1,10,10,8.14,2,2,3,Yes
S04544,1,0,1,1,0,1,1,1,1,0,5,10,2,2,7.64,4,2,2,Yes
S04545,1,1,0,1,0,1,1,0,0,0,8,5,2,2,8.63,8,2,8,Yes
S04546,0,0,1,0,1,0,0,0,0,0,1,7,8,7,6.91,5,1,4,No
S04547,1,1,0,0,0,1,0,1,0,1,8,4,3,5,7.01,4,1,5,Yes
S04548,0,0,0,0,1,1,1,0,0,1,9,1,2,4,6.01,1,3,7,No
S04549,0,0,0,0,1,0,1,1,0,0,2,2,1,4,7.38,6,0,3,No
S04550,0,1,0,1,1,0,0,0,0,0,9,2,6,1,8.08,3,3,1,No
S04551,0,1,0,0,1,0,0,0,0,0,5,1,8,5,7.26,6,0,0,No
S04552,1,0,1,0,1,0,1,0,0,0,2,7,2,3,6.1,0,2,3,No
S04553,1,1,0,0,1,1,0,1,0,0,9,1,10,5,8.64,6,2,8,Yes
S04554,0,1,1,1,1,1,1,0,0,1,8,1,8,2,5.34,0,0,8,No
S04555,1,1,0,0,1,0,1,1,0,0,7,8,10,4,9.93,6,2,2,Yes
S04556,0,1,1,1,0,0,1,0,0,0,9,8,1,7,9.06,4,1,2,Yes
S04557,0,1,1,1,1,1,1,1,0,0,7,1,2,4,6.76,6,2,7,No
S04558,0,1,0,0,0,1,1,1,1,0,1,6,2,4,9.79,6,2,0,Yes
S04559,0,0,0,0,0,0,1,0,0,1,4,4,8,5,5.89,8,0,5,No
S04560,0,1,0,0,1,0,0,0,0,1,1,9,2,7,7.77,8,1,1,No
S04561,0,1,1,0,0,0,1,0,1,1,7,4,9,7,5.43,6,2,8,Yes
S04562,1,0,1,1,0,1,1,0,0,0,7,3,8,5,6.78,8,2,4,Yes
S04563,0,1,1,0,1,1,1,0,1,0,1,2,1,4,9.35,0,0,0,No
S04564,1,0,1,1,0,0,0,0,1,0,3,4,7,1,6.92,4,3,6,No
S04565,1,0,0,0,1,1,1,0,1,0,4,1,8,8,7.91,0,0,8,No
S04566,0,1,0,1,1,0,0,0,1,0,7,5,1,2,8.6,5,2,0,No
S04567,1,1,0,1,0,1,1,1,0,0,6,8,1,1,5.74,8,3,3,Yes
S04568,1,0,0,0,1,1,1,0,1,1,9,2,7,6,5.04,4,0,4,No
S04569,1,0,1,1,1,0,0,0,0,0,6,10,2,5,7.01,5,3,5,No
S04570,0,1,1,1,1,1,1,0,0,0,9,6,2,2,8.71,3,3,6,Yes
S04571,1,1,1,1,1,0,0,0,0,1,7,4,2,3,9.27,2,3,3,Yes
S04572,0,1,0,1,1,1,1,1,1,0,1,2,6,3,7.64,5,2,3,Yes
S04573,1,1,0,0,0,1,1,1,0,0,8,7,3,3,5.61,4,0,3,No
S04574,0,1,1,1,1,1,1,1,0,0,2,3,8,10,5.79,6,3,3,Yes
S04575,0,1,0,0,1,1,0,1,0,0,9,10,2,10,6.37,8,1,2,No
S04576,1,0,0,1,0,1,0,0,0,0,10,8,4,3,9.42,5,0,3,Yes
S04577,1,1,0,0,1,0,1,0,0,0,4,3,4,1,5.02,4,3,2,No
S04578,1,0,0,0,0,0,1,1,1,0,4,2,6,5,6.45,7,1,4,No
S04579,0,1,1,1,0,0,1,0,1,0,6,10,8,9,8.17,3,3,0,Yes
S04580,0,1,0,1,1,0,1,0,0,1,3,10,2,2,8.33,3,0,7,No
S04581,0,1,1,1,1,0,1,0,1,1,6,7,9,1,9.38,1,0,3,Yes
S04582,1,1,1,0,1,1,1,0,0,0,8,8,5,6,6.5,4,1,6,Yes
S04583,0,1,0,0,1,1,1,1,0,0,5,9,8,8,9.83,3,3,8,Yes
S04584,0,0,1,1,1,1,1,0,0,0,4,3,3,3,5.79,7,2,0,No
S04585,0,1,0,1,0,1,1,1,1,0,3,9,2,9,7.52,4,3,5,Yes
S04586,0,0,0,0,0,1,1,0,0,1,6,1,1,10,9.91,7,2,5,Yes
S04587,1,1,1,1,1,1,1,0,1,0,10,2,9,4,7.53,0,1,7,Yes
S04588,1,1,0,1,0,0,1,1,1,0,2,10,1,9,9.26,0,1,3,Yes
S04589,0,1,0,0,1,1,1,0,0,0,6,8,7,2,7.16,4,0,7,Yes
S04590,0,0,0,0,0,0,0,1,0,1,8,2,1,5,7.52,2,0,7,No
S04591,0,1,0,1,1,1,0,0,0,0,4,6,3,5,7.81,2,0,8,No
S04592,1,1,0,1,0,0,0,0,0,1,1,7,5,1,8.31,7,3,4,No
S04593,1,0,0,0,0,0,1,1,0,1,7,1,8,4,7.75,0,1,0,No
S04594,1,0,0,1,0,1,0,0,0,0,10,10,5,6,7.89,6,1,7,Yes
S04595,1,1,1,0,1,0,1,0,0,0,1,1,1,10,6.27,3,0,3,No
S04596,0,0,0,0,1,0,1,0,0,0,9,5,4,5,5.5,6,0,2,No
S04597,0,1,0,1,1,0,1,0,0,0,9,6,5,10,5.7,5,2,3,No
S04598,1,0,0,0,0,0,1,0,0,0,6,7,2,9,9.9,0,0,3,No
S04599,1,1,1,0,1,1,0,0,0,1,4,7,5,7,8.14,7,1,6,Yes
S04600,1,1,1,1,1,0,1,0,0,0,2,6,5,9,5.91,2,2,7,Yes
S04601,1,1,1,1,0,0,0,0,1,0,10,3,8,8,6.16,0,1,3,No
S04602,0,1,1,1,1,0,1,0,0,0,9,6,10,8,9.41,4,1,5,Yes
S04603,0,1,0,1,0,1,0,0,0,1,2,10,10,2,6.76,6,3,1,Yes
S04604,1,0,0,1,1,0,0,0,0,0,4,2,9,4,9.2,3,0,0,No
S04605,0,0,0,1,1,0,1,0,0,0,3,10,5,6,6.38,5,2,2,No
S04606,0,1,1,1,0,1,0,0,0,0,10,8,6,10,7.47,1,2,2,Yes
S04607,0,1,0,1,0,1,1,1,0,0,5,8,4,5,7.32,7,1,0,No
S04608,1,1,1,0,1,1,0,1,1,0,6,10,9,3,7.25,8,2,6,Yes
S04609,0,1,1,1,0,1,1,0,1,0,9,5,6,7,9.0,4,3,8,Yes
S04610,1,0,1,0,0,0,1,1,0,1,10,1,9,9,5.89,1,1,0,No
S04611,1,1,1,1,0,0,0,1,0,0,9,9,9,7,9.19,7,0,6,Yes
S04612,1,1,1,1,1,1,0,0,0,0,5,3,5,5,6.29,5,1,8,Yes
S04613,1,1,0,1,1,0,1,0,0,1,6,6,10,6,8.78,5,2,4,Yes
S04614,1,1,0,0,0,0,1,0,0,0,3,1,4,1,9.67,5,2,7,Yes
S04615,1,1,0,0,0,1,1,0,1,1,8,6,3,4,9.25,1,0,4,No
S04616,1,1,0,0,1,1,0,1,1,0,10,2,4,8,9.82,1,0,3,Yes
S04617,0,1,1,0,1,0,0,0,0,0,6,5,4,7,8.19,2,1,7,Yes
S04618,0,1,0,1,1,0,0,0,0,0,10,3,10,4,6.19,8,3,5,Yes
S04619,1,1,1,0,0,1,1,1,1,0,7,6,10,4,9.2,2,1,1,Yes
S04620,0,1,1,0,1,0,0,1,1,0,5,1,10,8,7.59,7,2,1,Yes
S04621,0,1,1,0,0,1,0,0,1,0,9,9,3,2,6.28,2,3,5,No
S04622,0,0,1,0,0,1,0,0,0,1,1,9,1,5,5.71,6,2,5,No
S04623,1,1,0,1,1,1,1,0,1,0,5,1,10,2,7.7,1,1,3,Yes
S04624,0,0,0,0,1,0,1,0,0,0,10,1,5,4,9.0,8,2,4,Yes
S04625,0,1,1,0,0,1,0,0,0,0,7,8,9,6,7.46,4,3,0,Yes
S04626,0,1,0,0,1,0,0,0,0,1,8,8,5,4,5.32,6,2,2,No
S04627,1,1,0,0,0,0,1,0,0,0,5,8,4,10,7.08,8,2,6,Yes
S04628,1,1,0,1,0,1,1,0,0,1,4,7,6,2,6.53,3,3,6,Yes
S04629,0,0,0,0,0,0,0,1,0,0,5,5,6,7,8.95,5,1,7,No
S04630,1,1,0,0,1,1,0,0,0,0,3,4,1,6,7.69,2,1,0,No
S04631,1,1,1,1,0,1,1,1,0,1,1,8,5,4,8.11,5,0,0,No
S04632,1,0,1,0,0,0,1,0,1,0,8,7,2,10,7.04,2,0,2,No
S04633,0,1,1,1,0,0,1,0,0,0,6,1,2,10,8.31,4,0,8,No
S04634,0,1,0,1,1,0,1,0,0,0,8,7,9,2,6.39,5,2,0,No
S04635,1,1,0,1,0,1,1,1,0,0,4,9,2,2,6.38,5,2,8,Yes
S04636,0,1,1,0,0,0,0,1,0,1,2,7,5,1,8.95,3,0,3,No
S04637,1,1,1,1,0,0,1,0,0,0,10,1,9,5,8.13,5,3,1,Yes
S04638,0,1,0,0,0,1,1,0,0,0,2,1,10,6,8.28,5,2,0,No
S04639,0,0,1,1,1,1,0,0,1,0,5,3,8,10,6.61,3,0,8,No
S04640,0,0,1,1,0,0,1,0,0,0,5,8,8,8,6.98,6,1,1,No
S04641,0,1,0,1,1,0,1,0,0,1,5,10,1,8,9.49,6,2,3,Yes
S04642,1,1,0,1,0,1,1,1,1,1,9,9,8,10,8.05,6,0,0,Yes
S04643,0,1,0,1,1,0,1,0,0,0,6,8,8,3,9.34,5,2,1,Yes
S04644,1,1,1,1,1,1,1,1,0,0,6,2,6,2,7.25,7,1,0,Yes
S04645,0,1,0,1,0,0,0,0,0,0,2,8,6,8,7.06,2,2,5,No
S04646,0,0,1,0,0,0,0,1,0,0,1,7,9,2,8.86,1,1,3,No
S04647,0,0,1,0,0,0,1,0,0,1,10,2,4,10,7.59,3,1,7,Yes
S04648,1,1,0,1,0,0,0,0,1,1,6,4,4,3,7.31,8,1,1,No
S04649,0,1,1,1,0,0,1,0,0,1,8,8,9,2,7.19,7,1,0,Yes
S04650,1,1,0,1,0,1,0,0,0,0,7,4,9,1,6.76,7,1,7,Yes
S04651,1,1,1,0,1,0,1,1,0,0,2,7,10,1,7.11,7,1,6,Yes
S04652,0,1,1,0,0,1,0,1,1,0,5,5,10,5,5.52,8,1,0,No
S04653,1,1,1,0,0,1,0,1,0,0,8,5,8,4,8.74,5,2,6,Yes
S04654,0,1,0,1,0,1,1,1,0,0,10,4,5,4,6.64,0,2,2,No
S04655,1,1,0,1,1,0,0,0,0,1,10,3,10,6,8.26,6,3,5,Yes
S04656,1,1,1,0,0,0,1,1,0,0,5,5,8,5,7.51,5,3,6,Yes
S04657,0,0,0,1,0,0,1,1,1,0,4,4,2,2,5.71,5,3,5,No
S04658,1,1,0,1,1,1,1,0,0,0,4,10,3,1,5.27,6,2,4,No
S04659,1,1,0,1,0,1,1,0,0,1,4,6,5,6,5.96,5,0,0,No
S04660,0,1,0,0,1,1,1,1,1,0,3,9,2,9,6.91,5,3,2,Yes
S04661,1,1,0,1,1,1,0,0,0,0,1,9,10,4,8.93,7,1,6,Yes
S04662,0,0,1,0,0,1,1,1,0,0,2,3,8,3,8.01,1,1,1,No
S04663,1,1,1,1,1,1,1,0,0,0,6,10,3,10,8.63,4,0,0,Yes
S04664,0,0,0,1,1,0,1,0,0,0,2,10,10,2,6.81,7,3,3,Yes
S04665,0,1,1,1,0,1,0,0,0,1,2,6,1,1,7.48,7,0,8,No
S04666,0,1,0,1,1,0,0,0,0,0,10,4,6,8,5.44,6,0,3,No
S04667,1,1,0,1,1,0,1,0,0,0,4,3,1,4,7.31,4,2,5,No
S04668,0,0,0,1,0,0,1,0,0,1,7,10,1,2,9.9,0,1,1,No
S04669,0,1,1,1,1,1,0,0,0,0,6,8,4,3,8.81,3,0,2,No
S04670,0,0,1,0,1,0,1,0,0,1,2,1,6,3,5.18,0,3,1,No
S04671,1,1,0,1,1,0,1,1,1,1,2,1,9,3,5.53,3,0,2,No
S04672,0,1,0,0,0,0,1,1,0,0,8,2,3,3,9.31,5,1,1,No
S04673,0,1,0,1,0,1,1,0,1,0,4,2,10,2,7.76,1,0,2,No
S04674,1,1,1,1,1,0,1,1,0,0,1,5,9,6,9.85,0,0,4,No
S04675,1,1,1,0,1,1,1,0,0,0,9,1,1,4,8.53,3,2,5,No
S04676,0,1,1,1,1,0,0,0,1,0,10,7,1,1,5.22,0,3,2,No
S04677,1,1,0,1,1,1,0,0,1,0,5,5,5,4,8.13,8,3,6,Yes
S04678,0,0,0,1,0,1,1,0,0,0,1,3,4,1,5.49,3,1,4,No
S04679,0,0,1,0,0,1,0,1,1,0,7,8,6,7,8.89,1,3,5,Yes
S04680,0,0,1,0,1,1,1,0,0,0,9,5,7,9,6.56,1,2,5,No
S04681,1,1,0,0,0,1,1,1,0,0,10,3,3,2,6.35,1,0,0,No
S04682,1,0,0,1,1,1,1,1,1,0,8,8,10,1,9.04,6,1,7,Yes
S04683,0,0,1,1,1,1,1,1,0,0,7,4,5,8,9.7,1,3,0,Yes
S04684,1,1,0,1,0,1,1,0,0,1,1,2,3,4,9.2,6,0,5,No
S04685,0,1,0,0,1,0,0,0,0,0,8,9,1,10,6.59,4,0,3,No
S04686,1,1,0,0,1,1,1,0,0,1,1,9,9,9,8.09,2,0,0,No
S04687,1,1,0,1,1,1,1,0,0,0,8,1,8,1,8.2,4,3,5,Yes
S04688,1,0,0,0,1,0,0,1,0,0,8,6,10,3,6.81,2,0,5,No
S04689,1,0,1,0,1,1,0,0,0,1,6,10,8,8,8.29,8,1,0,Yes
S04690,0,0,0,0,1,1,0,0,0,1,6,8,7,8,9.07,3,3,3,Yes
S04691,1,1,0,0,1,1,0,0,1,0,2,1,2,4,5.2,2,3,5,No
S04692,1,1,1,1,0,1,0,1,1,0,8,10,8,6,7.41,1,1,2,Yes
S04693,1,1,1,0,0,0,0,0,0,0,4,4,10,4,8.86,5,0,8,Yes
S04694,1,1,1,1,0,1,1,0,0,0,4,9,1,1,6.13,0,2,7,No
S04695,1,0,1,0,0,0,0,0,0,0,5,5,10,8,9.79,8,1,4,Yes
S04696,0,1,1,1,1,1,0,1,1,0,7,4,1,4,9.55,3,2,0,Yes
S04697,1,0,1,0,0,1,1,1,0,1,10,9,2,2,6.79,2,1,2,No
S04698,1,1,1,0,1,1,0,0,0,1,5,1,6,10,6.5,7,3,0,Yes
S04699,1,0,1,0,1,1,0,0,1,1,4,1,5,9,5.79,1,1,7,No
S04700,0,1,1,1,0,0,0,1,0,0,10,2,6,5,8.23,3,1,7,Yes
S04701,1,0,1,0,1,1,1,0,1,0,7,2,8,9,5.52,5,2,6,Yes
S04702,1,0,1,0,0,0,1,0,0,0,9,1,5,5,5.45,3,3,0,No
S04703,0,0,1,0,1,0,1,1,1,1,2,5,3,6,6.24,8,0,1,Yes
S04704,0,0,1,0,0,1,0,1,1,0,9,7,5,4,7.83,7,0,1,Yes
S04705,1,0,0,1,0,0,1,0,0,1,2,1,7,10,6.47,5,2,6,Yes
S04706,1,1,1,0,1,0,0,1,1,0,2,4,8,2,8.47,0,3,7,Yes
S04707,0,0,0,1,1,1,0,0,1,1,2,3,8,2,9.67,8,2,5,Yes
S04708,1,0,0,1,1,0,1,0,0,1,5,2,9,10,10.0,0,3,0,Yes
S04709,0,1,1,0,1,1,0,1,0,1,6,3,4,4,5.59,8,2,5,Yes
S04710,0,0,0,0,0,1,0,0,0,0,10,6,4,7,8.65,8,3,4,Yes
S04711,1,1,0,1,0,0,1,1,0,1,5,1,6,7,7.23,0,0,6,No
S04712,1,1,0,0,1,0,1,1,0,1,7,1,3,8,7.57,0,1,0,No
S04713,1,1,0,1,0,0,1,1,0,0,2,6,9,7,6.29,6,0,6,Yes
S04714,0,1,0,1,1,1,1,0,1,0,9,5,3,1,5.83,3,2,7,Yes
S04715,1,1,1,0,1,0,0,0,0,0,9,2,6,1,7.75,4,3,5,Yes
S04716,1,1,1,1,1,0,1,0,1,1,7,1,3,8,9.93,4,3,4,Yes
S04717,0,1,0,1,1,1,1,1,0,0,1,1,8,4,8.98,8,1,0,Yes
S04718,0,0,1,1,1,1,1,1,0,0,10,3,9,8,5.21,5,2,2,Yes
S04719,1,1,1,0,0,1,0,0,0,0,4,7,2,2,8.28,4,0,1,No
S04720,0,1,0,1,1,1,1,0,0,1,1,9,1,7,9.56,4,3,5,Yes
S04721,1,1,1,1,0,1,0,1,0,1,1,4,8,6,8.09,1,2,2,No
S04722,1,1,0,1,0,1,0,1,0,1,2,3,10,1,8.23,2,3,2,Yes
S04723,1,1,1,0,1,1,0,0,1,1,7,2,6,6,9.23,5,3,5,Yes
S04724,1,1,0,1,1,1,1,0,0,0,4,8,4,2,8.83,0,3,6,Yes
S04725,1,0,1,1,0,0,0,0,0,0,8,8,6,9,7.06,7,0,7,Yes
S04726,1,1,0,1,1,1,1,1,0,0,7,7,3,7,5.02,1,1,5,Yes
S04727,0,0,0,1,1,0,1,1,1,0,2,6,10,5,6.42,8,1,6,Yes
S04728,0,0,0,1,1,1,1,0,0,0,8,4,4,9,9.87,4,0,6,Yes
S04729,0,0,1,1,0,1,0,1,0,1,9,10,8,7,8.83,7,2,1,Yes
S04730,1,1,0,1,1,1,0,1,1,0,6,4,4,5,6.91,1,3,8,Yes
S04731,1,1,0,1,1,1,0,0,0,0,3,6,1,2,5.72,0,3,3,No
S04732,1,1,0,1,0,1,1,0,0,0,3,6,4,9,9.54,8,2,4,Yes
S04733,0,1,0,1,0,0,0,1,1,0,1,9,10,7,7.5,2,0,0,No
S04734,0,1,1,1,0,0,1,1,0,1,9,9,6,9,6.85,5,3,8,Yes
S04735,1,0,0,0,0,1,0,0,0,1,9,7,2,5,9.3,8,1,3,Yes
S04736,1,1,1,0,0,1,0,0,0,0,1,3,5,9,7.29,2,3,8,No
S04737,1,1,0,1,1,0,1,0,0,0,10,2,3,8,9.77,2,2,7,Yes
S04738,1,1,0,1,0,0,1,0,0,0,10,2,8,6,8.93,6,1,2,Yes
S04739,1,0,0,0,0,0,0,1,1,1,4,7,1,4,7.21,2,1,2,No
S04740,0,0,1,0,1,1,1,0,1,0,10,5,1,9,8.25,8,2,0,Yes
S04741,0,1,1,0,1,1,1,0,0,0,6,8,8,3,7.68,0,0,0,No
S04742,1,1,0,1,0,0,1,1,1,0,10,2,3,6,7.4,0,0,1,No
S04743,1,1,1,1,0,1,1,0,0,0,4,10,8,9,9.19,3,2,8,Yes
S04744,0,0,1,1,1,0,1,0,1,1,5,10,9,9,9.12,8,0,8,Yes
S04745,1,0,0,1,0,1,1,0,0,0,4,4,3,4,7.42,1,1,1,No
S04746,1,1,1,1,0,0,0,0,1,0,1,7,8,10,9.06,7,3,8,Yes
S04747,1,1,0,0,0,1,0,1,0,0,9,5,6,2,5.8,1,3,2,No
S04748,1,0,0,1,0,1,0,0,1,0,8,9,3,9,8.82,6,2,0,Yes
S04749,1,1,0,1,0,1,1,0,0,0,5,1,3,9,6.8,1,1,3,No
S04750,0,0,1,0,0,1,1,0,0,1,2,4,5,1,5.63,4,2,1,No
S04751,1,1,0,1,0,0,1,0,1,0,6,3,1,7,5.31,8,3,2,No
S04752,1,1,0,1,1,0,1,0,1,0,8,2,8,9,8.41,1,2,2,Yes
S04753,0,1,0,0,1,0,0,0,1,0,1,7,8,7,7.89,0,2,2,No
S04754,1,1,0,0,1,1,1,0,0,0,10,1,5,7,6.56,2,2,0,No
S04755,0,0,0,0,1,1,1,1,1,1,6,6,10,9,9.89,0,1,1,Yes
S04756,0,0,1,1,1,1,1,1,1,0,1,3,4,6,6.44,4,1,3,No
S04757,1,1,0,1,1,1,1,0,0,0,2,2,1,5,6.96,4,0,6,No
S04758,0,1,1,1,1,1,1,1,1,1,10,7,7,7,5.4,4,1,4,Yes
S04759,1,1,0,0,0,1,0,0,1,1,6,3,3,2,9.57,2,3,6,Yes
S04760,0,0,1,0,1,0,1,0,0,0,2,8,7,9,8.67,2,0,2,No
S04761,1,1,0,1,1,0,0,0,1,1,8,9,2,3,6.75,1,1,5,No
S04762,0,1,1,0,1,1,1,0,0,0,9,5,6,4,9.82,8,1,2,Yes
S04763,0,1,1,0,0,1,0,0,0,0,7,2,8,4,9.61,0,0,4,No
S04764,1,1,0,1,0,1,1,0,0,0,7,8,6,4,10.0,0,1,3,Yes
S04765,1,0,1,1,1,1,1,0,0,0,6,5,3,6,7.5,8,3,6,Yes
S04766,0,0,0,0,1,0,1,0,1,0,1,5,4,5,7.48,6,2,2,No
S04767,0,1,0,1,1,1,1,0,0,0,6,3,6,3,7.79,2,3,2,No
S04768,1,0,1,0,1,0,1,0,1,0,1,2,8,10,7.19,6,0,6,Yes
S04769,0,1,0,1,0,0,0,0,0,1,3,1,10,4,8.67,2,3,1,Yes
S04770,1,0,0,1,1,0,1,0,0,0,1,1,4,7,7.29,1,1,5,No
S04771,1,1,0,0,0,1,1,1,0,1,10,3,1,2,5.61,1,3,2,No
S04772,1,1,0,0,1,1,0,0,1,1,7,6,6,9,6.75,1,3,2,Yes
S04773,1,1,1,1,0,1,1,1,0,0,7,10,6,10,8.82,7,3,1,Yes
S04774,0,1,0,0,0,0,1,0,0,0,6,4,2,6,8.29,0,2,4,No
S04775,1,1,0,0,1,1,1,0,0,0,3,6,6,1,5.06,7,3,8,Yes
S04776,0,0,0,1,1,1,1,0,1,0,3,5,5,7,7.0,4,2,1,No
S04777,1,0,0,0,1,0,1,1,0,0,3,1,4,10,5.46,7,2,7,No
S04778,1,1,1,1,1,1,1,0,0,1,6,10,7,7,8.43,1,2,5,Yes
S04779,1,0,1,0,1,1,1,1,0,0,5,2,8,9,9.96,3,1,0,Yes
S04780,1,1,0,1,1,1,1,1,0,0,7,2,1,5,6.77,7,1,2,Yes
S04781,1,1,1,0,1,1,0,0,0,0,5,5,5,2,9.21,0,1,0,No
S04782,1,1,0,1,0,1,1,1,1,0,1,7,3,4,9.34,4,1,6,Yes
S04783,0,0,0,0,1,0,1,0,0,1,10,8,4,2,8.06,0,0,4,No
S04784,1,1,1,1,1,1,1,0,0,0,4,4,10,10,5.2,6,0,1,No
S04785,1,1,1,1,0,0,0,1,0,0,10,1,9,6,5.92,4,3,6,Yes
S04786,1,1,1,0,1,1,0,0,0,0,7,4,9,3,8.45,2,2,3,Yes
S04787,0,1,1,1,0,0,0,0,0,0,5,5,1,5,5.41,5,1,6,No
S04788,0,0,0,0,1,1,1,0,1,0,3,5,2,9,9.38,3,0,3,No
S04789,1,1,1,1,0,0,0,1,0,0,5,1,7,4,8.19,4,0,0,No
S04790,1,1,0,1,1,0,1,0,1,0,7,10,1,5,5.05,1,1,7,No
S04791,1,1,1,0,0,1,0,0,0,0,2,3,4,6,6.01,8,0,4,No
S04792,0,1,0,1,0,0,0,0,0,0,3,4,5,5,9.04,8,2,6,Yes
S04793,1,0,1,0,1,0,1,1,0,1,7,5,7,6,8.87,7,1,2,Yes
S04794,1,1,1,1,0,1,1,0,0,0,5,7,5,4,5.09,5,3,2,Yes
S04795,1,0,0,1,1,0,1,1,0,1,9,8,1,7,7.14,1,2,1,No
S04796,1,1,0,1,1,0,1,0,0,0,10,4,5,7,6.88,1,0,6,No
S04797,1,0,0,1,0,1,0,0,1,0,9,2,3,3,8.68,4,1,3,No
S04798,0,0,1,0,0,1,1,0,0,0,2,1,2,8,5.27,1,2,5,No
S04799,1,0,0,1,1,1,0,0,1,0,4,6,2,8,7.05,8,3,8,Yes
S04800,0,0,0,1,1,1,1,1,0,0,9,1,7,10,5.8,6,2,3,Yes
S04801,1,1,1,0,0,1,0,1,0,1,5,8,7,6,5.02,7,1,7,Yes
S04802,1,0,1,1,0,1,1,0,0,0,5,6,2,3,8.42,8,1,4,Yes
S04803,0,0,1,0,1,1,0,0,0,0,4,9,9,4,7.26,4,2,6,Yes
S04804,1,0,0,0,1,1,0,0,0,0,3,2,5,4,7.47,0,2,5,No
S04805,0,1,1,0,1,0,0,0,0,1,7,8,1,5,7.4,2,3,8,Yes
S04806,1,0,1,1,1,0,1,0,1,0,4,10,6,5,9.55,7,1,3,Yes
S04807,1,1,1,0,1,0,1,1,1,0,1,10,10,1,8.1,6,1,4,Yes
S04808,0,1,0,1,1,1,1,0,0,0,8,9,6,6,7.94,2,2,2,Yes
S04809,1,1,1,1,0,0,1,0,0,0,6,8,5,8,9.47,7,0,8,Yes
S04810,0,0,1,0,1,0,1,0,0,1,5,2,5,5,5.25,4,1,8,No
S04811,1,1,1,1,1,1,0,0,0,0,2,9,9,7,8.85,4,2,5,Yes
S04812,0,1,0,0,0,1,0,1,1,0,3,1,2,1,6.02,7,1,7,No
S04813,1,1,0,1,0,1,1,1,0,0,6,3,8,6,7.02,3,2,8,Yes
S04814,1,1,1,1,1,1,1,0,0,1,1,10,4,1,8.88,5,0,6,Yes
S04815,0,0,0,1,0,0,1,0,0,1,3,9,10,1,9.24,8,1,6,Yes
S04816,0,0,1,0,0,1,0,0,0,0,8,10,7,10,5.08,5,3,8,Yes
S04817,0,1,0,1,1,0,1,0,1,0,2,8,2,2,7.4,2,0,3,No
S04818,0,1,0,1,1,0,1,0,1,0,2,1,9,4,8.76,6,2,7,Yes
S04819,0,1,0,1,0,1,0,0,0,0,1,6,9,10,7.73,0,0,2,No
S04820,1,1,0,1,0,1,0,0,0,1,4,6,3,9,7.51,0,3,3,No
S04821,1,1,1,1,1,0,1,0,1,0,4,7,9,2,9.54,6,1,5,Yes
S04822,1,1,0,1,1,1,1,0,1,0,5,3,9,5,5.95,2,0,2,No
S04823,1,1,1,1,0,1,0,1,0,0,2,4,8,4,7.17,6,1,7,Yes
S04824,1,1,1,1,1,0,1,1,0,0,6,9,5,9,6.44,4,1,8,Yes
S04825,1,0,0,1,1,1,0,1,1,0,8,3,3,1,9.11,7,3,4,Yes
S04826,1,1,1,1,1,0,0,1,0,1,3,6,8,3,6.29,4,3,3,Yes
S04827,0,1,1,0,0,0,1,1,0,1,9,6,3,5,5.18,7,1,4,No
S04828,1,1,1,1,1,1,0,0,0,1,3,1,4,9,5.03,7,0,2,No
S04829,1,0,1,1,0,1,0,0,0,0,9,8,2,3,5.35,5,0,4,No
S04830,1,1,0,0,0,1,0,0,1,0,5,6,8,10,5.94,0,3,6,Yes
S04831,0,1,0,1,1,1,1,0,1,1,8,1,4,3,6.51,3,3,0,Yes
S04832,0,1,0,0,0,1,0,1,0,1,6,8,3,10,5.79,4,2,5,Yes
S04833,0,0,0,1,0,1,1,0,1,0,6,2,10,10,9.54,5,2,2,Yes
S04834,1,0,0,1,0,0,1,0,0,0,8,3,5,6,5.84,4,3,1,No
S04835,1,0,1,1,0,0,0,1,1,1,6,10,1,3,5.62,7,0,4,No
S04836,1,1,0,1,1,0,0,0,0,1,3,9,6,2,9.1,6,3,5,Yes
S04837,1,0,0,1,0,1,0,0,0,0,4,1,8,4,8.29,2,3,1,No
S04838,1,0,0,1,1,1,1,1,0,1,2,6,6,5,5.62,7,1,2,No
S04839,1,1,0,0,0,0,1,0,1,0,5,10,7,10,7.98,8,3,8,Yes
S04840,1,0,1,1,0,1,0,0,0,1,3,6,10,4,6.44,8,1,6,Yes
S04841,0,1,1,0,0,0,1,0,1,0,3,7,2,9,7.81,4,0,4,No
S04842,0,1,0,0,1,0,1,0,1,1,1,6,8,6,8.8,1,2,7,No
S04843,1,0,0,0,1,1,0,0,1,0,4,7,9,5,6.34,1,2,8,No
S04844,1,1,0,1,0,0,0,0,0,1,2,10,6,7,5.23,2,2,6,No
S04845,1,1,1,1,0,1,0,0,1,1,6,4,9,3,7.32,7,2,1,Yes
S04846,1,1,1,0,0,0,1,0,1,1,6,1,4,9,8.82,5,1,2,Yes
S04847,0,0,0,0,0,1,0,1,1,0,6,2,10,1,6.42,0,2,4,No
S04848,1,1,1,0,0,0,1,0,0,1,2,5,5,3,8.47,5,2,1,No
S04849,0,1,1,1,1,0,1,0,0,0,9,1,2,3,7.67,0,1,2,No
S04850,1,1,0,1,0,1,0,0,1,0,5,2,8,7,8.62,8,3,0,Yes
S04851,0,0,1,0,1,1,1,0,0,0,10,8,2,8,5.59,2,1,0,No
S04852,1,0,0,0,0,1,0,0,0,0,3,7,2,10,9.47,3,1,8,Yes
S04853,0,1,1,1,1,0,1,0,0,0,2,2,10,6,9.27,4,1,3,No
S04854,1,1,0,1,1,1,1,0,1,1,1,3,5,6,7.75,2,2,4,Yes
S04855,0,1,0,0,1,1,1,0,0,0,6,4,2,7,9.67,1,3,0,No
S04856,1,1,1,1,1,1,1,1,0,1,7,6,8,10,7.43,3,1,7,Yes
S04857,1,0,0,0,1,1,1,0,0,0,10,4,6,2,7.09,8,2,0,Yes
S04858,0,1,1,0,1,0,1,0,0,1,5,5,1,5,8.97,5,2,8,Yes
S04859,0,1,0,0,0,0,1,1,0,1,3,2,7,4,6.22,8,1,7,No
S04860,0,1,1,0,0,1,0,0,0,0,9,7,4,9,8.9,7,3,8,Yes
S04861,0,1,0,1,1,0,1,0,0,0,1,4,3,8,7.74,4,0,1,No
S04862,0,1,1,1,1,0,1,1,0,1,8,9,9,1,5.95,2,3,1,Yes
S04863,1,1,0,0,1,0,1,0,0,0,1,8,7,2,6.54,8,2,5,Yes
S04864,1,0,0,0,0,1,1,1,0,1,3,7,1,1,8.43,4,3,8,Yes
S04865,1,1,1,1,1,1,1,0,0,1,6,7,4,7,9.47,3,1,2,Yes
S04866,0,1,1,1,1,0,1,1,1,0,4,10,9,8,9.42,2,2,2,Yes
S04867,1,1,0,1,0,1,1,0,0,0,5,5,1,8,9.26,0,0,4,No
S04868,1,0,0,0,1,1,0,1,0,0,7,6,7,3,5.73,8,3,7,Yes
S04869,0,1,0,1,0,1,1,0,1,0,1,4,8,3,5.17,0,2,3,No
S04870,0,0,0,1,0,1,0,1,1,1,2,9,4,7,7.09,3,1,6,No
S04871,1,0,1,1,0,1,0,0,1,0,4,9,1,2,6.7,0,1,4,No
S04872,1,0,0,0,1,1,0,0,0,0,7,7,9,10,9.82,5,3,2,Yes
S04873,1,1,1,1,0,0,1,1,0,0,10,8,8,6,7.4,8,3,5,Yes
S04874,1,1,0,1,0,0,0,1,0,1,3,6,2,7,7.78,8,0,0,No
S04875,1,1,0,1,0,0,0,1,0,0,9,2,1,6,7.72,8,2,4,Yes
S04876,0,1,0,1,0,1,1,1,1,0,2,4,10,7,6.16,2,2,2,Yes
S04877,0,0,1,1,0,0,1,1,1,0,10,1,3,10,8.69,8,2,4,Yes
S04878,0,1,0,0,1,1,0,0,0,1,8,7,10,4,5.95,1,2,4,Yes
S04879,1,1,0,0,0,0,0,0,1,0,8,6,2,2,8.57,8,1,8,Yes
S04880,0,1,0,0,1,0,1,0,1,1,8,6,4,9,9.42,2,0,8,Yes
S04881,1,0,1,1,0,0,0,1,1,0,4,5,5,6,5.91,2,2,8,No
S04882,1,1,0,1,0,0,1,0,1,0,7,3,7,7,8.07,5,3,2,Yes
S04883,0,1,1,0,0,1,0,0,0,0,6,2,8,6,5.95,1,0,1,No
S04884,1,1,1,1,0,0,0,0,0,0,8,1,7,10,9.79,0,0,8,Yes
S04885,1,0,0,0,1,0,1,0,1,0,9,2,1,9,8.73,7,2,1,Yes
S04886,0,1,1,0,0,0,1,0,1,0,1,7,9,9,6.13,0,1,6,No
S04887,1,1,0,1,0,1,0,1,1,0,5,7,4,3,6.84,0,1,8,Yes
S04888,0,1,1,1,0,0,0,0,1,0,10,2,6,4,6.08,4,3,6,Yes
S04889,1,0,0,1,0,1,0,0,0,0,6,7,6,2,5.87,1,3,5,No
S04890,0,1,0,1,1,0,1,1,0,0,1,2,1,3,6.22,2,3,4,No
S04891,1,0,1,0,0,1,0,1,0,0,9,3,9,5,9.51,8,1,6,Yes
S04892,1,0,1,1,0,1,1,0,0,1,8,7,7,9,7.67,8,2,2,Yes
S04893,0,1,1,1,0,1,1,1,1,1,4,9,8,6,6.47,4,2,0,Yes
S04894,1,1,1,0,1,0,1,0,1,0,2,4,9,10,5.68,0,2,0,No
S04895,1,1,0,1,0,0,0,0,1,0,6,2,6,8,6.14,5,3,2,Yes
S04896,1,1,0,0,0,0,0,0,0,0,10,8,4,6,7.33,4,1,3,Yes
S04897,1,1,0,1,1,1,1,1,1,1,6,8,9,5,6.35,4,1,1,Yes
S04898,1,1,1,0,1,1,1,0,0,0,7,4,8,2,9.96,1,3,6,Yes
S04899,1,1,1,1,0,0,1,0,0,0,8,8,9,5,5.49,7,3,7,Yes
S04900,0,1,1,1,1,1,1,0,0,1,4,8,6,2,9.8,8,3,7,Yes
S04901,1,0,0,1,0,0,1,1,1,1,5,9,6,7,8.49,3,0,3,Yes
S04902,1,0,0,1,1,0,1,0,1,1,2,1,9,3,6.82,4,0,8,No
S04903,1,1,0,1,1,0,1,0,0,1,10,2,1,10,6.48,5,2,5,Yes
S04904,1,1,0,1,0,0,0,0,0,0,8,10,10,8,5.23,3,1,3,No
S04905,0,0,0,0,1,1,1,0,0,1,6,9,8,4,9.48,2,0,3,Yes
S04906,1,0,0,0,1,0,1,0,0,0,6,8,8,9,8.84,3,1,8,Yes
S04907,0,0,0,0,1,0,1,0,1,0,3,9,10,6,8.25,1,1,8,Yes
S04908,1,1,0,0,1,1,1,0,0,0,4,2,4,1,8.86,2,2,2,No
S04909,0,1,0,1,0,0,1,0,1,0,9,9,5,3,8.1,3,0,6,No
S04910,1,1,0,1,0,0,1,0,0,0,3,10,4,6,7.4,4,1,0,No
S04911,0,1,1,1,1,0,1,1,1,0,6,2,4,8,9.82,4,1,8,Yes
S04912,0,1,0,1,0,0,1,0,0,0,8,4,4,6,8.84,0,0,2,No
S04913,1,1,1,0,0,1,1,1,0,0,5,9,7,8,7.67,6,0,3,Yes
S04914,1,1,0,0,1,0,1,0,1,0,9,5,7,1,9.71,2,0,7,Yes
S04915,1,0,1,0,1,0,0,0,0,0,10,8,5,1,7.76,5,2,1,No
S04916,0,1,0,0,0,1,1,0,0,0,5,1,3,2,7.4,8,1,8,No
S04917,1,1,0,1,0,1,1,0,0,0,2,8,2,8,5.35,7,3,2,Yes
S04918,1,0,1,0,1,1,0,0,1,0,3,10,2,7,9.72,0,2,7,No
S04919,0,0,1,1,1,0,1,1,0,0,8,5,3,6,7.46,1,1,6,No
S04920,1,1,0,0,0,0,1,0,0,1,5,1,7,3,6.88,7,2,4,Yes
S04921,0,0,0,1,0,1,0,1,0,0,4,9,7,8,5.09,2,3,5,No
S04922,0,1,1,1,1,1,1,1,0,1,8,6,4,6,9.06,2,1,3,Yes
S04923,0,1,0,1,0,1,1,0,1,0,10,9,5,9,7.63,5,1,3,Yes
S04924,0,0,0,1,1,0,0,0,0,0,2,7,4,3,8.91,4,3,2,No
S04925,1,1,1,1,0,0,1,0,0,0,5,5,9,2,9.81,4,2,3,Yes
S04926,1,1,1,1,0,0,1,0,0,0,3,2,3,7,9.57,4,2,4,Yes
S04927,1,1,0,0,1,1,1,0,0,1,3,10,5,7,9.46,5,1,7,Yes
S04928,1,1,1,0,0,1,1,0,0,1,9,9,7,6,6.08,6,1,1,Yes
S04929,0,1,1,1,1,1,1,1,1,0,4,6,4,8,8.16,5,3,4,Yes
S04930,0,1,0,0,0,0,0,0,0,0,3,8,9,3,7.94,0,2,3,No
S04931,1,1,1,0,0,1,1,0,1,1,5,5,10,7,8.79,4,0,1,Yes
S04932,1,0,0,1,0,1,1,0,0,1,9,8,6,9,5.93,5,1,4,Yes
S04933,0,1,1,1,1,0,1,0,0,1,10,4,10,10,6.04,8,1,8,Yes
S04934,1,1,1,0,0,0,1,0,1,1,7,4,5,8,8.52,2,0,2,Yes
S04935,1,1,0,0,0,1,0,1,1,0,2,6,3,1,9.82,7,3,0,Yes
S04936,1,0,1,1,1,1,1,1,1,1,7,7,5,9,5.97,7,3,0,Yes
S04937,0,0,0,1,0,0,1,1,0,0,9,4,6,7,9.87,5,3,2,Yes
S04938,0,0,0,0,1,0,0,1,0,0,10,7,10,2,5.01,4,3,5,Yes
S04939,0,1,1,1,0,1,0,0,0,1,5,10,5,3,8.84,4,3,3,Yes
S04940,0,1,1,1,1,1,0,0,0,0,4,3,9,10,8.18,3,1,1,Yes
S04941,1,1,1,1,0,0,1,0,0,0,9,4,6,3,8.56,8,1,2,No
S04942,1,1,1,0,1,1,1,0,0,1,9,8,6,8,9.16,8,0,2,Yes
S04943,0,1,1,1,1,0,1,0,0,0,7,5,6,5,5.67,3,1,4,No
S04944,1,0,0,0,1,0,0,1,0,0,5,6,3,2,7.45,6,2,3,No
S04945,0,1,0,0,0,0,0,0,0,0,2,8,9,9,9.5,4,1,2,No
S04946,0,0,0,1,1,0,0,1,0,0,7,5,6,9,9.92,2,0,2,No
S04947,0,1,0,1,1,1,1,0,1,0,6,10,8,5,8.22,5,0,7,Yes
S04948,0,0,1,0,1,0,1,0,1,1,7,1,3,9,9.49,2,3,2,Yes
S04949,0,1,1,0,0,0,1,0,0,0,7,6,7,3,6.24,2,1,5,No
S04950,0,0,1,0,0,1,0,0,1,0,4,4,10,3,8.87,4,3,3,Yes
S04951,1,1,1,1,1,1,0,0,0,0,5,7,9,10,9.33,3,0,2,Yes
S04952,1,0,0,1,0,0,1,0,1,0,10,5,9,3,9.75,8,1,5,Yes
S04953,1,1,0,1,0,0,0,0,0,0,1,9,6,2,7.89,3,1,2,No
S04954,0,1,1,0,0,0,0,0,0,0,6,10,4,9,9.93,8,0,4,Yes
S04955,1,1,1,1,1,1,1,0,0,1,5,1,6,8,8.82,1,3,1,Yes
S04956,0,1,0,1,1,0,1,0,0,0,3,4,2,2,7.7,2,1,4,No
S04957,1,0,0,1,0,1,0,1,0,0,5,5,5,5,5.3,6,0,7,No
S04958,0,0,0,1,1,0,1,0,1,0,2,2,3,1,5.26,3,1,5,No
S04959,1,1,1,0,0,1,0,0,1,1,6,4,5,2,9.03,8,0,4,No
S04960,0,0,1,1,0,1,1,1,0,1,1,8,7,8,9.15,6,0,8,Yes
S04961,1,1,0,1,1,1,0,1,0,1,9,9,1,6,9.44,8,2,2,Yes
S04962,1,1,0,0,0,0,1,0,0,0,8,7,9,6,7.64,5,1,0,Yes
S04963,1,1,0,0,0,1,1,0,0,0,3,9,2,4,5.57,8,2,5,No
S04964,0,0,0,1,0,0,0,0,0,1,4,3,8,5,9.47,3,0,5,No
S04965,1,1,0,0,0,1,0,0,0,1,3,3,5,1,6.89,7,2,5,No
S04966,1,0,0,1,0,0,0,1,0,0,9,10,6,10,8.35,6,1,4,Yes
S04967,0,1,0,0,1,1,1,0,0,1,3,1,3,1,9.39,4,2,1,No
S04968,0,1,0,1,1,0,0,0,0,0,7,2,3,9,5.67,8,3,5,Yes
S04969,0,1,1,1,0,1,1,1,1,0,7,4,3,3,8.13,1,1,6,Yes
S04970,1,1,0,1,0,1,1,0,0,0,9,4,5,4,9.34,1,2,8,Yes
S04971,1,1,1,0,1,0,1,0,0,1,4,5,8,10,5.47,8,2,2,Yes
S04972,0,1,1,1,1,1,1,0,0,0,10,8,8,2,5.17,1,2,0,No
S04973,1,0,0,1,1,0,1,0,1,0,10,6,10,6,5.65,2,3,7,Yes
S04974,0,1,0,1,0,1,0,0,0,0,1,4,9,3,9.94,1,3,4,No
S04975,1,0,0,1,1,0,1,1,1,1,5,10,9,2,8.65,4,1,1,Yes
S04976,1,1,0,1,0,1,1,1,0,0,3,7,4,5,7.99,5,1,6,Yes
S04977,1,1,0,1,0,0,1,0,0,0,3,3,2,7,7.93,6,3,5,Yes
S04978,1,1,1,1,1,1,0,0,1,1,9,7,7,4,8.68,4,0,1,Yes
S04979,1,1,0,1,0,0,1,0,1,1,3,9,2,5,7.8,0,1,8,No
S04980,1,1,0,1,0,0,1,0,1,0,8,5,7,4,5.01,1,3,0,No
S04981,0,1,1,0,0,0,0,1,0,0,2,6,7,4,6.14,4,2,7,No
S04982,1,1,0,1,0,1,1,0,1,0,3,7,9,2,8.64,6,2,8,Yes
S04983,0,0,0,1,0,1,1,0,0,0,3,7,7,6,9.38,4,2,3,Yes
S04984,0,1,1,0,1,1,1,1,0,0,2,9,10,7,7.89,7,2,6,Yes
S04985,0,1,0,0,1,0,1,0,1,0,8,10,2,9,7.97,5,2,7,Yes
S04986,1,0,1,1,1,0,1,1,1,0,10,1,5,8,8.73,5,3,1,Yes
S04987,0,0,1,1,1,1,0,0,0,0,3,5,10,9,8.4,0,1,6,Yes
S04988,0,1,1,0,0,1,1,0,0,0,6,6,3,10,9.62,1,3,6,Yes
S04989,0,0,0,1,1,0,0,0,0,1,4,7,1,5,7.79,4,1,5,No
S04990,0,0,0,1,1,1,0,0,0,0,3,1,8,2,6.22,7,1,3,No
S04991,0,1,0,1,0,1,1,0,1,0,7,8,3,1,9.42,3,2,8,Yes
S04992,0,1,1,0,0,1,0,0,0,0,4,8,2,9,9.28,3,2,5,Yes
S04993,1,0,1,0,0,0,1,0,0,1,2,6,5,7,8.75,2,0,6,Yes
S04994,0,1,0,1,1,1,1,1,1,0,10,8,7,2,8.9,3,1,8,Yes
S04995,1,1,1,0,0,0,1,0,1,1,1,8,4,3,9.88,4,3,6,Yes
S04996,0,1,0,1,0,1,1,0,0,1,5,1,2,4,6.59,7,2,6,No
S04997,1,0,0,1,1,1,1,1,0,0,1,7,5,1,9.21,1,2,8,Yes
S04998,1,0,0,0,1,0,1,1,0,0,8,6,4,10,6.89,6,3,0,Yes
S04999,0,1,0,1,0,1,0,0,0,0,6,10,8,4,9.31,7,3,1,Yes
S05000,0,0,1,1,1,1,1,0,1,0,2,3,9,10,6.92,4,3,1,Yes
S05001,1,1,0,1,0,0,1,0,1,0,6,8,8,10,6.5,4,1,5,Yes
S05002,1,1,1,1,1,0,0,0,0,1,7,10,8,8,7.5,4,0,5,Yes
S05003,0,1,1,0,1,1,1,0,0,1,4,7,6,4,5.07,1,0,6,No
S05004,1,0,1,1,1,1,1,0,1,0,3,7,5,6,9.49,7,2,0,Yes
S05005,0,1,0,0,1,1,1,0,0,0,5,2,2,9,8.32,5,2,8,Yes
S05006,1,1,1,1,1,0,0,0,0,0,5,7,8,6,9.5,2,2,8,Yes
S05007,0,1,0,1,0,1,0,1,0,0,3,2,7,10,6.94,3,0,4,No
S05008,0,1,1,1,0,1,0,1,0,0,7,3,9,6,5.55,1,0,5,No
S05009,1,1,0,0,0,0,0,0,0,0,8,5,5,6,5.95,7,0,1,No
S05010,1,1,1,1,1,0,0,0,0,0,1,10,4,10,8.18,0,2,6,Yes
S05011,1,0,1,0,1,0,1,1,0,1,10,1,7,3,7.87,1,1,7,Yes
S05012,0,1,1,1,1,1,0,0,0,1,9,2,1,9,9.96,3,1,4,Yes
S05013,1,0,1,0,0,0,1,0,0,0,1,10,3,9,8.58,4,0,6,No
S05014,0,1,0,1,1,0,0,1,1,0,4,5,10,3,5.91,6,1,4,No
S05015,1,1,0,0,0,1,1,0,0,0,6,7,10,10,5.54,7,1,3,Yes
S05016,1,1,0,0,0,0,0,1,0,1,6,1,2,2,9.27,0,0,1,No
S05017,1,0,0,0,0,0,1,0,1,0,3,2,3,5,5.8,6,3,3,No
S05018,1,1,0,0,1,1,1,0,0,0,5,9,8,2,5.1,4,3,6,Yes
S05019,0,0,0,0,1,1,0,1,0,0,6,4,6,2,8.94,3,1,5,No
S05020,0,0,1,0,1,1,1,0,0,0,9,2,8,3,6.63,5,1,2,No
S05021,0,1,1,1,0,0,1,1,0,0,2,7,8,2,5.83,6,2,7,Yes
S05022,1,1,0,1,1,0,1,0,0,0,3,5,7,1,9.63,3,2,7,Yes
S05023,0,0,0,1,0,1,1,1,0,0,10,8,6,9,6.02,4,2,5,Yes
S05024,0,1,0,0,0,1,1,0,1,0,10,1,10,8,8.71,3,0,8,Yes
S05025,0,1,0,1,1,1,0,0,1,1,4,1,4,2,7.8,5,1,0,No
S05026,1,1,1,0,1,1,1,0,1,0,8,9,5,10,6.72,3,1,0,Yes
S05027,1,1,0,1,1,0,1,1,0,0,3,9,8,9,7.86,8,1,3,Yes
S05028,1,0,1,0,0,1,0,0,1,0,3,10,1,2,9.63,3,3,8,Yes
S05029,0,1,0,1,0,0,0,0,1,0,10,6,6,2,9.41,3,0,0,No
S05030,1,1,1,1,1,0,0,0,0,0,5,10,7,3,9.38,5,3,4,Yes
S05031,1,1,1,1,1,1,0,0,0,1,6,1,2,3,7.07,7,0,4,No
S05032,1,0,1,1,0,1,0,1,1,0,5,4,5,4,9.56,5,0,6,Yes
S05033,0,1,0,0,1,0,0,0,1,0,3,9,6,10,8.78,1,0,2,No
S05034,0,0,0,1,0,0,0,0,1,0,4,7,10,3,6.51,2,3,1,No
S05035,1,0,0,0,1,1,1,0,0,1,8,3,10,6,6.92,0,1,3,No
S05036,1,1,1,1,1,1,1,1,1,0,4,2,9,6,5.87,7,3,5,Yes
S05037,0,1,0,0,0,1,1,0,1,0,10,2,7,3,7.66,3,1,8,Yes
S05038,0,1,1,1,0,0,0,0,0,0,2,7,4,8,5.14,5,2,5,No
S05039,0,0,1,1,1,1,1,0,0,0,4,8,3,1,7.5,0,0,8,No
S05040,0,0,1,1,1,0,1,1,1,0,8,3,9,9,8.16,4,2,7,Yes
S05041,0,0,1,0,0,1,0,1,1,1,10,10,9,5,6.92,1,3,5,Yes
S05042,0,1,0,0,0,1,1,1,0,1,7,1,9,4,9.68,3,3,3,Yes
S05043,1,1,0,1,0,1,0,0,0,1,1,2,9,4,6.21,3,2,8,Yes
S05044,0,1,1,0,1,1,0,0,0,0,6,7,7,10,7.39,7,3,6,Yes
S05045,0,1,1,1,1,0,1,1,0,0,8,10,7,2,9.61,5,3,3,Yes
S05046,0,1,1,1,1,1,1,1,0,1,5,6,7,2,8.97,4,1,6,Yes
S05047,1,1,1,1,1,1,0,0,0,0,10,5,3,3,5.31,1,1,2,No
S05048,1,1,1,1,0,1,0,1,0,1,3,1,3,5,8.86,3,1,1,No
S05049,1,1,0,1,1,0,1,0,1,1,6,6,8,5,8.71,7,0,0,Yes
S05050,1,1,1,1,1,1,0,1,1,1,9,3,3,7,5.18,5,1,1,Yes
S05051,1,1,0,1,0,0,1,1,0,0,7,3,8,2,9.38,5,3,5,Yes
S05052,0,1,0,0,1,0,0,1,0,0,5,5,2,5,7.78,0,2,8,No
S05053,1,1,0,1,1,0,0,0,0,0,5,8,4,3,9.27,8,0,3,Yes
S05054,1,1,0,1,0,1,1,0,0,0,1,3,5,4,9.6,1,1,4,No
S05055,1,0,0,1,1,1,0,0,0,1,10,7,10,2,5.0,1,1,2,No
S05056,0,1,0,1,1,0,1,0,0,1,8,6,3,7,6.27,3,3,0,No
S05057,1,0,0,1,1,1,1,0,0,1,10,10,3,10,7.76,6,3,5,Yes
S05058,1,1,0,1,1,1,0,1,0,0,10,1,4,1,9.39,2,0,6,No
S05059,0,1,0,1,0,1,0,0,0,1,2,2,4,3,8.58,8,1,3,No
S05060,1,1,1,1,1,1,0,0,0,0,7,8,5,1,6.54,5,1,4,No
S05061,0,1,0,1,1,0,0,1,0,0,5,4,5,8,6.68,6,2,8,No
S05062,0,1,0,1,1,1,1,0,0,0,8,2,10,6,8.31,5,3,6,Yes
S05063,1,0,0,0,1,1,1,0,1,0,7,7,3,2,8.94,1,0,0,No
S05064,1,1,0,1,0,1,0,0,0,0,7,8,5,6,9.59,3,2,2,Yes
S05065,0,1,1,1,1,0,1,1,1,0,10,8,9,5,8.59,7,1,1,Yes
S05066,1,1,1,0,1,0,0,0,0,0,4,1,2,8,9.22,1,0,7,No
S05067,1,1,1,1,1,0,1,0,0,1,2,1,6,1,8.32,7,1,3,Yes
S05068,1,0,0,0,1,0,1,0,1,0,6,5,5,7,8.21,7,0,1,No
S05069,0,0,0,1,1,0,1,1,0,0,8,4,6,10,6.77,6,2,2,Yes
S05070,1,1,0,0,0,0,1,1,1,0,6,6,3,8,5.01,5,2,8,No
S05071,0,1,1,1,1,1,0,1,1,0,1,3,5,2,7.84,5,0,1,Yes
S05072,0,1,1,1,0,1,1,1,0,1,4,4,6,10,7.96,7,0,4,Yes
S05073,1,0,1,1,1,0,1,0,0,0,4,2,3,1,6.89,4,2,5,No
S05074,1,1,0,1,1,1,1,1,1,0,5,2,4,8,7.69,3,0,6,Yes
S05075,0,0,0,0,1,0,1,0,0,1,6,9,5,8,5.49,8,3,1,Yes
S05076,1,1,0,1,0,0,0,0,1,0,5,9,1,6,6.58,6,1,0,No
S05077,0,0,1,1,1,1,1,0,0,1,7,2,2,7,7.06,5,3,5,No
S05078,1,1,0,1,1,1,1,1,0,1,10,1,4,1,7.59,4,1,6,Yes
S05079,1,1,0,1,1,1,1,0,1,1,5,6,7,9,8.45,7,2,3,Yes
S05080,1,1,1,0,0,0,1,0,1,0,2,8,7,1,9.27,0,3,6,No
S05081,1,0,1,1,1,1,0,0,0,0,10,2,1,10,9.15,2,0,1,No
S05082,1,0,0,0,1,0,1,0,1,0,8,7,2,5,6.07,8,0,4,No
S05083,0,0,0,1,0,1,1,1,0,0,2,1,7,6,7.28,5,2,2,No
S05084,1,0,1,1,0,1,1,1,1,0,4,9,4,8,9.8,1,2,7,Yes
S05085,1,1,1,1,1,0,1,1,0,0,6,3,2,10,7.51,2,2,2,Yes
S05086,1,0,1,1,0,0,0,0,1,1,4,10,7,2,8.38,4,0,3,No
S05087,0,0,0,1,0,1,1,0,0,0,10,8,5,8,6.08,3,2,7,No
S05088,1,1,1,1,1,0,0,0,1,1,8,8,7,3,7.32,6,1,1,Yes
S05089,0,1,1,0,0,0,1,0,1,0,2,2,8,9,6.34,0,1,8,No
S05090,1,1,1,0,1,0,1,1,1,0,6,3,9,4,8.6,5,2,2,Yes
S05091,1,1,0,1,1,1,0,1,1,0,7,7,2,9,5.19,0,2,5,No
S05092,1,0,0,1,0,0,1,0,0,0,2,9,9,1,8.56,0,0,1,No
S05093,0,1,0,0,1,1,0,0,0,0,9,1,10,5,5.43,8,0,5,No
S05094,1,1,1,0,1,1,0,0,0,1,6,2,7,2,5.27,7,0,3,No
S05095,1,1,0,1,1,0,0,0,1,0,3,10,6,8,5.45,7,3,6,Yes
S05096,1,1,0,1,1,1,0,0,1,0,4,1,2,3,9.76,5,3,5,Yes
S05097,0,1,0,0,1,1,0,0,0,0,8,10,1,1,8.9,4,2,3,No
S05098,1,0,1,1,0,1,0,0,1,0,5,5,10,1,5.46,2,0,2,No
S05099,1,1,1,1,0,0,1,1,0,0,8,1,4,2,8.3,8,3,5,Yes
S05100,1,0,1,1,0,1,1,0,0,0,8,4,2,6,8.13,0,3,4,Yes
S05101,1,1,1,1,0,0,1,0,0,0,10,6,4,5,9.8,1,3,6,Yes
S05102,0,0,1,1,1,1,0,1,0,0,4,10,5,1,7.73,8,1,6,Yes
S05103,0,1,0,1,0,1,1,0,1,0,2,4,9,7,8.92,5,0,4,Yes
S05104,1,1,1,0,0,0,1,1,0,0,9,7,5,2,8.23,8,3,6,Yes
S05105,1,1,0,0,1,0,1,0,1,0,8,5,7,10,7.08,0,2,4,Yes
S05106,1,0,0,1,1,0,0,0,0,0,1,9,10,10,5.63,4,0,4,No
S05107,1,1,0,1,0,1,0,1,0,0,6,7,7,4,8.92,2,2,8,Yes
S05108,1,1,0,0,0,0,1,1,1,0,3,10,8,10,9.66,7,1,5,Yes
S05109,0,0,0,1,0,0,1,0,0,0,10,5,3,2,6.33,5,1,2,No
S05110,0,1,0,1,1,0,1,0,0,1,2,9,7,10,6.07,6,1,5,Yes
S05111,0,1,0,0,0,0,0,0,1,1,10,2,4,5,5.6,1,1,0,No
S05112,0,1,0,1,1,1,1,0,1,0,7,8,3,7,9.69,7,2,0,Yes
S05113,0,1,0,1,0,0,1,1,1,0,4,9,7,1,9.32,3,3,5,Yes
S05114,0,1,1,0,0,0,1,0,0,1,6,5,8,4,5.09,6,2,7,Yes
S05115,1,1,1,1,1,0,1,0,0,0,5,2,3,2,5.74,6,3,7,No
S05116,0,0,1,0,0,0,1,0,0,0,2,5,1,1,7.7,1,2,8,No
S05117,1,1,1,1,1,1,1,0,1,0,1,1,2,1,5.07,2,1,4,No
S05118,1,1,1,0,0,1,0,0,1,0,4,8,6,10,8.01,8,0,4,Yes
S05119,0,1,1,0,0,0,0,0,0,0,10,6,8,1,7.19,8,3,5,Yes
S05120,1,1,1,0,0,1,1,0,0,0,3,7,4,9,7.25,2,2,1,No
S05121,1,1,0,0,1,0,0,1,1,1,5,2,4,7,7.14,5,3,8,Yes
S05122,0,0,0,1,1,0,0,0,0,0,8,3,4,4,5.12,8,1,5,No
S05123,1,0,0,0,1,1,1,0,0,0,10,8,2,2,8.51,4,0,2,No
S05124,1,0,1,0,1,0,1,0,1,0,1,1,4,3,5.45,5,0,6,No
S05125,0,1,1,1,0,1,1,0,0,0,10,7,4,2,6.0,7,1,2,No
S05126,0,0,0,1,0,0,1,1,0,0,1,2,8,8,5.68,8,1,5,No
S05127,1,0,0,1,0,0,1,1,1,0,8,8,10,3,7.54,6,3,5,Yes
S05128,1,1,0,1,0,1,1,0,1,0,6,7,3,7,7.72,2,3,4,Yes
S05129,1,1,1,1,0,0,1,0,0,0,9,8,9,3,6.58,8,3,3,Yes
S05130,0,1,0,0,1,1,0,1,1,0,3,2,8,8,5.85,8,2,2,No
S05131,0,1,0,1,1,1,0,0,0,1,7,5,1,1,9.12,4,2,5,Yes
S05132,1,0,0,1,0,0,0,0,0,0,5,2,7,10,9.91,3,1,5,No
S05133,1,1,1,0,1,1,0,1,1,1,9,8,7,3,7.99,7,1,8,Yes
S05134,1,0,1,1,0,1,0,0,0,1,4,10,4,10,8.36,1,3,0,Yes
S05135,0,1,1,1,0,1,0,1,0,0,7,7,6,4,7.26,8,3,4,Yes
S05136,1,1,0,1,1,1,0,0,0,0,3,1,10,5,5.89,8,2,1,No
S05137,0,1,0,1,0,0,0,1,1,0,8,6,9,3,8.57,1,0,8,No
S05138,1,0,0,1,0,1,1,0,1,0,2,8,9,4,9.1,7,0,1,Yes
S05139,0,1,0,0,0,0,1,1,0,0,3,8,2,2,9.6,7,0,7,No
S05140,0,0,1,0,1,1,1,1,1,0,4,6,9,2,6.03,4,0,2,No
S05141,0,1,0,1,0,1,0,1,0,1,2,10,1,6,8.98,0,1,6,No
S05142,1,1,1,0,0,1,1,0,1,0,9,1,1,5,6.84,8,0,8,No
S05143,0,1,0,1,0,1,0,1,0,0,8,8,6,6,8.8,3,0,1,No
S05144,0,0,1,1,1,0,0,1,1,0,4,8,2,4,6.03,7,1,4,No
S05145,1,1,0,1,1,1,1,0,0,0,1,7,9,2,6.52,8,1,6,Yes
S05146,0,1,0,1,0,1,1,0,0,1,9,10,2,3,5.85,8,3,6,Yes
S05147,0,1,1,0,0,0,0,0,0,0,4,9,3,8,8.32,3,2,7,Yes
S05148,0,0,1,0,1,1,1,0,1,0,4,1,8,5,9.68,8,1,1,Yes
S05149,0,1,1,0,0,1,1,1,0,0,1,8,1,5,9.58,3,3,6,Yes
S05150,1,1,1,0,1,0,1,0,0,0,2,8,2,5,8.96,8,3,3,Yes
S05151,1,1,0,1,1,1,0,0,1,0,1,2,2,1,8.81,3,3,6,Yes
S05152,1,1,0,0,0,0,1,0,0,0,7,8,5,1,9.35,1,3,0,Yes
S05153,0,0,1,1,0,0,0,0,0,1,1,2,3,9,8.38,0,3,1,No
S05154,0,0,0,0,1,1,1,0,0,1,8,2,3,1,8.13,0,2,5,No
S05155,0,1,0,1,0,1,1,0,0,0,6,6,3,7,6.92,8,0,0,No
S05156,1,0,1,1,0,1,0,0,1,0,3,4,6,6,9.06,3,1,4,No
S05157,1,0,1,1,0,1,1,1,1,1,8,3,2,7,9.22,4,1,1,Yes
S05158,0,1,0,1,0,0,1,0,1,0,6,5,10,3,5.7,6,1,6,Yes
S05159,1,0,0,1,0,1,1,0,0,0,8,3,9,2,6.6,3,0,8,No
S05160,1,0,0,1,1,1,1,0,1,0,2,3,5,1,6.2,7,1,7,No
S05161,0,1,0,1,1,1,1,0,1,1,6,9,5,7,8.14,2,0,7,Yes
S05162,1,0,1,1,1,0,1,1,1,0,7,8,2,7,8.44,1,2,0,Yes
S05163,1,1,0,1,0,0,1,0,1,0,2,1,1,9,7.54,7,2,5,Yes
S05164,1,1,0,1,0,0,1,0,0,0,7,3,5,3,6.35,4,2,2,No
S05165,1,0,1,1,1,1,1,1,0,0,9,3,3,2,5.37,2,3,8,No
S05166,0,0,1,1,0,0,1,0,1,0,10,9,6,8,6.94,1,2,1,Yes
S05167,1,0,1,1,1,0,0,0,0,0,7,1,5,1,5.85,8,0,0,No
S05168,1,1,0,1,1,0,1,0,0,1,6,4,6,9,9.63,8,2,6,Yes
S05169,1,0,1,1,1,1,0,1,0,0,4,1,9,5,5.28,5,2,0,No
S05170,0,1,0,1,0,1,1,0,1,1,1,4,9,7,9.11,0,2,7,Yes
S05171,1,1,0,0,1,1,0,0,0,0,2,8,1,3,7.16,1,3,2,No
S05172,0,1,1,0,1,0,1,1,1,0,8,9,9,5,7.75,3,3,3,Yes
S05173,1,1,0,0,0,0,1,0,0,1,8,9,4,5,5.62,7,1,2,No
S05174,1,1,1,1,0,0,1,0,0,0,9,9,7,8,8.72,4,0,0,Yes
S05175,1,1,0,1,1,0,1,1,1,0,7,8,3,10,7.68,4,3,6,Yes
S05176,0,0,1,0,1,1,1,0,0,0,1,7,10,7,6.54,2,3,5,Yes
S05177,0,0,0,1,1,1,0,0,0,0,7,1,2,8,9.04,4,2,8,Yes
S05178,1,0,1,1,0,1,0,0,0,0,4,7,4,8,6.33,4,2,4,No
S05179,1,1,1,0,0,1,1,0,0,1,5,9,7,5,7.91,1,2,3,Yes
S05180,0,0,1,1,0,0,1,0,0,0,9,6,4,5,7.46,8,2,0,Yes
S05181,1,0,0,0,0,0,0,1,0,0,4,4,10,3,7.45,6,2,6,Yes
S05182,0,1,1,1,1,1,1,0,0,0,2,2,10,10,8.35,5,2,1,Yes
S05183,1,0,0,1,0,1,1,0,1,1,9,5,9,1,6.41,5,0,5,Yes
S05184,0,1,0,1,1,1,1,0,0,0,2,5,7,6,9.4,5,0,7,Yes
S05185,0,1,1,1,1,0,0,0,1,0,10,8,9,3,6.92,7,1,2,Yes
S05186,0,1,0,0,0,0,1,0,1,0,9,4,5,10,8.53,6,0,6,Yes
S05187,0,0,0,0,1,1,1,0,0,1,3,9,6,1,7.86,2,2,0,No
S05188,1,0,1,1,1,1,0,0,0,1,5,2,8,2,7.97,5,1,6,Yes
S05189,0,1,0,1,1,0,1,0,0,0,7,9,9,5,7.41,2,0,3,Yes
S05190,1,1,1,0,0,1,0,0,0,1,1,5,4,10,6.51,2,2,2,No
S05191,1,0,1,0,1,0,0,1,1,0,2,1,7,10,8.0,3,3,4,Yes
S05192,0,0,0,1,1,0,0,0,0,0,8,2,2,4,6.57,4,2,3,No
S05193,0,1,0,0,0,1,1,0,0,1,1,2,1,10,7.42,6,3,6,Yes
S05194,0,1,1,0,1,1,0,0,1,1,2,3,8,5,9.24,8,1,4,Yes
S05195,1,0,1,1,1,1,0,0,0,0,1,8,9,4,8.33,8,3,5,Yes
S05196,0,1,0,0,0,0,0,1,0,0,4,6,2,3,9.93,7,2,1,No
S05197,0,1,0,0,1,0,0,0,1,0,1,1,7,3,5.24,1,0,6,No
S05198,1,1,0,0,1,1,0,1,0,0,6,8,2,5,9.12,3,3,6,Yes
S05199,1,0,1,1,0,1,1,0,1,1,8,3,8,7,8.11,7,0,8,Yes
S05200,1,0,1,0,1,0,1,1,0,1,1,3,6,10,5.93,4,2,2,No
S05201,1,1,0,1,0,0,0,0,0,0,2,5,5,8,6.47,1,0,3,No
S05202,0,1,1,0,0,1,0,1,1,0,2,9,1,8,6.29,2,0,2,No
S05203,0,1,1,1,1,1,0,1,1,1,10,10,10,4,5.85,4,3,8,Yes
S05204,0,1,0,1,0,1,0,0,0,0,2,4,10,3,9.26,2,2,4,No
S05205,0,1,1,0,0,1,1,0,0,1,6,3,9,4,5.83,0,3,2,No
S05206,1,1,1,1,1,0,0,1,1,0,2,1,4,3,6.99,8,2,6,No
S05207,0,1,1,0,0,1,0,0,1,0,7,6,10,9,9.39,4,3,1,Yes
S05208,1,1,0,0,1,0,1,0,1,0,9,4,2,5,7.44,0,1,2,No
S05209,0,0,0,0,1,0,1,0,1,1,2,3,5,6,5.06,4,0,1,No
S05210,1,1,1,1,0,1,1,0,1,1,4,7,3,5,9.73,6,3,6,Yes
S05211,0,1,0,0,0,1,1,0,1,1,8,7,10,2,5.27,1,1,2,No
S05212,1,1,0,0,0,1,0,1,0,1,7,2,9,1,6.95,0,1,6,No
S05213,1,1,0,1,1,1,1,1,1,0,9,5,5,7,8.74,7,0,0,Yes
S05214,0,1,1,1,0,0,0,0,0,0,2,5,1,7,9.6,2,3,0,No
S05215,1,1,0,0,1,1,0,1,0,0,7,3,5,7,9.51,5,0,8,Yes
S05216,0,1,1,1,0,1,1,0,0,0,4,8,7,5,5.23,1,3,3,No
S05217,1,1,0,1,1,0,1,0,0,0,5,10,10,1,8.84,4,3,7,Yes
S05218,0,0,1,1,1,1,0,0,0,0,10,4,3,3,9.42,0,2,2,No
S05219,1,1,0,1,1,0,0,0,0,1,8,3,2,1,6.27,7,3,6,Yes
S05220,1,1,0,0,1,1,1,0,0,0,9,6,10,3,5.1,8,0,4,No
S05221,1,0,0,1,1,0,0,1,0,1,1,9,5,6,9.2,2,0,0,No
S05222,1,0,1,1,0,1,1,1,0,1,6,1,10,9,5.25,2,1,8,Yes
S05223,1,1,1,0,1,0,1,0,0,0,7,4,2,1,6.43,8,1,0,No
S05224,1,0,1,1,0,1,1,0,0,0,2,5,10,1,8.01,3,3,1,Yes
S05225,1,1,1,1,0,1,1,1,0,1,10,7,4,10,7.62,2,3,1,Yes
S05226,1,0,0,0,0,1,1,1,0,0,3,1,1,6,7.33,6,0,2,No
S05227,0,1,1,0,0,1,0,1,1,0,3,2,3,5,7.39,5,2,0,No
S05228,0,0,0,1,0,0,0,0,0,0,7,6,4,1,7.88,1,0,4,No
S05229,1,0,1,0,0,1,0,0,0,1,4,8,5,8,5.42,3,0,6,No
S05230,0,1,0,1,0,0,1,1,1,1,3,5,6,3,8.22,5,0,7,Yes
S05231,0,0,1,1,1,1,1,0,1,0,3,5,1,7,8.59,3,0,6,Yes
S05232,1,1,1,1,1,1,0,0,0,0,5,2,8,1,5.98,0,2,4,No
S05233,0,1,0,1,0,1,0,1,1,0,3,4,4,9,6.63,8,2,7,Yes
S05234,1,1,0,1,0,0,1,0,1,0,5,1,2,2,7.67,0,2,6,No
S05235,1,0,0,1,0,1,1,0,0,0,2,5,8,6,5.08,4,2,6,No
S05236,1,1,1,1,1,1,1,1,1,1,8,5,7,3,7.52,2,1,0,Yes
S05237,0,1,0,0,0,1,1,1,0,1,6,2,2,10,6.11,0,3,6,Yes
S05238,0,1,0,0,1,1,1,0,1,1,10,7,8,1,9.79,1,2,0,Yes
S05239,1,1,0,0,0,0,1,0,1,0,2,6,1,2,5.48,4,1,3,No
S05240,1,1,1,1,1,1,1,1,0,0,3,10,3,3,6.74,1,1,2,No
S05241,0,0,1,1,1,0,1,0,0,0,10,5,4,3,7.48,3,0,6,No
S05242,1,0,0,1,0,1,0,0,1,0,2,6,4,2,5.43,0,2,8,No
S05243,1,1,1,1,0,0,1,0,0,0,10,10,8,10,8.7,7,2,7,Yes
S05244,0,1,1,0,1,0,1,1,0,1,6,8,1,7,5.33,1,0,7,No
S05245,0,1,1,1,0,0,0,0,1,0,5,3,5,5,8.16,2,2,4,No
S05246,0,1,0,0,0,0,1,0,0,0,6,9,2,9,7.69,1,3,1,No
S05247,0,1,0,1,0,0,0,0,0,0,7,3,8,3,5.89,1,0,6,No
S05248,0,1,0,1,1,1,1,1,1,0,5,8,7,4,6.31,2,0,6,No
S05249,1,1,0,1,1,0,1,0,1,0,4,6,9,3,7.84,7,0,5,Yes
S05250,1,1,1,1,0,1,0,0,0,1,6,10,2,8,9.02,5,3,3,Yes
S05251,1,0,1,1,0,1,1,0,0,0,9,6,6,5,5.08,7,2,3,No
S05252,0,0,1,1,0,1,0,0,0,0,1,8,3,1,7.89,2,1,0,No
S05253,0,1,1,0,1,0,1,0,0,0,2,6,9,1,7.41,8,0,4,No
S05254,1,0,0,1,1,1,1,1,0,0,7,2,4,1,9.71,1,0,1,No
S05255,0,1,1,0,0,0,1,0,0,0,2,5,5,4,7.18,7,0,2,No
S05256,1,0,1,1,1,1,1,0,0,1,5,1,9,10,9.55,3,3,7,Yes
S05257,1,0,0,1,0,1,1,1,0,0,6,2,3,6,8.75,0,0,6,No
S05258,1,0,1,1,1,0,1,0,1,0,3,6,4,8,7.45,5,3,7,Yes
S05259,1,1,0,1,1,0,0,0,0,0,10,8,6,5,5.21,2,1,5,No
S05260,0,1,0,0,1,0,1,0,1,0,8,1,5,3,9.53,5,3,1,Yes
S05261,1,1,0,0,0,1,1,0,0,0,5,7,3,1,9.69,4,0,8,No
S05262,0,1,0,0,0,1,1,1,0,0,2,10,9,3,8.18,6,2,7,Yes
S05263,0,1,0,1,0,0,0,0,0,0,2,2,6,7,9.62,5,3,2,No
S05264,1,1,0,0,0,0,1,0,1,1,5,4,9,6,7.12,3,0,3,No
S05265,0,0,1,1,0,1,1,0,1,1,1,7,3,3,8.32,0,1,5,No
S05266,1,1,1,1,1,0,0,0,0,1,1,8,2,10,5.29,4,3,3,Yes
S05267,1,1,1,0,0,1,1,1,1,0,8,6,4,4,8.84,5,1,0,Yes
S05268,1,1,1,0,1,1,1,0,0,0,3,7,7,7,6.53,2,3,3,Yes
S05269,0,1,1,1,0,1,1,0,1,0,3,1,2,5,9.63,6,1,1,No
S05270,1,1,1,1,0,1,0,0,0,1,5,5,10,6,6.4,0,0,0,No
S05271,1,1,1,1,1,0,1,0,1,0,6,10,4,9,7.27,3,2,4,Yes
S05272,1,1,1,1,0,0,0,1,1,0,1,4,4,10,7.15,0,2,6,No
S05273,1,1,1,0,1,1,1,0,0,0,1,3,10,10,9.73,1,1,7,Yes
S05274,0,1,0,1,1,0,0,1,0,1,8,4,7,7,8.99,5,3,1,Yes
S05275,1,1,1,0,1,1,1,1,1,0,5,2,10,6,6.21,3,2,2,Yes
S05276,1,0,1,1,1,0,1,0,1,1,1,8,4,1,8.12,7,0,0,No
S05277,1,1,0,0,1,1,1,0,1,0,4,9,6,3,8.9,5,0,1,Yes
S05278,1,0,0,1,1,1,0,0,0,0,8,6,2,4,8.9,3,0,7,Yes
S05279,0,1,0,0,1,0,1,1,0,0,9,10,2,7,5.74,4,3,2,No
S05280,1,1,1,0,0,1,1,1,0,0,1,3,9,1,8.2,5,1,2,No
S05281,0,1,1,1,1,0,0,0,1,0,4,8,5,2,7.31,5,0,2,No
S05282,1,1,0,1,0,1,0,0,1,1,9,5,5,2,5.07,1,2,3,No
S05283,1,1,0,1,1,1,1,0,1,0,7,3,5,2,5.9,4,0,7,No
S05284,0,1,1,1,1,1,0,1,0,0,1,6,9,4,9.06,7,2,6,Yes
S05285,1,1,1,0,1,0,0,0,1,0,1,1,8,5,6.31,8,3,3,Yes
S05286,0,1,0,1,1,0,1,0,0,0,1,9,10,10,9.38,3,0,6,Yes
S05287,0,0,1,0,0,1,0,0,0,0,8,1,7,2,5.29,2,3,3,No
S05288,1,0,0,1,1,0,1,1,1,0,8,1,7,10,5.95,2,3,1,Yes
S05289,1,1,0,1,1,0,1,0,1,1,9,8,9,4,9.75,0,1,7,Yes
S05290,0,1,1,1,0,1,0,0,1,1,4,3,10,4,5.04,6,1,5,Yes
S05291,1,1,1,0,0,1,1,1,0,0,3,10,9,6,9.44,0,0,4,Yes
S05292,1,1,0,1,1,1,1,0,0,1,7,5,4,7,6.31,5,0,5,No
S05293,1,0,0,1,0,0,0,0,1,1,10,5,1,9,8.77,6,3,4,Yes
S05294,1,1,0,1,0,1,1,0,1,0,7,3,9,9,5.8,7,3,8,Yes
S05295,0,1,1,1,0,1,0,0,0,0,2,6,8,8,5.86,8,1,8,No
S05296,1,1,1,1,1,0,1,0,1,0,6,3,4,7,9.15,1,1,8,Yes
S05297,1,0,0,0,1,0,1,1,0,0,5,7,9,2,6.34,8,0,2,No
S05298,0,1,0,1,1,0,1,0,0,0,5,5,2,7,8.14,0,0,4,No
S05299,1,1,0,1,1,0,1,1,1,1,3,6,9,3,5.88,2,1,5,Yes
S05300,1,0,1,1,0,0,1,1,1,0,9,1,9,9,8.46,1,3,3,Yes
S05301,0,1,0,1,1,1,0,0,1,1,4,10,7,3,5.27,0,1,5,No
S05302,1,1,0,0,1,1,0,1,0,0,6,6,8,7,7.46,1,2,3,Yes
S05303,0,0,1,0,1,0,1,1,0,1,9,4,6,3,6.44,1,0,1,No
S05304,0,1,0,0,1,0,1,1,0,0,7,5,6,2,5.94,7,1,4,No
S05305,1,0,0,0,1,0,1,0,0,0,5,5,10,4,5.13,2,1,3,No
S05306,1,1,0,1,0,0,1,0,0,1,10,10,4,4,6.18,4,2,7,Yes
S05307,1,1,1,0,1,1,1,0,0,0,6,8,5,9,7.69,2,2,5,Yes
S05308,1,0,1,1,0,1,1,0,0,0,9,1,6,4,6.75,4,2,2,No
S05309,0,1,0,0,0,0,1,0,0,0,6,4,7,2,7.74,0,3,2,No
S05310,0,0,0,1,0,1,1,1,1,1,10,9,5,9,8.94,8,0,7,Yes
S05311,1,0,0,1,1,0,1,0,0,0,1,3,3,8,9.31,4,3,0,No
S05312,0,1,0,1,1,0,1,0,0,1,5,10,7,3,6.47,0,3,1,Yes
S05313,0,0,0,1,0,1,1,0,0,0,9,3,5,4,6.57,3,1,3,No
S05314,0,0,1,1,0,0,1,0,1,1,5,8,1,6,8.88,4,1,4,Yes
S05315,1,1,1,1,0,0,1,0,1,0,1,9,4,8,9.11,3,0,2,No
S05316,1,1,1,0,1,1,1,0,0,0,8,8,1,8,7.68,5,2,4,Yes
S05317,1,1,1,0,0,0,1,0,1,0,5,5,1,9,9.32,4,0,5,Yes
S05318,0,1,1,1,0,1,1,0,0,0,2,5,8,4,5.09,1,2,1,No
S05319,1,1,1,1,0,1,1,1,0,0,4,9,4,5,6.03,1,2,1,Yes
S05320,0,1,1,0,1,0,0,0,1,0,2,2,2,6,8.23,6,3,5,No
S05321,1,1,1,1,0,0,1,0,0,0,8,5,1,8,9.41,0,1,1,Yes
S05322,1,1,0,1,1,1,0,0,0,1,6,1,6,7,5.96,7,1,3,No
S05323,1,1,0,0,0,0,0,0,1,1,5,8,9,5,7.62,0,2,1,No
S05324,0,1,0,1,0,0,0,0,0,0,2,10,2,9,8.75,3,3,1,Yes
S05325,1,1,1,1,0,1,1,0,1,0,10,3,5,5,5.61,3,1,5,No
S05326,0,0,1,0,0,1,1,0,1,0,1,7,7,2,8.49,6,0,2,No
S05327,1,1,0,0,0,1,1,1,0,0,2,5,5,10,8.39,3,0,7,Yes
S05328,1,1,1,1,1,0,0,0,1,0,2,8,3,4,5.97,2,3,0,No
S05329,1,1,0,0,1,0,0,0,1,1,3,2,6,7,8.68,3,0,7,No
S05330,1,1,1,1,1,0,1,0,1,1,2,10,10,8,8.46,2,0,0,Yes
S05331,1,1,0,1,1,0,1,0,1,0,9,8,6,3,6.62,5,3,0,Yes
S05332,1,0,1,1,1,1,1,0,0,0,9,6,7,1,6.76,5,0,0,No
S05333,1,1,1,1,1,1,0,1,1,1,6,4,10,2,7.08,8,1,7,Yes
S05334,1,0,1,1,0,0,0,1,0,1,1,5,6,3,8.61,4,3,4,Yes
S05335,0,1,1,1,1,0,1,0,0,0,3,4,5,7,6.38,3,0,0,No
S05336,0,1,1,0,0,1,1,0,0,0,3,5,4,3,8.21,0,3,1,No
S05337,1,0,0,1,0,0,1,1,1,1,2,3,4,10,7.65,0,3,5,No
S05338,0,0,0,1,1,0,0,0,0,0,6,9,10,1,9.95,2,1,3,No
S05339,0,1,0,1,1,0,1,0,0,0,8,3,8,9,9.46,2,2,6,Yes
S05340,1,0,1,0,1,0,1,0,0,0,7,10,1,9,9.25,6,3,6,Yes
S05341,0,1,0,1,1,1,1,1,0,0,7,1,2,5,5.43,7,0,4,No
S05342,0,0,0,0,0,1,0,0,1,0,9,6,2,5,8.73,5,3,0,No
S05343,1,1,1,1,0,0,1,0,0,0,10,2,8,4,7.12,8,1,8,Yes
S05344,1,0,1,1,1,0,1,1,0,1,3,8,7,10,9.14,7,2,1,Yes
S05345,0,1,0,0,0,1,1,0,0,1,6,1,5,8,9.49,2,0,1,No
S05346,1,1,0,0,1,1,1,0,0,0,5,4,4,5,5.52,5,2,8,No
S05347,1,0,1,1,0,1,1,0,0,0,10,9,4,6,8.72,5,2,0,Yes
S05348,1,1,1,1,0,0,1,0,0,1,7,9,10,5,5.57,2,2,2,Yes
S05349,1,1,0,0,0,1,0,0,1,1,8,9,4,10,5.63,6,0,5,No
S05350,0,1,1,1,0,0,1,0,0,1,3,10,7,9,5.08,3,2,6,No
S05351,0,0,0,0,1,1,1,1,0,0,5,1,7,9,9.64,7,2,2,Yes
S05352,0,0,0,1,0,0,1,0,0,0,10,5,7,3,6.82,4,2,7,No
S05353,1,0,0,1,0,1,1,0,0,1,4,2,1,7,6.01,4,3,6,No
S05354,1,0,1,1,1,1,1,0,0,0,6,4,8,1,7.74,5,3,4,Yes
S05355,1,1,1,1,0,1,1,0,1,0,1,1,10,5,6.03,3,1,6,No
S05356,1,1,0,0,1,1,1,0,1,1,5,10,5,6,7.47,8,3,4,Yes
S05357,1,1,0,0,1,0,1,0,0,0,1,4,3,7,9.6,0,3,5,No
S05358,0,1,0,1,1,1,1,0,0,1,6,3,7,5,8.02,6,3,1,Yes
S05359,0,1,1,1,0,1,0,1,0,0,4,3,3,7,9.98,2,2,5,No
S05360,1,1,0,1,0,0,0,0,1,0,7,4,7,1,6.11,6,2,2,No
S05361,0,1,1,0,0,1,0,1,1,1,8,8,8,9,6.89,5,0,2,Yes
S05362,1,0,0,1,1,0,1,0,1,1,9,1,4,9,9.77,7,2,5,Yes
S05363,1,1,1,1,0,0,0,0,0,0,1,1,9,6,9.14,2,3,3,No
S05364,0,0,0,1,0,1,0,0,1,1,8,5,8,10,9.5,7,1,0,Yes
S05365,1,0,1,1,1,1,0,1,0,0,1,7,7,2,6.6,3,0,4,No
S05366,0,0,0,0,0,0,1,0,0,0,7,3,6,7,9.26,6,0,7,Yes
S05367,0,0,1,1,1,0,1,0,0,0,8,1,10,5,9.25,2,0,4,No
S05368,1,1,1,1,1,1,1,1,1,1,2,7,5,4,7.35,3,3,3,Yes
S05369,0,1,1,1,0,0,0,1,1,0,8,2,6,10,5.8,1,0,7,No
S05370,1,0,0,1,0,1,1,0,1,0,9,5,5,5,9.81,2,1,8,Yes
S05371,1,1,0,1,0,0,0,1,0,1,9,3,4,7,8.62,8,0,4,Yes
S05372,1,0,1,1,0,1,0,0,1,0,4,10,2,9,7.86,4,3,7,Yes
S05373,1,1,1,0,0,1,0,1,0,0,7,7,1,10,9.67,4,2,8,Yes
S05374,0,1,0,0,0,1,0,1,1,1,9,6,3,2,6.42,7,3,7,Yes
S05375,1,1,0,0,1,1,0,0,1,1,3,5,4,4,8.68,4,2,3,No
S05376,0,0,0,0,1,1,1,0,0,0,2,5,2,4,7.61,0,2,8,No
S05377,0,0,1,1,0,1,1,0,0,0,2,1,9,1,5.86,1,2,3,No
S05378,1,0,1,1,0,1,1,0,1,0,8,8,5,2,7.92,7,2,8,Yes
S05379,0,0,1,0,0,0,0,1,0,0,8,2,7,5,6.89,7,1,6,No
S05380,1,1,0,1,0,0,1,0,0,1,10,8,10,10,8.18,5,3,6,Yes
S05381,1,1,0,0,0,1,0,0,0,0,1,8,9,1,9.8,5,2,4,No
S05382,1,0,1,0,0,0,1,0,0,0,4,1,2,6,6.6,0,0,1,No
S05383,1,1,0,0,0,1,0,0,1,1,3,9,1,1,8.61,2,1,7,No
S05384,1,1,0,0,0,1,0,1,1,0,3,8,10,4,8.48,3,3,4,Yes
S05385,0,1,1,1,0,0,0,0,0,0,7,4,9,1,5.26,3,3,5,No
S05386,1,1,0,1,1,0,0,0,1,0,6,5,1,5,6.05,4,2,4,No
S05387,1,0,1,1,0,1,0,0,1,0,3,4,4,5,6.62,6,0,3,No
S05388,0,1,0,0,0,0,0,0,1,1,5,9,2,4,5.2,6,1,3,No
S05389,0,0,0,1,0,1,1,0,0,1,5,6,6,10,7.86,4,1,2,No
S05390,0,0,0,1,1,0,0,0,1,0,9,3,6,2,7.88,5,3,1,Yes
S05391,1,1,1,0,0,0,0,0,0,0,7,5,3,5,7.44,1,1,2,No
S05392,0,1,0,1,1,1,0,0,0,0,5,8,5,5,9.59,7,3,3,Yes
S05393,0,1,1,1,0,0,1,0,1,1,8,6,9,1,8.91,7,1,0,Yes
S05394,0,0,0,1,1,0,1,0,0,1,1,4,3,4,8.43,4,1,2,No
S05395,0,1,0,0,0,0,1,0,1,1,3,6,8,10,7.27,6,2,2,Yes
S05396,1,1,0,0,0,1,1,0,0,0,1,7,4,6,7.81,6,1,5,No
S05397,1,0,1,0,1,0,0,0,0,0,7,10,7,3,8.31,2,0,6,No
S05398,1,1,0,1,0,0,0,0,0,0,2,3,3,8,5.71,7,2,5,No
S05399,1,0,1,0,1,1,0,1,0,0,1,1,9,2,9.61,4,0,2,No
S05400,0,0,1,1,1,0,1,0,0,0,2,5,1,1,6.47,4,2,7,No
S05401,1,1,0,1,0,0,0,0,0,1,10,10,2,5,6.67,8,0,2,Yes
S05402,0,1,1,1,1,0,0,1,1,0,5,2,10,10,8.76,7,0,8,Yes
S05403,0,1,0,1,0,1,0,0,1,0,2,8,1,10,6.3,5,2,4,No
S05404,1,0,0,1,1,1,1,0,1,0,1,8,9,10,8.54,4,2,5,Yes
S05405,1,0,0,0,0,1,1,0,0,0,7,5,9,8,5.99,5,1,5,No
S05406,0,1,1,1,0,1,0,0,0,0,4,5,3,3,5.46,4,0,6,No
S05407,0,1,0,0,1,1,0,1,0,1,2,9,5,6,8.64,6,0,8,Yes
S05408,1,0,0,0,1,1,1,1,0,0,10,3,5,1,5.04,3,3,3,No
S05409,1,1,0,1,0,1,0,0,1,0,8,3,2,5,7.59,4,3,5,Yes
S05410,1,0,0,0,0,1,0,1,1,0,4,8,7,2,9.6,6,0,0,Yes
S05411,0,1,1,0,0,0,1,0,0,0,3,2,10,1,7.16,3,1,7,No
S05412,1,1,0,1,1,1,0,0,0,0,10,2,3,9,8.35,1,2,2,No
S05413,0,0,1,1,1,1,1,1,1,0,7,1,10,9,5.46,6,2,4,Yes
S05414,1,1,1,0,1,0,0,1,1,0,7,5,3,8,9.52,3,0,6,Yes
S05415,1,1,1,1,0,0,1,1,1,0,3,5,7,6,5.84,6,3,0,No
S05416,1,1,0,1,0,1,0,1,1,0,4,5,10,3,6.5,3,2,1,No
S05417,1,1,0,1,1,0,1,1,1,0,7,6,6,6,8.42,0,2,1,No
S05418,1,0,1,1,1,1,1,0,1,1,3,10,10,5,7.87,2,0,8,Yes
S05419,1,1,0,0,1,1,1,0,0,0,6,8,7,4,8.92,5,3,6,Yes
S05420,1,0,0,0,1,0,0,1,0,0,2,9,5,6,9.98,0,3,6,Yes
S05421,1,0,0,1,0,0,1,1,1,1,7,6,1,2,5.1,6,2,1,No
S05422,1,0,1,0,0,1,1,1,1,0,1,10,3,4,6.92,1,2,6,No
S05423,0,0,0,1,1,0,1,0,1,1,5,1,8,5,7.32,5,2,6,No
S05424,1,1,0,1,1,0,0,1,0,0,2,1,6,6,5.47,5,1,8,No
S05425,1,0,1,1,1,0,0,0,0,1,9,9,6,3,6.8,5,0,1,No
S05426,0,1,0,0,0,1,0,0,0,0,10,1,1,5,9.46,3,0,1,No
S05427,0,1,0,0,1,1,0,1,0,0,4,9,1,7,6.22,3,3,3,Yes
S05428,1,1,0,1,1,0,1,1,0,0,8,2,2,8,9.4,8,3,2,Yes
S05429,0,1,0,1,1,0,0,0,1,0,2,3,7,7,7.17,3,1,5,No
S05430,0,1,0,1,1,1,0,0,1,1,4,1,2,5,5.18,8,0,8,No
S05431,0,1,0,0,1,1,1,0,0,1,10,3,6,10,7.5,4,2,1,Yes
S05432,1,1,0,0,1,0,0,0,0,0,4,8,6,4,7.37,5,1,2,No
S05433,0,1,0,1,0,1,1,0,0,0,4,10,8,5,7.72,4,1,8,Yes
S05434,1,1,0,1,0,0,1,1,0,0,2,6,3,8,6.46,5,3,7,Yes
S05435,0,0,1,1,0,0,1,0,0,0,7,5,5,8,6.66,6,0,1,No
S05436,0,1,0,0,1,0,1,1,1,0,2,9,8,6,6.72,1,3,4,Yes
S05437,1,1,0,0,0,0,1,0,1,1,7,9,4,8,9.69,2,1,4,Yes
S05438,0,1,1,0,0,1,0,1,1,0,6,5,1,9,6.59,7,2,0,Yes
S05439,1,1,1,0,0,1,0,0,0,0,4,4,6,6,7.53,5,0,1,No
S05440,0,1,0,1,0,0,1,0,0,1,6,9,2,1,7.63,4,1,6,Yes
S05441,1,1,1,0,0,1,1,1,0,0,1,8,1,8,5.76,2,2,5,No
S05442,1,1,1,0,1,1,1,0,0,0,2,3,2,9,9.76,2,0,1,No
S05443,1,1,0,1,0,1,1,0,1,0,3,2,4,6,7.54,1,0,5,No
S05444,0,1,1,0,0,0,0,0,1,0,7,5,6,1,7.83,3,0,2,No
S05445,1,0,0,0,1,1,0,0,0,0,7,10,8,8,8.48,7,2,1,Yes
S05446,1,1,1,0,1,1,1,0,0,1,8,8,10,10,5.32,4,3,5,Yes
S05447,1,0,0,0,1,1,1,1,0,0,4,8,7,2,8.08,5,3,2,Yes
S05448,0,0,0,1,1,0,0,0,0,1,6,3,3,6,6.96,4,3,6,No
S05449,1,1,1,0,0,0,1,1,1,1,4,1,2,5,6.97,1,0,2,No
S05450,1,0,0,1,1,1,0,0,0,0,3,1,5,4,9.85,1,1,6,No
S05451,1,0,0,1,1,0,0,0,0,1,4,2,7,6,9.45,1,1,1,No
S05452,1,0,1,1,0,1,0,0,1,0,3,7,1,3,9.36,6,3,0,Yes
S05453,1,1,0,1,0,1,1,0,1,1,4,1,8,6,9.4,2,3,4,Yes
S05454,1,1,1,1,1,1,1,0,0,0,5,7,10,10,7.94,4,0,8,Yes
S05455,0,1,0,1,0,1,0,0,0,0,5,9,2,3,6.26,6,1,7,No
S05456,1,1,1,1,0,0,1,0,0,0,2,10,2,2,7.09,7,1,4,No
S05457,1,0,0,1,0,0,1,0,0,0,4,7,7,7,7.24,6,1,4,No
S05458,1,0,0,0,1,1,0,1,0,0,7,5,5,7,5.57,0,0,5,No
S05459,0,1,0,0,0,0,0,0,0,1,1,3,4,1,8.95,8,3,2,No
S05460,0,0,1,1,0,0,0,1,0,0,6,5,9,3,6.59,7,2,0,No
S05461,0,0,0,0,0,1,0,0,0,0,4,8,3,3,7.77,7,2,1,No
S05462,1,1,0,1,0,1,0,0,0,1,8,8,6,6,9.26,8,3,6,Yes
S05463,1,1,0,1,1,0,1,0,1,0,6,7,5,8,5.34,7,1,5,Yes
S05464,1,1,0,1,0,1,1,0,1,0,2,3,1,2,6.75,0,3,0,No
S05465,1,0,0,0,0,0,0,0,1,1,9,9,3,9,9.53,2,2,6,Yes
S05466,1,0,1,1,0,1,0,1,1,0,9,4,2,10,5.98,4,3,1,Yes
S05467,0,1,0,1,1,1,0,0,0,1,10,5,9,7,7.33,6,2,8,Yes
S05468,0,1,0,0,1,0,1,0,0,0,6,1,2,5,7.42,1,1,6,No
S05469,0,0,1,1,1,1,0,0,0,0,9,8,2,6,6.16,2,2,0,No
S05470,1,0,1,1,0,1,0,0,0,0,5,7,1,5,8.64,4,1,7,Yes
S05471,0,1,1,1,1,1,0,0,0,0,1,6,4,1,7.02,8,1,1,No
S05472,1,1,1,1,0,1,0,0,0,0,8,7,7,3,9.33,3,3,1,Yes
S05473,1,0,0,1,1,1,1,1,1,0,4,10,2,5,5.52,0,0,8,No
S05474,0,1,1,0,1,0,1,0,0,1,3,10,3,4,6.01,6,2,1,Yes
S05475,1,1,0,1,1,0,0,0,1,0,8,3,2,9,5.54,6,0,2,No
S05476,1,0,1,1,0,1,0,0,1,0,7,8,10,2,5.1,3,0,8,No
S05477,1,1,0,0,0,0,0,0,0,0,9,5,5,3,5.61,5,0,3,No
S05478,0,0,0,1,0,0,0,0,0,0,7,4,2,5,9.94,5,1,7,No
S05479,0,1,1,0,1,1,0,0,1,0,3,9,7,5,8.69,1,3,7,Yes
S05480,1,1,1,0,1,0,1,0,0,1,3,10,10,8,7.31,3,3,4,Yes
S05481,0,1,1,0,1,1,0,1,0,0,9,10,9,6,7.04,1,1,2,Yes
S05482,1,1,0,1,0,1,0,1,1,0,3,10,4,3,9.03,2,2,4,Yes
S05483,1,1,0,0,1,1,0,0,1,0,5,1,9,3,8.38,2,1,3,Yes
S05484,0,0,1,1,0,1,1,0,1,0,7,8,6,6,8.34,5,3,2,Yes
S05485,0,1,0,0,1,0,1,0,0,0,5,4,4,1,9.53,2,0,7,No
S05486,0,0,1,1,1,1,1,1,0,0,4,10,4,5,6.77,2,0,0,No
S05487,1,1,0,1,1,1,1,0,1,0,4,1,4,10,7.4,0,0,8,No
S05488,0,1,0,0,1,1,0,1,1,0,6,4,6,1,6.39,7,0,0,No
S05489,0,1,1,0,0,1,0,1,1,1,2,3,1,1,8.99,4,1,8,No
S05490,0,0,1,0,0,1,1,0,1,0,9,9,5,7,7.04,0,2,5,Yes
S05491,1,1,1,1,0,1,1,0,1,1,3,8,8,2,8.58,6,1,0,Yes
S05492,0,1,0,1,1,1,0,1,0,0,9,5,6,10,7.16,3,2,7,Yes
S05493,0,0,1,0,0,1,0,0,0,1,9,2,10,9,6.11,7,0,4,No
S05494,1,1,1,1,1,1,1,1,0,0,3,5,4,6,9.8,6,1,6,Yes
S05495,1,1,1,1,0,1,1,0,0,0,5,5,9,2,7.69,8,0,3,Yes
S05496,1,1,1,1,1,1,0,0,0,1,8,7,9,3,5.34,4,2,3,Yes
S05497,0,1,1,1,1,1,1,0,0,0,7,7,2,7,5.65,2,2,3,No
S05498,0,1,0,0,1,1,0,0,1,0,7,6,8,1,7.96,5,3,3,Yes
S05499,0,0,1,1,1,0,1,1,0,0,9,1,3,3,6.07,0,2,0,No
S05500,0,0,1,1,1,1,0,0,0,0,5,8,5,1,8.36,8,2,7,Yes
S05501,1,0,1,1,0,1,0,1,0,1,1,1,1,7,6.67,1,3,1,No
S05502,1,1,1,1,1,0,0,0,0,0,3,5,3,1,5.46,8,2,2,No
S05503,1,0,1,1,0,0,1,0,0,1,5,8,4,1,7.57,8,3,0,No
S05504,1,1,1,0,0,1,1,1,0,0,7,2,7,5,9.87,8,3,8,Yes
S05505,1,1,0,0,1,1,0,1,1,0,9,10,3,4,7.63,2,0,1,No
S05506,1,1,0,0,0,1,1,0,1,0,9,10,5,7,7.41,0,0,8,Yes
S05507,1,0,1,0,1,1,1,0,0,0,5,7,9,9,6.36,2,3,2,Yes
S05508,1,1,0,0,0,1,0,0,0,0,10,6,5,5,8.6,4,0,4,Yes
S05509,1,1,0,0,0,0,0,1,1,0,4,1,4,9,7.72,2,0,0,No
S05510,1,0,1,1,1,1,1,0,0,0,3,9,7,5,8.89,4,3,7,Yes
S05511,1,1,1,1,0,0,0,0,0,1,5,9,9,2,7.91,4,1,4,Yes
S05512,0,1,1,0,1,1,1,0,0,0,9,10,4,1,6.11,3,0,1,No
S05513,0,1,1,0,0,0,1,0,0,0,9,1,9,10,9.76,4,1,7,Yes
S05514,0,0,0,1,0,0,0,0,1,0,1,3,8,8,6.91,6,0,5,No
S05515,1,1,0,0,1,1,0,1,0,1,5,1,2,9,8.02,7,0,4,No
S05516,0,1,1,1,0,0,1,1,0,0,8,9,1,5,9.23,4,2,6,Yes
S05517,0,0,1,0,0,1,0,1,0,0,9,9,7,3,8.41,4,3,5,Yes
S05518,0,1,0,0,1,1,0,0,0,0,8,2,1,5,6.18,2,2,0,No
S05519,1,1,0,0,1,1,0,0,1,0,1,10,7,8,7.11,7,3,3,Yes
S05520,0,0,1,1,0,1,1,0,0,0,2,5,7,4,7.43,2,2,1,No
S05521,0,1,1,0,1,0,1,1,1,1,6,3,9,2,5.03,8,1,1,No
S05522,0,1,0,0,0,0,1,0,0,0,9,10,6,8,8.86,3,3,3,Yes
S05523,0,1,0,0,0,0,1,0,0,0,2,10,7,10,5.09,5,3,5,Yes
S05524,1,1,0,1,1,0,1,0,0,0,8,6,9,5,6.14,6,3,1,Yes
S05525,1,0,0,1,1,0,0,0,1,0,5,9,8,4,6.22,1,1,0,No
S05526,1,1,0,1,0,0,1,0,0,0,8,8,1,5,9.01,7,2,6,Yes
S05527,0,1,0,1,1,1,1,0,1,0,2,10,4,6,6.59,8,1,7,Yes
S05528,1,0,0,1,0,0,1,0,1,0,3,3,10,9,5.14,6,0,5,No
S05529,1,1,0,1,1,1,1,0,1,0,10,10,5,10,5.82,4,2,1,Yes
S05530,1,1,0,1,0,1,1,0,0,0,3,1,10,9,9.2,2,0,0,No
S05531,1,1,0,0,0,0,1,0,0,0,1,4,9,9,7.55,8,2,5,Yes
S05532,1,1,1,1,1,1,1,1,0,0,2,9,10,5,8.44,2,0,0,Yes
S05533,0,1,0,1,1,1,1,0,0,0,5,8,7,8,5.89,7,2,4,Yes
S05534,0,1,1,1,1,0,1,0,0,0,3,7,6,4,8.2,8,1,5,Yes
S05535,1,1,1,0,0,1,0,0,0,0,2,9,4,6,6.51,3,1,6,No
S05536,1,0,0,1,1,1,0,0,0,0,3,3,2,9,5.88,3,3,3,No
S05537,1,0,0,1,1,1,0,0,0,0,7,8,6,8,6.18,7,1,7,Yes
S05538,0,1,1,0,1,1,1,0,1,0,2,10,8,5,8.35,6,3,3,Yes
S05539,1,1,0,0,0,1,0,0,1,0,9,6,5,10,9.55,6,2,3,Yes
S05540,1,1,0,1,1,0,0,0,0,0,3,4,1,4,9.75,0,0,8,No
S05541,1,1,1,1,1,0,0,1,1,1,9,5,9,9,6.93,0,1,6,Yes
S05542,0,0,0,1,1,0,1,0,0,0,10,7,3,5,5.12,8,0,4,No
S05543,0,0,1,1,1,0,1,1,0,0,2,1,6,4,6.99,5,1,5,No
S05544,0,1,1,1,0,0,1,0,0,0,6,3,6,9,8.77,2,1,3,No
S05545,0,1,0,1,0,1,1,0,0,0,9,6,7,1,9.57,7,1,7,Yes
S05546,1,1,0,1,0,1,1,1,0,0,2,10,6,9,8.31,0,1,6,Yes
S05547,1,1,1,1,1,1,1,0,0,0,7,6,3,10,5.5,1,3,5,Yes
S05548,1,0,1,0,1,0,0,1,0,0,6,2,4,4,5.05,6,3,0,No
S05549,1,0,0,1,1,0,0,0,0,0,1,9,5,2,6.34,0,0,3,No
S05550,1,1,0,0,1,0,1,0,1,0,5,6,5,9,6.3,0,2,0,No
S05551,1,1,0,0,1,1,0,0,1,0,2,8,1,1,6.15,5,3,7,Yes
S05552,1,1,0,0,1,0,0,1,1,0,1,9,6,8,9.41,4,2,5,Yes
S05553,0,0,0,1,1,0,0,1,0,0,5,2,5,1,8.63,5,2,3,No
S05554,0,0,0,1,0,0,0,0,0,1,2,10,9,7,5.28,0,3,8,No
S05555,0,1,1,1,0,0,1,0,1,1,7,4,5,9,9.86,4,1,6,Yes
S05556,0,0,1,0,1,1,0,1,0,0,10,1,7,2,6.86,1,1,5,No
S05557,1,1,1,1,0,1,0,0,0,1,6,3,9,5,9.93,4,1,4,Yes
S05558,0,1,1,1,0,1,0,1,1,0,7,5,7,7,9.53,4,1,2,Yes
S05559,1,0,0,1,1,1,1,0,0,0,9,4,10,1,7.88,5,3,7,Yes
S05560,0,1,0,1,1,1,0,1,0,0,1,9,3,5,9.91,2,2,0,No
S05561,1,0,1,0,0,1,1,0,1,1,2,10,9,10,9.82,7,0,7,Yes
S05562,0,1,0,1,0,1,0,0,1,1,1,5,7,5,5.62,7,1,3,No
S05563,1,1,0,0,1,1,1,0,0,0,5,3,10,6,5.78,6,0,0,Yes
S05564,1,1,0,1,0,1,0,0,0,1,10,5,8,6,6.09,7,1,6,Yes
S05565,0,1,0,1,1,1,1,0,1,1,9,9,5,1,9.77,1,1,0,Yes
S05566,1,1,0,1,0,1,1,0,0,1,10,9,4,7,8.75,2,1,5,Yes
S05567,0,1,0,0,0,0,1,0,1,0,7,3,8,10,9.12,8,1,4,Yes
S05568,0,1,0,0,1,0,1,1,0,0,7,6,5,8,6.47,4,1,4,No
S05569,0,1,1,0,0,1,0,0,0,0,8,5,6,6,7.63,3,0,8,No
S05570,0,0,0,1,0,0,0,0,0,1,4,5,2,6,8.49,6,2,6,No
S05571,0,1,1,0,1,1,0,0,0,0,10,1,9,7,6.56,3,0,0,No
S05572,1,0,1,1,1,1,0,0,0,1,2,2,9,2,9.08,4,0,8,Yes
S05573,0,1,1,1,0,1,1,0,1,0,1,2,8,10,9.36,7,3,3,Yes
S05574,0,1,1,0,1,0,0,0,0,0,1,2,7,1,7.55,0,3,5,No
S05575,0,1,0,1,1,0,1,0,0,0,3,3,5,1,7.35,6,1,3,No
S05576,1,1,1,1,1,0,1,0,0,1,10,7,7,7,6.62,2,0,0,No
S05577,0,1,1,1,0,1,1,0,1,0,5,4,6,7,5.25,3,2,5,No
S05578,0,1,0,0,1,0,0,1,0,1,5,1,2,1,7.41,8,1,8,No
S05579,0,1,1,1,1,0,1,0,0,0,1,1,8,7,5.13,5,3,6,No
S05580,1,0,0,1,0,0,1,0,0,0,2,9,6,9,5.23,6,1,8,Yes
S05581,1,1,0,1,1,0,1,0,1,0,9,5,9,8,8.14,6,2,1,Yes
S05582,1,0,1,0,0,0,1,0,1,1,7,9,10,8,6.39,6,3,1,Yes
S05583,0,1,0,1,0,0,1,0,1,0,5,4,6,7,9.03,7,3,6,Yes
S05584,0,0,0,0,0,0,0,1,0,0,6,2,7,5,5.38,4,1,5,No
S05585,1,1,1,0,1,0,1,0,0,1,6,7,4,5,9.87,3,3,5,Yes
S05586,1,0,0,1,0,1,1,1,1,0,6,4,4,4,7.18,0,1,8,Yes
S05587,1,1,1,1,1,1,0,1,1,0,5,10,2,7,9.3,0,3,4,Yes
S05588,1,1,1,1,0,1,0,1,1,1,5,9,9,5,6.09,3,3,6,Yes
S05589,0,1,1,0,1,0,1,0,1,0,8,9,5,2,7.24,7,2,8,Yes
S05590,0,1,1,1,0,1,1,1,0,1,7,5,4,3,9.6,8,0,3,Yes
S05591,1,0,1,1,0,1,1,0,0,1,10,9,9,5,5.35,8,0,3,Yes
S05592,1,0,1,0,1,1,1,0,0,0,4,7,1,8,5.24,1,1,2,No
S05593,1,0,0,1,0,1,0,0,1,0,6,10,3,10,7.73,7,3,6,Yes
S05594,0,1,0,1,1,1,1,0,0,0,10,3,9,3,5.81,8,0,5,Yes
S05595,1,0,0,0,1,0,1,0,0,0,8,1,10,4,8.34,5,1,3,Yes
S05596,1,1,1,0,0,1,1,0,1,0,10,4,8,6,7.53,5,1,4,Yes
S05597,1,1,1,1,0,1,0,0,0,0,5,1,3,10,8.01,6,0,0,No
S05598,0,0,1,0,0,1,0,1,1,0,5,9,1,6,9.73,7,2,5,Yes
S05599,0,1,1,1,1,1,0,0,0,0,8,10,3,1,9.82,2,3,4,Yes
S05600,0,1,1,1,1,1,1,0,0,1,10,1,5,6,8.77,6,2,4,Yes
S05601,1,1,1,0,1,0,0,0,1,0,6,5,8,2,6.13,0,3,2,No
S05602,1,1,0,1,1,1,1,0,1,0,9,7,10,8,8.18,0,0,3,Yes
S05603,1,1,0,1,1,1,0,1,0,0,1,8,10,3,6.89,5,0,0,No
S05604,0,1,0,1,0,0,1,0,0,0,7,6,1,3,9.08,7,2,1,Yes
S05605,1,0,0,0,1,1,1,0,0,1,10,1,6,3,8.88,6,1,7,Yes
S05606,0,0,0,1,1,0,0,0,0,0,3,10,2,10,5.88,2,0,4,No
S05607,0,0,1,1,1,1,0,0,0,0,8,4,4,3,6.88,7,2,7,Yes
S05608,0,1,0,1,0,1,1,0,0,0,2,1,5,3,5.05,1,2,2,No
S05609,1,0,0,0,1,1,1,1,0,0,2,5,5,4,6.82,1,0,6,No
S05610,1,0,1,1,0,0,1,1,1,1,7,5,4,3,5.59,4,0,1,No
S05611,1,1,0,1,0,0,0,1,1,0,10,1,7,10,9.87,3,0,5,Yes
S05612,0,1,1,1,0,1,0,0,0,0,2,3,9,5,7.44,4,3,2,Yes
S05613,0,1,1,1,1,1,1,0,1,0,1,2,6,9,5.85,6,1,3,No
S05614,1,1,1,0,0,0,1,0,0,0,1,6,2,10,8.34,6,3,6,Yes
S05615,1,1,1,0,1,0,1,0,0,0,6,9,2,8,9.52,6,2,5,Yes
S05616,0,1,1,1,0,1,1,0,0,0,6,6,5,4,8.46,5,2,4,Yes
S05617,0,1,0,1,1,0,1,0,0,0,2,10,10,9,7.52,5,3,0,Yes
S05618,1,1,1,1,0,1,0,1,0,1,9,8,3,5,8.55,5,3,4,Yes
S05619,0,1,0,1,0,1,1,0,0,0,6,3,4,1,5.73,1,0,7,No
S05620,1,0,0,1,0,0,0,0,0,0,3,1,3,10,9.24,6,2,2,No
S05621,1,0,0,0,1,1,0,0,0,0,9,1,4,2,6.78,4,1,1,No
S05622,0,1,1,1,0,1,1,0,1,0,1,1,1,8,8.04,5,2,0,No
S05623,0,1,1,0,1,1,0,1,0,1,1,6,1,5,6.59,6,2,4,No
S05624,0,1,1,1,1,1,1,0,1,1,3,8,3,4,9.61,7,2,2,Yes
S05625,1,1,0,1,0,0,0,1,0,0,2,5,9,10,6.54,4,1,5,Yes
S05626,0,1,0,0,1,0,0,0,0,0,4,9,3,8,7.41,0,3,4,No
S05627,1,0,1,1,0,0,0,0,0,0,6,7,10,1,5.78,0,0,7,No
S05628,1,1,1,0,0,0,1,0,1,0,4,3,1,1,5.32,4,0,4,No
S05629,1,0,0,1,1,0,1,1,0,0,7,10,3,4,8.17,6,2,8,Yes
S05630,1,0,0,0,0,0,1,0,1,0,9,10,8,9,9.41,4,3,8,Yes
S05631,0,1,0,1,0,0,0,0,0,0,1,8,2,2,7.66,6,1,5,No
S05632,0,1,0,1,0,0,1,1,1,1,6,1,3,9,6.73,3,2,0,No
S05633,1,1,1,1,0,0,1,0,0,0,8,5,1,1,5.68,0,1,3,No
S05634,1,1,0,0,1,0,1,0,0,1,4,6,2,2,5.12,4,2,3,No
S05635,1,1,0,0,1,0,0,0,0,0,1,3,2,9,7.32,5,2,5,No
S05636,1,0,0,0,0,0,0,1,0,0,8,6,10,2,6.78,6,0,0,No
S05637,0,0,1,0,1,1,0,0,0,1,8,4,6,3,5.42,4,3,4,No
S05638,0,0,0,1,1,0,1,0,1,1,4,4,3,1,6.32,2,0,5,No
S05639,1,1,0,1,1,1,0,0,0,1,5,2,5,10,7.14,7,0,0,No
S05640,1,1,1,0,1,0,1,0,0,0,10,7,4,9,7.24,1,3,7,Yes
S05641,0,1,1,0,1,0,1,1,1,0,8,7,4,6,7.24,6,1,0,Yes
S05642,0,1,1,0,1,0,1,0,1,0,1,4,1,7,9.69,5,2,3,Yes
S05643,1,1,0,1,0,0,0,0,0,0,3,6,5,3,9.2,7,0,1,No
S05644,1,1,1,0,0,0,0,0,0,0,6,1,2,3,5.33,7,0,1,No
S05645,0,1,0,1,0,1,0,1,0,1,4,9,3,3,7.22,7,0,6,No
S05646,1,0,0,1,1,1,1,0,0,1,4,3,9,7,6.69,1,1,3,No
S05647,1,0,1,1,1,1,1,0,1,0,1,4,2,5,7.69,3,3,1,No
S05648,0,1,0,1,0,1,1,1,0,0,9,6,3,1,5.98,1,1,3,No
S05649,0,0,0,0,0,0,0,1,1,0,6,6,3,3,7.92,8,2,5,No
S05650,0,1,1,1,0,0,0,0,0,0,2,7,2,10,9.12,4,0,5,Yes
S05651,0,1,0,1,0,1,0,1,0,1,5,3,2,6,5.3,7,2,0,No
S05652,0,0,1,1,1,0,0,0,0,0,4,5,3,3,9.43,4,0,8,Yes
S05653,1,1,1,0,0,1,1,1,0,1,7,7,8,4,5.17,8,0,4,Yes
S05654,1,0,1,1,1,1,1,0,0,0,3,2,2,7,10.0,1,3,5,Yes
S05655,1,0,1,1,1,1,0,0,1,0,10,6,9,9,9.69,2,1,2,Yes
S05656,1,0,1,1,0,1,1,0,0,0,3,4,7,2,6.61,1,0,1,No
S05657,0,0,1,1,0,0,1,0,1,0,8,10,6,10,7.21,0,2,6,Yes
S05658,0,1,1,0,1,1,0,0,0,0,8,4,9,5,9.89,6,2,5,Yes
S05659,0,1,1,1,1,1,1,0,0,0,7,2,1,2,7.81,8,1,7,Yes
S05660,0,1,1,1,1,0,1,0,1,0,5,4,9,4,9.44,6,2,5,Yes
S05661,1,1,0,0,0,0,1,0,1,1,1,10,10,6,5.15,7,1,6,Yes
S05662,1,1,1,1,0,0,0,0,0,0,1,6,4,3,6.03,3,1,6,No
S05663,0,0,0,0,1,0,1,0,1,1,3,6,3,7,9.27,5,1,3,Yes
S05664,0,1,0,0,1,1,0,0,0,0,8,6,1,6,7.2,5,3,0,No
S05665,0,0,0,1,0,0,0,0,0,0,4,5,7,6,9.26,4,2,2,No
S05666,0,0,1,1,1,0,1,0,1,0,4,7,7,6,8.97,5,2,2,Yes
S05667,0,1,1,0,0,0,1,0,0,1,10,6,9,3,9.58,7,2,8,Yes
S05668,0,1,1,0,0,1,1,1,1,0,6,5,2,5,8.4,8,3,8,Yes
S05669,1,1,1,0,0,0,1,1,1,0,4,9,2,9,8.96,1,0,1,No
S05670,0,1,1,0,0,1,0,1,0,0,5,10,3,9,6.67,6,3,6,Yes
S05671,0,1,0,1,0,1,0,0,1,0,2,9,10,9,5.45,3,0,2,No
S05672,1,1,0,1,0,1,1,0,0,0,3,7,9,10,7.26,6,0,8,Yes
S05673,0,0,0,1,1,1,0,1,1,0,1,3,6,5,6.19,8,3,6,Yes
S05674,1,1,0,0,1,0,0,0,1,0,5,9,2,10,7.8,5,2,7,Yes
S05675,0,0,1,0,0,0,0,1,1,1,8,7,6,8,6.35,0,1,5,No
S05676,1,0,0,1,1,1,0,1,0,1,8,5,1,8,9.43,8,2,2,Yes
S05677,0,1,1,1,0,1,1,0,0,1,3,1,6,1,9.03,7,3,0,Yes
S05678,1,1,1,0,1,1,1,1,0,0,3,10,1,1,9.47,5,2,1,Yes
S05679,0,0,0,1,1,1,1,1,0,0,8,8,3,8,9.86,3,1,2,No
S05680,1,0,0,1,1,1,0,0,0,0,10,6,6,3,6.3,6,0,5,No
S05681,1,1,0,1,0,1,1,0,1,1,8,7,5,8,5.86,0,2,8,Yes
S05682,1,1,0,1,0,0,1,0,0,1,7,6,5,7,8.82,1,2,2,Yes
S05683,0,1,1,1,0,1,0,0,1,0,5,1,9,5,6.81,7,0,6,Yes
S05684,1,1,0,1,0,0,0,0,0,0,4,9,10,10,9.14,5,1,7,Yes
S05685,1,1,1,1,0,0,1,0,0,1,10,5,5,8,5.91,8,3,1,Yes
S05686,0,1,1,0,0,1,1,0,0,0,9,1,5,6,5.14,1,1,2,No
S05687,1,0,0,0,1,1,1,0,0,0,8,2,9,5,9.78,0,0,7,No
S05688,0,1,0,0,0,1,0,0,1,0,6,4,3,6,6.73,1,2,5,No
S05689,1,1,1,0,0,0,0,0,1,0,4,2,2,2,7.48,2,2,1,No
S05690,0,1,0,0,0,0,0,0,0,0,10,10,6,6,6.6,5,2,0,No
S05691,1,0,0,1,1,1,1,1,1,0,7,9,5,1,8.3,7,2,7,Yes
S05692,1,1,1,1,0,1,1,0,0,0,7,3,3,3,6.27,7,0,2,No
S05693,0,0,0,1,0,0,1,1,0,0,8,6,5,8,5.61,1,2,6,No
S05694,0,1,1,1,0,1,1,1,0,1,3,7,9,6,8.07,4,0,6,Yes
S05695,0,1,0,1,0,0,1,1,0,0,9,5,2,5,9.22,2,1,8,Yes
S05696,1,1,0,0,0,0,0,0,0,0,3,5,1,2,8.13,7,0,7,No
S05697,1,0,1,0,0,0,1,0,0,1,6,5,7,1,5.21,4,1,3,No
S05698,1,1,0,1,0,1,1,1,0,1,8,5,9,6,5.27,0,0,2,No
S05699,0,1,0,0,1,1,0,1,1,1,4,7,7,3,6.45,5,0,6,No
S05700,1,0,1,1,0,0,0,0,1,0,9,10,2,2,6.9,8,2,1,No
S05701,1,0,0,1,0,1,0,0,0,1,5,1,9,7,8.31,5,0,0,Yes
S05702,1,1,0,1,1,1,0,0,0,0,4,2,3,8,9.76,4,3,2,Yes
S05703,0,0,0,0,1,1,1,0,0,0,10,3,10,10,8.71,5,1,1,Yes
S05704,1,1,0,0,1,1,0,0,0,1,1,2,8,4,7.25,5,3,8,Yes
S05705,0,1,1,1,0,1,1,1,0,0,8,2,2,9,6.76,3,1,7,Yes
S05706,1,1,0,0,1,0,0,0,1,1,2,3,8,8,5.77,5,2,3,No
S05707,0,1,1,1,0,0,1,1,0,1,9,1,8,9,8.98,4,0,4,Yes
S05708,1,1,0,1,1,1,1,0,0,1,8,2,3,4,9.33,1,1,8,Yes
S05709,0,1,1,1,0,0,0,0,1,1,6,7,4,3,9.88,7,3,6,Yes
S05710,0,1,0,0,0,1,1,0,1,0,4,2,1,6,9.84,3,2,2,No
S05711,1,1,1,1,0,0,1,0,0,0,9,1,5,3,9.9,0,2,5,Yes
S05712,0,1,1,1,0,1,1,1,0,1,7,6,10,10,8.73,3,2,1,Yes
S05713,1,1,0,1,1,0,0,1,1,1,9,9,3,9,5.13,1,1,3,No
S05714,0,1,0,1,0,1,0,0,0,0,9,2,8,7,5.59,0,1,1,No
S05715,0,1,0,1,0,0,1,0,0,1,3,4,5,6,9.55,1,0,2,No
S05716,1,0,1,0,0,1,1,0,0,0,7,6,3,1,9.54,6,2,8,Yes
S05717,1,1,1,1,0,1,1,0,0,1,6,8,10,1,6.93,7,2,5,Yes
S05718,1,1,1,0,0,1,1,0,0,0,1,5,9,3,8.66,8,3,2,Yes
S05719,1,1,1,0,0,1,1,0,0,1,4,10,5,5,9.05,1,1,3,Yes
S05720,1,0,0,1,1,0,1,0,0,0,3,3,9,10,6.94,0,3,5,No
S05721,1,1,0,1,0,1,1,0,0,0,2,10,4,3,5.46,0,2,5,No
S05722,1,1,1,1,1,1,1,0,0,0,6,10,9,6,9.06,1,1,5,Yes
S05723,0,1,0,1,1,1,1,0,0,1,10,2,5,7,6.57,7,3,4,Yes
S05724,1,0,0,1,0,1,0,1,0,1,10,6,1,10,5.19,1,0,3,No
S05725,1,1,1,1,1,0,0,0,0,0,3,6,9,1,5.89,6,3,7,Yes
S05726,0,1,0,0,1,1,1,1,0,0,6,10,6,6,6.05,2,2,6,No
S05727,1,1,0,1,1,1,1,0,0,0,8,8,10,9,8.53,0,2,8,Yes
S05728,1,1,1,1,1,1,0,1,0,1,4,6,10,4,5.95,6,0,1,Yes
S05729,1,1,0,1,1,1,0,0,0,0,3,3,5,1,7.08,1,0,4,No
S05730,0,0,0,0,1,1,1,0,1,0,7,10,9,4,9.08,4,2,5,Yes
S05731,0,1,0,0,1,0,0,1,1,0,3,10,9,4,8.99,1,1,8,Yes
S05732,1,1,1,1,0,1,0,1,0,0,4,10,1,10,8.32,2,1,0,No
S05733,0,1,0,1,0,0,1,0,0,0,2,3,9,4,8.7,0,0,6,No
S05734,1,1,0,1,0,1,0,0,1,1,10,4,1,7,7.27,8,0,6,Yes
S05735,0,1,1,0,1,0,0,0,0,1,2,8,6,3,5.26,1,3,1,No
S05736,0,1,0,1,1,1,1,0,0,0,4,5,2,4,9.22,5,0,5,No
S05737,0,0,0,0,0,0,0,0,0,0,7,2,5,9,7.03,4,3,4,Yes
S05738,1,1,0,0,1,0,0,0,0,0,8,10,1,7,8.39,3,2,1,No
S05739,1,1,0,1,0,0,1,0,0,0,4,8,3,10,9.27,3,3,0,Yes
S05740,1,0,1,0,0,0,1,0,0,0,5,4,4,4,7.82,3,0,6,No
S05741,0,1,1,0,0,0,1,0,1,1,1,10,10,9,6.48,6,2,0,Yes
S05742,0,0,0,0,1,1,1,0,1,0,5,7,2,10,5.8,4,0,3,No
S05743,0,1,1,0,0,1,1,0,1,0,4,8,1,7,8.73,4,3,6,Yes
S05744,0,1,1,1,1,0,0,1,1,0,4,6,5,7,7.98,1,0,1,No
S05745,1,1,0,1,1,0,0,1,0,1,2,9,5,8,8.14,8,3,8,Yes
S05746,0,1,0,1,0,1,1,1,1,0,2,8,9,6,7.05,1,2,7,Yes
S05747,0,1,1,1,0,0,0,0,0,0,6,8,3,9,5.98,2,0,1,No
S05748,0,0,0,1,0,0,0,1,0,0,10,5,3,4,9.41,1,0,5,No
S05749,0,0,1,0,1,0,1,0,0,0,3,4,6,10,8.02,4,1,8,Yes
S05750,0,1,1,1,0,1,1,0,1,0,8,7,9,5,5.0,4,3,7,Yes
S05751,1,0,0,1,0,1,0,1,1,0,2,9,4,8,8.52,5,2,8,Yes
S05752,0,1,0,0,0,0,0,0,1,1,4,10,2,10,8.81,2,3,0,Yes
S05753,1,0,0,0,0,1,1,0,0,1,7,4,4,7,8.23,2,3,6,Yes
S05754,0,1,0,0,0,1,1,0,1,0,3,5,3,6,9.24,0,0,3,No
S05755,0,0,0,1,1,1,1,0,0,0,6,7,10,9,8.47,2,3,5,Yes
S05756,1,1,1,1,1,1,1,1,1,1,8,2,10,4,10.0,5,3,4,Yes
S05757,0,0,0,1,1,1,0,0,0,0,7,2,1,8,9.33,1,2,8,No
S05758,1,0,1,0,1,1,0,1,0,1,9,9,6,3,6.34,2,0,6,Yes
S05759,1,1,0,0,0,1,0,1,0,1,9,9,4,7,5.52,5,1,1,No
S05760,1,1,1,1,1,0,1,0,1,0,8,6,4,4,7.38,4,2,0,Yes
S05761,0,0,1,0,0,1,1,0,1,1,5,4,2,7,7.17,1,1,6,No
S05762,0,1,1,0,1,0,1,1,0,1,3,7,3,2,5.35,2,1,6,No
S05763,0,1,0,1,0,0,1,0,1,1,2,10,2,6,5.26,8,2,6,Yes
S05764,1,1,0,0,1,1,1,1,1,1,6,9,2,8,5.05,1,2,7,Yes
S05765,0,0,0,1,1,0,0,0,1,0,7,4,10,9,5.03,3,2,5,Yes
S05766,0,1,0,1,1,1,0,0,1,0,10,2,8,8,7.8,4,1,5,Yes
S05767,1,1,1,0,1,1,1,0,1,1,8,10,7,4,6.61,0,3,1,Yes
S05768,1,0,1,0,0,0,1,0,0,1,8,8,2,8,5.07,2,3,5,No
S05769,1,1,1,0,1,0,0,0,1,0,8,3,8,6,6.17,4,1,4,No
S05770,0,1,1,1,1,0,1,0,0,1,7,1,2,10,9.55,6,0,2,No
S05771,0,1,1,1,0,1,1,1,0,0,8,9,8,1,9.71,7,3,5,Yes
S05772,0,0,1,1,0,1,1,1,0,0,4,2,7,3,6.43,2,3,6,Yes
S05773,1,1,0,0,0,1,0,0,0,0,7,1,10,10,8.21,5,1,3,Yes
S05774,0,1,0,1,0,0,1,0,0,0,6,9,7,5,6.86,3,2,8,Yes
S05775,1,0,1,1,0,0,1,0,1,1,9,5,7,7,6.59,5,3,5,Yes
S05776,1,1,1,1,1,1,1,1,1,0,8,3,1,1,8.36,7,0,8,Yes
S05777,0,0,0,1,0,1,0,0,0,0,7,5,10,5,7.18,6,3,8,Yes
S05778,1,1,0,1,1,1,1,0,1,0,8,10,10,3,7.39,5,1,6,Yes
S05779,0,0,0,0,1,0,1,0,0,0,8,5,5,6,7.13,3,1,0,No
S05780,1,1,0,1,1,1,1,0,0,0,3,3,10,4,9.32,7,1,7,Yes
S05781,0,0,0,0,1,0,1,0,0,1,8,2,3,9,6.51,7,2,7,Yes
S05782,1,1,1,1,1,0,1,1,0,0,6,1,2,2,8.85,4,2,3,Yes
S05783,0,1,0,1,0,0,0,0,0,0,2,7,6,9,7.01,0,3,4,No
S05784,1,0,0,1,1,0,1,0,0,1,8,3,3,5,6.65,8,2,7,Yes
S05785,1,1,0,0,0,0,0,0,1,0,1,4,1,3,5.45,1,2,7,No
S05786,0,0,1,0,0,1,1,1,1,0,7,5,7,10,6.44,8,1,5,Yes
S05787,1,1,0,0,1,1,0,1,0,0,7,4,8,8,6.71,2,0,6,No
S05788,0,1,0,0,1,0,1,1,0,1,3,8,1,6,5.82,3,2,1,No
S05789,0,0,0,1,1,0,0,0,0,0,7,7,8,9,6.56,5,3,2,Yes
S05790,1,1,0,1,0,0,1,1,0,0,7,3,1,3,9.47,1,1,8,Yes
S05791,1,0,0,1,1,1,1,1,0,0,10,6,6,4,8.49,4,2,0,Yes
S05792,0,1,1,1,1,0,1,0,0,1,3,7,6,6,9.94,2,2,6,Yes
S05793,0,1,0,1,0,1,1,0,0,0,5,10,10,5,5.72,4,0,0,No
S05794,0,0,1,1,1,1,1,0,0,0,1,4,7,8,8.19,7,1,6,Yes
S05795,1,1,1,1,0,1,0,0,0,0,1,4,3,9,9.4,2,3,7,Yes
S05796,0,1,1,1,1,0,1,0,0,0,10,5,9,2,5.65,8,1,0,Yes
S05797,1,0,1,1,0,1,0,0,0,1,4,2,3,5,9.42,2,3,8,Yes
S05798,0,1,1,0,1,1,1,0,1,0,9,5,7,3,6.66,4,3,3,Yes
S05799,0,1,1,1,0,0,1,0,0,0,9,6,3,2,8.31,7,3,5,Yes
S05800,1,0,0,1,1,0,1,0,0,1,5,7,9,9,8.03,5,2,4,Yes
S05801,1,0,1,0,1,0,1,0,0,0,4,4,10,10,7.56,5,1,7,Yes
S05802,1,1,0,0,1,1,0,0,0,0,2,1,4,1,6.35,7,3,0,No
S05803,1,1,0,0,0,1,1,0,0,1,8,8,3,7,6.52,4,3,7,Yes
S05804,0,0,0,1,1,0,1,0,1,0,7,6,6,7,6.07,5,3,2,Yes
S05805,1,1,1,0,1,0,0,1,1,1,7,10,7,9,7.27,7,2,4,Yes
S05806,1,1,1,1,0,1,1,0,0,1,4,10,3,8,8.23,3,3,3,Yes
S05807,1,0,1,1,0,1,1,0,0,1,2,2,9,4,5.65,1,3,0,Yes
S05808,0,1,0,0,0,0,1,0,1,0,7,3,2,8,5.53,2,3,5,No
S05809,0,1,0,1,0,0,1,1,0,0,3,7,4,3,9.42,2,2,2,No
S05810,1,0,0,1,1,1,1,0,1,0,6,3,6,8,8.61,3,1,2,No
S05811,1,0,1,0,1,0,1,0,1,1,8,5,2,8,5.7,4,0,6,No
S05812,0,0,0,0,0,1,1,0,0,0,1,5,10,1,8.66,6,3,3,Yes
S05813,0,1,0,0,0,1,0,0,0,1,7,3,6,3,8.47,8,1,3,No
S05814,1,1,1,0,0,1,1,0,0,0,1,3,5,7,5.36,2,2,8,No
S05815,1,0,1,0,0,1,1,0,1,0,3,1,2,6,5.72,0,1,2,No
S05816,1,1,1,1,0,1,0,1,1,0,8,8,5,10,8.81,6,1,6,Yes
S05817,1,0,0,1,0,0,0,0,1,1,5,6,9,6,6.1,1,2,8,Yes
S05818,0,1,1,1,1,1,1,1,0,0,3,1,10,8,9.61,5,3,0,Yes
S05819,0,0,1,1,1,0,1,1,0,0,10,9,5,2,9.21,4,0,3,Yes
S05820,1,1,1,0,1,1,1,0,0,0,3,6,5,4,9.19,2,0,1,No
S05821,0,1,1,1,1,1,1,0,0,0,3,3,9,7,5.9,5,1,0,No
S05822,1,1,1,0,0,0,1,1,1,0,6,2,10,3,9.83,1,2,3,Yes
S05823,0,0,0,0,1,0,1,0,0,0,4,4,8,8,7.76,0,1,7,No
S05824,0,1,0,1,0,1,0,0,0,0,3,6,9,4,6.34,6,3,2,No
S05825,1,1,1,1,1,0,0,1,0,0,4,7,4,2,8.94,1,2,3,Yes
S05826,1,1,1,1,1,0,0,0,1,0,3,3,9,2,8.51,4,3,3,Yes
S05827,0,1,0,1,0,1,1,0,1,0,1,1,8,1,7.03,5,2,2,No
S05828,1,0,1,1,0,0,0,1,1,1,7,9,2,8,8.74,2,0,1,No
S05829,1,1,0,0,1,1,1,0,0,0,9,4,1,5,9.58,5,3,7,Yes
S05830,1,1,0,1,1,0,0,1,0,1,8,7,2,8,9.7,6,1,6,Yes
S05831,0,1,0,1,0,1,1,0,0,0,4,4,2,10,8.48,4,2,4,Yes
S05832,1,0,0,1,0,1,1,0,1,0,4,5,7,9,6.74,0,2,1,No
S05833,0,0,1,1,1,1,1,1,0,0,9,8,4,10,9.45,7,0,3,Yes
S05834,1,1,1,0,1,1,1,0,0,0,7,8,6,1,5.93,6,0,2,No
S05835,0,1,1,0,1,1,0,0,1,0,7,3,3,10,10.0,1,0,8,Yes
S05836,0,1,1,1,1,0,1,0,0,0,4,5,6,7,9.3,0,0,6,No
S05837,0,0,0,0,1,0,1,0,1,0,7,1,8,1,9.32,1,0,4,No
S05838,1,1,0,1,1,0,0,0,1,1,7,7,4,3,9.18,6,1,3,Yes
S05839,0,0,1,1,0,0,0,0,0,0,6,7,1,10,8.83,8,2,3,Yes
S05840,0,1,1,1,1,1,0,0,0,0,1,8,8,3,6.48,0,0,4,No
S05841,1,0,0,1,0,1,1,0,0,0,8,3,8,1,5.79,5,2,0,No
S05842,1,1,1,1,1,0,1,0,0,0,9,1,1,8,5.01,4,1,6,No
S05843,1,0,1,0,0,1,0,1,0,0,1,8,10,1,5.29,0,2,8,No
S05844,1,1,0,1,1,0,1,0,1,1,9,5,9,6,8.94,5,0,3,Yes
S05845,0,1,0,0,0,1,1,0,0,0,5,10,7,7,7.55,7,3,4,Yes
S05846,1,0,0,1,1,1,0,0,0,0,8,7,9,4,5.86,4,2,1,No
S05847,1,1,0,0,0,0,0,0,0,0,6,1,6,1,9.63,5,2,8,Yes
S05848,0,1,1,0,0,1,0,0,0,0,9,4,10,6,7.94,6,3,1,Yes
S05849,1,0,1,1,1,1,1,1,1,0,6,6,6,4,6.55,5,1,2,Yes
S05850,1,1,1,1,1,1,1,0,1,0,9,7,2,8,8.7,5,3,5,Yes
S05851,1,1,1,0,1,1,1,1,1,1,3,2,3,1,8.9,3,2,0,No
S05852,0,1,1,1,1,0,0,0,1,0,5,5,7,1,8.04,1,3,4,No
S05853,0,1,0,1,1,1,0,0,1,0,9,8,10,5,8.34,6,1,5,Yes
S05854,0,0,1,0,1,0,0,1,0,0,8,3,5,4,7.22,5,1,3,No
S05855,1,1,1,0,1,1,1,1,0,0,8,1,2,5,7.77,4,0,3,No
S05856,0,1,1,0,0,1,1,1,0,0,4,2,4,4,6.04,3,2,3,No
S05857,1,1,0,0,0,1,1,0,0,0,2,3,4,9,9.48,2,3,6,Yes
S05858,1,1,0,1,1,0,0,1,1,0,9,2,3,2,8.65,7,2,8,Yes
S05859,1,0,0,1,1,0,1,0,0,1,9,5,9,7,9.17,4,3,8,Yes
S05860,0,0,1,0,1,1,0,0,1,0,3,10,8,7,8.69,0,2,2,Yes
S05861,1,1,0,1,1,0,1,1,1,0,6,3,9,4,6.41,4,0,6,Yes
S05862,1,1,0,1,0,0,1,0,1,0,8,8,5,6,9.89,5,3,4,Yes
S05863,1,0,1,0,1,1,1,0,0,1,10,1,9,3,5.26,4,2,5,No
S05864,1,1,0,1,0,0,0,1,1,0,2,3,5,3,7.51,4,1,3,No
S05865,0,1,0,0,0,1,1,1,1,0,5,4,1,3,8.38,4,2,8,No
S05866,1,1,1,1,0,0,0,1,0,0,7,9,9,7,5.86,3,0,4,No
S05867,0,1,0,1,0,1,1,0,0,0,4,5,3,10,8.49,3,0,2,No
S05868,1,0,0,0,1,1,1,0,0,0,10,10,5,4,7.74,4,1,6,Yes
S05869,0,1,0,0,0,0,1,1,1,1,4,6,2,8,9.25,2,3,5,Yes
S05870,0,0,0,1,1,1,1,1,0,0,9,4,6,9,9.17,2,0,0,No
S05871,1,1,0,0,0,1,1,1,0,0,2,9,5,9,7.57,2,3,4,Yes
S05872,1,1,1,1,1,1,0,0,1,1,8,8,2,5,9.19,6,0,7,Yes
S05873,0,0,0,1,1,1,1,0,0,0,9,8,9,3,9.63,5,0,0,Yes
S05874,0,0,0,1,0,0,0,0,0,1,2,1,6,9,6.2,7,2,0,No
S05875,1,0,0,1,0,0,0,0,0,1,1,9,3,6,8.82,8,0,4,Yes
S05876,1,1,0,1,0,0,1,0,0,0,8,10,5,10,9.04,2,2,2,Yes
S05877,0,0,1,0,1,0,1,1,0,0,7,6,9,9,6.7,0,0,0,No
S05878,0,1,0,0,0,1,1,0,0,1,10,7,5,10,5.61,1,0,8,No
S05879,1,1,0,0,0,1,0,0,1,1,4,10,3,4,8.16,8,0,1,Yes
S05880,1,1,0,0,0,0,1,0,0,0,7,9,4,9,6.85,2,1,7,Yes
S05881,1,1,0,0,0,1,1,0,0,0,8,6,6,1,5.35,5,3,8,Yes
S05882,0,0,0,1,1,1,1,0,1,1,3,5,8,5,8.05,1,2,0,No
S05883,1,0,1,1,0,0,1,0,0,0,6,8,4,3,5.62,1,1,1,No
S05884,0,1,0,1,1,0,0,1,1,0,1,4,10,5,7.73,0,3,5,Yes
S05885,1,1,0,1,0,1,1,0,1,0,9,8,2,9,9.04,5,1,1,Yes
S05886,1,0,0,1,0,1,0,1,1,0,6,4,9,10,8.19,2,3,5,Yes
S05887,0,1,0,0,0,0,0,1,1,1,6,1,1,9,9.75,0,3,0,No
S05888,0,1,0,0,0,0,0,1,0,0,8,7,2,10,8.44,7,2,5,Yes
S05889,0,1,0,1,1,1,0,1,0,0,3,1,1,3,6.42,3,1,6,No
S05890,1,1,1,0,0,1,1,0,0,0,6,2,1,10,6.38,1,0,5,No
S05891,0,0,1,1,0,0,1,1,0,1,9,3,6,10,8.24,5,0,2,Yes
S05892,0,1,0,1,0,0,0,0,0,0,4,1,1,6,8.54,1,0,1,No
S05893,1,1,0,1,0,0,0,1,0,1,10,6,3,6,6.68,0,2,1,No
S05894,1,0,0,1,1,0,1,0,0,0,4,3,1,3,7.79,2,2,8,No
S05895,1,1,1,1,0,0,0,0,0,1,8,3,10,3,8.34,8,2,8,Yes
S05896,1,0,1,0,1,0,1,1,1,0,3,9,10,5,5.09,1,2,6,No
S05897,0,1,0,0,1,0,1,0,0,0,7,8,5,4,8.11,4,0,5,No
S05898,1,0,0,1,1,1,0,0,0,1,2,2,9,8,6.15,6,1,7,Yes
S05899,0,1,1,1,1,1,1,0,1,0,10,9,3,7,5.34,0,3,8,Yes
S05900,1,1,0,0,0,0,0,1,0,1,3,10,10,7,9.45,0,0,8,Yes
S05901,0,1,0,0,0,1,0,1,0,1,1,2,6,5,9.93,2,3,5,Yes
S05902,1,1,1,1,1,0,0,1,0,1,9,2,3,3,6.48,2,0,5,No
S05903,1,0,0,1,0,1,1,0,1,0,3,3,9,6,5.68,8,2,5,Yes
S05904,1,1,0,0,1,1,0,0,0,0,5,3,6,5,9.2,5,3,6,Yes
S05905,1,1,1,0,1,1,1,0,1,1,8,8,1,7,5.21,3,3,2,Yes
S05906,0,1,1,0,1,1,1,0,0,0,8,2,6,9,6.47,8,2,7,Yes
S05907,1,0,1,1,0,1,1,1,0,1,3,1,2,3,9.97,6,1,2,No
S05908,0,0,0,0,1,1,0,1,0,1,2,5,6,1,7.3,2,1,6,No
S05909,1,1,1,1,0,1,1,1,1,1,3,1,10,7,5.33,3,2,4,Yes
S05910,1,1,1,0,0,0,1,0,0,1,3,3,2,6,7.23,7,3,4,Yes
S05911,1,1,0,1,1,0,0,0,0,1,7,6,5,7,9.21,2,0,8,Yes
S05912,0,1,0,0,0,0,1,0,0,0,9,6,4,9,9.16,6,1,2,Yes
S05913,0,1,1,1,1,1,1,0,0,1,4,5,6,6,9.07,2,0,7,Yes
S05914,1,1,0,0,0,0,1,0,0,0,10,1,9,8,7.78,6,1,1,Yes
S05915,1,0,0,0,0,0,0,1,0,0,5,1,1,2,7.36,3,3,7,No
S05916,1,0,0,0,1,1,1,0,0,0,5,3,10,7,9.74,7,2,5,Yes
S05917,0,1,0,0,1,0,1,1,1,0,10,10,3,5,9.85,0,0,5,Yes
S05918,0,1,1,1,1,0,0,1,1,1,10,8,2,10,7.83,6,2,3,Yes
S05919,1,0,0,0,1,0,1,0,1,0,5,9,9,2,7.4,3,0,7,Yes
S05920,0,1,0,1,0,0,0,0,1,0,1,7,2,4,6.32,1,0,8,No
S05921,1,1,1,0,1,1,0,0,0,0,1,3,8,6,5.08,4,0,3,No
S05922,0,0,1,0,0,1,1,0,1,0,6,3,5,4,7.03,2,3,0,No
S05923,1,1,1,1,0,0,0,0,0,1,8,5,8,8,6.08,6,2,6,Yes
S05924,0,1,0,0,1,1,1,0,1,0,2,4,7,5,7.66,8,3,7,Yes
S05925,1,1,0,1,0,0,0,0,1,1,1,4,3,6,5.92,0,2,0,No
S05926,0,1,1,1,0,1,1,1,0,0,8,5,9,8,5.07,3,0,7,Yes
S05927,0,1,0,1,0,1,1,0,0,0,4,6,4,3,5.31,8,2,6,No
S05928,0,1,0,1,0,1,1,0,0,1,1,2,6,5,5.2,2,1,8,No
S05929,0,1,1,1,1,1,1,0,0,0,4,7,3,8,9.84,5,2,1,Yes
S05930,0,0,0,1,1,0,1,0,1,0,5,1,6,9,5.28,3,0,4,No
S05931,1,1,0,1,0,1,1,1,0,1,3,4,4,2,9.35,0,1,5,No
S05932,1,1,1,0,1,1,0,0,0,1,5,1,2,1,6.56,5,1,6,No
S05933,1,1,0,1,1,0,1,0,1,1,8,5,7,1,6.11,0,0,8,No
S05934,0,1,0,1,0,0,1,0,0,0,4,9,5,1,5.74,6,3,4,No
S05935,1,0,0,1,1,0,1,1,0,1,10,1,8,4,7.17,6,3,7,Yes
S05936,0,1,0,0,1,1,1,0,1,0,1,5,5,10,7.65,8,2,1,Yes
S05937,0,1,1,0,1,1,1,0,0,0,4,9,7,8,5.98,5,3,3,Yes
S05938,1,1,1,1,1,1,1,0,1,1,6,1,7,4,8.6,5,3,0,Yes
S05939,1,1,0,0,0,1,1,0,1,0,4,10,1,6,7.11,3,0,1,No
S05940,1,1,0,1,1,1,1,0,1,0,9,9,7,3,10.0,3,0,5,Yes
S05941,1,1,0,1,0,0,0,0,0,0,1,10,3,5,9.29,4,2,7,No
S05942,1,1,1,1,1,1,0,0,0,1,7,8,4,6,5.75,2,2,6,Yes
S05943,1,0,1,0,1,1,0,0,0,0,1,4,9,7,6.08,2,1,0,No
S05944,0,0,0,1,0,1,1,0,0,1,6,7,3,1,8.12,7,2,4,Yes
S05945,0,0,1,0,0,1,0,0,1,0,9,1,8,3,8.55,4,0,5,No
S05946,1,0,0,0,1,0,1,1,0,0,9,3,2,6,8.59,8,2,3,Yes
S05947,1,0,0,1,1,0,1,0,0,0,5,10,2,2,9.26,4,3,8,Yes
S05948,1,0,0,1,1,0,0,0,0,0,10,4,2,6,6.64,0,3,4,No
S05949,0,1,1,1,1,0,1,1,1,0,10,1,8,2,6.09,6,1,6,Yes
S05950,0,1,0,0,1,0,1,1,0,0,10,9,4,6,6.56,6,1,6,Yes
S05951,1,0,1,0,1,1,0,1,0,0,5,9,2,4,5.69,5,3,8,Yes
S05952,1,1,0,0,1,1,0,1,0,1,9,3,1,8,7.43,3,1,7,No
S05953,0,1,1,0,0,1,0,1,0,0,9,3,4,1,7.12,5,3,8,Yes
S05954,0,1,0,1,1,1,1,1,1,0,10,3,6,4,7.93,4,1,6,Yes
S05955,1,1,0,0,1,0,1,0,0,0,4,5,2,7,8.54,7,0,2,No
S05956,0,1,0,1,0,1,1,0,0,0,1,5,3,9,9.55,3,1,5,Yes
S05957,1,1,1,1,1,1,1,0,0,1,3,3,10,10,6.63,8,0,1,Yes
S05958,1,1,1,1,0,0,0,0,1,1,4,10,3,1,6.26,1,3,6,Yes
S05959,0,0,0,1,1,0,1,1,0,1,8,8,8,10,8.86,0,2,8,Yes
S05960,0,0,0,1,1,1,0,1,0,1,1,7,6,2,6.5,1,0,6,No
S05961,1,0,1,1,1,1,1,0,0,0,3,3,3,8,7.87,3,2,8,Yes
S05962,0,0,0,1,0,1,0,0,0,0,7,7,10,4,9.2,0,0,0,No
S05963,1,1,1,1,1,0,0,0,0,0,7,4,5,10,7.44,8,3,2,Yes
S05964,0,1,1,1,0,1,0,0,1,0,7,3,2,5,8.53,0,1,4,No
S05965,1,1,1,1,1,1,0,0,0,0,10,8,7,3,8.66,7,1,5,Yes
S05966,0,0,1,0,1,0,1,0,1,0,5,8,1,5,9.09,5,3,0,Yes
S05967,0,1,1,0,0,1,0,1,0,1,10,2,7,10,6.64,4,1,5,Yes
S05968,1,0,0,1,0,0,1,1,0,0,7,9,9,10,6.19,7,0,8,Yes
S05969,0,1,0,1,1,0,0,1,0,0,1,3,8,4,7.51,8,2,4,Yes
S05970,0,0,0,0,0,1,1,0,0,1,8,2,6,6,9.54,2,1,8,Yes
S05971,0,1,1,1,0,0,1,0,0,0,5,4,10,2,5.01,3,1,1,No
S05972,1,0,1,1,1,1,0,1,0,0,9,9,8,7,5.11,6,2,5,Yes
S05973,0,1,0,0,1,1,1,0,0,0,9,9,3,1,8.54,2,0,6,No
S05974,0,1,0,1,1,0,1,0,1,0,1,2,1,8,6.95,0,3,3,No
S05975,1,1,0,0,1,1,1,1,0,0,10,2,2,6,8.61,0,1,5,Yes
S05976,0,0,1,1,0,1,1,1,0,0,4,2,7,10,9.17,3,0,2,Yes
S05977,1,1,0,0,1,0,1,1,1,1,8,2,4,10,6.57,2,1,1,Yes
S05978,1,0,1,1,1,0,0,1,1,0,8,5,7,8,8.34,7,3,1,Yes
S05979,1,0,0,0,0,1,1,1,1,0,1,5,7,4,7.78,6,3,4,Yes
S05980,0,0,1,0,0,0,1,1,1,0,9,2,7,4,8.61,0,3,5,Yes
S05981,0,1,0,1,0,1,1,0,0,0,6,7,1,9,5.19,6,1,4,No
S05982,1,1,0,0,1,1,1,1,0,1,10,5,8,4,8.61,5,3,4,Yes
S05983,0,1,1,0,1,1,1,0,0,0,10,7,2,5,7.41,1,3,7,Yes
S05984,1,0,1,1,0,1,0,0,0,0,9,6,10,7,9.01,5,1,8,Yes
S05985,1,0,1,0,0,1,0,0,0,0,5,1,1,1,5.11,7,0,6,No
S05986,1,0,1,1,0,1,0,0,0,1,7,2,4,7,9.34,4,2,2,Yes
S05987,0,1,0,1,1,0,1,1,0,0,6,10,8,4,6.41,6,2,1,Yes
S05988,0,1,1,1,1,0,1,0,1,1,3,9,9,9,6.43,6,2,3,Yes
S05989,0,0,1,0,0,1,0,1,0,0,10,2,9,5,6.58,4,0,3,No
S05990,0,1,0,0,0,0,1,1,0,1,5,4,3,4,9.53,4,2,6,Yes
S05991,1,0,0,0,0,1,0,0,1,0,3,3,8,6,9.5,5,1,7,Yes
S05992,1,1,1,1,0,1,0,1,1,1,3,8,9,2,5.61,5,1,7,Yes
S05993,1,1,1,0,1,0,1,0,0,0,1,1,9,9,8.33,8,0,5,Yes
S05994,1,0,1,1,1,1,1,0,0,0,8,5,1,8,6.29,3,1,3,No
S05995,1,1,0,1,1,0,1,1,0,0,3,6,1,8,6.35,8,1,2,No
S05996,0,1,1,1,1,0,1,0,0,0,3,8,3,10,8.17,2,3,6,Yes
S05997,1,0,0,0,0,1,1,0,0,0,7,5,1,5,5.07,8,1,2,No
S05998,0,0,0,0,1,0,1,0,0,1,8,6,6,9,7.75,6,2,8,Yes
S05999,1,0,1,1,1,1,0,1,0,0,4,2,4,6,9.28,3,1,0,No
S06000,1,0,1,0,1,0,1,1,0,0,9,4,3,3,6.05,3,2,6,No
S06001,0,1,0,1,1,1,0,1,1,0,10,6,6,6,7.08,2,2,0,Yes
S06002,1,1,0,1,1,0,0,0,0,1,7,2,8,2,6.04,3,2,6,Yes
S06003,0,1,0,1,1,1,0,0,1,0,2,5,8,3,9.7,4,1,3,Yes
S06004,0,1,0,1,1,1,1,0,0,0,1,1,4,8,7.38,6,2,2,No
S06005,1,1,0,1,0,1,0,0,0,0,2,10,5,4,9.86,2,0,6,Yes
S06006,0,0,0,0,1,0,1,0,1,0,7,1,3,10,9.46,6,3,1,Yes
S06007,1,1,0,1,0,0,1,0,0,0,3,6,10,6,6.0,4,1,7,No
S06008,1,0,1,1,1,0,1,0,1,1,1,10,7,3,5.13,0,3,6,Yes
S06009,0,1,0,0,1,0,1,0,0,0,9,4,6,7,5.2,7,1,1,No
S06010,1,1,0,1,1,1,1,0,1,0,3,5,10,10,5.05,3,0,4,Yes
S06011,0,1,1,1,1,1,1,0,1,1,8,8,7,10,7.58,1,1,2,Yes
S06012,0,0,1,1,0,1,0,1,0,1,3,9,4,4,9.91,1,0,4,No
S06013,0,1,0,1,0,1,1,0,1,1,9,2,2,1,9.53,3,2,2,Yes
S06014,1,1,0,1,1,1,1,1,0,0,3,2,1,2,6.23,6,1,2,No
S06015,1,0,1,1,0,0,0,0,1,0,9,2,4,8,7.21,4,2,1,No
S06016,0,1,0,1,1,1,0,1,0,0,1,6,2,5,7.25,1,1,0,No
S06017,1,1,1,1,0,0,1,0,0,1,4,7,9,4,6.33,3,1,3,No
S06018,1,0,0,0,1,1,1,1,0,0,2,3,7,10,5.8,0,2,3,No
S06019,1,1,1,1,1,1,0,0,1,0,9,5,5,10,6.6,0,3,6,Yes
S06020,1,1,1,1,1,1,1,0,1,1,5,4,10,9,5.27,8,3,8,Yes
S06021,1,1,0,0,1,0,1,1,0,0,9,10,9,9,8.79,8,1,1,Yes
S06022,0,1,0,0,1,1,1,1,1,0,9,5,8,6,6.2,7,0,3,Yes
S06023,0,1,1,1,0,0,1,1,0,0,2,3,9,6,6.07,3,0,1,No
S06024,1,1,0,0,1,1,0,1,0,1,8,7,8,6,8.2,5,2,2,Yes
S06025,1,1,0,0,1,1,0,1,0,0,8,6,8,4,6.03,3,2,6,No
S06026,1,1,0,1,0,0,1,0,0,1,8,6,6,8,5.96,6,1,7,Yes
S06027,0,1,0,0,1,1,0,0,0,0,6,3,6,1,5.57,0,1,3,No
S06028,1,1,1,1,1,0,1,0,0,0,1,3,7,10,6.93,6,3,2,Yes
S06029,0,1,0,1,0,1,0,1,0,0,5,3,9,9,7.61,8,3,5,Yes
S06030,1,0,1,0,1,0,0,0,0,0,6,6,4,8,7.09,7,1,2,No
S06031,0,1,1,0,0,1,1,0,1,0,7,2,2,9,8.99,1,1,0,No
S06032,1,0,1,1,1,0,0,0,0,0,2,8,4,2,6.47,8,1,2,No
S06033,0,1,1,1,0,1,0,0,0,1,9,1,4,10,7.49,8,3,4,Yes
S06034,1,1,1,1,1,1,1,0,1,1,6,6,5,7,9.22,0,3,5,Yes
S06035,0,1,1,1,1,1,1,0,0,0,8,5,1,1,6.39,0,3,8,No
S06036,1,0,0,1,0,1,0,0,0,0,2,2,3,8,5.81,2,0,0,No
S06037,0,1,0,0,0,1,1,0,0,0,5,8,10,5,5.55,3,0,7,No
S06038,0,1,0,1,1,0,0,0,1,0,9,8,3,1,5.29,2,0,0,No
S06039,1,1,0,1,1,0,1,0,0,0,5,9,6,9,6.4,5,3,7,Yes
S06040,0,1,0,1,0,1,1,0,0,0,5,7,6,5,7.71,8,3,7,Yes
S06041,0,1,1,1,0,1,1,0,1,0,5,5,3,3,5.66,7,1,3,No
S06042,1,1,0,1,1,0,1,0,0,0,6,9,2,1,9.74,6,2,7,Yes
S06043,1,1,0,1,1,0,0,0,1,1,1,2,3,2,7.13,2,3,7,No
S06044,1,0,0,0,0,1,1,0,0,0,6,2,5,2,8.99,3,2,2,No
S06045,0,1,1,1,1,0,0,1,1,0,9,9,8,4,8.42,0,3,4,Yes
S06046,0,1,0,1,1,0,1,0,1,0,10,9,8,10,9.5,0,2,3,Yes
S06047,1,1,1,1,0,0,0,0,0,0,8,8,4,5,7.32,4,0,8,Yes
S06048,1,1,0,1,1,0,1,0,0,0,6,4,6,4,6.22,4,3,6,Yes
S06049,0,1,1,1,0,0,1,0,1,0,9,1,5,6,5.47,3,2,2,No
S06050,0,1,0,0,0,0,0,1,1,0,8,1,9,9,8.86,3,3,4,Yes
S06051,1,1,0,0,0,1,1,0,0,1,4,1,3,7,8.07,2,3,5,Yes
S06052,0,1,1,1,0,1,1,1,1,0,6,3,9,8,9.67,4,1,8,Yes
S06053,1,1,0,0,1,1,0,0,0,0,6,5,1,5,6.41,1,2,1,No
S06054,1,1,0,0,1,1,0,0,0,1,5,10,5,8,5.0,1,2,3,No
S06055,0,1,1,1,0,1,1,1,0,0,2,6,4,1,8.53,2,1,1,No
S06056,1,1,1,1,0,0,1,1,1,0,9,9,4,8,6.37,6,3,8,Yes
S06057,1,1,1,1,1,1,1,0,0,1,8,5,10,9,5.45,6,2,8,Yes
S06058,1,1,1,1,1,1,1,0,0,1,4,9,2,4,7.28,8,2,3,Yes
S06059,0,0,1,1,0,1,1,0,0,1,2,4,3,9,9.06,4,1,1,No
S06060,0,1,0,0,1,1,1,0,1,0,4,5,10,8,6.72,1,1,6,Yes
S06061,1,1,1,1,1,1,1,1,0,1,7,2,10,8,7.83,1,0,7,Yes
S06062,1,0,1,1,0,0,0,0,1,0,5,4,7,8,5.27,4,1,0,No
S06063,1,1,0,1,1,1,1,1,0,0,7,4,3,10,9.81,6,3,4,Yes
S06064,0,0,1,1,0,0,1,1,0,0,8,3,5,1,6.03,1,2,2,No
S06065,1,0,0,0,0,1,1,0,0,0,9,7,7,2,7.72,8,1,4,No
S06066,0,0,0,0,1,0,1,0,0,0,7,5,4,7,5.96,5,3,1,No
S06067,1,0,0,0,0,1,1,0,1,1,7,8,4,2,7.97,6,1,0,No
S06068,1,1,0,0,1,1,1,1,0,0,6,7,1,6,5.15,5,1,5,No
S06069,1,1,1,1,0,1,1,1,0,0,4,5,7,10,6.93,4,1,7,Yes
S06070,1,0,0,0,1,0,1,1,1,0,2,6,7,5,7.85,4,2,4,Yes
S06071,0,1,0,1,0,0,1,0,0,0,8,7,8,5,8.72,8,2,5,Yes
S06072,1,0,0,1,0,1,0,0,0,0,6,2,4,1,9.64,2,0,4,No
S06073,1,1,0,1,0,1,0,1,0,1,10,4,5,2,6.82,0,2,7,No
S06074,1,1,0,1,1,0,1,0,1,0,5,9,6,8,8.58,6,3,5,Yes
S06075,1,0,1,1,1,1,1,0,0,1,3,5,6,4,7.61,3,1,6,Yes
S06076,1,1,0,0,0,1,1,0,0,0,10,5,3,4,7.47,4,2,5,Yes
S06077,1,0,0,0,0,1,1,0,0,1,1,4,6,3,6.16,7,0,2,No
S06078,1,1,1,1,0,1,0,0,1,0,4,1,2,4,8.51,0,0,6,No
S06079,0,0,1,1,1,1,1,1,0,1,5,5,9,1,7.97,4,3,3,Yes
S06080,1,0,0,1,1,0,0,0,0,0,8,1,3,9,8.88,4,1,3,No
S06081,1,1,1,1,1,1,0,0,0,0,4,1,7,6,9.54,7,2,7,Yes
S06082,0,1,1,0,0,0,1,0,0,0,2,3,6,5,7.94,1,3,6,No
S06083,1,1,0,1,1,1,1,0,0,0,7,1,8,6,6.59,6,3,8,Yes
S06084,1,0,1,0,0,1,1,0,0,0,2,8,3,8,9.48,4,1,6,Yes
S06085,1,0,0,1,1,0,0,0,0,0,5,8,7,6,8.48,0,3,6,Yes
S06086,1,1,0,1,1,1,0,0,0,0,2,7,10,6,7.41,6,2,4,Yes
S06087,0,1,0,0,0,1,1,0,0,0,2,10,7,2,8.12,8,0,4,No
S06088,1,0,1,1,0,1,0,1,0,0,5,4,4,1,6.45,7,3,0,No
S06089,0,0,1,1,0,0,1,0,1,0,1,8,6,3,6.7,5,1,3,No
S06090,1,1,0,0,0,0,1,0,1,1,6,2,7,3,8.37,6,0,4,No
S06091,1,1,0,1,0,1,1,0,0,1,5,3,2,3,9.1,5,3,4,Yes
S06092,0,0,0,1,1,1,0,0,0,0,4,5,4,6,9.06,0,2,0,No
S06093,1,1,0,0,1,0,1,0,0,0,4,9,7,5,5.18,8,3,3,Yes
S06094,0,0,1,1,0,1,1,0,0,1,3,2,5,10,6.13,3,3,7,Yes
S06095,1,1,1,0,0,1,1,0,0,0,6,4,8,10,6.24,8,1,3,Yes
S06096,0,0,0,1,1,1,0,0,0,1,4,2,5,10,6.56,1,3,3,No
S06097,1,1,0,0,0,0,1,1,0,0,8,7,9,9,7.7,4,3,6,Yes
S06098,0,0,1,1,1,1,1,0,1,0,2,7,4,7,6.69,2,2,8,Yes
S06099,1,1,1,1,1,1,0,0,0,1,10,4,2,3,7.84,2,1,6,No
S06100,0,1,0,0,1,1,1,0,0,0,10,6,10,8,5.45,5,3,1,Yes
S06101,1,1,0,1,0,0,0,0,0,0,4,8,6,6,6.24,8,0,7,Yes
S06102,0,0,0,0,0,1,1,1,0,0,6,1,3,1,9.75,7,2,5,No
S06103,1,1,1,1,1,0,0,0,1,0,1,5,9,9,8.65,1,2,4,Yes
S06104,0,1,0,1,1,1,0,0,1,0,9,4,7,9,6.17,8,2,6,Yes
S06105,1,1,0,1,1,0,0,0,1,1,10,10,4,9,6.28,2,1,1,Yes
S06106,1,1,0,0,0,1,1,0,0,0,9,6,2,6,6.28,0,2,5,No
S06107,1,1,0,0,0,0,0,1,0,0,8,3,9,5,8.75,0,2,6,No
S06108,1,1,1,1,0,0,0,0,0,0,6,7,6,10,9.57,0,2,0,Yes
S06109,1,1,0,0,1,0,1,0,1,0,2,7,4,3,7.49,7,3,4,Yes
S06110,0,0,0,1,0,1,1,0,0,0,10,3,10,9,7.07,3,1,1,No
S06111,0,0,0,0,1,1,1,0,1,0,9,3,1,3,7.71,0,3,7,No
S06112,1,0,0,1,0,1,1,1,0,0,3,7,3,10,8.05,5,2,1,No
S06113,0,1,0,1,1,1,1,0,0,1,2,1,5,10,7.92,5,0,7,Yes
S06114,1,0,1,1,0,0,0,1,0,0,3,2,2,1,9.37,3,3,3,No
S06115,1,1,0,1,1,0,0,1,1,0,7,4,7,5,9.97,4,2,8,Yes
S06116,0,1,0,0,1,0,0,0,1,0,9,8,8,7,5.26,1,3,3,Yes
S06117,0,1,1,0,0,1,1,0,1,1,5,9,1,5,8.68,3,1,1,No
S06118,0,1,1,0,0,1,1,0,0,1,10,5,2,6,5.58,3,2,3,No
S06119,1,1,0,1,1,0,1,0,0,1,3,8,2,9,6.98,5,3,8,Yes
S06120,0,1,0,0,1,0,1,1,1,0,5,1,4,3,8.54,6,2,1,No
S06121,1,1,1,1,1,1,1,0,1,0,8,1,10,7,6.93,7,2,1,Yes
S06122,1,1,0,0,1,0,0,1,1,0,8,3,8,2,5.51,7,0,6,Yes
S06123,1,1,1,1,0,1,1,0,1,1,10,1,7,3,5.5,1,0,6,No
S06124,0,1,1,1,1,1,0,0,0,0,5,10,4,4,7.84,7,3,6,Yes
S06125,0,1,0,0,1,0,1,0,1,1,3,3,1,7,6.86,4,3,4,Yes
S06126,0,1,0,1,1,0,0,0,1,1,8,8,2,6,9.94,8,0,2,Yes
S06127,1,1,0,0,0,0,0,1,0,0,4,2,9,8,9.73,3,2,1,No
S06128,1,1,1,1,1,0,1,0,0,0,5,6,3,2,6.59,0,1,1,No
S06129,1,1,1,0,0,0,1,1,0,1,1,6,8,4,7.13,2,1,4,No
S06130,1,0,0,1,0,0,1,1,0,1,2,2,3,7,5.29,0,2,4,No
S06131,1,1,0,1,1,1,1,0,0,0,5,6,9,10,8.12,2,1,6,Yes
S06132,0,1,1,1,1,0,1,0,0,0,3,1,8,7,7.34,6,3,1,No
S06133,1,0,1,0,0,1,1,0,0,0,8,10,6,1,5.41,1,0,4,No
S06134,1,1,1,1,1,1,1,0,0,0,3,4,5,8,7.51,8,3,8,Yes
S06135,1,1,0,1,0,0,1,0,1,0,6,5,4,2,8.13,2,1,1,No
S06136,1,1,0,0,0,0,0,0,1,0,4,6,9,8,6.15,5,3,0,Yes
S06137,1,1,0,1,0,1,1,0,1,0,5,3,1,10,6.0,0,1,7,No
S06138,0,1,1,0,1,1,0,1,0,0,1,7,6,2,7.38,4,0,7,No
S06139,0,0,0,1,1,1,1,1,1,0,5,1,10,8,8.93,1,2,7,Yes
S06140,0,1,1,1,1,1,1,1,1,1,2,1,1,7,8.61,6,3,0,Yes
S06141,1,1,0,1,1,0,0,1,1,0,3,4,9,4,6.19,1,0,7,Yes
S06142,1,1,0,0,1,0,1,0,0,0,8,1,6,5,9.65,0,3,3,Yes
S06143,1,0,1,1,1,0,1,1,0,0,6,8,10,4,7.68,6,1,3,Yes
S06144,0,0,1,0,1,1,0,0,1,1,4,1,5,4,6.83,7,2,0,No
S06145,0,1,0,0,1,1,0,0,0,1,4,10,9,6,7.79,1,0,3,No
S06146,1,1,0,0,0,1,0,1,1,0,5,6,1,4,9.99,8,0,6,Yes
S06147,1,1,1,0,0,0,1,0,0,0,9,9,2,3,6.48,2,3,1,No
S06148,1,1,1,0,0,1,0,0,1,0,10,3,5,3,6.43,6,1,8,Yes
S06149,0,1,1,1,0,0,1,0,0,1,1,4,2,9,9.03,4,3,6,Yes
S06150,0,1,0,1,1,1,1,0,0,1,9,5,9,8,6.02,5,3,3,Yes
S06151,0,0,0,1,1,0,1,0,1,0,1,2,6,8,6.62,3,2,2,No
S06152,1,1,1,0,0,0,0,0,1,0,8,4,8,8,6.07,6,2,3,Yes
S06153,1,1,1,0,0,0,1,1,0,0,2,3,8,9,8.03,0,2,5,Yes
S06154,1,1,1,0,1,1,1,0,1,0,8,8,2,2,5.96,4,3,7,Yes
S06155,1,1,1,1,1,0,1,0,0,0,8,3,4,3,5.45,2,2,8,Yes
S06156,1,1,0,1,0,1,1,0,0,1,9,6,3,10,9.64,7,0,2,Yes
S06157,0,0,0,0,0,0,0,0,1,1,9,1,7,10,7.53,1,1,3,No
S06158,0,1,1,1,0,1,0,1,1,1,9,7,2,6,9.26,7,2,2,Yes
S06159,1,0,0,0,1,1,0,0,0,0,7,10,6,10,7.14,7,2,0,Yes
S06160,0,1,1,1,1,1,0,0,0,0,8,6,4,9,8.31,7,2,1,Yes
S06161,1,1,0,1,0,0,0,0,0,0,3,1,2,6,6.55,5,3,5,No
S06162,1,1,0,0,0,0,1,0,0,0,4,10,10,2,7.82,5,2,2,Yes
S06163,1,0,0,1,0,1,1,0,1,0,7,3,6,2,7.68,7,0,5,No
S06164,1,1,0,0,1,1,1,0,1,0,8,10,2,8,5.04,2,3,2,No
S06165,1,1,1,1,1,0,0,0,1,1,10,1,9,6,7.09,3,0,1,No
S06166,1,1,0,1,1,1,1,0,1,1,2,6,3,3,6.44,5,1,4,No
S06167,1,0,0,0,1,0,0,1,0,0,9,5,10,7,8.95,7,0,4,Yes
S06168,0,1,1,0,1,1,0,0,0,0,9,8,3,6,9.0,5,0,8,Yes
S06169,1,1,0,0,0,1,1,0,0,1,5,2,3,6,8.43,6,0,2,No
S06170,1,1,1,0,0,1,0,0,1,0,5,7,9,10,7.89,7,0,3,Yes
S06171,1,1,0,0,0,0,1,0,0,0,6,9,7,10,7.05,0,1,0,No
S06172,0,1,0,0,0,1,0,0,1,0,2,7,4,7,9.87,2,0,0,No
S06173,1,1,0,1,1,0,0,1,0,0,2,7,8,3,9.18,2,1,2,Yes
S06174,0,0,1,1,1,0,1,0,0,0,3,1,1,6,8.75,2,0,3,No
S06175,1,1,1,1,0,1,1,1,0,1,9,2,2,4,7.72,6,3,0,Yes
S06176,1,0,1,0,0,1,1,1,0,1,5,2,5,5,7.02,4,3,0,Yes
S06177,0,0,0,1,0,1,1,1,0,1,3,10,9,8,5.2,8,2,2,Yes
S06178,1,1,1,1,1,1,0,0,0,0,1,3,10,9,8.75,2,0,7,Yes
S06179,1,1,0,1,0,1,0,0,0,1,7,2,2,10,5.38,3,2,8,No
S06180,1,0,1,1,0,1,1,0,0,1,2,5,6,7,6.9,3,1,2,No
S06181,0,1,1,0,1,0,1,1,1,0,4,8,1,9,5.54,2,3,0,No
S06182,1,1,0,0,1,0,1,0,1,0,5,1,6,4,8.11,0,0,0,No
S06183,1,0,0,0,0,0,1,1,0,0,6,9,7,7,9.79,7,2,6,Yes
S06184,0,1,0,0,0,1,0,0,1,0,8,5,1,1,7.54,2,3,6,No
S06185,1,0,1,1,0,0,1,0,1,1,9,1,7,5,6.39,4,3,0,Yes
S06186,0,1,1,0,1,1,1,0,0,0,9,3,9,1,9.46,2,0,4,No
S06187,0,1,1,1,0,1,1,0,0,0,5,4,6,6,7.39,2,1,5,Yes
S06188,1,1,1,0,0,0,1,1,0,1,3,1,6,7,8.22,5,2,5,Yes
S06189,1,0,1,1,1,0,0,0,0,1,9,4,10,10,5.17,4,1,4,Yes
S06190,1,1,0,1,0,1,0,0,1,1,1,5,3,3,9.67,5,0,7,Yes
S06191,0,1,1,1,0,1,1,0,0,0,4,10,2,1,6.92,7,0,1,No
S06192,0,0,0,0,1,0,1,0,0,1,5,8,3,10,7.81,1,3,0,No
S06193,0,0,1,1,1,1,0,0,1,0,2,7,6,2,9.46,1,1,0,No
S06194,0,0,0,1,1,1,0,1,0,0,7,4,2,2,9.28,0,3,5,No
S06195,0,1,0,1,0,0,1,0,0,1,3,1,10,2,8.9,6,1,6,Yes
S06196,1,0,1,1,1,0,1,0,1,0,8,6,3,10,9.48,7,1,0,Yes
S06197,1,1,1,0,0,1,1,0,1,0,6,4,4,5,8.74,0,0,1,No
S06198,0,1,1,1,0,0,1,1,0,1,9,9,6,8,8.73,2,3,2,Yes
S06199,1,0,1,1,0,0,1,0,0,0,10,4,9,6,8.96,8,3,1,Yes
S06200,1,1,1,1,1,0,0,1,1,0,8,10,2,9,7.53,0,1,1,No
S06201,0,1,0,1,1,0,1,0,0,1,3,8,4,6,6.68,4,1,3,Yes
S06202,1,1,0,1,1,1,1,0,0,1,8,2,6,9,6.7,3,3,1,Yes
S06203,0,0,1,1,1,0,1,1,1,1,10,5,5,10,5.8,5,0,3,Yes
S06204,0,1,1,0,0,0,1,0,1,1,6,6,2,8,9.94,0,2,2,No
S06205,1,1,0,0,0,0,0,1,1,0,10,4,3,3,7.17,4,1,5,No
S06206,0,1,0,1,0,0,1,1,0,0,10,7,3,6,5.7,6,3,5,Yes
S06207,1,1,1,0,0,1,1,1,0,0,5,10,8,7,8.43,2,0,3,Yes
S06208,1,0,1,1,1,1,1,0,1,0,5,4,2,6,6.88,8,2,3,Yes
S06209,1,1,0,1,0,1,1,0,0,0,8,7,10,3,6.59,0,1,4,No
S06210,1,0,0,0,0,0,1,1,0,0,9,9,7,9,9.75,0,1,7,Yes
S06211,1,0,1,1,1,0,0,0,0,1,9,5,4,2,7.26,1,2,0,No
S06212,1,1,0,0,0,0,1,0,1,0,7,1,9,6,7.81,3,2,8,Yes
S06213,1,1,0,1,0,0,0,0,0,0,7,7,6,5,6.77,1,0,5,No
S06214,1,1,0,1,0,0,1,1,0,1,9,4,8,3,5.2,0,1,6,No
S06215,0,0,0,1,1,0,1,1,0,0,6,7,1,4,6.31,4,0,6,No
S06216,0,1,0,0,1,0,0,0,0,0,2,5,3,10,7.04,2,3,7,No
S06217,1,1,0,1,1,0,1,1,0,1,4,6,7,3,5.9,1,2,8,No
S06218,1,1,0,0,0,0,1,0,1,1,8,7,7,8,7.64,0,0,0,No
S06219,1,1,1,0,1,0,1,0,0,1,1,5,5,1,7.74,7,1,2,No
S06220,1,0,0,1,0,0,0,0,0,1,7,8,6,7,9.51,3,1,3,No
S06221,0,0,0,0,0,1,1,1,1,0,8,9,7,8,5.21,8,1,6,Yes
S06222,0,1,0,0,1,1,0,0,0,0,8,5,10,1,8.56,3,3,5,Yes
S06223,1,0,0,1,1,0,0,1,0,1,3,4,5,6,9.82,5,2,0,Yes
S06224,1,0,0,1,0,0,0,0,0,0,8,7,3,3,5.3,6,1,7,No
S06225,1,1,1,0,0,1,0,0,0,0,6,6,9,4,8.26,3,1,1,No
S06226,0,1,0,1,0,0,1,1,0,1,9,7,6,5,5.27,7,1,1,No
S06227,1,0,0,1,0,0,0,1,1,0,5,8,8,2,7.23,8,3,1,No
S06228,0,0,1,0,0,0,1,0,0,0,8,7,9,9,6.22,6,2,5,Yes
S06229,0,1,0,0,1,1,1,0,1,1,3,6,5,5,7.26,8,3,1,Yes
S06230,1,1,0,1,0,1,1,1,0,0,7,3,3,8,6.5,7,3,7,Yes
S06231,0,0,1,1,0,0,1,0,1,1,2,3,8,9,7.25,4,2,2,Yes
S06232,0,1,1,0,0,0,1,0,1,0,4,9,10,4,7.68,6,0,1,Yes
S06233,0,0,1,0,1,1,0,1,0,0,1,2,2,5,6.91,0,0,0,No
S06234,1,0,1,0,1,1,1,0,1,0,1,3,1,4,6.82,7,1,5,No
S06235,1,0,1,1,0,0,1,0,1,0,8,5,2,1,7.04,2,2,7,No
S06236,0,0,1,0,0,0,0,0,0,1,10,7,10,9,5.21,7,1,8,Yes
S06237,0,1,0,1,1,1,1,0,1,0,9,10,1,5,7.15,0,3,5,Yes
S06238,0,0,1,1,0,1,1,0,1,1,8,2,2,8,5.54,0,1,8,No
S06239,0,1,0,0,0,1,1,0,0,0,10,3,2,1,9.69,2,0,0,No
S06240,0,0,1,1,0,0,1,1,0,1,7,2,5,8,10.0,2,0,4,Yes
S06241,0,1,0,0,1,1,0,0,1,0,4,9,8,9,6.1,5,0,6,No
S06242,1,1,0,1,0,1,1,0,0,0,2,6,10,6,5.17,6,1,4,Yes
S06243,1,1,0,1,0,1,1,1,1,0,9,10,10,3,6.65,1,1,8,Yes
S06244,0,0,0,1,1,1,1,0,0,1,2,3,9,8,8.21,8,1,4,Yes
S06245,0,1,0,1,1,1,0,0,0,1,1,5,10,5,5.91,0,0,0,No
S06246,0,1,1,1,0,0,1,1,1,1,7,7,4,10,8.09,4,3,4,Yes
S06247,1,0,0,1,1,1,0,0,0,0,10,5,1,1,7.49,7,0,2,No
S06248,0,0,1,0,0,0,1,0,0,0,10,7,2,4,9.02,6,1,8,Yes
S06249,0,1,0,1,1,1,0,0,1,1,6,1,1,9,8.67,5,2,0,Yes
S06250,1,1,1,1,1,1,0,1,0,1,8,4,6,6,9.48,5,2,4,Yes
S06251,1,1,0,0,1,1,0,0,0,1,10,1,8,3,8.97,4,0,0,Yes
S06252,1,0,1,1,0,1,1,0,1,0,9,10,7,8,6.98,1,2,7,Yes
S06253,1,0,1,1,0,0,0,1,1,1,4,4,6,2,9.03,1,3,5,Yes
S06254,1,0,1,1,0,0,1,0,1,0,1,9,1,9,7.63,2,3,7,Yes
S06255,1,1,0,0,0,0,1,0,0,1,9,5,5,10,6.48,5,3,3,Yes
S06256,1,1,0,1,0,1,1,0,1,0,5,10,3,2,6.83,8,3,3,Yes
S06257,0,0,0,1,0,1,1,1,0,1,9,1,9,1,6.37,2,1,2,No
S06258,0,1,0,0,0,0,1,0,0,0,9,10,7,1,7.74,3,2,1,No
S06259,0,1,0,0,0,1,1,0,0,0,4,6,8,7,8.96,0,1,4,No
S06260,1,1,1,0,1,1,0,1,1,0,10,5,5,2,5.03,1,0,6,No
S06261,1,0,1,0,1,1,1,1,0,0,8,3,6,6,8.52,2,3,5,Yes
S06262,0,0,0,1,0,1,1,1,1,0,8,9,9,4,9.6,0,0,7,No
S06263,1,1,1,1,1,0,1,1,1,0,1,8,8,3,8.11,7,0,3,Yes
S06264,0,0,0,1,1,0,0,0,0,0,5,9,2,4,8.76,6,1,1,No
S06265,0,1,0,0,0,0,0,0,0,0,5,5,3,1,7.29,8,3,7,No
S06266,1,1,1,1,0,1,1,1,0,0,9,4,1,4,5.46,2,2,7,No
S06267,0,1,1,0,1,1,1,1,0,1,5,4,7,2,8.89,1,0,0,No
S06268,1,1,1,1,1,1,1,0,1,0,4,6,2,3,6.43,0,2,3,No
S06269,1,1,0,1,0,1,1,0,0,0,1,5,8,7,6.45,8,3,3,Yes
S06270,0,0,0,1,0,0,0,0,0,1,3,4,10,10,5.03,4,1,1,No
S06271,1,1,1,0,1,0,0,1,0,0,10,5,4,2,6.08,6,1,0,No
S06272,0,1,1,1,0,1,0,0,0,0,3,7,8,9,7.6,7,3,3,Yes
S06273,1,1,0,0,0,1,1,1,0,0,10,7,7,8,8.54,7,2,6,Yes
S06274,1,1,1,1,0,0,0,0,0,1,10,6,1,2,8.26,7,2,8,Yes
S06275,0,1,0,1,0,1,0,0,1,0,8,2,2,3,7.83,5,2,8,No
S06276,0,1,0,1,1,1,1,0,1,0,10,10,7,3,8.08,5,0,1,Yes
S06277,1,0,1,0,0,0,0,0,1,0,1,6,6,1,7.39,3,0,2,No
S06278,1,0,0,0,1,1,1,0,1,0,5,10,7,7,5.78,2,2,5,No
S06279,0,0,1,0,1,1,1,0,0,1,5,5,4,3,6.14,0,3,4,No
S06280,1,1,1,0,1,1,1,0,1,1,4,7,6,2,7.33,6,0,1,Yes
S06281,0,0,1,1,0,0,1,1,0,0,3,6,7,7,9.6,4,3,7,Yes
S06282,0,1,0,0,0,0,1,1,0,0,9,9,2,1,6.87,2,3,0,No
S06283,0,1,1,0,1,0,1,1,0,0,7,5,6,1,8.71,3,3,2,Yes
S06284,0,1,1,0,0,0,1,0,0,0,1,8,8,3,7.33,2,0,7,No
S06285,1,1,0,1,1,1,1,0,0,1,7,2,5,7,8.9,8,1,8,Yes
S06286,0,0,0,1,1,0,1,1,1,1,4,8,6,7,6.36,4,1,4,Yes
S06287,0,1,1,0,1,1,0,0,1,1,8,8,1,10,7.15,3,0,5,No
S06288,1,1,0,0,1,1,1,0,0,1,7,5,2,5,7.52,0,2,1,No
S06289,0,1,0,0,1,1,1,1,1,0,1,2,3,8,5.45,5,2,5,No
S06290,1,0,0,1,1,0,1,0,1,1,10,6,2,6,9.98,8,0,6,Yes
S06291,1,0,0,1,0,1,1,1,0,1,1,5,2,6,8.46,4,3,7,Yes
S06292,1,1,0,1,1,0,0,0,0,0,3,1,8,6,6.68,6,1,7,No
S06293,0,0,0,1,0,1,1,0,1,0,8,6,3,7,7.37,5,1,0,No
S06294,1,0,1,0,1,0,0,0,0,0,8,7,7,4,9.65,1,2,3,Yes
S06295,0,1,1,1,1,1,1,0,0,0,5,7,9,2,7.6,1,2,7,Yes
S06296,0,1,1,1,0,0,1,0,0,0,1,4,7,8,9.47,5,3,3,Yes
S06297,1,1,0,0,0,1,1,0,1,0,3,2,8,3,5.96,6,3,4,No
S06298,1,1,1,0,1,1,0,1,0,0,6,8,10,3,5.84,1,3,5,Yes
S06299,0,0,1,1,1,1,0,0,1,0,1,2,4,1,9.56,1,1,7,No
S06300,1,1,0,1,1,0,1,0,1,0,6,4,8,6,8.26,7,0,8,Yes
S06301,0,1,0,1,1,1,0,0,1,0,1,5,4,10,5.18,8,2,3,No
S06302,1,0,0,0,1,1,1,0,0,0,1,7,6,10,7.41,7,2,5,Yes
S06303,1,1,0,0,1,0,1,0,1,0,1,5,1,9,6.37,2,1,4,No
S06304,0,1,1,1,0,1,0,0,0,0,7,7,7,2,6.06,6,3,2,Yes
S06305,1,1,0,1,0,1,1,1,0,1,5,6,4,2,5.17,4,2,3,No
S06306,1,1,0,0,1,1,1,0,1,0,7,9,8,10,9.82,0,2,0,Yes
S06307,1,1,0,1,0,0,1,0,1,0,2,9,1,6,6.45,4,3,5,No
S06308,1,0,1,1,1,1,1,0,0,0,8,9,4,7,6.7,8,1,4,Yes
S06309,1,1,0,0,1,1,1,0,0,0,7,3,6,5,7.11,8,3,1,Yes
S06310,0,0,1,1,1,1,0,0,1,1,7,3,7,9,8.03,6,1,8,Yes
S06311,1,1,1,0,0,0,1,1,1,0,5,4,5,9,7.22,0,1,1,No
S06312,1,1,0,1,1,0,0,0,0,0,10,1,1,7,8.98,7,1,6,Yes
S06313,0,0,0,0,1,0,1,0,0,1,10,10,1,3,7.2,1,1,2,No
S06314,1,1,0,0,0,1,1,0,0,1,1,7,3,8,5.3,3,3,5,No
S06315,1,0,1,1,1,1,0,1,1,1,10,5,1,10,5.01,0,0,5,No
S06316,0,0,0,1,1,1,1,0,0,0,2,10,2,7,7.71,7,2,3,Yes
S06317,0,1,1,1,0,0,0,0,0,0,5,8,9,8,9.07,8,1,5,Yes
S06318,0,1,0,0,0,0,0,0,1,0,1,7,5,1,7.2,5,2,1,No
S06319,0,0,0,1,1,1,0,1,0,0,3,2,1,1,9.37,5,3,8,Yes
S06320,1,0,0,1,0,0,0,0,0,0,8,3,8,7,6.48,6,0,3,No
S06321,0,1,0,1,0,0,0,1,0,1,2,4,8,7,9.02,7,1,7,Yes
S06322,1,1,1,1,1,1,1,0,0,1,1,4,4,4,8.01,6,1,8,Yes
S06323,1,1,0,1,0,0,0,1,0,0,9,6,6,4,9.43,6,3,5,Yes
S06324,1,1,1,0,1,0,0,0,0,0,9,4,3,7,6.68,0,3,3,No
S06325,1,0,0,0,0,0,0,1,0,0,3,8,9,6,8.44,0,1,1,No
S06326,1,1,1,1,0,0,0,1,1,0,7,8,1,10,5.67,3,1,5,No
S06327,0,1,0,0,1,0,1,0,0,0,10,4,4,2,5.72,3,2,1,No
S06328,1,1,0,1,0,1,1,0,0,0,10,2,8,5,5.2,7,1,4,Yes
S06329,1,1,1,0,0,1,1,0,0,0,9,6,5,4,5.12,4,3,1,Yes
S06330,1,1,0,0,1,0,1,0,0,1,2,2,6,8,5.91,4,3,3,No
S06331,1,1,0,0,1,0,0,0,0,0,2,7,6,1,6.46,7,1,7,No
S06332,0,1,0,0,0,1,1,0,0,1,4,2,3,8,7.76,8,2,2,Yes
S06333,1,1,0,0,0,0,0,0,0,1,9,1,4,7,5.84,8,3,4,No
S06334,1,1,1,0,1,0,0,1,0,0,10,8,1,4,8.79,2,2,0,No
S06335,1,1,1,0,1,1,1,0,1,0,4,7,3,6,8.98,7,0,6,Yes
S06336,0,0,0,1,0,0,1,0,0,0,5,10,5,3,8.18,5,1,2,No
S06337,1,0,1,1,1,0,0,1,0,0,5,8,7,9,8.38,2,2,4,Yes
S06338,1,1,1,1,0,1,1,0,1,1,10,3,2,4,6.67,5,2,5,Yes
S06339,1,1,0,1,0,0,0,0,1,0,1,9,9,8,5.43,7,3,3,Yes
S06340,1,0,0,0,0,1,1,1,0,0,7,8,9,6,7.69,0,0,8,Yes
S06341,1,1,0,0,0,1,0,1,1,0,7,10,8,8,8.76,7,1,7,Yes
S06342,0,0,0,0,0,0,1,0,1,1,9,5,1,3,8.61,5,1,0,No
S06343,0,0,0,0,1,0,0,0,0,0,7,2,6,1,7.59,5,1,6,No
S06344,0,1,0,1,0,1,0,0,0,0,8,10,2,8,7.75,4,0,7,No
S06345,1,1,0,0,1,0,1,0,0,0,6,7,8,10,8.34,8,2,4,Yes
S06346,1,1,1,1,1,1,0,1,0,1,2,8,10,1,6.43,7,3,6,Yes
S06347,1,1,0,0,1,1,1,1,1,0,8,2,7,1,7.36,0,2,1,No
S06348,0,0,1,0,0,1,1,0,0,1,5,10,3,4,9.01,4,2,7,Yes
S06349,0,0,1,0,1,1,1,0,1,0,2,4,6,10,7.37,5,2,7,Yes
S06350,0,1,1,0,0,0,1,1,1,1,6,8,3,3,8.05,6,0,1,No
S06351,1,1,0,1,1,1,1,0,1,1,8,1,6,6,5.27,2,2,8,No
S06352,1,1,0,1,1,0,0,1,0,1,10,1,3,8,8.99,3,3,7,Yes
S06353,1,1,0,0,1,1,0,0,1,0,3,4,5,2,5.6,5,2,2,No
S06354,0,1,1,1,1,1,0,0,0,0,6,9,3,3,6.21,6,2,2,No
S06355,0,0,1,0,0,1,1,0,0,1,10,5,4,1,9.62,8,0,5,Yes
S06356,0,1,1,1,1,1,0,0,0,0,2,1,9,5,5.46,0,2,1,No
S06357,1,1,0,1,1,0,0,1,0,0,1,9,5,4,6.76,0,0,8,No
S06358,1,1,1,1,0,1,0,0,0,0,3,6,9,10,9.74,3,0,5,Yes
S06359,0,1,1,0,0,1,1,1,0,0,7,3,5,5,9.13,8,2,1,Yes
S06360,0,1,1,1,0,1,0,0,1,1,10,3,2,6,7.05,5,3,0,Yes
S06361,1,1,1,0,1,1,0,0,1,1,3,4,1,4,7.17,6,2,6,Yes
S06362,1,1,0,1,0,0,0,0,0,0,8,7,9,10,9.98,2,3,0,Yes
S06363,1,0,1,1,1,0,0,1,0,1,8,1,8,1,8.34,4,2,3,Yes
S06364,1,1,1,0,0,0,0,0,0,1,6,9,3,3,7.24,3,1,2,No
S06365,1,1,1,1,1,0,0,0,0,0,10,3,7,5,5.48,5,0,7,Yes
S06366,0,0,0,1,0,1,0,0,0,1,3,3,2,10,7.17,4,3,5,No
S06367,1,0,1,0,0,0,1,1,0,1,10,5,1,10,8.51,8,3,8,Yes
S06368,1,1,1,0,0,1,1,0,0,0,5,9,3,6,5.41,2,2,1,No
S06369,1,1,1,1,1,0,1,1,0,1,6,4,4,7,8.86,8,1,1,Yes
S06370,0,0,0,0,0,0,1,1,0,0,10,9,7,5,7.0,4,1,5,Yes
S06371,0,1,1,0,0,0,1,1,0,0,4,3,4,5,6.31,6,3,1,No
S06372,1,1,1,0,1,1,0,0,1,0,8,5,6,2,5.07,7,0,6,No
S06373,0,1,0,0,0,1,1,0,0,0,10,7,9,1,6.04,5,1,3,No
S06374,0,1,1,0,0,1,1,0,0,0,1,3,2,6,6.32,2,0,1,No
S06375,1,1,0,0,1,1,0,0,0,1,3,2,6,10,7.77,0,2,0,No
S06376,1,1,1,0,0,1,1,0,1,1,3,7,7,8,9.54,5,0,1,Yes
S06377,0,0,1,1,0,0,0,0,1,0,3,8,7,6,9.82,7,2,1,Yes
S06378,0,0,0,1,1,1,1,0,0,1,10,6,8,7,5.19,8,2,8,Yes
S06379,0,0,1,1,1,1,0,0,0,1,10,4,5,3,5.84,7,0,1,No
S06380,0,1,0,1,0,0,1,0,0,1,7,1,9,4,6.11,8,2,0,No
S06381,0,1,1,1,0,0,1,1,0,0,8,1,9,1,9.58,4,0,3,Yes
S06382,1,0,0,1,1,1,0,0,0,0,8,1,3,6,8.43,8,0,0,No
S06383,1,1,0,1,1,0,0,1,0,0,10,1,2,8,6.5,7,3,5,Yes
S06384,1,1,1,1,0,0,0,0,1,0,3,9,10,7,5.85,7,2,6,Yes
S06385,1,1,1,1,0,0,0,1,0,1,9,10,9,7,8.03,3,0,8,Yes
S06386,0,1,0,1,1,1,1,0,0,0,9,4,7,6,9.55,8,3,4,Yes
S06387,0,1,0,1,0,1,1,0,0,0,4,9,7,3,9.63,4,3,0,Yes
S06388,0,1,0,0,1,1,1,0,1,1,8,10,6,2,8.24,1,2,3,Yes
S06389,1,0,1,0,1,1,1,0,0,0,1,2,8,8,6.15,4,2,0,No
S06390,0,1,0,0,1,0,0,0,0,0,9,7,10,4,9.38,2,3,3,Yes
S06391,1,0,0,0,0,1,0,1,0,1,5,9,5,4,6.99,5,3,6,Yes
S06392,1,0,1,1,0,1,1,1,1,0,2,1,10,7,8.69,7,2,6,Yes
S06393,0,1,1,0,1,0,1,1,0,1,9,8,6,8,6.52,1,3,6,Yes
S06394,0,0,0,0,0,1,0,0,0,0,8,7,10,4,8.87,3,0,7,No
S06395,0,0,1,1,0,0,1,1,0,1,3,6,3,3,8.25,0,2,2,No
S06396,1,1,1,0,1,1,0,0,1,1,8,10,5,3,7.4,1,2,1,No
S06397,1,1,0,1,0,0,0,0,1,1,8,5,6,10,9.19,0,1,4,Yes
S06398,1,1,1,1,1,0,1,0,0,0,3,3,4,10,8.9,0,3,4,Yes
S06399,1,1,1,1,1,1,1,1,0,0,10,3,1,6,8.3,0,1,0,No
S06400,0,1,0,0,0,1,1,0,0,1,8,7,9,3,6.55,4,3,2,Yes
S06401,0,1,0,1,1,0,1,0,0,0,5,1,3,7,9.11,2,3,4,No
S06402,0,1,1,1,0,1,0,0,0,0,6,10,1,9,9.5,7,0,1,Yes
S06403,1,1,0,1,1,1,0,0,0,1,5,8,2,5,6.29,8,3,1,Yes
S06404,0,1,0,0,1,1,0,1,1,0,10,5,10,5,5.74,6,0,8,Yes
S06405,1,1,0,1,0,1,1,0,0,1,9,3,8,1,9.73,6,1,2,Yes
S06406,0,0,0,0,0,1,0,1,0,0,1,8,4,3,5.95,2,2,4,No
S06407,1,1,0,1,1,1,0,0,0,0,7,8,10,7,9.52,8,3,0,Yes
S06408,1,0,0,1,1,0,1,0,0,0,3,9,9,1,7.57,1,3,0,No
S06409,1,1,0,1,1,0,1,1,0,0,10,8,8,9,8.36,5,0,7,Yes
S06410,0,1,0,1,1,1,0,1,1,0,9,10,1,1,7.97,3,2,4,Yes
S06411,1,1,0,0,0,1,1,0,1,0,2,7,6,5,9.12,4,2,1,No
S06412,1,1,1,0,0,1,1,1,0,0,1,7,7,7,5.68,4,3,1,Yes
S06413,0,0,1,1,1,1,0,0,0,0,6,4,8,4,9.03,6,2,6,Yes
S06414,1,1,0,1,0,0,0,0,0,0,5,10,4,8,8.87,0,3,3,Yes
S06415,1,1,1,1,1,0,1,0,1,1,2,9,5,2,8.82,3,3,8,Yes
S06416,1,1,1,0,1,0,1,1,1,1,10,1,8,10,5.62,2,2,5,Yes
S06417,1,1,1,1,1,1,1,1,1,1,7,10,4,1,6.39,4,1,0,Yes
S06418,0,0,0,1,0,1,0,1,0,0,5,8,10,2,9.05,7,1,0,No
S06419,0,1,0,0,1,1,1,0,1,0,3,6,1,5,9.3,7,3,2,Yes
S06420,1,0,1,0,0,1,1,0,1,0,10,3,10,4,5.39,1,2,5,Yes
S06421,0,1,0,1,0,1,1,0,1,0,10,8,4,3,8.7,5,3,7,Yes
S06422,1,1,1,0,1,1,0,1,1,1,8,6,3,2,8.0,7,1,7,Yes
S06423,1,1,0,1,1,1,1,1,0,0,2,2,8,7,7.71,3,1,0,No
S06424,1,1,1,1,0,1,1,0,1,0,1,5,8,4,7.14,2,2,3,No
S06425,1,0,0,0,1,1,1,0,1,0,10,9,10,3,9.18,3,2,4,Yes
S06426,1,1,0,1,0,1,0,1,0,0,10,7,6,4,9.03,6,1,7,Yes
S06427,0,1,1,1,1,1,1,0,1,0,1,6,6,1,7.96,5,0,4,No
S06428,0,0,0,0,1,1,1,0,1,0,3,1,7,1,7.39,1,2,2,No
S06429,1,1,0,1,1,0,0,0,0,0,2,9,9,1,5.85,1,2,6,No
S06430,0,1,0,0,0,1,0,1,0,1,9,6,9,10,7.64,4,1,6,Yes
S06431,0,1,0,1,0,0,1,1,1,0,5,4,4,10,9.84,2,2,6,Yes
S06432,0,1,0,1,0,0,1,0,0,0,3,4,10,9,8.21,4,2,6,Yes
S06433,0,1,1,1,0,0,0,0,1,0,9,10,1,1,5.33,8,2,7,Yes
S06434,1,1,1,1,0,1,0,1,0,1,1,6,3,4,8.84,1,0,5,No
S06435,0,0,1,1,1,0,1,0,0,0,8,9,8,3,9.44,3,3,6,Yes
S06436,0,1,0,0,1,1,0,0,0,0,9,4,8,8,9.88,4,3,3,Yes
S06437,0,0,0,1,0,1,1,1,0,0,2,5,2,3,5.51,5,3,8,No
S06438,1,1,1,1,1,1,1,0,0,0,4,8,4,7,7.64,5,3,8,Yes
S06439,1,1,1,1,1,1,1,0,0,1,6,2,9,1,5.8,0,1,0,No
S06440,1,0,1,0,1,0,0,0,0,0,4,2,5,2,9.04,7,3,4,Yes
S06441,1,0,0,0,0,0,1,0,0,1,8,1,5,8,7.45,1,0,6,No
S06442,1,1,1,0,0,1,1,0,0,0,6,9,4,7,9.43,2,0,7,Yes
S06443,0,1,0,0,1,1,1,0,0,0,9,2,4,6,9.2,7,2,1,Yes
S06444,1,0,0,0,0,1,1,0,0,1,3,4,6,6,6.26,6,1,2,No
S06445,0,0,1,0,0,0,1,1,1,0,8,2,6,4,6.84,4,0,0,No
S06446,1,0,1,0,1,1,1,0,0,0,3,5,2,5,7.29,3,1,3,No
S06447,0,1,0,1,1,1,0,0,1,0,2,7,3,9,6.62,1,3,4,No
S06448,1,1,1,1,0,1,1,1,0,0,3,4,3,8,8.38,4,0,0,No
S06449,1,1,1,0,1,1,1,0,1,0,1,4,7,2,6.72,7,0,5,No
S06450,0,0,1,1,1,1,1,1,0,0,2,7,4,6,5.7,6,2,1,Yes
S06451,0,1,0,1,0,0,1,0,1,0,10,1,6,1,9.29,8,3,6,Yes
S06452,0,1,0,1,0,1,0,0,0,0,9,5,3,2,7.54,4,2,0,No
S06453,1,0,0,0,1,1,0,0,1,0,10,9,6,4,5.19,5,3,0,No
S06454,1,1,1,1,0,1,1,0,0,0,1,10,3,6,6.17,6,0,1,No
S06455,0,0,0,1,0,0,0,0,0,0,7,9,1,10,8.2,6,2,7,Yes
S06456,1,1,0,0,1,0,1,1,1,0,1,6,7,9,9.98,5,0,4,Yes
S06457,0,1,0,1,0,1,0,0,1,0,4,1,4,4,9.92,2,3,3,No
S06458,1,1,0,0,1,0,1,1,1,0,1,2,9,2,5.9,1,1,8,No
S06459,1,1,1,0,1,1,0,0,0,0,6,10,4,10,8.18,7,0,5,Yes
S06460,1,1,0,1,1,0,1,0,0,0,3,5,5,5,5.16,2,3,4,No
S06461,1,1,1,0,1,1,1,1,1,0,8,5,2,8,8.12,2,0,1,No
S06462,0,1,0,1,1,1,1,0,0,1,1,2,7,2,5.23,3,3,2,No
S06463,0,0,0,0,1,0,1,1,0,0,8,6,2,8,8.25,2,2,7,Yes
S06464,1,1,1,1,0,0,1,0,1,0,5,6,1,7,9.94,3,3,1,Yes
S06465,0,1,1,1,1,1,0,0,1,0,7,1,2,6,9.44,6,2,2,Yes
S06466,1,1,1,1,0,1,0,0,0,1,2,5,2,2,5.24,5,0,1,No
S06467,1,1,1,0,1,0,1,0,1,0,10,8,5,5,8.71,7,3,2,Yes
S06468,1,0,0,0,1,1,1,1,0,1,6,7,1,8,9.13,6,0,6,Yes
S06469,0,1,1,0,0,1,1,0,1,0,1,8,3,2,8.85,2,2,2,No
S06470,0,1,0,0,1,1,0,0,1,0,5,8,10,5,8.38,3,0,7,Yes
S06471,0,0,1,0,0,0,1,0,0,1,7,9,8,2,8.29,2,0,6,No
S06472,0,1,1,1,0,0,0,0,0,0,6,3,9,7,7.64,2,1,8,No
S06473,0,1,0,0,1,1,0,0,0,0,8,2,8,4,7.62,0,3,8,No
S06474,0,0,1,1,0,0,1,1,0,0,10,9,1,4,5.01,1,0,7,No
S06475,0,0,1,0,1,1,0,1,0,0,4,1,7,10,8.95,2,1,2,No
S06476,0,1,0,0,0,1,1,1,0,1,10,5,6,6,9.4,3,2,6,Yes
S06477,1,1,0,0,0,1,1,0,0,0,8,3,1,1,9.1,3,1,3,No
S06478,1,0,1,0,1,0,1,0,0,0,3,10,9,9,9.56,3,2,5,Yes
S06479,1,1,1,1,0,1,1,0,1,0,4,1,9,3,8.99,1,0,8,Yes
S06480,1,0,1,1,1,1,1,1,1,0,7,7,2,1,7.18,5,2,8,Yes
S06481,0,0,0,0,1,1,1,0,1,1,4,8,2,10,7.29,1,0,5,No
S06482,1,0,0,1,1,1,0,0,0,0,7,10,3,7,7.14,7,1,1,No
S06483,0,1,0,1,1,1,0,1,0,1,7,7,7,10,5.9,3,3,3,Yes
S06484,1,1,1,1,0,1,0,0,1,1,9,1,1,6,5.7,5,0,1,No
S06485,1,1,0,1,1,1,1,1,0,0,7,5,6,2,8.94,4,2,5,Yes
S06486,1,1,1,1,1,0,1,1,1,0,6,2,9,5,9.39,1,0,2,Yes
S06487,0,0,0,0,1,0,1,0,0,0,2,5,3,3,8.84,0,0,1,No
S06488,1,1,1,1,0,1,1,1,1,1,5,9,10,10,8.56,1,1,2,Yes
S06489,1,1,0,1,1,1,0,0,0,0,2,5,1,9,6.73,5,2,6,No
S06490,0,0,0,0,0,0,0,1,0,0,2,7,7,1,8.23,2,0,3,No
S06491,0,1,1,1,0,1,1,0,0,1,9,3,2,6,5.43,7,1,7,Yes
S06492,1,1,1,0,0,0,1,1,0,1,5,5,4,4,6.7,4,2,7,Yes
S06493,1,1,1,1,1,0,0,0,1,1,10,3,8,7,8.91,1,3,5,Yes
S06494,1,1,0,1,0,0,1,1,1,0,3,9,5,10,5.61,0,3,3,No
S06495,0,0,0,1,0,1,1,1,1,0,6,5,10,5,5.13,5,2,0,No
S06496,1,0,1,0,0,1,1,0,0,0,3,4,2,9,8.36,1,0,6,No
S06497,1,1,1,1,0,0,0,0,0,0,7,9,2,5,8.22,2,0,3,No
S06498,1,1,1,0,0,0,1,0,1,0,6,1,3,2,5.51,8,3,5,No
S06499,1,0,0,0,1,1,0,1,0,0,4,1,2,2,8.26,8,0,5,No
S06500,0,0,1,0,1,1,1,0,1,0,6,2,3,4,9.51,7,1,7,Yes
S06501,1,1,0,1,0,1,0,1,1,0,6,2,3,10,5.92,0,3,1,No
S06502,1,0,0,1,0,1,1,0,0,1,2,10,6,6,5.77,7,1,1,Yes
S06503,1,1,0,1,1,0,0,0,0,1,4,4,8,9,5.57,7,1,2,Yes
S06504,1,1,0,1,1,1,1,0,0,0,9,1,7,6,9.64,2,2,7,Yes
S06505,1,0,0,0,1,1,1,0,0,0,8,4,5,3,7.36,5,2,7,No
S06506,0,1,0,1,0,1,1,0,0,1,10,1,2,4,5.52,6,3,4,Yes
S06507,0,1,0,1,1,0,1,0,1,0,5,6,2,6,8.47,5,3,2,Yes
S06508,0,1,1,0,1,1,1,1,0,0,4,3,5,3,6.59,0,3,0,No
S06509,0,1,1,1,1,1,0,1,0,1,8,9,4,8,8.38,5,0,0,Yes
S06510,0,1,0,1,1,1,0,0,0,0,3,2,2,8,9.12,5,1,0,No
S06511,1,1,0,0,0,1,1,0,0,0,3,6,7,10,7.52,5,2,1,Yes
S06512,0,1,0,1,1,1,1,1,1,0,9,8,5,1,9.24,3,1,5,Yes
S06513,0,1,0,0,1,0,1,0,0,0,7,4,3,10,6.86,5,2,4,No
S06514,0,0,0,1,0,1,1,0,0,0,2,4,1,2,5.36,6,0,6,No
S06515,1,1,0,0,1,1,1,0,0,0,5,8,5,2,6.14,7,1,7,No
S06516,1,0,1,1,1,0,0,0,0,1,10,10,10,8,9.98,8,0,6,Yes
S06517,0,1,1,0,1,0,0,0,1,0,10,9,2,8,7.83,1,1,7,Yes
S06518,0,0,1,1,1,1,0,0,0,0,5,7,8,7,5.85,7,0,8,Yes
S06519,0,0,1,1,0,1,1,0,1,0,2,2,6,3,8.16,6,2,0,No
S06520,1,1,0,1,0,0,0,1,1,1,2,5,10,1,8.88,6,2,2,Yes
S06521,1,1,1,1,0,1,0,0,0,1,2,5,8,10,6.84,5,3,5,Yes
S06522,1,0,0,0,0,1,0,0,1,0,9,2,4,5,5.7,4,0,7,No
S06523,0,1,0,0,0,1,1,0,0,0,5,3,10,10,5.0,4,0,3,No
S06524,1,1,1,1,0,1,1,0,0,0,3,3,4,4,9.75,1,2,7,Yes
S06525,1,1,1,1,0,1,1,0,1,0,8,1,2,1,7.69,3,0,1,No
S06526,0,1,1,0,0,1,1,1,0,0,1,4,10,8,7.82,8,1,8,Yes
S06527,1,0,0,0,0,1,0,1,0,0,4,1,10,6,9.53,5,3,5,Yes
S06528,0,0,1,1,0,0,1,1,0,1,4,7,8,3,8.15,3,2,0,Yes
S06529,1,1,1,0,0,1,1,0,0,1,2,1,9,7,5.9,8,1,8,Yes
S06530,0,1,0,0,1,0,1,1,0,0,9,4,8,5,7.83,8,2,2,Yes
S06531,0,1,0,1,1,1,0,1,1,0,1,2,6,3,8.96,5,0,6,No
S06532,0,1,0,1,0,1,1,1,0,0,7,10,1,2,7.32,3,1,1,No
S06533,0,0,0,0,1,1,0,0,0,0,7,10,9,7,6.62,6,3,1,Yes
S06534,1,0,1,1,1,1,0,0,0,1,6,1,2,6,8.89,1,3,7,Yes
S06535,1,1,0,0,1,0,0,1,0,1,9,5,9,8,6.21,5,1,1,Yes
S06536,1,1,1,1,1,1,1,0,1,1,4,1,9,9,5.86,8,0,4,Yes
S06537,0,1,1,1,1,0,1,0,0,0,9,3,9,4,6.58,7,1,3,Yes
S06538,0,0,0,1,0,0,1,0,0,0,8,8,5,3,6.0,7,3,8,Yes
S06539,1,1,0,1,0,1,1,0,0,1,10,8,4,1,9.24,4,1,2,Yes
S06540,0,1,0,0,1,1,1,0,1,1,2,5,6,6,8.78,2,2,3,Yes
S06541,1,0,0,0,1,0,1,0,0,1,9,4,6,10,6.8,0,0,0,No
S06542,0,0,0,0,0,1,1,1,0,0,2,2,10,3,8.82,7,1,2,No
S06543,0,0,0,1,1,1,1,1,0,0,7,7,4,6,5.07,2,3,0,No
S06544,1,1,1,1,1,0,1,0,0,1,4,10,2,9,8.8,8,1,2,Yes
S06545,1,1,1,1,0,1,1,0,0,0,1,1,5,6,8.74,2,2,1,No
S06546,1,1,1,0,1,1,1,0,1,1,9,1,3,6,6.8,6,0,1,No
S06547,0,0,1,0,1,1,1,1,0,0,4,9,7,5,6.32,2,1,5,No
S06548,1,0,1,0,0,1,1,0,1,1,1,5,7,9,7.31,3,3,0,Yes
S06549,1,0,0,0,0,1,0,0,0,1,4,8,8,5,6.87,7,2,0,Yes
S06550,1,1,0,1,1,1,1,0,1,0,10,7,2,4,6.16,4,2,5,Yes
S06551,1,0,1,1,0,0,0,1,1,0,3,3,4,4,5.33,5,2,4,No
S06552,1,1,1,1,0,0,1,0,0,1,5,8,2,6,9.35,1,3,5,Yes
S06553,0,1,0,1,0,0,1,0,0,1,8,2,6,3,5.02,5,2,6,No
S06554,1,1,0,1,1,0,1,0,1,0,1,6,8,9,8.17,6,2,1,Yes
S06555,0,0,0,0,0,1,1,0,0,0,10,8,2,8,9.29,1,0,6,No
S06556,0,1,0,1,0,1,1,0,0,0,6,1,4,10,7.29,3,1,4,No
S06557,1,0,0,1,1,0,0,1,0,0,6,5,4,3,8.65,7,1,4,No
S06558,1,0,0,1,0,0,0,1,0,1,7,5,3,9,7.19,6,3,1,Yes
S06559,0,1,1,1,0,0,1,0,0,1,6,5,7,4,9.77,2,3,3,Yes
S06560,0,0,1,0,0,0,1,0,1,1,2,9,10,9,5.92,8,2,6,Yes
S06561,1,1,1,0,1,0,0,0,0,0,10,10,3,4,9.67,1,2,0,Yes
S06562,1,1,0,1,0,1,1,0,1,0,4,5,10,8,7.21,4,3,7,Yes
S06563,1,1,0,1,0,0,1,0,0,0,8,1,2,10,6.3,2,2,0,No
S06564,0,0,0,1,1,1,0,1,0,0,10,7,10,10,8.04,7,2,0,Yes
S06565,1,1,1,0,0,0,1,0,0,0,1,1,9,3,7.02,7,0,6,No
S06566,1,0,0,0,1,1,0,1,0,0,6,8,9,6,6.99,4,1,8,Yes
S06567,0,0,1,1,1,1,1,1,1,0,2,6,7,6,7.87,3,0,8,Yes
S06568,0,1,0,1,1,1,1,0,1,0,7,8,9,9,6.51,8,3,0,Yes
S06569,1,1,0,1,0,1,1,0,1,1,8,4,10,10,5.38,2,2,8,Yes
S06570,1,0,0,0,0,1,1,1,0,0,1,10,1,3,6.18,2,0,6,No
S06571,0,1,1,1,1,1,0,0,0,0,2,6,7,10,9.93,4,1,4,Yes
S06572,1,0,0,0,0,0,1,0,1,0,8,5,8,2,6.59,3,2,6,No
S06573,1,0,0,1,1,0,0,0,0,0,3,1,6,8,6.35,6,1,1,No
S06574,0,1,0,1,0,1,1,0,1,0,5,1,6,2,7.57,0,2,5,No
S06575,1,0,1,1,0,1,1,0,0,1,4,2,3,9,9.77,6,1,1,No
S06576,0,1,0,0,1,1,1,1,1,0,3,9,2,6,7.27,0,3,7,Yes
S06577,0,0,1,0,1,0,0,0,1,1,10,2,2,4,9.66,0,1,7,No
S06578,1,1,0,1,1,0,1,0,0,0,3,8,6,6,7.26,0,2,6,No
S06579,1,0,0,1,0,1,0,0,1,0,5,7,9,1,6.16,5,1,8,No
S06580,0,1,0,1,1,0,0,0,1,0,3,3,6,5,9.14,4,3,6,Yes
S06581,0,0,0,0,0,0,0,0,1,1,9,6,2,6,5.36,8,3,8,No
S06582,0,1,1,0,1,0,0,1,0,0,3,6,10,9,7.48,6,0,2,No
S06583,0,1,1,0,0,1,0,1,0,1,3,2,5,8,8.75,4,2,2,Yes
S06584,1,1,1,1,1,1,1,0,1,0,9,2,7,1,7.33,0,0,6,No
S06585,0,0,0,0,1,1,0,0,0,0,10,9,7,5,8.51,0,2,5,Yes
S06586,1,1,0,1,0,1,1,1,0,0,3,3,1,1,9.19,2,2,4,No
S06587,1,0,1,1,0,0,1,0,0,0,1,1,7,10,6.81,3,3,6,Yes
S06588,1,0,0,1,1,0,0,0,0,0,5,3,8,2,9.65,5,2,8,Yes
S06589,1,0,1,1,1,1,1,0,0,0,5,8,5,3,8.77,0,2,3,No
S06590,0,1,1,0,0,0,0,0,1,1,6,10,9,3,7.04,6,1,7,Yes
S06591,1,0,1,1,1,1,0,1,1,0,10,2,8,4,5.89,0,1,4,No
S06592,1,1,0,1,1,1,1,0,1,1,4,5,5,8,9.77,3,2,4,Yes
S06593,1,0,1,0,0,1,0,0,0,0,4,2,8,3,7.29,4,0,8,No
S06594,0,0,0,0,1,0,1,0,1,0,6,8,9,9,8.05,3,2,2,Yes
S06595,0,1,0,1,1,0,1,0,1,0,2,5,9,7,6.11,8,2,3,Yes
S06596,1,1,0,1,0,0,1,0,1,1,1,6,1,9,9.88,0,0,7,No
S06597,1,1,0,0,0,1,1,1,1,1,4,4,9,9,9.45,4,3,5,Yes
S06598,1,1,1,1,1,0,1,0,0,0,2,9,7,4,6.19,1,2,5,No
S06599,0,0,1,1,0,0,1,1,1,0,5,10,2,5,9.46,1,0,2,No
S06600,0,1,1,1,0,0,0,0,0,0,7,2,1,7,8.1,0,0,3,No
S06601,1,0,1,1,1,1,1,1,0,1,7,5,6,9,7.1,3,0,7,Yes
S06602,0,1,0,1,0,0,1,0,0,0,8,6,5,3,8.02,1,3,0,No
S06603,1,0,1,0,1,1,1,0,0,0,4,5,5,7,8.4,0,2,1,No
S06604,0,0,0,0,0,1,0,0,1,1,5,10,9,3,8.81,0,3,1,Yes
S06605,1,0,1,0,0,0,0,0,0,1,9,9,1,1,9.65,1,0,2,No
S06606,1,1,1,0,1,1,1,1,0,0,8,4,7,4,7.92,3,0,0,No
S06607,1,1,0,0,1,1,1,1,0,1,5,6,2,6,6.44,2,2,7,Yes
S06608,1,1,1,0,1,0,1,0,1,1,7,1,8,6,6.01,5,3,7,Yes
S06609,0,1,0,0,1,0,1,0,1,0,10,4,9,7,9.65,1,1,3,No
S06610,1,1,1,1,0,1,1,1,0,0,2,2,5,7,9.1,3,0,3,Yes
S06611,0,0,1,1,0,1,1,0,0,0,10,2,1,3,7.05,1,0,7,No
S06612,0,1,1,0,0,1,1,1,0,0,10,5,5,8,5.94,4,0,2,No
S06613,1,1,0,1,0,1,1,0,1,1,5,5,9,6,8.17,4,3,0,Yes
S06614,1,1,1,0,1,1,0,0,0,0,1,7,8,8,9.97,5,0,7,Yes
S06615,1,1,1,0,1,0,1,0,0,1,4,9,8,5,5.47,8,3,8,Yes
S06616,0,1,0,1,0,0,1,0,0,1,9,9,7,8,9.0,5,1,0,Yes
S06617,1,0,0,0,0,1,1,1,0,0,9,3,1,2,6.84,1,3,7,No
S06618,1,1,0,1,1,0,1,0,0,0,7,9,9,7,8.03,1,3,8,Yes
S06619,1,0,0,0,1,1,1,1,1,0,6,5,1,4,8.12,7,2,0,Yes
S06620,0,1,0,1,1,1,1,0,0,0,3,1,5,9,5.39,4,1,0,No
S06621,1,0,0,0,1,0,1,1,0,0,2,8,2,5,5.32,4,0,6,No
S06622,1,1,1,1,1,0,1,0,1,0,8,9,4,9,6.29,5,2,5,Yes
S06623,1,0,1,0,1,1,1,0,0,0,8,8,5,6,8.93,2,0,0,No
S06624,1,1,1,1,1,0,1,0,0,0,5,3,8,3,8.88,3,3,8,Yes
S06625,0,1,1,0,1,0,0,0,0,0,3,1,2,1,6.25,5,3,1,No
S06626,1,1,0,1,0,0,1,0,0,0,6,3,3,6,8.6,4,2,1,No
S06627,0,0,0,0,1,1,0,0,0,1,3,9,2,9,5.78,6,2,0,No
S06628,0,0,1,1,0,0,0,0,0,1,4,7,10,9,9.67,3,3,5,Yes
S06629,0,1,1,0,0,1,1,1,0,0,1,2,8,5,5.85,3,3,0,No
S06630,0,1,0,0,1,0,0,0,0,1,7,10,1,10,8.99,6,3,6,Yes
S06631,1,1,0,1,1,1,0,0,1,0,1,10,9,7,8.76,8,0,0,Yes
S06632,1,1,0,1,0,0,0,1,0,0,10,3,9,1,8.96,0,2,8,Yes
S06633,0,1,0,1,1,1,1,0,0,0,10,3,9,7,7.07,8,1,8,Yes
S06634,1,0,0,0,1,0,0,0,0,0,7,2,8,7,7.02,1,0,3,No
S06635,0,0,1,0,1,1,1,0,0,0,1,7,2,10,6.46,1,1,5,No
S06636,1,0,1,0,1,1,1,0,0,0,1,7,4,9,6.81,2,2,6,No
S06637,0,0,0,0,1,0,0,1,0,0,1,9,3,5,5.73,2,3,4,No
S06638,0,1,0,1,1,1,1,0,1,1,4,3,3,8,7.9,2,3,2,No
S06639,1,1,1,0,1,1,0,0,0,0,2,10,8,8,5.66,2,1,0,No
S06640,1,1,0,0,1,1,1,1,1,0,6,3,7,1,8.16,0,1,3,No
S06641,0,1,1,0,0,1,0,0,0,0,7,6,9,3,9.28,8,2,4,Yes
S06642,0,1,0,1,1,0,1,0,1,0,4,8,2,10,5.78,4,0,0,No
S06643,1,0,0,1,0,1,1,0,0,0,3,1,4,3,9.49,5,3,5,Yes
S06644,0,0,0,1,1,1,1,0,0,0,8,6,3,7,7.16,5,2,2,No
S06645,1,1,1,1,0,1,1,1,0,1,4,6,5,4,9.02,5,3,8,Yes
S06646,1,1,0,1,1,0,1,1,1,0,6,4,8,5,7.37,7,1,1,No
S06647,0,0,0,1,1,1,1,0,1,0,10,6,9,2,6.79,3,2,2,Yes
S06648,0,0,0,1,1,1,1,0,0,0,8,5,7,8,5.64,6,1,4,Yes
S06649,0,1,1,0,1,0,0,1,0,0,3,9,5,7,8.09,3,3,7,Yes
S06650,0,0,1,0,1,0,0,0,0,1,6,5,2,3,6.89,3,0,3,No
S06651,1,0,0,1,0,1,1,1,0,1,5,9,2,4,5.27,6,3,5,Yes
S06652,0,1,0,0,0,1,1,1,0,0,8,2,5,1,5.68,5,0,6,No
S06653,1,1,1,0,0,1,0,0,0,0,1,9,8,2,6.44,4,2,1,No
S06654,1,0,1,1,1,0,1,1,0,0,8,6,7,5,7.19,8,2,7,Yes
S06655,1,0,1,1,0,0,1,1,0,0,1,9,10,9,5.11,6,3,5,Yes
S06656,1,1,1,1,1,0,0,0,1,0,8,1,1,2,9.95,3,2,2,No
S06657,1,0,1,1,0,1,1,0,1,0,7,3,8,1,6.48,7,2,0,No
S06658,1,0,0,0,1,0,0,0,1,0,9,5,6,7,5.58,3,3,6,Yes
S06659,1,0,1,1,1,0,0,1,0,0,1,8,6,9,5.74,7,2,4,Yes
S06660,1,1,1,0,1,0,0,1,0,1,3,7,8,9,9.52,7,3,7,Yes
S06661,0,0,0,1,0,0,0,1,0,0,8,6,10,1,8.77,3,0,0,No
S06662,1,1,0,1,0,1,1,1,0,0,1,6,2,9,8.54,0,3,8,Yes
S06663,1,1,1,1,1,1,1,1,1,0,4,6,6,3,7.82,6,1,1,Yes
S06664,0,0,0,1,1,1,0,1,0,0,5,7,1,10,5.14,1,2,0,No
S06665,0,1,1,0,1,1,0,0,0,1,6,1,4,10,6.55,8,3,1,Yes
S06666,0,1,0,0,0,1,1,0,0,0,2,4,6,8,9.98,1,2,0,No
S06667,1,0,0,1,0,1,0,1,0,0,10,2,5,7,5.98,4,2,5,No
S06668,0,1,0,1,0,0,0,0,0,1,2,10,10,10,9.23,6,1,1,Yes
S06669,1,1,1,0,0,1,1,0,0,1,1,9,8,7,8.48,8,3,0,Yes
S06670,1,1,1,1,0,1,0,0,0,0,9,3,5,3,5.21,4,0,0,No
S06671,1,1,0,0,1,1,0,0,0,0,4,3,1,9,9.54,0,3,6,Yes
S06672,0,1,0,1,0,0,1,0,0,0,1,6,6,5,5.74,8,3,7,Yes
S06673,1,0,0,0,1,0,1,0,1,0,2,2,4,7,6.48,7,0,5,No
S06674,1,0,0,1,1,1,1,0,0,0,5,7,9,4,5.86,3,1,3,Yes
S06675,1,0,0,0,0,1,1,0,1,1,2,3,3,2,6.02,1,3,3,No
S06676,0,1,0,1,0,1,0,0,0,1,7,8,2,3,8.97,7,1,2,Yes
S06677,0,0,1,1,0,0,1,0,0,0,5,1,4,2,6.44,4,0,8,No
S06678,1,1,1,1,0,1,0,0,0,0,1,9,9,1,7.95,0,2,1,No
S06679,0,0,0,0,1,1,1,1,0,1,10,3,2,1,8.31,1,3,6,Yes
S06680,1,1,1,1,0,1,0,0,0,0,4,6,5,4,9.03,1,0,2,No
S06681,0,1,0,0,1,0,1,1,1,1,6,7,10,2,7.43,6,1,1,Yes
S06682,1,1,0,1,0,0,1,0,1,0,6,9,10,10,7.19,3,2,5,Yes
S06683,0,1,1,1,1,0,1,0,0,0,10,10,3,10,6.07,6,0,5,Yes
S06684,1,0,0,0,0,1,1,0,1,1,5,2,10,2,5.29,4,1,7,No
S06685,0,0,0,0,0,1,1,1,0,0,8,3,7,9,6.81,7,1,8,Yes
S06686,1,0,0,0,0,0,1,0,0,0,3,4,5,5,5.53,2,2,6,No
S06687,1,0,1,1,0,1,0,0,0,0,8,2,6,2,6.72,4,0,5,No
S06688,1,1,1,0,0,1,1,1,1,0,8,6,3,2,5.52,7,0,2,No
S06689,1,1,0,1,0,0,0,0,0,0,4,9,3,4,8.09,4,0,1,No
S06690,1,0,1,1,1,0,0,0,1,0,8,5,5,9,8.58,8,0,2,Yes
S06691,0,1,0,1,0,1,1,1,0,0,1,8,7,3,6.89,2,1,4,No
S06692,1,1,1,1,0,1,0,0,1,1,3,8,8,1,9.82,7,2,2,Yes
S06693,0,0,1,1,1,0,1,1,0,0,1,7,6,2,8.7,1,0,1,No
S06694,0,1,1,1,0,0,0,0,0,0,10,9,5,8,10.0,2,3,1,Yes
S06695,0,1,1,0,0,1,1,0,1,0,3,3,7,8,6.1,3,1,7,No
S06696,0,1,1,0,1,0,1,0,0,0,6,4,2,7,6.96,4,2,4,No
S06697,0,1,1,1,0,1,1,1,0,0,9,8,5,7,6.05,4,3,2,Yes
S06698,1,1,1,0,1,0,1,0,1,0,6,2,4,1,5.34,8,3,4,No
S06699,0,1,0,1,1,1,0,1,1,0,4,8,8,4,5.29,7,1,4,Yes
S06700,1,1,0,1,0,1,1,0,1,0,8,10,10,9,6.9,0,0,0,Yes
S06701,0,1,0,1,0,0,1,1,1,0,7,7,3,3,8.85,7,2,4,Yes
S06702,0,1,0,1,0,0,1,1,1,0,4,6,3,9,9.4,8,2,2,Yes
S06703,1,0,0,1,0,1,1,0,0,0,1,5,2,1,6.84,3,3,5,No
S06704,1,1,0,0,1,0,1,0,0,1,1,7,10,6,7.22,7,1,2,Yes
S06705,1,1,0,1,0,1,1,0,0,0,1,10,3,10,8.88,5,2,8,Yes
S06706,0,1,1,0,1,1,1,0,1,0,7,2,1,2,9.16,4,3,3,Yes
S06707,0,1,1,0,1,1,1,1,0,0,10,1,5,8,7.7,7,0,6,Yes
S06708,1,1,0,1,1,0,1,0,0,0,1,4,3,6,6.59,2,0,3,No
S06709,0,1,0,0,1,1,1,0,0,0,5,6,7,4,9.86,0,1,2,No
S06710,0,0,0,1,1,1,1,0,1,0,9,10,3,5,5.3,0,1,5,No
S06711,1,1,1,1,1,0,1,1,1,1,8,10,6,2,8.84,5,1,4,Yes
S06712,1,0,0,0,1,0,0,1,1,0,7,8,9,8,7.2,2,3,8,Yes
S06713,0,1,1,1,0,1,1,0,0,1,2,3,9,10,8.94,7,3,6,Yes
S06714,0,1,1,1,1,0,1,0,0,1,2,5,8,9,5.09,4,0,2,No
S06715,0,1,1,1,0,0,1,1,0,0,7,3,4,9,8.15,6,3,2,Yes
S06716,1,0,0,0,1,1,1,0,1,1,3,2,6,3,8.9,5,2,4,Yes
S06717,1,1,0,1,1,0,1,0,0,1,3,10,6,2,7.23,5,2,8,Yes
S06718,1,1,1,1,1,1,0,1,0,1,8,10,3,8,8.38,5,2,7,Yes
S06719,1,1,0,0,0,0,1,0,1,0,4,5,2,2,9.51,2,1,0,No
S06720,1,0,1,1,0,0,0,1,0,0,1,8,4,9,9.05,4,2,5,Yes
S06721,0,0,0,1,0,0,0,0,1,0,5,2,10,8,8.39,2,1,7,No
S06722,1,0,0,1,0,1,0,0,1,0,2,3,7,8,7.83,7,2,1,Yes
S06723,0,1,1,1,0,0,0,0,0,0,8,5,7,4,6.36,1,3,2,No
S06724,1,1,1,0,1,1,1,0,0,0,9,10,4,2,7.65,0,2,0,No
S06725,0,0,1,1,1,1,1,0,0,1,4,3,1,8,7.85,3,2,0,Yes
S06726,1,1,1,1,1,1,1,1,1,1,7,6,1,9,8.57,3,1,2,Yes
S06727,1,1,0,1,1,1,1,1,0,0,7,3,2,2,6.24,3,3,0,No
S06728,1,0,1,1,1,1,1,1,0,0,1,6,9,7,9.43,6,2,1,Yes
S06729,0,1,1,0,0,0,1,0,0,0,4,9,1,7,5.43,0,1,4,No
S06730,0,0,1,0,1,0,0,0,0,0,8,5,1,4,8.45,5,2,1,No
S06731,1,1,1,0,0,0,0,1,0,0,4,4,8,4,6.95,6,1,0,No
S06732,1,1,0,1,1,0,1,0,1,0,5,7,5,5,9.02,2,3,8,Yes
S06733,0,1,0,1,1,1,1,1,1,1,4,6,4,10,8.71,6,3,6,Yes
S06734,1,0,0,1,1,0,0,1,1,0,10,1,3,8,9.26,0,0,2,No
S06735,1,1,0,0,1,1,0,1,1,1,3,1,8,6,6.81,0,0,7,No
S06736,0,1,0,1,0,1,1,0,1,0,7,10,1,6,8.44,2,3,7,Yes
S06737,0,0,0,0,0,1,0,0,0,1,1,2,9,5,9.42,6,3,2,Yes
S06738,1,1,0,1,1,1,1,0,1,1,3,1,10,3,9.93,1,0,8,Yes
S06739,1,1,0,1,1,1,1,0,0,0,4,2,3,5,9.08,3,1,5,No
S06740,0,0,0,0,0,0,1,1,0,0,6,8,2,8,6.47,1,1,8,No
S06741,1,0,0,1,0,1,1,0,0,0,9,10,2,7,6.07,4,1,7,Yes
S06742,1,1,1,1,1,1,1,1,0,1,1,6,8,10,7.49,7,0,3,Yes
S06743,0,1,0,1,1,0,1,0,1,1,3,3,10,10,9.49,3,3,5,Yes
S06744,0,0,1,1,1,0,1,0,0,0,2,1,4,10,8.09,4,2,3,No
S06745,1,1,1,0,0,0,1,0,1,0,8,6,3,2,6.88,2,1,2,No
S06746,0,0,0,0,0,0,1,0,1,0,10,7,8,7,9.0,1,0,3,No
S06747,0,1,1,0,1,1,0,0,0,0,2,1,9,3,6.06,6,0,4,No
S06748,1,0,1,1,1,1,0,0,0,1,10,5,10,5,9.12,0,3,5,Yes
S06749,0,1,0,0,0,1,1,0,0,0,2,3,2,3,6.88,1,0,7,No
S06750,1,1,0,1,0,0,1,1,0,0,1,9,8,6,9.12,1,1,8,Yes
S06751,1,1,1,1,1,0,1,1,1,1,2,1,7,5,7.91,6,0,7,Yes
S06752,0,1,1,1,0,0,1,1,0,0,6,6,10,1,9.85,8,2,8,Yes
S06753,1,1,0,1,0,1,0,0,0,0,8,8,3,7,7.7,6,0,5,Yes
S06754,1,1,1,0,1,0,0,0,1,0,1,2,8,8,5.5,1,1,1,No
S06755,1,0,1,1,1,0,0,1,0,0,9,7,10,5,7.05,0,3,4,Yes
S06756,1,1,1,1,1,1,0,0,1,0,10,9,10,1,7.58,6,3,8,Yes
S06757,0,1,1,0,0,1,1,0,1,1,3,1,3,6,5.83,5,0,8,No
S06758,0,0,1,1,0,0,1,1,1,1,9,1,5,6,5.6,6,3,8,Yes
S06759,0,0,0,1,0,0,0,0,1,1,8,5,10,4,5.56,7,0,7,Yes
S06760,1,1,1,0,0,1,1,0,0,0,8,8,8,7,6.41,7,1,8,Yes
S06761,1,1,1,0,0,1,0,0,1,0,5,8,9,8,7.44,0,0,4,No
S06762,1,1,0,1,0,0,0,0,1,1,9,2,4,2,6.09,3,1,3,No
S06763,1,0,0,1,1,1,1,0,1,1,4,4,9,4,9.79,7,1,1,Yes
S06764,1,0,0,0,1,0,0,0,1,0,6,6,9,7,5.33,4,1,4,No
S06765,0,1,0,1,0,1,1,0,1,0,8,9,2,2,8.37,8,0,7,Yes
S06766,0,1,0,0,0,1,1,0,1,1,7,7,6,10,9.35,0,0,0,No
S06767,0,1,1,1,1,1,0,0,0,0,6,4,1,9,5.15,1,3,1,No
S06768,1,1,1,1,0,1,1,1,0,1,7,10,1,9,8.19,3,1,3,Yes
S06769,0,1,0,0,0,1,1,1,0,0,3,7,3,10,8.41,3,3,5,Yes
S06770,1,0,1,1,0,1,1,1,0,0,8,9,1,7,5.7,8,0,3,No
S06771,1,1,1,1,1,0,0,0,0,1,6,5,3,2,6.38,6,0,3,No
S06772,0,0,0,1,1,1,0,0,1,0,7,3,3,10,7.53,0,0,6,No
S06773,0,0,0,1,1,1,0,0,0,1,1,1,2,8,8.21,2,1,0,No
S06774,1,0,0,1,0,1,1,1,0,0,6,5,3,6,7.93,7,1,2,No
S06775,1,1,1,1,1,1,0,1,1,0,7,6,9,1,7.31,1,0,5,Yes
S06776,1,1,0,1,0,0,0,0,1,0,5,3,4,8,6.83,0,1,3,No
S06777,0,1,0,0,0,1,1,1,0,0,7,8,2,7,9.14,4,1,8,Yes
S06778,1,0,0,0,1,1,0,0,1,0,3,8,8,10,5.82,4,1,3,No
S06779,0,1,1,0,1,0,0,0,1,1,2,1,2,7,8.24,8,0,3,No
S06780,1,1,1,1,0,1,1,1,1,0,6,2,9,5,6.95,7,2,2,Yes
S06781,1,1,0,1,0,1,0,0,1,0,7,4,1,1,6.61,0,2,2,No
S06782,1,1,1,1,0,1,1,0,1,1,1,2,8,7,9.73,2,3,4,Yes
S06783,1,0,0,1,1,0,1,0,1,0,9,7,2,6,7.43,3,0,7,Yes
S06784,1,1,1,1,1,0,1,0,1,0,2,7,10,5,8.95,0,3,2,Yes
S06785,0,1,0,0,0,0,1,0,0,0,2,1,9,1,8.99,4,2,2,No
S06786,0,1,0,1,1,1,0,0,0,0,7,4,5,9,9.22,7,3,1,Yes
S06787,0,1,1,1,1,1,0,0,0,0,9,1,7,10,9.8,5,2,6,Yes
S06788,0,0,1,1,0,0,1,0,0,0,4,5,8,2,5.0,0,2,6,No
S06789,0,1,0,1,0,1,0,1,1,1,3,5,9,8,7.06,0,1,1,Yes
S06790,0,1,0,1,1,0,0,0,0,1,8,7,2,10,8.63,5,0,5,Yes
S06791,0,0,0,1,1,1,1,0,0,1,10,2,1,3,8.64,4,1,7,No
S06792,1,0,1,1,0,1,1,1,0,0,3,4,6,6,5.27,7,2,8,Yes
S06793,1,1,0,1,1,1,1,0,0,0,2,1,3,7,7.15,2,0,4,No
S06794,1,1,1,1,1,1,0,0,0,0,7,3,2,10,8.54,7,3,2,Yes
S06795,1,1,1,1,0,1,0,0,0,0,7,7,9,10,9.68,5,0,8,Yes
S06796,1,1,0,1,1,1,1,1,0,1,10,7,3,4,7.92,2,2,5,Yes
S06797,0,1,1,1,0,1,1,0,0,1,5,4,3,5,5.87,4,2,5,No
S06798,1,1,0,0,0,1,0,1,0,0,6,8,6,8,5.96,6,2,0,No
S06799,1,0,1,1,1,1,1,1,0,0,9,1,8,8,9.58,2,1,1,Yes
S06800,1,1,1,0,0,0,1,1,0,0,4,4,10,8,5.02,7,2,3,No
S06801,1,0,0,1,1,1,1,0,0,0,8,1,10,2,7.36,4,2,5,Yes
S06802,1,0,0,0,1,1,0,0,1,0,5,6,7,9,9.79,5,2,0,Yes
S06803,1,0,1,0,0,1,0,0,0,0,6,4,5,5,9.15,0,2,1,No
S06804,1,1,0,0,1,0,0,0,0,0,6,10,7,9,8.44,0,1,2,No
S06805,1,0,1,1,1,0,1,0,0,0,9,1,10,5,6.34,3,2,5,Yes
S06806,0,0,0,1,0,0,1,1,1,0,9,5,10,3,8.99,2,2,3,Yes
S06807,0,1,0,0,0,0,0,0,1,1,4,5,6,7,9.22,1,3,6,No
S06808,1,1,0,1,0,1,0,0,1,1,2,3,8,10,8.45,1,3,4,Yes
S06809,1,1,0,0,0,0,0,0,1,0,3,7,6,1,6.81,3,0,8,No
S06810,1,1,0,0,1,0,1,0,0,0,4,9,5,3,5.82,6,1,4,No
S06811,0,1,1,0,0,1,1,0,0,0,7,8,8,9,8.54,8,0,6,Yes
S06812,1,1,0,1,0,0,0,1,0,1,8,7,1,1,9.17,4,2,4,Yes
S06813,1,0,0,1,0,0,1,0,1,0,6,8,9,5,8.97,3,0,7,Yes
S06814,0,1,0,1,0,1,0,0,0,0,3,7,1,1,6.2,4,3,4,No
S06815,1,0,0,0,1,0,0,0,0,0,5,8,4,5,9.05,3,2,4,No
S06816,1,1,0,1,0,1,1,0,0,0,9,9,9,7,7.54,0,1,4,Yes
S06817,1,0,1,1,0,1,0,0,0,0,5,2,1,4,8.05,6,0,8,No
S06818,0,1,0,0,0,0,1,1,0,0,7,4,5,8,8.55,1,0,1,No
S06819,0,1,0,0,1,0,0,1,0,0,2,10,2,8,5.29,6,3,4,No
S06820,0,0,1,1,1,0,0,1,0,0,7,10,3,10,5.4,7,0,8,Yes
S06821,1,1,1,1,1,0,1,1,1,0,4,7,8,6,9.17,5,1,2,Yes
S06822,1,1,0,1,1,1,0,0,0,1,10,8,1,10,5.89,5,3,0,Yes
S06823,0,0,1,1,1,1,1,0,0,0,2,6,5,7,6.13,7,0,1,No
S06824,0,1,0,1,1,1,1,0,0,0,8,3,4,4,6.3,2,0,3,No
S06825,1,0,1,0,1,0,1,0,1,0,7,3,10,4,7.43,3,2,7,Yes
S06826,0,1,1,0,1,1,1,0,0,0,3,1,2,9,8.29,2,2,8,Yes
S06827,1,1,1,0,0,1,1,1,0,1,7,10,7,8,8.96,7,2,3,Yes
S06828,1,1,1,1,1,0,1,0,0,1,10,6,7,9,8.98,2,0,4,Yes
S06829,0,0,0,0,0,0,0,0,0,0,5,3,4,4,9.08,6,3,3,No
S06830,1,1,0,1,1,1,1,0,0,0,10,3,8,3,9.62,0,2,1,Yes
S06831,0,0,0,0,1,1,1,0,0,0,3,9,7,7,9.97,0,2,1,No
S06832,1,0,1,0,0,1,1,0,0,0,6,4,5,5,7.21,6,1,4,No
S06833,1,1,1,0,1,0,0,0,0,0,6,5,4,5,7.68,1,0,0,No
S06834,0,1,0,1,1,0,0,0,1,0,2,3,6,7,7.73,6,1,3,No
S06835,0,0,0,1,1,0,1,0,0,0,3,8,8,4,8.92,6,3,6,Yes
S06836,1,1,1,0,0,0,0,0,0,0,1,7,3,10,5.6,3,3,7,Yes
S06837,1,1,0,0,1,1,1,0,0,1,3,5,8,8,5.5,6,0,4,No
S06838,0,1,0,1,0,1,1,0,0,0,8,9,10,6,7.07,0,1,6,Yes
S06839,1,0,0,0,1,0,1,1,1,0,9,6,3,4,7.97,1,0,5,No
S06840,0,0,0,0,0,1,1,0,0,0,1,2,5,8,5.3,0,3,2,No
S06841,0,1,0,1,1,0,1,1,0,1,6,5,6,6,7.46,5,2,0,Yes
S06842,1,1,0,1,1,0,0,1,1,0,4,1,9,7,5.43,5,1,4,No
S06843,1,0,0,0,0,0,1,0,1,0,7,3,2,1,6.16,5,1,3,No
S06844,1,1,1,1,1,1,1,1,0,1,8,1,5,4,6.52,8,0,5,Yes
S06845,0,0,0,0,0,0,1,0,0,1,2,9,3,4,7.66,2,2,7,No
S06846,1,1,1,0,0,1,1,0,0,0,6,10,5,8,5.78,3,1,0,Yes
S06847,1,0,1,1,1,1,1,0,0,1,9,10,1,3,6.83,1,0,2,No
S06848,1,0,1,0,0,0,0,0,0,0,8,5,8,9,5.42,3,3,7,Yes
S06849,0,1,1,1,0,1,1,0,0,0,10,2,8,6,6.85,2,2,1,No
S06850,1,1,1,1,0,1,0,0,0,1,9,3,7,5,5.38,6,2,7,Yes
S06851,1,1,1,0,0,0,1,0,0,1,2,4,6,1,6.71,3,1,2,No
S06852,0,1,0,1,1,1,1,0,1,0,2,6,3,9,9.15,6,1,8,Yes
S06853,0,1,1,1,0,1,1,0,1,0,10,4,6,4,8.01,6,0,0,No
S06854,0,0,0,1,0,0,1,1,1,1,8,7,2,1,6.37,7,2,8,Yes
S06855,1,1,0,1,1,0,1,0,0,1,9,5,4,3,7.82,2,0,3,No
S06856,1,1,0,1,1,0,1,1,1,0,8,9,4,8,6.44,5,3,6,Yes
S06857,0,0,0,1,0,0,1,1,1,1,10,5,9,8,7.47,3,3,2,Yes
S06858,1,1,0,0,1,0,1,0,0,0,6,5,1,1,8.08,1,2,4,No
S06859,0,1,1,1,1,1,1,0,0,0,10,10,4,2,7.48,1,0,0,No
S06860,0,0,1,1,0,0,1,0,0,0,9,7,4,9,6.75,4,0,0,No
S06861,1,0,0,0,1,1,0,1,0,0,3,5,2,7,6.14,3,2,7,No
S06862,0,1,0,1,1,0,0,0,1,0,4,6,3,10,9.47,1,1,6,Yes
S06863,0,1,1,1,1,1,1,1,1,0,8,1,1,2,7.11,0,0,7,No
S06864,1,1,1,0,1,0,0,0,0,0,6,7,10,10,6.79,5,3,5,Yes
S06865,1,0,1,1,1,0,1,0,0,0,7,7,4,1,7.77,5,1,2,No
S06866,1,0,0,1,0,0,0,1,1,0,7,8,7,8,8.88,0,0,3,No
S06867,1,0,1,1,1,1,1,0,0,0,6,8,6,6,7.28,8,2,6,Yes
S06868,1,1,1,0,1,0,1,1,0,1,9,4,3,8,7.86,3,2,2,Yes
S06869,0,1,0,0,0,1,0,1,1,0,3,2,3,6,5.96,6,1,4,No
S06870,0,0,0,1,0,1,1,0,0,1,9,7,1,4,9.99,5,2,0,Yes
S06871,1,1,0,1,0,0,1,1,0,1,1,7,10,5,7.21,2,0,8,Yes
S06872,1,1,0,0,1,1,1,0,1,1,3,9,6,7,6.39,6,0,6,Yes
S06873,0,1,1,1,1,1,1,0,0,1,8,3,6,2,6.58,3,0,2,No
S06874,1,0,0,1,0,1,0,0,0,1,7,2,6,8,8.44,5,3,4,Yes
S06875,0,1,1,1,0,1,0,1,1,1,3,6,1,2,7.96,6,3,3,Yes
S06876,1,1,1,0,0,1,0,1,1,0,5,4,9,9,9.27,2,1,4,Yes
S06877,1,1,0,0,1,0,1,0,0,0,8,7,7,3,6.96,7,2,2,Yes
S06878,1,1,1,1,1,1,0,1,1,0,5,10,2,3,5.26,0,3,2,No
S06879,0,0,0,1,1,1,0,0,1,0,7,7,1,2,8.62,3,2,0,No
S06880,1,1,0,1,1,1,0,0,1,0,9,8,4,4,9.3,2,0,5,Yes
S06881,0,1,1,1,0,0,1,0,1,1,3,1,10,6,7.16,7,3,1,Yes
S06882,1,1,0,1,0,0,1,0,1,0,4,2,10,10,9.62,2,2,2,Yes
S06883,1,1,0,1,0,1,1,0,0,1,5,2,10,4,5.4,2,2,7,No
S06884,1,1,1,1,0,1,1,0,0,0,8,5,9,7,8.77,5,2,1,Yes
S06885,0,1,1,1,0,1,0,0,1,0,8,10,5,5,6.94,3,1,2,Yes
S06886,0,0,1,1,0,0,1,0,0,0,5,9,10,7,6.89,0,1,2,No
S06887,1,1,1,0,1,0,0,1,0,1,5,5,6,10,7.85,0,0,6,Yes
S06888,1,1,0,1,1,1,1,1,0,1,9,8,10,4,6.49,1,3,5,Yes
S06889,1,1,1,0,1,1,1,1,0,0,3,8,5,6,9.81,6,3,7,Yes
S06890,1,1,1,1,1,0,1,1,0,0,6,9,2,10,9.23,0,3,5,Yes
S06891,1,1,0,1,1,0,0,0,0,0,1,1,4,1,8.6,1,0,3,No
S06892,0,0,1,1,1,1,0,0,0,0,10,1,6,7,6.83,6,2,8,Yes
S06893,0,1,0,0,0,0,1,1,0,1,10,7,1,9,7.72,7,1,8,Yes
S06894,1,1,0,1,0,1,1,0,1,1,3,7,5,7,5.47,8,1,1,Yes
S06895,1,1,0,1,1,0,1,1,0,1,1,10,6,8,8.39,7,1,7,Yes
S06896,0,1,1,1,1,1,0,0,0,0,1,2,2,3,7.53,2,0,2,No
S06897,0,1,1,0,1,0,1,0,0,0,4,10,4,2,5.4,0,2,4,No
S06898,1,0,1,0,0,1,1,0,1,0,4,1,2,3,6.96,3,3,0,No
S06899,1,1,1,0,0,1,0,0,1,1,7,2,8,3,7.29,5,3,4,Yes
S06900,1,1,0,1,1,1,0,0,0,0,8,4,8,1,7.82,8,3,7,Yes
S06901,1,0,0,0,0,0,0,0,0,0,3,6,10,7,5.62,8,0,0,No
S06902,1,1,1,1,0,1,1,0,1,0,5,3,4,7,7.17,1,3,6,Yes
S06903,1,1,1,0,0,0,0,1,0,1,9,10,9,4,8.66,8,0,2,Yes
S06904,0,1,0,0,0,0,1,0,0,0,1,4,10,7,5.26,8,3,4,Yes
S06905,1,1,1,1,0,1,0,1,0,1,9,6,9,9,8.63,2,2,7,Yes
S06906,1,1,0,0,1,0,1,0,0,1,7,4,4,4,9.7,0,0,8,No
S06907,1,1,0,0,1,1,1,0,0,0,5,6,1,1,8.04,3,0,5,No
S06908,0,1,1,1,1,0,1,0,1,0,8,5,8,10,6.36,7,0,8,Yes
S06909,0,0,1,0,0,1,0,0,1,0,6,2,9,6,9.06,8,0,0,No
S06910,1,0,0,1,0,1,0,1,1,0,8,3,6,3,9.29,7,1,6,Yes
S06911,1,0,0,0,0,0,0,0,1,1,6,7,7,8,5.52,0,2,8,No
S06912,0,0,0,1,1,0,1,1,0,1,1,1,8,6,5.44,0,2,0,No
S06913,1,1,1,1,0,1,0,0,1,0,10,4,2,2,9.02,0,1,4,No
S06914,1,1,0,1,0,1,1,0,0,0,3,8,4,4,7.11,2,3,0,No
S06915,1,1,1,0,1,1,1,0,0,1,8,9,5,7,7.47,8,1,1,Yes
S06916,1,0,1,0,0,1,1,0,1,1,3,5,4,6,5.56,5,2,2,No
S06917,1,1,0,1,1,0,1,0,0,0,5,2,3,8,9.34,0,2,8,No
S06918,0,1,1,1,1,1,1,0,0,1,8,10,6,1,9.54,0,0,8,Yes
S06919,0,0,0,0,1,0,0,1,0,0,7,3,7,2,9.91,0,1,8,No
S06920,1,0,0,1,1,0,1,1,0,1,5,6,10,10,6.39,6,3,8,Yes
S06921,0,0,0,0,0,0,0,0,0,0,2,5,4,6,7.9,0,2,1,No
S06922,1,1,1,0,0,1,0,0,0,1,9,3,4,8,5.04,3,2,4,No
S06923,1,1,0,0,0,0,1,0,0,1,3,2,6,2,9.51,1,1,1,No
S06924,0,1,1,0,1,0,1,0,0,1,9,1,10,4,5.85,5,0,3,No
S06925,0,1,0,0,1,0,1,1,0,0,9,3,6,4,8.63,7,0,6,Yes
S06926,1,1,0,1,1,0,1,0,0,1,2,6,5,6,8.79,0,2,3,No
S06927,1,1,1,1,1,0,1,1,0,0,2,7,5,2,8.93,2,3,6,Yes
S06928,0,1,1,1,0,0,1,0,0,0,6,4,7,10,7.62,1,0,2,No
S06929,0,1,0,0,0,1,1,0,0,1,9,1,10,7,6.33,8,1,6,No
S06930,0,0,0,0,0,0,0,0,1,0,8,8,5,7,7.48,0,1,7,No
S06931,1,0,0,1,0,1,0,0,1,0,7,4,4,10,5.72,5,1,8,No
S06932,1,1,0,1,1,1,1,0,0,0,5,5,7,1,9.84,3,3,2,Yes
S06933,1,1,1,1,0,0,1,0,0,0,5,5,7,7,9.74,5,3,6,Yes
S06934,1,1,0,0,1,1,1,0,0,0,8,7,1,7,6.33,2,2,7,No
S06935,0,1,1,1,1,0,0,0,0,1,1,4,1,5,9.29,2,3,6,No
S06936,1,0,1,1,1,1,0,0,0,0,4,1,6,4,7.35,3,2,0,No
S06937,1,0,0,1,1,0,0,0,1,0,1,9,9,1,7.38,4,3,0,Yes
S06938,0,0,0,1,1,0,1,0,0,0,5,1,3,4,9.8,0,3,7,No
S06939,1,1,0,1,1,0,1,0,0,0,5,3,8,6,9.26,7,0,2,Yes
S06940,1,0,0,1,0,1,0,0,0,0,3,7,5,9,5.27,5,0,4,No
S06941,0,1,1,0,1,0,0,0,1,0,4,1,1,8,7.69,8,3,1,No
S06942,0,1,0,1,0,0,1,0,0,0,1,3,6,7,6.0,5,2,3,No
S06943,0,1,1,1,0,1,1,1,1,1,2,1,4,8,7.52,5,3,5,Yes
S06944,1,0,0,1,1,0,1,1,1,0,7,1,1,9,5.45,0,2,4,No
S06945,0,1,0,0,0,1,0,0,0,0,7,3,3,7,9.22,0,2,7,No
S06946,0,1,0,1,0,0,1,1,0,0,8,3,1,6,5.78,7,1,4,No
S06947,1,1,1,1,0,1,1,0,1,1,8,10,4,1,8.52,6,2,8,Yes
S06948,1,1,0,1,0,0,1,1,0,0,10,4,5,7,7.24,1,3,3,Yes
S06949,0,1,1,1,1,1,1,0,0,0,7,3,5,8,9.85,0,2,4,Yes
S06950,1,1,0,1,0,0,1,0,0,0,1,2,8,6,7.26,7,0,2,No
S06951,0,1,0,1,0,1,0,0,0,0,1,7,9,7,8.64,5,0,6,No
S06952,1,0,0,1,1,1,1,0,0,0,4,6,2,6,7.89,4,0,2,No
S06953,1,1,0,1,0,1,1,0,1,0,10,6,8,10,6.56,4,2,7,Yes
S06954,1,1,1,0,0,0,1,1,0,0,9,4,4,2,7.51,7,3,5,Yes
S06955,0,1,0,0,0,1,1,0,0,1,1,3,6,8,9.52,2,1,3,No
S06956,1,0,0,1,0,1,0,0,0,1,1,4,4,6,5.57,5,1,6,No
S06957,1,1,1,1,0,1,0,1,1,1,1,10,2,4,5.76,2,3,6,Yes
S06958,0,0,0,1,1,1,0,0,0,0,4,2,9,9,5.52,8,1,8,No
S06959,0,1,0,1,0,1,0,0,0,0,7,8,10,10,8.53,1,3,8,Yes
S06960,0,1,1,1,0,0,1,0,1,1,6,1,2,1,6.34,8,1,2,No
S06961,1,0,0,1,1,1,0,0,0,1,8,9,1,6,8.91,1,0,8,No
S06962,1,1,1,0,0,0,1,0,0,1,4,7,6,8,9.88,1,1,0,No
S06963,0,1,0,0,0,1,0,0,0,0,5,3,10,3,8.58,6,2,5,Yes
S06964,0,1,0,0,0,1,0,0,0,0,9,5,1,7,7.76,8,2,1,Yes
S06965,1,1,1,1,0,0,1,0,0,1,8,1,1,3,9.56,2,3,4,Yes
S06966,1,1,1,0,0,1,1,0,0,0,8,9,8,10,8.57,4,2,3,Yes
S06967,0,0,0,0,1,1,1,0,0,0,10,3,8,4,6.41,2,3,7,Yes
S06968,1,0,1,0,0,1,1,1,0,0,7,2,6,10,8.34,2,2,6,Yes
S06969,0,1,0,1,1,1,1,1,0,0,6,2,10,4,8.1,3,2,1,Yes
S06970,1,1,0,0,1,1,1,0,0,1,2,10,4,2,8.01,3,3,7,Yes
S06971,1,0,1,1,1,1,0,1,0,1,1,2,1,7,8.02,8,1,6,Yes
S06972,0,1,0,1,1,1,0,0,0,0,3,1,9,3,6.98,2,0,0,No
S06973,1,1,0,1,0,0,1,0,0,0,2,6,7,7,5.01,1,3,1,No
S06974,1,0,0,0,1,0,1,1,1,0,2,8,1,4,9.28,2,3,0,No
S06975,1,0,0,0,0,1,1,0,0,0,1,8,2,6,9.94,5,0,4,No
S06976,1,0,0,0,0,0,1,1,1,0,4,9,6,8,8.76,2,1,1,No
S06977,0,0,0,0,0,1,1,0,0,0,4,8,10,2,6.23,3,1,0,No
S06978,0,0,1,1,1,0,1,1,0,0,2,9,1,3,9.53,5,3,3,Yes
S06979,0,1,0,0,1,0,0,1,1,0,5,6,4,4,7.48,0,2,5,Yes
S06980,1,0,0,1,1,0,1,0,1,0,2,9,4,2,6.59,0,1,6,No
S06981,1,1,1,1,0,1,1,1,0,0,5,9,4,8,6.34,4,0,1,Yes
S06982,1,1,1,0,0,1,1,0,1,0,10,2,5,10,6.33,3,0,1,No
S06983,0,1,0,0,0,0,1,0,0,0,8,9,10,9,9.15,5,3,3,Yes
S06984,0,0,1,0,0,1,1,0,0,0,9,7,8,1,8.37,0,2,1,No
S06985,0,1,1,0,0,1,1,1,1,0,10,1,1,9,7.85,1,1,5,Yes
S06986,1,0,0,1,1,1,0,0,1,0,3,4,5,1,6.08,4,2,8,No
S06987,1,1,1,1,0,0,0,1,1,0,3,10,7,5,9.58,6,2,6,Yes
S06988,1,1,1,0,1,0,0,0,1,1,5,10,9,7,6.48,5,0,0,Yes
S06989,1,0,0,1,0,0,1,1,0,0,6,10,7,5,6.01,6,3,6,Yes
S06990,1,0,0,1,1,1,0,0,0,0,3,10,4,2,8.27,1,3,2,Yes
S06991,0,0,1,1,1,0,0,0,0,1,4,10,6,10,9.69,5,2,5,Yes
S06992,1,1,0,1,0,1,1,0,0,0,8,6,8,1,9.58,7,0,4,Yes
S06993,1,0,1,1,1,0,0,1,0,0,4,5,1,10,6.82,6,1,2,No
S06994,1,0,0,1,0,1,1,0,0,0,4,6,5,5,6.87,6,3,7,Yes
S06995,0,1,1,0,0,1,1,0,1,0,7,10,1,6,9.79,4,1,2,Yes
S06996,0,1,1,0,0,0,0,0,1,0,7,4,8,9,5.39,8,0,8,Yes
S06997,0,1,1,1,1,1,1,0,0,0,2,9,2,5,9.21,3,0,6,No
S06998,0,0,0,0,1,1,1,0,1,0,2,2,4,5,6.9,0,0,3,No
S06999,1,1,1,1,1,1,1,0,1,0,1,7,4,3,5.97,1,3,3,No
S07000,0,1,0,0,1,1,0,0,0,1,4,9,2,4,9.47,3,2,5,No
S07001,1,0,1,1,1,1,1,0,0,0,1,2,8,1,8.41,5,2,8,Yes
S07002,1,1,0,0,1,1,1,0,1,0,7,3,7,8,5.66,0,0,2,No
S07003,0,0,1,0,0,1,1,0,1,0,6,9,9,10,6.47,3,0,8,Yes
S07004,0,1,0,1,0,1,1,1,0,0,4,5,7,9,6.52,1,0,0,No
S07005,1,1,1,0,0,1,1,0,0,0,2,1,6,7,5.47,6,2,0,No
S07006,1,1,1,1,0,0,1,1,1,1,3,8,7,3,6.11,1,1,6,No
S07007,1,0,1,0,1,1,0,0,0,0,1,6,7,1,9.44,0,1,3,No
S07008,1,0,0,1,0,1,0,0,1,0,6,2,1,7,8.0,8,1,5,Yes
S07009,1,0,0,0,0,1,1,1,0,1,3,4,4,3,8.92,6,0,2,No
S07010,1,0,0,1,1,0,0,0,0,0,5,1,9,7,9.99,0,0,6,Yes
S07011,1,1,0,0,1,0,0,1,0,1,10,9,1,8,8.48,1,3,7,Yes
S07012,0,1,0,0,1,0,1,0,1,0,8,3,5,7,7.32,5,0,2,No
S07013,1,1,0,1,0,1,0,1,0,1,6,8,4,3,8.47,0,0,4,No
S07014,1,1,1,0,1,0,1,0,1,0,2,10,2,2,9.72,2,0,4,No
S07015,1,0,0,1,0,1,0,0,0,1,7,4,8,3,8.6,8,2,2,Yes
S07016,0,1,1,0,1,1,0,0,0,1,5,6,10,8,5.83,7,0,0,Yes
S07017,1,0,0,1,0,0,1,0,1,0,5,2,2,4,5.72,1,2,1,No
S07018,1,0,1,1,0,1,1,1,0,0,4,9,6,6,6.98,7,0,3,No
S07019,1,1,0,1,0,1,1,0,1,1,9,2,5,10,5.65,7,0,5,Yes
S07020,0,0,1,0,1,0,1,0,0,0,1,2,4,8,5.55,1,1,1,No
S07021,0,1,0,1,1,0,1,0,0,1,5,1,8,6,5.85,3,1,8,No
S07022,0,0,0,1,0,1,1,0,1,0,5,5,8,10,8.73,5,0,8,Yes
S07023,0,1,0,1,0,1,0,0,0,1,4,6,4,6,5.25,3,3,1,No
S07024,0,1,0,1,1,1,1,0,0,0,6,4,1,4,6.46,0,2,4,No
S07025,0,1,0,1,0,0,0,0,1,0,9,8,8,5,7.39,8,1,4,Yes
S07026,1,0,1,1,0,0,1,1,1,1,1,3,4,6,8.86,3,2,6,Yes
S07027,1,0,0,0,0,0,1,0,0,0,5,7,7,10,8.75,5,2,5,Yes
S07028,0,1,1,1,0,0,1,1,0,0,10,6,9,4,5.5,4,1,4,Yes
S07029,1,0,1,0,0,0,1,0,0,0,9,8,2,4,8.13,8,1,8,Yes
S07030,1,1,1,1,0,0,1,1,1,1,6,5,3,3,6.26,8,2,3,Yes
S07031,0,0,0,0,1,0,0,0,0,1,2,4,2,1,5.49,4,2,2,No
S07032,1,1,0,1,0,0,0,1,1,0,4,2,3,1,8.83,8,1,5,Yes
S07033,0,1,0,1,0,1,0,0,0,1,5,3,1,4,7.11,1,1,8,No
S07034,0,0,0,1,1,1,0,1,0,1,1,9,4,1,6.92,2,3,5,No
S07035,1,1,0,1,1,1,1,1,0,0,2,2,3,10,8.46,5,3,3,Yes
S07036,0,1,0,1,1,1,0,1,0,0,4,9,10,6,6.04,7,2,3,Yes
S07037,1,1,0,1,1,1,0,0,0,1,10,3,9,5,9.86,3,2,5,Yes
S07038,1,1,1,1,1,0,1,0,0,0,9,8,1,1,7.65,0,0,3,No
S07039,1,1,0,1,1,0,1,0,0,1,8,8,3,7,7.1,6,1,4,Yes
S07040,0,0,0,0,0,1,1,1,0,1,1,4,10,6,8.5,7,1,2,Yes
S07041,0,1,0,1,0,0,1,0,0,0,5,6,4,4,8.22,6,3,8,Yes
S07042,1,1,1,0,0,0,1,1,0,0,6,1,7,3,6.58,6,2,1,No
S07043,0,1,1,1,1,1,0,1,0,0,6,7,6,4,9.82,2,3,0,Yes
S07044,1,0,1,1,0,0,1,1,0,1,1,4,6,8,5.07,5,0,7,No
S07045,0,0,1,1,0,1,0,1,1,0,3,4,10,1,8.8,4,1,1,No
S07046,1,0,1,0,0,1,0,0,0,1,1,2,8,3,7.6,8,0,4,No
S07047,0,1,0,0,1,0,1,0,0,0,3,5,4,1,7.91,5,0,8,No
S07048,1,1,0,0,0,1,0,0,0,0,4,5,7,6,5.18,5,2,6,No
S07049,1,0,1,1,1,1,0,1,0,0,8,5,8,2,7.64,4,0,8,Yes
S07050,1,0,1,0,1,1,0,0,0,0,10,4,7,8,8.11,1,3,4,Yes
S07051,0,1,1,1,0,0,0,1,0,0,6,1,9,9,9.79,8,2,2,Yes
S07052,1,1,1,1,1,0,1,1,0,0,9,1,1,2,9.37,6,0,3,No
S07053,0,1,0,1,0,0,1,0,1,0,5,10,3,2,7.54,1,0,0,No
S07054,1,1,1,1,1,1,1,1,0,1,7,2,1,5,8.82,6,0,8,Yes
S07055,1,0,0,1,0,1,0,0,1,0,6,6,4,8,9.4,2,0,5,No
S07056,1,1,0,0,1,1,1,0,0,1,1,9,3,6,5.5,7,0,8,Yes
S07057,0,1,0,1,1,0,0,0,1,0,1,2,2,6,5.39,1,3,3,No
S07058,1,1,1,1,0,1,1,0,0,1,10,4,9,3,9.45,8,3,4,Yes
S07059,0,1,0,1,0,0,1,1,0,0,2,6,3,5,7.92,7,3,8,Yes
S07060,0,1,0,1,1,1,0,0,1,0,1,4,10,8,9.44,1,0,7,No
S07061,0,1,1,1,1,1,1,0,1,1,10,1,9,10,8.56,1,2,1,Yes
S07062,1,0,0,1,1,1,1,0,0,0,4,10,5,3,5.43,3,1,6,No
S07063,0,1,0,1,1,1,1,1,0,1,9,8,8,5,7.09,8,2,8,Yes
S07064,0,1,1,1,1,0,0,1,1,0,1,6,2,3,6.49,2,1,0,No
S07065,1,1,1,0,1,0,0,0,1,1,9,4,5,2,7.02,4,0,5,No
S07066,0,1,0,0,0,1,1,1,0,0,4,3,4,2,5.89,3,1,6,No
S07067,1,1,1,1,1,1,1,1,0,0,7,10,5,2,9.3,5,1,3,Yes
S07068,1,1,0,0,0,0,1,0,0,1,1,7,10,6,7.91,4,1,0,No
S07069,1,0,0,1,0,0,1,1,0,0,5,8,1,2,7.56,8,2,0,No
S07070,1,1,0,1,0,0,0,1,0,1,3,3,2,7,8.43,0,1,6,No
S07071,1,0,0,0,0,1,0,0,1,0,4,5,5,2,9.26,3,1,1,No
S07072,1,1,1,1,0,1,0,1,1,0,1,9,1,4,5.52,5,2,0,No
S07073,0,1,0,0,1,0,1,0,0,1,8,7,9,5,6.23,8,3,5,Yes
S07074,1,0,0,1,1,0,0,0,0,1,5,10,7,6,5.92,3,2,6,Yes
S07075,1,1,0,0,0,0,0,0,1,1,6,3,9,8,5.0,7,1,1,No
S07076,1,1,1,1,1,1,0,0,0,1,3,4,4,2,9.28,1,1,2,Yes
S07077,0,1,0,0,1,1,0,0,1,1,7,2,10,1,7.89,1,1,1,No
S07078,0,1,1,1,0,0,1,0,0,0,10,7,5,1,7.37,5,0,5,No
S07079,0,1,1,1,0,1,1,1,0,0,2,4,4,10,9.26,8,2,2,Yes
S07080,0,1,1,0,1,0,1,0,0,1,8,9,6,8,8.45,8,2,0,Yes
S07081,1,0,1,0,1,1,0,1,1,1,2,8,3,2,7.24,7,2,1,No
S07082,0,0,0,0,0,0,0,0,0,0,3,1,4,7,5.92,1,3,4,No
S07083,1,1,0,1,0,0,1,0,1,0,10,7,10,1,7.48,4,2,4,No
S07084,1,1,1,0,0,0,1,1,0,0,5,9,10,7,6.23,2,0,8,Yes
S07085,0,1,0,0,1,1,0,0,1,1,4,6,10,5,8.14,4,2,4,Yes
S07086,1,1,0,1,0,1,0,0,0,0,5,7,7,8,9.21,3,3,0,Yes
S07087,0,0,0,1,0,1,0,0,0,1,6,10,6,2,8.29,7,0,4,Yes
S07088,0,1,1,1,1,1,0,0,0,1,10,7,7,2,8.06,7,3,3,Yes
S07089,1,1,0,1,0,0,1,1,1,1,4,6,2,2,8.95,6,3,4,Yes
S07090,1,0,0,0,1,1,0,0,1,0,9,2,6,8,5.37,6,1,0,No
S07091,1,0,1,1,1,1,0,0,0,1,8,10,4,1,6.3,2,3,7,Yes
S07092,0,0,0,1,0,1,1,0,0,0,6,2,8,9,7.35,6,0,4,No
S07093,0,0,1,1,0,0,0,1,0,0,7,10,3,10,9.17,8,0,4,Yes
S07094,1,0,0,0,0,0,1,0,1,0,8,7,3,7,7.38,6,0,4,No
S07095,1,1,0,1,1,1,1,0,1,0,10,10,2,7,9.81,7,2,7,Yes
S07096,0,1,0,1,1,0,1,1,0,0,10,8,2,4,5.16,3,2,3,No
S07097,0,1,0,0,1,1,1,0,0,1,6,6,10,7,8.96,6,3,6,Yes
S07098,1,1,1,0,1,1,0,0,1,0,6,3,3,4,5.83,6,3,1,No
S07099,1,0,1,1,1,0,0,0,0,0,7,2,8,3,7.68,1,1,6,No
S07100,0,1,0,0,1,1,0,1,1,1,9,6,6,7,7.85,3,0,0,No
S07101,1,1,1,0,1,1,1,0,1,0,6,7,2,3,8.84,3,1,7,Yes
S07102,1,1,0,0,1,0,1,1,0,1,3,4,10,1,6.07,3,0,7,No
S07103,0,1,0,0,0,1,0,0,0,0,1,1,5,10,7.67,1,3,6,No
S07104,0,0,1,1,0,0,1,0,0,1,10,7,4,7,8.77,1,2,8,Yes
S07105,1,1,0,1,0,1,1,0,0,0,4,5,6,9,8.31,6,2,2,Yes
S07106,1,1,1,0,0,1,1,0,0,0,6,1,6,3,8.03,5,3,4,Yes
S07107,1,1,0,1,0,1,1,0,1,1,1,9,7,3,9.39,5,3,6,Yes
S07108,1,0,0,0,0,1,1,1,1,0,10,1,8,2,8.79,5,0,1,No
S07109,0,0,1,1,1,1,1,0,0,0,2,1,4,4,5.58,3,1,3,No
S07110,1,1,0,1,1,1,0,0,0,0,7,5,6,10,6.62,1,1,0,Yes
S07111,0,0,0,1,0,0,1,0,0,0,10,7,2,4,5.22,0,1,8,No
S07112,0,0,0,0,0,0,0,0,1,0,7,6,6,8,9.15,1,3,6,Yes
S07113,1,0,0,0,1,1,0,0,1,1,7,7,2,4,8.46,1,1,6,No
S07114,1,0,1,1,1,1,1,0,0,0,9,10,8,7,6.21,1,1,2,Yes
S07115,1,0,1,1,1,1,0,1,0,0,2,10,10,4,6.55,0,0,0,No
S07116,0,1,1,1,1,1,0,0,1,0,4,10,6,8,7.59,0,3,0,No
S07117,0,0,0,0,1,1,1,0,0,1,10,9,6,3,6.77,0,0,1,No
S07118,1,0,0,1,1,1,0,0,1,1,8,6,2,6,8.49,0,0,0,No
S07119,0,0,1,1,1,1,0,1,0,1,5,6,2,1,6.64,5,2,4,Yes
S07120,0,0,0,1,1,1,0,0,0,0,10,9,7,3,9.54,2,1,4,Yes
S07121,0,1,0,1,0,0,1,0,0,0,4,9,10,2,9.85,0,2,6,Yes
S07122,1,1,1,0,0,1,0,1,0,0,4,3,6,2,6.91,3,2,5,No
S07123,1,1,0,1,1,0,1,0,0,0,2,6,6,5,8.56,1,1,0,No
S07124,0,0,1,1,0,1,1,0,0,1,2,1,4,2,9.34,1,1,1,No
S07125,1,1,0,0,1,0,0,0,0,0,6,6,10,1,9.81,4,0,1,No
S07126,1,1,1,0,0,1,0,0,1,0,8,9,7,1,6.28,4,2,4,No
S07127,1,1,0,0,1,1,0,0,0,0,5,3,6,1,5.07,1,2,4,No
S07128,1,1,1,1,1,0,1,0,1,1,1,1,1,10,9.85,0,0,4,No
S07129,1,0,0,1,0,1,1,1,0,0,2,7,10,4,7.55,1,0,3,No
S07130,0,0,1,1,0,1,1,0,1,0,6,4,5,4,7.0,6,1,4,Yes
S07131,1,0,0,1,0,0,0,1,1,0,10,4,7,3,8.03,3,2,0,No
S07132,1,1,1,0,0,1,1,1,1,1,9,9,3,2,8.21,4,2,1,Yes
S07133,0,0,1,0,1,1,1,0,0,0,2,3,3,1,9.08,4,2,5,No
S07134,1,1,0,0,1,0,0,0,0,0,7,5,1,8,6.37,1,1,1,No
S07135,1,1,0,1,1,0,0,0,0,1,3,2,9,10,9.27,1,1,1,No
S07136,0,0,1,0,1,1,1,0,1,0,8,10,7,1,7.55,4,2,7,Yes
S07137,0,0,0,1,1,0,0,0,0,0,8,8,9,3,7.98,1,3,5,Yes
S07138,0,0,1,1,0,1,0,0,1,0,4,4,4,2,6.92,8,2,0,No
S07139,0,1,0,0,1,1,0,0,0,0,9,4,7,5,5.85,5,0,4,Yes
S07140,1,1,1,1,0,1,1,1,1,0,3,9,9,4,5.71,5,1,4,Yes
S07141,0,1,0,1,0,1,1,0,1,0,9,4,6,9,8.53,1,2,6,Yes
S07142,1,1,1,0,0,1,1,1,0,0,9,9,8,9,6.93,4,2,6,Yes
S07143,0,1,0,0,0,1,1,0,0,0,3,7,7,3,8.5,3,2,4,No
S07144,1,1,0,0,1,1,0,1,1,1,10,1,6,4,7.99,6,2,5,Yes
S07145,0,1,0,1,0,0,1,0,0,0,3,10,6,9,7.15,1,1,4,No
S07146,0,1,1,1,0,1,1,0,0,0,6,8,7,9,9.21,4,2,2,Yes
S07147,0,0,0,0,1,0,1,1,0,0,10,4,2,6,5.32,8,3,0,No
S07148,1,0,0,1,0,1,0,0,0,1,3,8,7,5,5.69,1,1,0,No
S07149,1,0,1,1,1,1,0,0,1,0,7,4,6,10,5.88,5,2,1,Yes
S07150,0,1,0,1,1,1,0,0,0,1,2,10,9,10,7.51,7,3,7,Yes
S07151,0,1,1,0,1,0,0,1,0,0,3,3,2,3,5.67,2,3,2,No
S07152,1,1,1,1,1,1,1,0,1,0,8,6,5,2,9.18,3,1,5,Yes
S07153,0,1,1,0,0,0,1,0,0,1,2,4,6,10,5.43,2,3,8,Yes
S07154,0,1,0,0,1,0,0,0,0,0,1,8,8,2,8.65,7,1,1,No
S07155,1,1,1,0,0,1,0,1,1,1,1,7,10,2,9.7,6,1,0,Yes
S07156,0,0,0,1,1,1,0,0,1,1,10,10,1,1,9.4,4,0,0,No
S07157,1,1,1,1,1,0,0,0,1,0,8,6,7,10,5.11,5,2,2,Yes
S07158,1,0,0,0,0,1,1,1,1,0,5,7,4,8,7.94,8,2,8,Yes
S07159,1,0,0,0,1,1,0,0,0,1,9,8,4,10,6.41,6,1,4,Yes
S07160,0,1,0,1,1,0,1,0,1,0,3,7,8,7,5.44,7,0,1,Yes
S07161,0,1,1,1,1,1,0,0,0,0,6,7,10,8,6.49,5,0,4,Yes
S07162,1,0,1,1,0,0,1,1,1,0,10,7,9,9,7.09,8,0,1,Yes
S07163,0,1,0,1,1,1,1,0,0,0,4,3,7,7,6.55,3,1,4,No
S07164,0,1,1,1,1,1,0,0,0,0,6,7,1,5,9.05,8,0,8,Yes
S07165,0,0,0,1,0,0,1,0,0,0,10,7,4,6,7.98,0,0,0,No
S07166,1,0,1,0,0,1,0,1,0,0,6,7,1,9,6.71,2,1,2,No
S07167,0,0,1,1,1,0,1,0,1,0,5,9,4,10,8.44,1,0,1,No
S07168,1,1,1,1,0,0,0,1,0,0,9,1,1,4,9.9,1,1,2,No
S07169,1,1,0,1,1,0,1,1,1,0,2,4,5,8,5.53,0,2,8,No
S07170,1,1,0,1,0,0,1,0,0,0,4,5,3,2,5.32,0,1,8,No
S07171,1,1,1,0,0,1,1,0,0,0,5,2,1,4,6.97,6,2,3,No
S07172,0,1,0,1,0,1,1,0,1,0,3,7,2,7,9.47,1,1,1,No
S07173,1,1,0,0,0,1,0,1,0,0,8,7,3,10,9.33,2,2,0,Yes
S07174,0,0,1,1,0,0,0,1,1,0,3,3,6,8,6.53,5,3,7,Yes
S07175,1,0,1,1,0,1,0,0,0,1,6,3,6,2,6.9,4,1,6,No
S07176,1,0,0,1,0,1,1,1,1,1,4,3,5,3,8.56,2,2,5,Yes
S07177,0,0,0,1,0,0,1,0,0,1,6,8,7,6,5.37,5,3,2,No
S07178,0,1,0,0,0,1,1,0,0,0,4,3,5,10,7.1,7,3,5,No
S07179,1,1,1,1,0,1,1,0,0,0,7,6,2,3,8.36,0,2,0,No
S07180,1,0,1,0,1,0,0,1,1,0,4,3,4,7,8.22,0,0,5,No
S07181,1,0,1,1,0,1,1,0,0,1,8,1,10,9,6.81,3,3,1,Yes
S07182,1,1,1,1,1,0,1,0,1,1,6,10,2,10,6.95,5,2,0,Yes
S07183,0,1,1,0,0,1,1,0,0,0,10,9,1,5,8.36,4,2,8,Yes
S07184,0,0,0,0,0,0,1,0,1,0,10,6,6,9,8.9,0,3,8,Yes
S07185,1,1,0,1,0,1,1,0,0,1,4,9,4,10,6.05,6,0,7,Yes
S07186,0,1,1,1,0,0,0,1,0,0,9,3,4,3,6.0,7,2,4,No
S07187,0,1,0,0,1,1,1,0,0,0,10,9,2,3,7.74,4,1,0,No
S07188,1,0,1,0,1,0,1,0,0,0,1,2,8,4,8.0,4,2,5,No
S07189,1,1,1,0,1,1,0,0,0,0,3,7,7,7,6.65,8,3,1,Yes
S07190,0,0,0,1,0,0,1,0,0,0,4,1,5,2,6.68,1,2,5,No
S07191,0,1,0,0,0,1,1,1,0,0,8,6,5,3,6.92,5,2,4,Yes
S07192,1,1,0,0,1,0,1,1,0,0,7,9,4,1,9.51,5,2,5,Yes
S07193,1,0,1,0,0,1,1,0,0,1,5,3,2,9,6.17,6,3,7,Yes
S07194,1,1,1,1,1,0,0,0,0,0,9,3,4,6,7.62,7,2,8,Yes
S07195,0,1,0,1,0,0,1,0,0,0,3,8,1,2,7.4,6,1,0,No
S07196,1,1,1,0,0,1,1,0,1,0,1,3,2,3,9.29,6,2,2,Yes
S07197,1,0,1,0,0,1,1,1,0,0,9,6,6,9,7.48,4,0,0,No
S07198,0,1,0,1,1,0,1,0,1,1,2,9,2,5,5.09,5,2,4,No
S07199,0,1,0,1,1,0,0,0,0,0,9,4,10,9,5.08,2,0,7,No
S07200,0,0,0,1,0,0,0,0,0,1,9,3,8,9,5.69,2,1,4,No
S07201,1,1,0,1,0,1,0,0,0,1,4,7,8,7,5.6,2,3,6,Yes
S07202,1,1,0,1,0,0,0,0,0,1,6,10,2,9,6.71,5,2,3,Yes
S07203,1,0,0,1,0,1,1,0,0,1,4,9,4,4,7.41,6,2,0,Yes
S07204,1,1,1,0,0,0,1,0,0,0,2,2,8,6,6.82,8,1,5,Yes
S07205,0,1,0,0,1,0,1,0,1,0,8,6,5,10,7.05,2,3,4,No
S07206,1,1,0,0,1,1,0,1,0,0,7,6,6,6,8.37,3,2,6,Yes
S07207,1,0,0,0,1,1,0,0,0,1,10,6,6,3,5.4,2,1,1,No
S07208,1,1,1,1,1,1,1,1,1,0,10,2,4,7,9.86,1,2,5,Yes
S07209,1,1,1,1,1,1,1,0,0,0,7,4,1,1,7.54,0,3,8,Yes
S07210,0,0,1,1,1,1,0,0,1,1,6,7,6,8,8.35,4,1,1,Yes
S07211,1,1,1,1,0,1,1,0,0,0,4,7,2,1,6.47,5,3,0,Yes
S07212,1,1,1,1,0,0,1,0,1,0,8,10,8,7,6.86,0,0,5,Yes
S07213,1,1,0,0,1,1,1,1,0,1,4,2,5,6,5.32,7,0,5,Yes
S07214,1,0,1,1,0,1,1,0,1,1,1,6,8,8,6.33,0,0,5,No
S07215,1,1,0,1,0,1,1,0,0,0,1,9,7,3,5.72,7,0,4,No
S07216,0,0,1,1,0,1,0,0,1,0,3,9,8,5,5.92,0,0,5,Yes
S07217,0,0,0,1,1,1,0,0,0,0,10,5,2,2,9.33,2,0,5,No
S07218,0,1,1,0,1,1,0,0,0,1,1,7,7,5,6.48,6,2,2,No
S07219,0,1,0,1,1,1,1,0,1,1,6,10,6,7,9.48,6,2,4,Yes
S07220,0,0,0,1,1,1,1,0,0,0,4,1,10,9,8.29,4,3,7,Yes
S07221,0,1,1,1,1,1,1,0,1,0,10,3,6,10,6.95,4,3,5,Yes
S07222,1,1,1,1,0,1,0,1,0,0,6,2,2,8,6.95,5,3,4,No
S07223,1,1,0,1,0,1,1,0,1,0,5,5,4,9,9.92,7,3,2,Yes
S07224,1,1,0,1,1,0,0,1,0,0,9,10,8,2,7.45,4,0,4,Yes
S07225,0,1,0,0,0,1,0,0,1,1,10,1,9,2,9.95,6,2,4,Yes
S07226,0,1,0,1,0,0,1,0,0,0,3,4,6,3,7.12,4,1,3,No
S07227,0,1,0,0,1,1,0,1,0,1,9,5,8,9,5.94,8,2,2,Yes
S07228,1,1,0,0,0,1,1,0,1,0,10,8,6,2,6.24,4,3,3,Yes
S07229,0,0,1,1,1,1,0,0,0,0,10,3,9,9,6.32,5,2,1,Yes
S07230,1,0,1,1,0,1,1,0,1,1,6,1,9,3,5.01,5,1,8,Yes
S07231,1,1,0,1,0,0,1,0,1,0,3,6,8,6,7.47,8,3,1,Yes
S07232,1,1,0,1,0,1,1,0,1,0,9,2,9,9,5.65,5,2,4,Yes
S07233,1,1,0,1,1,1,0,0,0,0,6,10,4,4,9.37,1,0,8,Yes
S07234,1,1,0,1,0,1,1,0,0,1,9,6,5,3,8.41,8,0,7,Yes
S07235,1,1,1,1,0,1,1,1,1,1,9,8,7,3,6.62,3,0,8,Yes
S07236,1,1,0,1,1,1,1,0,1,1,5,3,10,10,7.74,0,3,0,Yes
S07237,0,0,1,0,0,0,1,0,1,0,9,8,8,2,5.28,6,3,6,Yes
S07238,0,1,0,1,1,0,0,0,0,0,9,7,3,8,6.34,5,2,8,Yes
S07239,0,1,0,0,1,1,0,0,0,0,9,5,5,7,9.28,5,3,1,Yes
S07240,1,1,1,0,1,0,1,0,1,0,10,3,3,4,8.39,4,3,2,Yes
S07241,0,1,0,0,0,0,1,1,0,1,1,9,6,4,9.83,1,1,8,Yes
S07242,0,0,0,0,0,1,1,1,0,1,2,4,5,4,9.64,5,3,3,Yes
S07243,1,1,0,1,1,1,0,0,0,0,7,2,5,6,7.55,0,1,7,No
S07244,1,0,0,1,1,0,1,1,0,1,7,3,4,4,9.57,3,3,0,Yes
S07245,1,1,0,1,0,1,1,0,1,0,8,10,1,9,6.41,7,3,4,Yes
S07246,1,1,1,1,1,0,0,1,0,0,10,9,7,5,8.03,0,0,4,Yes
S07247,0,0,1,1,0,1,1,0,0,1,4,3,7,7,6.28,0,3,4,No
S07248,0,1,1,1,1,0,1,0,0,0,7,5,4,4,6.35,7,3,8,Yes
S07249,1,1,0,0,1,1,1,1,1,1,6,10,8,8,7.07,0,2,7,Yes
S07250,0,0,1,1,0,1,1,0,0,1,8,1,10,6,5.67,4,2,4,Yes
S07251,0,1,1,1,0,0,1,0,0,0,2,10,5,2,8.99,0,2,3,No
S07252,0,0,0,1,1,1,0,0,1,0,6,5,1,6,9.67,7,2,4,Yes
S07253,1,1,0,1,1,0,0,0,0,0,6,3,3,6,7.15,2,3,3,No
S07254,0,1,1,0,0,0,1,1,0,1,3,6,10,9,7.66,1,2,6,Yes
S07255,1,1,1,0,0,0,1,1,1,1,7,8,4,9,7.6,2,0,1,Yes
S07256,0,0,0,1,0,1,0,1,0,0,10,8,4,4,7.43,6,0,4,No
S07257,1,1,0,1,1,0,0,0,0,0,10,7,8,3,7.78,1,1,5,Yes
S07258,1,1,1,1,1,1,1,0,0,0,9,3,4,5,7.98,1,1,3,Yes
S07259,0,1,0,1,1,1,1,0,0,1,1,2,3,1,8.88,8,0,6,No
S07260,1,1,0,1,1,0,0,0,1,1,4,5,7,3,8.96,6,0,7,Yes
S07261,1,1,1,0,0,1,1,1,0,0,8,4,5,3,7.69,2,0,3,No
S07262,1,1,0,1,0,1,1,1,0,0,8,3,9,7,8.24,6,2,8,Yes
S07263,0,0,1,1,1,0,0,1,0,0,5,1,4,9,6.01,0,3,6,No
S07264,1,1,1,0,0,0,1,0,0,1,5,4,6,4,9.17,8,3,3,Yes
S07265,0,1,0,1,1,1,0,0,0,0,5,4,6,10,6.7,3,1,1,No
S07266,1,1,0,0,0,0,0,0,1,0,1,3,1,3,7.82,2,2,1,No
S07267,1,1,0,0,0,1,1,0,0,0,5,4,9,2,9.72,4,2,0,Yes
S07268,1,0,0,0,0,1,1,0,0,0,2,2,8,3,8.03,1,1,0,No
S07269,1,1,1,1,0,1,1,0,0,0,1,7,6,2,6.95,7,3,5,Yes
S07270,1,1,0,1,0,1,0,1,0,1,9,4,8,5,8.03,1,0,2,No
S07271,1,1,1,1,0,1,0,1,0,0,7,10,10,7,7.35,7,0,1,Yes
S07272,0,0,1,1,0,1,1,0,1,0,1,5,2,4,9.12,0,0,5,No
S07273,0,0,1,1,0,1,1,0,0,0,6,5,4,6,7.4,6,0,6,Yes
S07274,1,1,1,1,0,0,1,0,0,0,8,7,4,7,7.78,8,0,5,Yes
S07275,1,1,1,0,0,0,0,0,0,0,5,10,6,10,9.29,7,1,3,Yes
S07276,0,1,1,1,0,1,1,0,0,1,8,4,4,4,8.53,6,3,1,Yes
S07277,1,1,0,0,1,0,0,0,1,1,2,2,6,8,7.95,6,0,8,No
S07278,1,1,1,1,1,1,0,0,1,1,2,7,3,8,8.2,5,3,5,Yes
S07279,0,0,1,0,1,0,0,1,0,0,1,6,3,1,7.05,1,3,6,No
S07280,0,1,1,0,1,1,0,0,0,1,9,4,3,5,7.97,1,3,1,No
S07281,0,0,0,1,0,0,0,0,1,1,3,8,5,5,6.36,3,2,3,No
S07282,1,1,0,0,1,0,0,0,0,1,6,10,5,7,8.99,7,0,7,Yes
S07283,1,0,0,0,0,1,1,0,1,0,3,8,9,6,5.52,4,1,4,No
S07284,0,1,0,0,1,0,0,0,1,0,1,10,7,6,9.7,1,2,2,No
S07285,1,1,0,0,0,0,1,0,0,0,9,7,5,5,9.09,2,0,5,No
S07286,1,0,0,1,0,1,0,0,0,0,5,1,7,6,8.75,4,3,0,No
S07287,1,1,1,1,1,1,0,0,0,0,7,2,6,5,8.55,4,2,7,Yes
S07288,1,1,0,0,1,1,1,1,1,0,2,3,9,5,9.63,4,1,4,Yes
S07289,0,0,0,0,0,1,1,0,0,0,2,4,4,8,5.64,8,1,7,No
S07290,0,1,1,0,0,1,1,0,1,1,7,5,9,5,5.2,6,1,4,Yes
S07291,0,1,0,1,1,0,1,1,0,1,4,2,8,6,5.6,3,3,7,No
S07292,1,0,1,0,0,1,1,0,0,1,2,1,2,8,9.06,1,0,3,No
S07293,1,0,0,1,1,0,1,1,0,1,5,3,3,1,6.15,4,3,6,Yes
S07294,1,0,0,1,1,1,1,1,0,0,5,1,9,4,5.78,6,2,2,No
S07295,1,1,0,1,0,0,1,0,1,0,8,3,5,1,8.86,8,1,2,Yes
S07296,0,0,1,0,0,0,1,1,0,0,5,5,7,8,7.54,7,0,2,Yes
S07297,1,0,1,1,0,0,1,0,1,0,5,4,6,4,8.12,0,0,5,No
S07298,1,0,1,1,0,1,0,0,0,1,6,4,3,5,5.4,1,0,3,No
S07299,1,0,0,0,1,1,1,1,0,0,3,3,4,3,7.93,1,1,5,No
S07300,0,1,1,1,1,1,1,0,0,0,6,3,5,9,6.72,6,0,5,Yes
S07301,1,1,1,1,0,1,0,1,0,0,3,9,9,5,6.64,2,0,7,Yes
S07302,1,1,0,1,0,1,1,1,0,0,1,8,3,6,6.96,7,2,0,No
S07303,1,0,1,1,0,1,1,1,0,0,6,5,7,3,8.32,3,0,2,No
S07304,0,1,1,1,0,0,1,1,1,0,2,6,3,8,9.06,7,0,1,No
S07305,1,0,0,0,1,1,1,1,0,1,3,5,9,10,6.03,4,0,0,No
S07306,0,0,0,0,1,0,0,1,0,1,10,3,6,2,9.49,6,0,3,No
S07307,0,0,1,1,0,1,1,0,0,0,4,4,2,3,8.08,2,1,4,No
S07308,1,0,0,1,1,0,1,0,1,0,9,1,7,9,6.71,4,0,5,No
S07309,0,0,1,1,0,0,1,0,1,1,1,4,4,2,6.73,4,1,7,No
S07310,1,0,1,1,1,0,1,0,1,0,7,8,3,7,9.58,8,1,8,Yes
S07311,0,0,0,1,0,0,1,0,0,0,3,3,5,8,8.79,2,0,0,No
S07312,1,1,0,1,1,0,1,0,1,0,1,6,4,5,5.78,2,1,0,No
S07313,1,1,1,0,1,0,0,1,0,0,9,2,9,1,8.85,6,2,2,Yes
S07314,1,1,0,1,1,0,0,0,1,0,3,8,5,8,8.52,5,3,1,Yes
S07315,1,1,0,0,0,0,1,1,0,0,1,4,9,3,9.83,6,1,3,Yes
S07316,0,1,0,1,0,1,1,0,0,0,10,1,10,10,5.29,1,1,1,No
S07317,1,0,1,1,1,0,0,1,0,0,1,2,9,6,9.36,1,2,4,Yes
S07318,0,0,1,0,0,1,1,1,0,0,9,8,2,5,7.69,2,2,6,Yes
S07319,1,1,1,1,1,0,0,1,0,0,9,8,7,9,5.54,3,3,7,Yes
S07320,0,0,1,0,1,0,0,0,0,1,6,10,5,10,8.1,6,2,5,Yes
S07321,1,1,0,1,0,1,1,1,0,0,6,4,10,6,6.14,5,3,5,Yes
S07322,1,1,1,0,0,1,1,0,1,0,1,8,5,4,9.51,0,2,3,No
S07323,1,0,0,1,0,0,0,1,1,0,9,5,8,3,5.2,8,3,4,Yes
S07324,0,1,1,0,1,1,1,0,0,1,4,3,9,9,7.3,0,0,6,No
S07325,1,0,1,1,0,0,1,1,0,1,1,4,6,7,8.58,8,1,4,Yes
S07326,1,1,1,1,0,0,0,0,0,1,1,8,2,7,7.93,5,0,0,No
S07327,1,1,1,0,0,1,1,0,1,1,8,7,1,9,7.04,5,1,7,Yes
S07328,0,0,1,0,1,0,1,0,1,0,6,10,7,4,8.41,1,3,4,Yes
S07329,1,1,0,0,1,1,1,1,0,0,4,1,10,7,7.09,2,2,6,Yes
S07330,0,0,0,1,1,1,0,1,1,1,3,10,2,8,6.18,5,0,2,No
S07331,1,1,1,0,0,0,1,0,1,0,9,6,5,5,8.54,7,0,2,Yes
S07332,0,1,1,1,1,0,1,0,0,0,8,1,8,3,9.65,1,2,8,Yes
S07333,0,0,0,1,1,0,1,1,0,1,9,1,2,2,5.81,7,3,8,Yes
S07334,1,0,1,1,1,0,0,0,0,0,7,9,6,8,6.58,5,2,6,Yes
S07335,1,1,0,1,0,1,0,0,0,0,2,4,4,10,7.67,6,2,4,Yes
S07336,1,1,0,0,1,0,1,0,0,0,5,4,6,5,8.1,1,1,4,No
S07337,1,0,1,0,1,0,0,0,0,0,9,7,4,3,7.04,0,3,7,No
S07338,1,1,1,1,0,1,1,0,0,0,3,9,4,9,7.4,7,0,1,No
S07339,0,1,0,1,1,1,1,0,0,0,2,6,2,3,8.82,0,0,5,No
S07340,1,0,0,1,0,0,0,0,0,0,1,4,1,9,6.38,5,3,5,No
S07341,0,1,1,1,0,1,1,0,1,0,1,8,4,8,5.1,1,3,5,No
S07342,1,1,0,1,0,1,1,0,0,1,4,1,4,4,6.47,5,3,2,No
S07343,0,1,0,0,0,1,0,0,1,0,4,9,6,7,8.2,1,0,5,No
S07344,1,0,0,0,1,0,0,0,1,1,2,10,6,9,7.57,2,3,3,Yes
S07345,1,1,0,1,0,0,1,0,1,0,8,10,2,1,6.49,6,2,1,No
S07346,1,0,1,0,0,1,0,0,0,1,2,4,1,5,7.97,3,3,0,No
S07347,1,1,0,0,0,0,0,0,1,0,3,7,10,9,5.07,2,1,3,No
S07348,1,1,0,1,1,1,1,0,0,0,8,8,3,5,7.65,0,3,2,Yes
S07349,0,1,1,1,0,1,1,1,0,0,6,1,1,2,9.73,6,3,3,Yes
S07350,0,1,1,1,1,1,1,1,1,0,9,4,5,4,9.71,0,2,0,Yes
S07351,1,1,0,1,1,1,1,0,0,0,9,1,10,7,7.14,4,0,5,Yes
S07352,1,1,0,1,1,0,1,0,0,0,1,1,10,4,8.99,4,1,4,No
S07353,1,0,1,0,0,1,0,0,0,0,5,10,7,6,5.87,6,1,3,Yes
S07354,1,0,0,0,0,0,1,0,0,0,6,9,9,8,9.8,3,2,2,Yes
S07355,1,1,0,0,1,0,1,0,0,1,5,6,2,1,6.57,1,2,6,No
S07356,0,0,0,0,0,0,1,0,0,1,1,1,1,3,9.41,6,3,3,No
S07357,0,0,1,0,0,0,0,0,0,0,7,3,5,5,5.17,2,3,3,No
S07358,0,1,1,1,1,1,0,1,0,0,7,4,2,10,6.27,1,0,8,No
S07359,1,1,1,1,1,1,0,0,1,0,7,9,2,5,8.94,7,3,8,Yes
S07360,0,1,1,1,1,1,1,0,1,0,7,7,7,2,5.28,4,1,1,No
S07361,0,1,1,1,0,0,0,0,0,0,4,8,1,1,5.74,4,0,1,No
S07362,1,1,0,0,1,1,1,0,0,0,7,6,10,5,7.82,5,3,8,Yes
S07363,1,1,0,1,1,1,0,0,1,0,10,8,7,1,7.52,0,1,3,No
S07364,0,1,1,1,1,1,0,1,0,0,2,9,1,10,6.93,5,3,7,Yes
S07365,1,0,1,0,0,0,0,0,0,0,9,8,9,2,6.74,8,1,8,Yes
S07366,1,0,0,0,1,1,1,1,0,0,9,10,6,9,6.03,8,1,1,Yes
S07367,1,1,0,1,0,0,1,1,0,1,3,1,4,9,5.15,0,0,1,No
S07368,0,0,1,1,1,0,0,0,0,0,6,8,3,4,9.02,0,2,8,Yes
S07369,1,1,0,1,1,0,1,1,0,0,8,3,8,2,7.83,5,0,3,Yes
S07370,0,0,0,1,1,1,1,0,0,0,4,2,9,7,6.57,3,1,3,No
S07371,0,1,0,0,1,0,1,0,0,1,8,7,8,3,8.59,6,0,3,Yes
S07372,0,1,0,0,1,1,1,0,0,0,4,9,3,4,5.45,6,1,7,No
S07373,1,1,0,1,0,0,1,1,0,0,7,7,6,6,6.65,2,2,7,Yes
S07374,0,1,0,1,0,0,0,1,1,1,3,5,10,7,9.64,4,2,2,Yes
S07375,1,1,1,1,1,0,1,0,0,0,4,3,1,4,9.3,1,1,4,No
S07376,1,1,0,0,1,1,0,0,0,0,5,7,1,9,6.89,3,3,2,No
S07377,1,1,1,1,1,0,1,0,0,1,4,8,7,5,7.17,5,1,8,Yes
S07378,1,1,0,0,0,0,0,0,0,0,1,2,7,10,6.38,8,1,1,No
S07379,0,0,0,1,0,0,0,0,1,0,2,6,3,4,10.0,6,3,5,Yes
S07380,1,1,1,1,0,0,0,0,0,0,5,8,2,8,9.1,3,1,3,No
S07381,1,0,1,1,1,1,1,0,0,0,4,4,9,6,7.85,3,1,7,Yes
S07382,1,0,1,0,0,0,0,0,0,1,4,2,5,7,9.84,8,1,0,Yes
S07383,0,1,0,1,0,0,0,0,0,0,10,9,4,5,8.77,1,2,8,Yes
S07384,0,1,0,0,0,0,1,0,1,0,6,10,4,6,9.7,8,2,4,Yes
S07385,0,0,1,1,1,1,1,0,1,1,7,6,5,4,8.65,0,0,6,No
S07386,1,1,0,1,1,0,1,0,1,1,2,8,6,1,5.38,4,3,5,Yes
S07387,1,0,1,1,1,1,1,0,0,0,10,8,7,2,5.53,5,1,3,No
S07388,0,1,1,0,1,1,1,0,0,0,6,9,2,10,6.25,5,3,1,Yes
S07389,1,1,1,0,1,1,0,0,0,1,2,1,2,4,5.13,3,1,5,No
S07390,1,1,1,1,0,1,1,1,0,0,2,8,4,8,5.32,2,2,5,No
S07391,0,1,0,1,0,1,0,0,0,0,6,3,5,8,7.88,5,1,4,Yes
S07392,1,0,0,0,0,1,1,1,0,0,4,2,8,1,8.86,3,3,1,Yes
S07393,0,0,1,1,0,0,0,0,0,0,3,2,1,4,5.32,8,3,5,No
S07394,1,0,1,1,1,1,1,1,0,0,1,9,5,9,6.31,4,2,7,Yes
S07395,1,1,0,1,0,0,1,0,0,0,10,4,9,3,8.03,4,3,5,Yes
S07396,1,1,0,0,1,1,0,0,0,1,2,3,4,6,7.13,8,1,5,Yes
S07397,1,1,0,0,1,1,0,1,1,1,1,7,2,5,9.17,6,1,4,Yes
S07398,0,0,1,1,0,0,0,0,1,0,3,7,9,10,6.73,3,2,7,Yes
S07399,0,1,0,1,0,0,1,0,1,0,2,10,9,8,5.56,0,3,7,Yes
S07400,1,1,1,1,1,1,1,0,1,0,3,9,1,1,9.71,3,0,2,Yes
S07401,1,0,0,1,0,1,1,0,1,0,1,7,7,5,5.76,1,2,3,No
S07402,0,1,1,1,0,1,0,0,0,0,2,6,9,9,9.12,7,2,4,Yes
S07403,0,1,1,1,0,1,0,0,0,0,9,3,3,1,6.72,1,3,0,No
S07404,1,1,0,0,1,1,0,0,0,0,2,7,7,7,7.13,6,0,6,No
S07405,1,1,0,0,0,1,1,0,0,0,5,7,3,6,6.45,8,3,5,Yes
S07406,1,0,1,1,0,1,0,0,1,0,3,8,7,10,7.51,8,1,7,Yes
S07407,0,1,0,0,1,0,1,0,1,0,7,4,8,2,8.81,3,1,0,No
S07408,0,1,0,0,1,0,0,1,1,0,10,10,4,6,9.03,8,3,2,Yes
S07409,1,1,1,1,1,0,1,0,0,0,10,2,8,9,7.03,0,1,1,No
S07410,0,1,0,1,0,0,0,0,1,0,10,6,2,9,5.84,1,3,8,No
S07411,1,1,0,1,0,0,0,0,0,0,7,2,6,3,8.23,4,2,5,Yes
S07412,1,1,0,0,0,0,1,0,0,0,3,5,2,9,6.91,4,2,6,No
S07413,1,1,1,1,0,0,1,0,0,1,10,5,4,5,9.91,2,2,2,Yes
S07414,0,1,0,0,0,0,0,1,0,1,9,6,8,4,5.4,5,3,6,Yes
S07415,1,0,0,0,0,0,1,0,0,0,2,6,2,5,5.65,5,3,8,No
S07416,1,1,0,1,0,1,1,0,0,0,6,1,3,10,6.38,1,3,2,No
S07417,1,0,1,0,0,1,0,0,0,0,8,4,7,1,8.39,6,1,5,No
S07418,1,1,1,0,1,1,1,0,1,1,10,4,8,5,5.48,2,3,7,Yes
S07419,1,1,0,1,1,0,1,0,0,1,2,3,1,6,7.34,2,0,0,No
S07420,0,0,1,0,0,1,1,1,1,0,7,1,7,9,5.13,3,0,0,No
S07421,1,1,0,1,1,1,1,0,0,0,9,2,2,7,5.23,6,0,1,No
S07422,0,1,1,0,0,1,0,0,1,1,5,10,8,10,5.86,5,0,8,Yes
S07423,1,1,1,1,0,0,0,0,1,1,2,7,4,5,9.14,0,1,0,No
S07424,1,1,0,0,1,0,0,0,1,0,10,1,2,9,6.77,5,3,8,Yes
S07425,1,1,1,1,0,1,1,0,0,0,7,2,3,3,6.38,5,2,1,No
S07426,1,1,1,1,1,1,1,1,0,0,10,9,5,7,6.84,7,2,7,Yes
S07427,1,0,0,1,0,1,1,0,1,0,10,7,5,6,7.43,5,3,4,Yes
S07428,1,1,1,1,1,1,1,0,0,0,6,3,4,2,5.87,2,1,4,No
S07429,0,0,0,0,1,1,0,1,0,0,3,7,3,1,5.09,4,1,6,No
S07430,0,1,0,1,1,1,1,0,1,0,2,5,10,8,9.2,6,2,1,Yes
S07431,1,1,1,0,0,0,1,1,1,0,8,6,1,8,7.67,2,0,7,Yes
S07432,1,0,1,0,0,1,0,1,0,0,10,10,8,8,6.5,1,0,8,Yes
S07433,1,1,0,0,0,1,1,1,1,1,2,2,3,2,8.17,6,2,8,Yes
S07434,1,0,1,0,1,0,0,0,0,1,10,8,4,5,6.72,1,3,5,Yes
S07435,1,1,1,1,0,1,1,0,1,0,7,1,4,1,6.51,5,1,1,No
S07436,0,1,0,1,0,0,0,1,0,0,4,2,6,9,5.11,1,2,7,No
S07437,1,0,1,1,0,0,0,0,0,0,4,8,6,7,8.97,5,2,4,Yes
S07438,1,0,0,1,0,0,0,0,0,0,7,3,1,5,9.17,3,1,4,No
S07439,1,1,0,1,1,1,1,0,0,0,6,6,2,8,5.1,6,0,0,No
S07440,1,0,1,0,1,0,0,0,0,0,6,4,10,10,6.94,5,2,6,Yes
S07441,0,0,0,1,0,1,0,1,0,1,6,4,9,4,6.47,8,1,6,Yes
S07442,1,1,1,1,1,1,1,1,0,0,8,4,6,2,8.88,3,0,1,No
S07443,1,0,1,0,0,1,0,0,0,0,9,5,7,1,9.18,5,2,1,Yes
S07444,0,0,0,0,1,1,0,1,1,0,8,2,6,3,5.69,3,0,5,No
S07445,1,1,1,0,1,0,1,1,0,0,3,4,8,1,6.52,6,2,1,No
S07446,0,1,0,0,0,1,1,0,0,0,6,10,6,9,9.51,6,1,8,Yes
S07447,0,0,0,1,0,1,1,0,0,0,7,2,8,1,8.24,2,0,7,No
S07448,1,1,1,1,1,1,1,1,0,0,5,9,9,6,9.41,1,1,2,Yes
S07449,0,1,1,1,0,0,0,1,0,0,9,1,2,6,9.77,2,0,7,No
S07450,1,1,0,1,1,1,1,0,0,1,8,9,6,6,6.36,6,2,4,Yes
S07451,1,1,0,1,1,1,1,0,0,0,2,2,10,4,9.53,4,1,2,Yes
S07452,1,1,0,0,1,0,1,0,0,0,6,7,7,8,5.41,8,0,8,No
S07453,1,0,1,1,0,0,0,0,1,0,9,1,4,3,7.8,4,1,3,No
S07454,0,0,0,1,0,0,1,0,1,1,1,1,1,1,9.48,4,3,8,Yes
S07455,0,1,0,0,1,0,1,0,0,0,2,2,2,7,7.37,4,1,3,No
S07456,0,0,1,1,1,1,0,0,1,1,5,2,2,5,8.11,1,3,7,No
S07457,0,1,0,1,0,1,0,0,0,0,3,5,2,1,5.24,5,2,4,No
S07458,1,1,0,0,1,1,1,0,0,0,9,5,2,10,9.37,4,0,1,No
S07459,1,1,0,0,1,0,0,0,0,1,1,9,8,6,9.07,5,0,0,No
S07460,1,0,1,1,0,0,0,0,0,1,1,8,7,8,8.98,0,1,1,No
S07461,1,1,0,1,1,0,0,1,0,0,9,3,1,9,7.93,3,3,4,Yes
S07462,1,1,0,0,1,1,1,1,0,1,1,7,5,5,9.23,6,3,2,Yes
S07463,0,1,1,1,0,0,1,0,1,1,7,7,10,8,7.82,6,3,2,Yes
S07464,1,0,1,0,0,0,1,0,0,0,3,3,5,1,8.23,4,2,2,No
S07465,1,0,0,0,1,0,1,1,0,0,5,4,10,8,5.14,1,0,5,No
S07466,1,1,1,0,0,0,0,0,1,1,6,7,3,5,5.9,7,1,5,Yes
S07467,0,1,0,0,1,0,1,1,0,0,9,8,5,2,6.03,4,1,8,Yes
S07468,0,0,0,0,1,1,1,0,0,0,1,6,6,10,8.12,7,0,4,Yes
S07469,0,0,0,1,0,0,1,0,0,0,1,3,2,3,6.82,1,2,1,No
S07470,1,1,0,0,0,1,0,1,0,0,6,2,10,9,9.66,3,1,2,No
S07471,0,0,1,1,1,0,1,1,1,1,7,1,3,7,9.55,1,2,8,Yes
S07472,1,0,0,0,0,1,1,1,1,0,7,2,8,6,5.53,8,1,6,Yes
S07473,0,1,0,0,0,1,1,0,1,0,5,10,2,7,5.91,5,3,8,No
S07474,1,1,0,1,0,1,1,1,0,0,9,4,10,3,8.48,2,0,6,Yes
S07475,1,1,1,0,0,0,1,0,1,0,7,9,9,8,6.99,3,1,8,Yes
S07476,1,0,0,1,0,0,0,1,0,0,10,4,6,3,9.01,0,2,4,No
S07477,0,1,1,0,0,1,0,1,0,1,6,6,9,7,6.3,6,2,5,Yes
S07478,1,1,0,1,0,1,0,0,0,0,10,2,9,6,8.83,5,1,2,Yes
S07479,0,0,1,1,0,1,0,0,0,0,2,7,6,2,7.27,8,1,1,No
S07480,1,0,0,1,1,0,0,0,0,1,8,2,5,9,7.79,5,2,0,No
S07481,1,1,0,1,0,0,1,0,0,0,4,8,1,9,6.81,6,1,4,No
S07482,1,1,1,1,1,1,1,0,0,1,6,9,3,1,6.58,4,0,3,No
S07483,1,1,0,1,1,1,1,1,1,1,2,3,3,8,7.26,6,2,2,Yes
S07484,1,1,0,1,0,0,0,0,0,0,3,9,9,8,5.34,8,2,8,Yes
S07485,1,0,0,1,1,1,1,0,1,0,9,10,4,6,7.15,6,1,8,Yes
S07486,0,1,0,0,0,0,1,1,1,0,2,8,3,4,8.7,1,2,0,No
S07487,1,1,1,1,0,1,0,0,0,1,2,10,3,10,9.37,6,1,4,Yes
S07488,0,0,0,1,1,0,1,1,0,0,3,5,3,7,6.56,6,0,5,No
S07489,0,1,0,1,1,1,1,0,0,1,1,5,8,1,7.23,3,3,5,Yes
S07490,0,1,0,0,1,1,0,0,0,0,6,2,8,2,5.64,7,2,5,No
S07491,1,1,0,0,0,0,1,0,0,0,8,2,10,5,6.97,5,3,3,Yes
S07492,1,0,0,0,0,1,0,1,0,0,6,10,8,5,6.56,5,3,5,Yes
S07493,1,1,0,1,0,1,0,0,0,0,7,9,6,7,7.85,6,2,1,Yes
S07494,0,1,0,0,1,1,1,0,0,1,7,6,4,10,7.02,1,1,7,No
S07495,0,1,1,1,0,1,0,1,0,0,9,6,6,5,5.81,3,2,7,Yes
S07496,1,0,0,1,0,1,0,0,0,1,7,9,7,2,8.85,5,3,5,Yes
S07497,1,1,1,1,1,0,1,0,0,1,8,4,8,10,9.25,4,0,6,Yes
S07498,0,1,1,1,0,1,0,0,0,0,7,2,5,10,10.0,0,2,4,Yes
S07499,1,0,0,1,1,1,1,0,0,0,4,6,2,1,7.66,3,2,5,No
S07500,0,0,0,0,1,1,0,0,1,1,9,7,2,3,6.64,0,1,7,No
S07501,1,0,0,0,1,0,1,1,0,1,10,2,2,9,9.55,0,2,2,No
S07502,0,1,1,1,0,1,1,1,0,0,3,9,3,1,9.35,5,1,6,Yes
S07503,1,0,1,1,0,0,1,0,1,0,3,9,3,3,7.66,4,1,1,No
S07504,1,1,1,1,1,1,1,0,0,1,1,2,7,6,9.09,5,3,3,Yes
S07505,0,1,0,1,0,0,1,0,0,1,7,10,2,1,6.61,7,1,6,Yes
S07506,0,1,0,0,0,1,0,0,0,0,10,8,10,4,6.42,0,3,0,No
S07507,1,1,1,0,0,1,1,0,1,1,7,4,10,5,9.35,4,2,6,Yes
S07508,1,1,0,1,1,0,1,0,1,0,1,6,3,6,9.94,5,1,7,Yes
S07509,0,1,1,1,0,0,0,0,0,0,10,10,7,2,9.7,4,2,3,Yes
S07510,0,0,0,0,0,0,0,1,0,1,6,2,1,6,6.49,1,0,4,No
S07511,0,1,0,1,1,0,1,1,0,0,2,6,9,2,6.11,3,1,8,Yes
S07512,0,1,1,1,0,0,1,0,1,0,6,7,5,1,5.84,4,3,2,No
S07513,1,1,1,0,1,0,1,0,1,0,1,6,2,4,8.69,0,2,8,No
S07514,1,0,1,0,1,1,0,0,0,0,2,9,5,3,7.38,8,1,4,No
S07515,0,1,0,0,1,1,1,0,1,0,3,4,7,8,6.14,6,1,8,No
S07516,0,1,1,1,1,1,1,0,1,0,8,9,7,2,9.76,2,1,5,Yes
S07517,1,1,1,1,1,1,0,1,0,0,2,3,3,10,8.28,6,3,2,Yes
S07518,1,0,0,0,0,1,1,0,0,0,6,3,3,8,7.32,8,1,8,Yes
S07519,0,1,0,1,0,0,1,1,1,0,1,10,5,7,5.96,4,1,4,No
S07520,1,1,1,1,1,1,1,0,0,1,2,7,8,8,9.55,0,0,8,Yes
S07521,1,1,1,1,1,1,1,0,0,0,2,8,8,8,6.58,0,1,4,Yes
S07522,1,0,1,1,1,1,1,0,1,0,1,4,7,9,5.56,2,3,7,Yes
S07523,0,1,1,1,0,1,1,0,1,0,2,7,10,7,7.76,1,3,2,Yes
S07524,0,1,0,1,0,1,1,1,0,0,6,5,9,9,9.19,8,2,8,Yes
S07525,1,1,1,0,1,1,1,1,0,1,3,7,1,6,6.8,8,3,5,Yes
S07526,0,0,0,1,0,0,1,1,0,1,2,6,9,6,8.96,5,3,4,Yes
S07527,0,1,0,0,0,1,0,0,0,0,9,2,4,3,5.14,7,2,5,No
S07528,1,1,0,0,1,1,0,0,1,0,10,8,3,2,6.85,8,0,8,Yes
S07529,0,1,1,0,0,0,1,0,0,0,8,7,2,6,8.02,7,0,2,No
S07530,1,1,0,0,0,0,1,0,0,1,1,10,2,1,8.87,2,2,3,No
S07531,1,1,1,1,1,1,1,0,0,1,7,5,6,4,5.26,5,1,4,Yes
S07532,1,1,1,1,0,0,1,0,1,0,10,1,4,7,5.51,7,3,1,Yes
S07533,1,0,1,0,0,1,1,0,1,0,10,2,6,7,6.43,5,2,6,Yes
S07534,1,1,0,0,0,1,1,0,1,0,10,9,8,10,6.14,3,3,6,Yes
S07535,0,0,0,1,1,1,0,0,1,0,5,2,4,9,7.97,1,0,6,No
S07536,0,1,0,0,1,1,0,1,0,0,1,4,9,3,5.78,2,0,2,No
S07537,0,0,1,1,0,0,0,1,0,1,6,1,10,9,8.43,8,3,2,Yes
S07538,1,1,0,1,0,0,0,0,1,0,8,10,5,4,5.03,2,0,0,No
S07539,1,1,1,1,0,0,1,0,1,0,5,2,7,1,9.57,1,3,5,Yes
S07540,1,1,0,1,1,1,1,0,0,0,10,8,3,3,9.68,4,3,0,Yes
S07541,1,0,1,0,1,1,1,0,1,1,4,4,9,2,5.21,1,1,7,No
S07542,1,0,0,1,0,0,0,0,0,0,10,6,4,4,6.62,6,1,4,No
S07543,0,1,1,1,1,0,0,0,1,1,3,4,2,10,7.78,0,3,7,Yes
S07544,0,1,0,1,0,0,0,0,0,1,6,1,8,1,7.64,3,3,6,Yes
S07545,1,1,0,1,0,1,0,0,1,0,8,10,9,2,9.93,3,0,7,Yes
S07546,1,1,1,0,0,0,1,0,0,1,9,2,9,4,5.53,3,0,3,No
S07547,0,1,0,1,1,0,1,0,0,1,10,3,5,10,5.31,1,1,1,No
S07548,1,1,1,0,1,0,1,0,0,0,1,4,5,3,7.78,6,0,7,Yes
S07549,0,1,0,1,0,0,0,0,0,0,3,9,10,7,8.76,3,2,0,Yes
S07550,0,0,0,0,1,1,1,0,0,0,2,8,5,2,8.3,7,2,4,No
S07551,0,0,0,1,0,1,1,1,1,0,3,10,2,6,7.46,8,0,2,Yes
S07552,1,1,1,1,0,1,0,0,0,1,2,3,1,9,9.23,8,1,7,Yes
S07553,0,0,1,1,0,0,0,1,1,0,4,6,9,5,7.55,0,3,6,Yes
S07554,1,1,0,1,1,1,0,0,0,0,4,8,3,7,5.26,5,0,1,No
S07555,0,0,0,1,1,1,0,0,1,0,10,3,2,7,7.01,6,1,7,No
S07556,1,1,1,1,0,1,1,0,0,1,1,1,3,9,9.46,4,0,5,No
S07557,1,0,1,0,0,0,0,0,0,0,1,10,7,1,9.6,8,1,0,Yes
S07558,1,1,1,0,1,1,1,0,1,0,3,8,10,9,9.28,0,3,3,Yes
S07559,1,1,1,1,1,0,1,1,1,1,8,10,7,7,6.3,3,2,3,Yes
S07560,0,0,0,0,1,0,1,0,0,0,6,1,8,7,7.33,2,2,2,No
S07561,0,1,1,1,0,0,0,1,0,0,3,1,3,5,7.36,4,2,5,No
S07562,0,1,1,0,0,0,1,0,1,0,10,2,7,5,9.71,5,0,5,Yes
S07563,1,1,0,0,0,1,1,1,1,1,5,2,4,2,6.76,7,1,1,No
S07564,0,0,1,1,1,1,0,0,0,1,5,8,6,2,6.16,4,0,0,No
S07565,1,1,1,0,0,1,0,0,0,0,1,2,2,7,6.3,6,0,2,No
S07566,0,1,1,1,1,0,1,0,0,0,2,1,8,3,8.99,6,2,5,Yes
S07567,0,1,0,0,0,1,0,1,0,1,4,10,9,8,5.39,4,2,2,No
S07568,1,1,0,1,1,0,1,0,1,1,7,6,3,9,5.12,4,3,4,No
S07569,0,1,0,0,0,0,1,1,0,0,4,1,5,7,6.86,1,1,2,No
S07570,1,0,0,1,1,1,1,0,0,1,9,5,3,2,6.14,6,1,6,No
S07571,1,1,1,1,1,1,0,1,0,1,8,4,7,1,8.65,7,0,4,Yes
S07572,1,1,0,1,0,1,1,0,1,1,7,8,8,10,5.57,4,3,1,Yes
S07573,1,1,1,1,0,0,1,1,1,1,6,9,8,3,5.86,0,0,1,No
S07574,0,1,0,1,0,1,1,0,1,0,2,4,6,5,7.02,6,1,3,No
S07575,1,0,1,1,1,1,1,0,0,1,7,10,8,8,5.15,7,0,7,Yes
S07576,1,1,0,1,0,1,1,0,0,0,5,10,1,1,9.5,7,3,6,Yes
S07577,0,0,0,1,0,1,0,1,1,1,7,4,1,2,8.47,8,3,3,Yes
S07578,0,1,0,1,1,1,1,1,0,0,5,9,7,1,8.24,8,1,6,Yes
S07579,0,1,1,1,1,1,1,1,1,1,4,3,2,4,5.42,4,1,4,No
S07580,0,1,1,1,1,0,0,0,0,0,5,6,3,2,6.27,6,3,4,No
S07581,0,0,0,1,1,0,1,1,1,0,2,10,9,6,8.8,6,1,3,Yes
S07582,1,0,0,0,0,0,1,0,0,0,6,4,6,1,7.99,7,2,6,Yes
S07583,1,1,1,0,1,0,1,0,0,0,3,6,8,8,8.39,3,2,5,Yes
S07584,1,0,1,0,1,1,1,0,0,0,1,9,10,3,7.14,6,0,4,Yes
S07585,1,1,0,1,1,1,1,0,0,1,6,9,4,2,8.62,2,2,4,Yes
S07586,0,0,0,0,0,1,1,0,0,1,6,5,5,3,6.08,6,3,0,No
S07587,1,0,0,1,1,1,1,0,0,0,6,3,10,3,5.01,5,2,4,No
S07588,0,0,0,1,1,1,1,1,1,0,4,8,10,9,6.38,4,3,1,Yes
S07589,1,0,0,1,0,1,1,1,0,0,9,10,1,10,9.95,1,1,4,Yes
S07590,1,0,1,1,0,0,0,1,0,0,3,4,7,9,8.9,1,0,5,No
S07591,1,0,1,1,1,0,0,1,0,0,7,3,2,6,7.22,5,1,1,No
S07592,0,1,0,1,0,0,1,1,1,0,2,4,5,4,7.84,2,2,6,No
S07593,0,1,1,0,0,1,1,0,1,0,6,3,1,1,8.47,0,2,4,No
S07594,0,1,1,1,1,1,1,0,0,1,8,6,7,9,7.31,0,2,0,Yes
S07595,1,0,1,1,0,1,0,0,0,0,6,2,10,1,9.94,6,2,0,No
S07596,0,1,1,0,1,0,1,0,0,0,7,6,2,5,6.72,5,2,2,No
S07597,1,1,1,1,1,0,1,0,0,0,2,8,1,6,6.61,7,0,3,No
S07598,1,0,1,0,1,1,1,0,0,0,10,5,10,5,7.07,4,0,5,Yes
S07599,0,0,1,1,0,0,0,1,1,0,8,10,5,2,7.48,0,3,4,Yes
S07600,1,1,0,1,0,0,0,1,0,0,5,6,1,8,7.76,8,0,4,No
S07601,0,1,0,0,1,1,1,0,0,0,10,3,4,2,9.9,1,1,2,Yes
S07602,1,1,1,0,1,1,1,0,1,1,2,8,5,9,9.71,7,2,7,Yes
S07603,0,1,1,0,0,1,1,0,0,0,3,1,3,2,7.86,8,0,2,No
S07604,0,0,0,1,0,1,1,0,0,0,5,9,8,10,8.13,5,3,4,Yes
S07605,1,0,1,0,1,1,0,1,0,0,4,6,5,2,6.36,2,3,1,No
S07606,0,1,0,1,0,1,0,1,1,1,10,6,5,1,6.49,1,2,1,No
S07607,1,1,0,0,0,0,0,0,0,0,3,7,4,6,8.59,1,2,5,Yes
S07608,0,0,1,0,0,0,0,0,1,0,5,6,2,7,8.07,5,3,3,Yes
S07609,1,1,1,0,1,1,1,1,1,0,7,9,7,2,6.04,4,3,6,Yes
S07610,1,1,0,1,1,1,0,0,0,0,2,3,3,8,7.57,0,0,1,No
S07611,1,0,0,1,0,1,0,0,0,1,2,5,5,3,6.43,1,3,4,No
S07612,1,0,1,1,1,1,1,1,0,1,1,5,8,10,8.59,5,1,4,Yes
S07613,0,1,1,0,0,1,0,0,0,1,5,10,1,4,7.18,1,2,4,No
S07614,1,0,0,0,1,0,0,1,0,0,6,5,2,1,9.6,1,3,0,No
S07615,1,1,0,1,0,1,0,1,0,1,5,2,9,10,8.99,6,2,4,Yes
S07616,1,1,0,1,0,1,1,0,0,0,6,5,9,9,7.58,4,1,2,Yes
S07617,1,1,1,0,1,0,1,0,0,1,7,7,6,6,7.32,2,0,5,Yes
S07618,0,1,1,0,0,1,0,0,0,0,7,3,7,9,9.46,4,2,5,Yes
S07619,0,1,0,1,0,1,1,0,1,0,8,3,2,3,7.35,2,3,4,No
S07620,1,1,1,0,0,1,1,1,0,1,6,10,4,3,6.51,8,0,2,Yes
S07621,0,0,1,1,1,0,1,0,0,1,1,5,3,4,5.47,5,0,6,No
S07622,0,1,0,0,1,1,1,0,1,0,4,9,1,5,6.15,1,1,8,No
S07623,1,1,0,1,1,1,1,0,0,0,3,7,8,8,6.55,1,2,8,Yes
S07624,0,1,0,1,1,0,0,0,0,1,9,6,2,6,7.91,5,2,5,Yes
S07625,1,1,0,1,1,0,1,0,0,1,4,1,4,4,5.88,8,2,1,No
S07626,0,1,1,0,1,1,1,0,0,1,8,8,1,10,7.45,5,2,7,Yes
S07627,0,1,0,1,0,1,1,0,0,0,6,10,6,2,8.51,5,2,1,No
S07628,1,0,0,1,0,1,1,1,1,1,9,3,2,7,8.98,8,1,4,Yes
S07629,0,1,0,0,0,1,0,0,0,0,7,2,1,5,5.36,8,0,3,No
S07630,0,1,1,0,0,1,0,0,0,0,4,9,7,6,5.25,4,1,3,No
S07631,1,1,1,1,0,1,1,0,0,0,2,6,7,9,8.73,2,0,6,Yes
S07632,0,1,1,1,0,0,1,0,1,0,6,6,4,4,5.48,4,0,8,No
S07633,1,0,1,1,1,1,0,0,0,0,5,7,8,7,9.73,0,2,3,Yes
S07634,0,1,1,1,1,1,1,0,1,0,8,6,7,9,9.75,6,1,7,Yes
S07635,0,1,0,1,0,0,0,0,1,1,3,10,10,10,6.55,8,0,5,Yes
S07636,1,0,0,1,0,0,0,0,0,0,4,2,7,7,6.64,3,0,5,No
S07637,1,1,0,0,1,1,0,0,1,1,3,7,10,4,9.1,6,1,3,Yes
S07638,0,1,0,1,1,1,1,0,0,1,9,2,7,1,5.08,2,3,1,Yes
S07639,1,0,1,1,1,1,0,0,0,0,6,6,6,7,9.09,1,2,1,Yes
S07640,1,0,0,0,0,0,1,1,0,0,5,2,4,10,6.52,3,0,6,No
S07641,1,1,1,0,1,0,1,0,0,1,8,10,3,7,5.78,3,2,4,Yes
S07642,1,1,0,1,1,0,1,0,0,0,6,3,3,7,9.84,0,1,8,No
S07643,1,0,0,1,0,0,1,0,0,0,2,7,3,2,6.43,4,3,2,No
S07644,1,1,1,0,1,1,0,1,0,0,3,8,10,5,7.67,4,0,2,Yes
S07645,1,1,0,0,0,1,1,0,1,1,3,9,4,7,9.53,6,0,8,Yes
S07646,0,1,0,0,0,1,0,0,1,1,9,1,3,2,8.02,6,3,0,No
S07647,1,1,0,1,1,0,0,0,1,0,2,8,1,10,6.28,7,0,7,No
S07648,1,1,0,1,1,1,1,0,0,0,9,4,9,9,5.02,0,0,2,No
S07649,1,1,1,0,0,1,1,1,1,1,1,5,7,3,5.27,6,1,7,No
S07650,0,0,1,1,1,1,1,1,0,0,2,10,3,1,8.29,5,0,1,No
S07651,1,1,0,0,0,0,1,1,1,0,8,1,4,9,6.27,1,0,4,No
S07652,1,1,1,1,1,0,1,0,0,0,10,2,6,8,7.01,6,2,7,Yes
S07653,1,1,1,0,0,0,0,0,1,0,6,2,10,9,9.3,5,1,2,Yes
S07654,0,0,0,1,1,1,1,0,1,0,5,9,5,4,7.95,8,3,5,Yes
S07655,0,1,0,1,0,1,0,0,1,0,9,6,3,7,7.93,6,3,3,Yes
S07656,0,1,1,1,0,1,1,0,0,0,8,2,8,3,9.42,5,1,6,Yes
S07657,0,1,1,0,1,1,1,1,0,0,7,6,2,3,6.75,8,1,3,Yes
S07658,0,1,0,1,1,0,1,0,0,1,5,7,6,2,5.09,8,3,4,Yes
S07659,1,0,0,1,1,0,1,1,0,0,3,8,6,9,5.86,0,3,2,No
S07660,0,1,0,1,0,1,0,1,1,1,6,1,5,8,7.42,3,0,1,No
S07661,1,1,0,0,1,0,1,1,1,1,8,6,9,9,8.23,1,0,0,No
S07662,0,0,0,1,1,1,0,0,0,0,1,4,4,3,6.54,6,2,8,No
S07663,0,1,1,1,1,1,0,0,0,0,10,6,9,2,6.62,8,1,3,Yes
S07664,1,1,1,1,0,1,1,0,1,0,8,5,7,7,5.52,3,0,7,No
S07665,1,1,1,0,0,1,1,0,1,0,3,2,7,9,9.22,4,0,2,No
S07666,1,1,0,0,1,1,1,0,1,0,9,6,4,5,6.57,7,2,4,Yes
S07667,0,1,0,1,0,1,1,0,0,1,4,4,2,1,8.31,6,0,2,No
S07668,0,1,0,0,1,0,1,1,0,0,5,5,4,4,5.35,6,2,4,No
S07669,0,1,1,0,1,1,1,0,1,0,1,8,5,7,6.56,1,3,4,No
S07670,1,1,0,0,1,0,1,1,1,0,2,10,6,8,6.02,6,1,8,Yes
S07671,0,0,0,0,0,1,0,0,0,0,3,1,10,1,9.36,8,0,5,No
S07672,0,0,0,0,1,0,1,1,0,1,1,2,9,10,6.94,3,0,5,Yes
S07673,0,0,1,0,1,0,1,0,0,0,1,10,2,8,9.84,2,0,2,No
S07674,1,1,1,1,0,1,0,0,0,0,8,9,5,3,5.94,0,1,3,No
S07675,1,0,0,0,1,0,1,0,0,0,10,9,10,3,5.84,6,3,2,Yes
S07676,0,1,1,1,1,0,1,0,1,1,10,7,5,1,9.35,6,2,2,Yes
S07677,0,1,1,0,0,0,0,0,1,0,10,5,2,2,9.64,1,2,7,No
S07678,0,1,0,1,1,1,1,0,0,0,10,3,4,6,8.51,6,1,1,Yes
S07679,1,1,0,1,0,0,1,1,0,1,2,4,4,8,5.63,3,2,8,No
S07680,1,1,1,0,1,0,0,1,1,1,3,6,3,5,9.09,4,1,3,Yes
S07681,0,1,0,1,0,1,0,0,1,0,6,9,3,1,5.3,5,2,5,No
S07682,1,1,1,0,1,1,0,1,0,0,9,3,6,4,7.99,1,1,6,Yes
S07683,0,1,0,0,1,0,1,0,0,0,5,3,6,8,9.28,7,1,4,Yes
S07684,1,0,0,1,1,0,1,1,1,1,3,6,1,1,9.85,4,2,8,Yes
S07685,1,1,0,1,0,1,1,0,1,1,2,9,9,7,8.58,2,1,4,Yes
S07686,0,1,1,0,1,0,0,0,1,1,1,1,1,5,8.04,5,2,4,No
S07687,0,0,1,0,1,1,0,1,1,1,6,8,1,2,6.28,1,0,6,No
S07688,1,1,0,1,0,0,1,1,1,1,10,7,6,8,5.48,6,0,3,No
S07689,1,1,0,0,1,0,0,0,1,0,2,2,1,7,6.76,8,0,2,No
S07690,0,1,0,0,0,1,1,0,0,0,1,3,5,10,6.16,7,0,6,No
S07691,1,0,1,1,1,1,1,0,1,0,6,7,3,6,6.69,0,0,1,No
S07692,0,0,1,0,1,0,1,0,0,1,2,7,6,3,7.53,2,3,1,No
S07693,1,1,0,0,0,0,0,1,0,0,7,6,10,6,8.61,6,2,4,Yes
S07694,0,1,1,1,0,0,1,0,0,1,9,1,4,9,8.33,7,3,1,Yes
S07695,0,1,1,0,0,1,1,1,0,0,8,2,9,5,6.6,5,1,4,Yes
S07696,0,1,0,1,1,0,0,1,0,0,7,10,3,4,7.57,0,0,0,No
S07697,1,0,1,0,0,1,0,1,0,0,3,2,10,10,7.89,0,0,0,No
S07698,0,1,0,1,1,0,1,1,0,0,8,6,9,6,5.57,1,1,3,No
S07699,1,1,1,1,0,0,0,0,0,0,4,10,3,3,7.23,3,2,4,No
S07700,1,0,0,1,0,1,1,0,1,0,5,6,6,5,8.23,2,2,6,No
S07701,0,1,1,1,0,0,1,0,0,0,9,6,2,1,8.66,4,2,3,Yes
S07702,0,0,1,0,0,1,1,1,0,0,8,5,2,9,5.66,4,2,8,No
S07703,0,0,1,1,1,1,1,1,1,0,9,8,5,5,9.72,7,2,6,Yes
S07704,1,1,0,1,1,1,0,0,0,0,1,9,6,2,8.89,5,0,3,No
S07705,1,0,1,0,1,1,1,1,1,0,4,4,1,10,6.64,1,0,7,No
S07706,1,1,0,1,0,0,1,1,0,1,2,4,10,3,8.99,8,0,7,Yes
S07707,0,1,1,0,0,1,0,0,0,0,7,8,9,5,7.3,4,0,2,No
S07708,0,0,0,1,0,1,0,1,1,1,5,9,2,8,8.69,5,1,5,Yes
S07709,1,1,1,1,1,1,0,0,1,1,9,8,1,3,9.34,7,1,3,Yes
S07710,0,1,1,0,1,0,1,0,0,0,3,4,9,10,5.01,3,3,4,Yes
S07711,1,1,1,0,0,0,1,0,1,1,2,2,5,4,9.74,6,0,7,No
S07712,1,1,0,1,0,1,0,0,0,0,10,6,5,7,8.05,8,1,2,Yes
S07713,1,1,0,0,1,1,0,0,1,0,5,3,2,8,6.07,2,0,5,No
S07714,1,1,0,1,1,0,1,0,1,1,2,2,8,5,8.9,6,3,1,Yes
S07715,1,1,0,0,1,1,1,1,0,0,7,1,5,7,7.01,3,1,5,Yes
S07716,0,1,0,0,0,0,1,1,1,0,9,9,9,9,8.35,0,3,0,Yes
S07717,1,0,1,1,0,0,1,0,0,0,5,7,2,2,6.7,6,1,4,No
S07718,0,1,1,0,1,1,0,1,0,0,3,10,1,3,5.82,8,3,5,No
S07719,1,1,0,0,0,1,1,1,0,0,2,9,9,10,6.7,7,2,3,Yes
S07720,0,1,1,1,1,1,1,0,1,0,7,9,8,5,9.87,6,3,4,Yes
S07721,0,1,1,1,1,1,1,0,0,0,7,9,1,5,9.48,1,1,0,Yes
S07722,0,1,1,0,1,0,1,0,0,0,2,3,4,8,6.34,7,3,1,No
S07723,1,1,1,0,0,0,1,1,0,1,10,3,10,6,7.85,4,2,1,Yes
S07724,0,1,1,1,0,0,1,0,0,0,10,10,6,5,6.36,8,2,3,Yes
S07725,0,0,0,1,0,0,1,0,1,1,10,6,1,9,5.75,7,0,7,Yes
S07726,1,1,1,0,1,1,1,1,0,1,9,5,5,3,6.29,3,0,2,Yes
S07727,1,1,0,1,0,1,1,0,0,0,7,4,7,7,5.39,6,1,2,No
S07728,1,1,1,1,1,0,1,0,0,0,6,3,6,7,5.34,3,3,1,Yes
S07729,0,1,1,1,0,0,1,0,0,0,9,3,4,8,6.7,1,1,8,Yes
S07730,1,1,0,1,1,1,0,0,1,0,8,4,8,1,9.7,5,3,3,Yes
S07731,1,1,1,1,1,0,0,0,0,0,6,8,8,6,7.95,3,0,6,Yes
S07732,1,1,0,1,0,1,0,1,0,0,1,5,5,1,8.37,4,2,1,No
S07733,1,0,0,1,0,1,1,1,0,0,1,4,8,7,6.79,3,1,7,No
S07734,0,1,0,0,1,1,1,0,0,0,3,3,7,2,8.15,3,2,8,Yes
S07735,1,0,1,1,1,1,1,1,0,1,7,8,5,6,6.8,6,3,8,Yes
S07736,0,0,0,1,1,0,1,0,0,0,1,7,5,8,9.13,7,2,2,Yes
S07737,0,1,1,0,0,1,1,0,0,1,9,3,9,8,6.49,1,0,2,No
S07738,1,1,1,1,1,0,1,0,0,0,6,4,9,7,8.84,6,3,5,Yes
S07739,0,1,1,1,0,1,0,0,0,0,7,5,3,5,7.1,4,1,2,No
S07740,1,1,1,0,1,0,0,1,0,1,7,6,3,4,6.1,7,3,3,Yes
S07741,0,0,0,1,0,0,0,1,0,0,1,3,4,10,9.64,1,0,1,No
S07742,1,1,0,1,1,1,0,0,1,0,5,7,9,5,5.18,5,1,3,Yes
S07743,0,0,0,1,1,1,0,1,0,0,6,2,8,10,6.0,0,2,1,No
S07744,1,0,1,1,0,0,1,1,0,0,1,2,2,9,7.22,0,0,2,No
S07745,1,1,1,0,0,0,1,1,0,0,4,8,4,1,6.45,1,1,7,No
S07746,0,1,0,1,1,0,0,1,1,0,7,3,9,6,9.63,3,0,2,Yes
S07747,1,1,1,1,0,1,1,1,0,0,2,1,7,2,5.27,0,2,6,No
S07748,0,0,0,1,1,1,1,0,0,0,5,8,1,1,6.54,3,3,7,No
S07749,1,0,1,0,1,0,0,0,0,0,10,8,10,5,6.82,8,2,0,Yes
S07750,0,1,1,0,0,1,1,0,1,0,1,6,4,10,6.72,2,2,0,No
S07751,1,1,1,1,1,1,0,0,0,0,5,5,1,9,8.92,6,0,4,No
S07752,0,1,0,1,0,0,1,0,1,1,6,3,5,9,6.2,1,0,3,No
S07753,1,0,1,0,1,0,1,0,0,0,6,1,6,2,7.19,8,3,6,Yes
S07754,1,0,0,1,0,1,0,0,1,0,7,7,5,6,5.64,4,3,7,Yes
S07755,1,1,1,0,0,0,0,0,0,0,7,7,7,5,8.73,5,0,1,No
S07756,0,1,0,0,1,1,1,1,0,0,8,2,8,5,5.84,1,2,4,No
S07757,1,1,0,0,0,0,0,0,0,0,7,6,8,5,7.16,5,3,2,No
S07758,0,1,1,1,1,0,1,0,1,1,2,3,8,6,8.21,7,2,5,Yes
S07759,0,0,0,1,0,1,1,1,0,0,10,10,8,10,8.13,0,3,0,Yes
S07760,1,1,0,1,0,0,1,0,1,0,6,7,2,4,8.4,5,3,0,Yes
S07761,0,1,1,1,0,0,1,0,0,1,6,2,4,4,9.69,8,0,8,Yes
S07762,1,1,1,0,1,1,0,0,1,0,8,2,6,9,8.73,4,0,0,Yes
S07763,1,1,0,0,0,1,1,1,1,0,4,10,5,3,8.1,6,3,3,Yes
S07764,0,1,0,0,1,0,1,0,0,0,5,2,6,4,7.28,5,0,0,No
S07765,0,0,0,1,0,1,0,1,0,1,4,9,3,4,7.38,1,0,0,No
S07766,0,0,1,0,1,0,1,0,1,1,10,9,7,7,7.46,3,2,6,Yes
S07767,1,1,1,1,0,1,1,0,1,0,4,9,3,1,7.55,8,0,3,Yes
S07768,1,1,0,1,0,1,0,0,1,0,10,9,5,7,8.43,3,1,2,Yes
S07769,1,1,1,1,1,1,1,1,0,1,1,1,1,2,5.43,5,1,5,No
S07770,0,1,1,1,1,1,1,0,0,0,9,8,4,7,5.75,7,0,1,No
S07771,1,1,1,1,0,0,0,1,0,0,8,2,6,6,9.23,0,2,7,Yes
S07772,0,1,0,1,0,1,1,0,0,0,3,2,3,2,7.33,4,2,5,No
S07773,1,1,0,0,1,0,0,1,0,0,8,5,2,3,9.65,3,3,3,Yes
S07774,1,0,1,1,0,1,0,0,1,0,10,10,6,6,8.39,2,1,4,Yes
S07775,1,1,1,1,0,0,0,0,0,0,9,2,6,1,5.55,6,2,1,No
S07776,1,1,1,0,0,1,1,0,0,0,6,3,9,7,8.15,3,0,6,No
S07777,1,1,1,1,0,0,0,0,0,0,8,4,2,4,6.85,1,0,5,No
S07778,0,0,1,1,1,1,0,0,0,0,2,4,3,8,5.41,8,3,5,Yes
S07779,0,1,0,0,1,1,1,1,1,0,7,2,2,2,7.74,5,0,2,No
S07780,1,1,1,0,0,1,0,0,1,0,2,2,7,1,8.18,0,3,1,No
S07781,1,1,1,1,1,1,1,0,0,0,5,2,2,3,5.12,3,0,8,No
S07782,1,1,1,1,1,1,1,0,0,1,2,4,5,7,8.4,7,1,3,Yes
S07783,0,0,1,1,0,1,0,0,0,0,5,9,2,10,7.36,7,0,1,No
S07784,1,0,0,1,0,1,1,0,0,1,9,10,9,9,6.43,7,0,6,Yes
S07785,0,1,0,0,1,1,0,1,0,0,9,9,1,2,7.34,4,3,3,Yes
S07786,1,0,0,1,1,0,0,0,0,0,5,10,7,2,8.36,6,1,3,Yes
S07787,1,1,1,1,0,1,1,0,0,1,2,1,8,8,5.62,3,2,0,No
S07788,0,1,1,1,0,0,1,1,1,0,2,2,10,8,8.03,1,2,7,Yes
S07789,1,0,0,1,1,1,1,0,0,0,8,3,5,8,8.67,3,2,7,Yes
S07790,0,1,0,1,0,1,0,0,0,0,6,8,6,6,6.61,6,2,1,No
S07791,1,1,0,1,0,0,0,0,0,0,5,7,7,1,6.71,0,1,2,No
S07792,1,0,0,1,1,1,0,0,1,0,4,8,7,6,5.37,6,3,4,Yes
S07793,1,1,0,0,1,0,1,0,1,0,7,8,3,7,9.31,8,3,4,Yes
S07794,0,1,1,1,1,0,1,1,0,1,1,2,8,10,6.82,4,1,7,Yes
S07795,0,0,0,1,0,0,1,0,1,0,3,5,3,4,7.23,8,1,7,No
S07796,1,0,1,1,0,1,1,0,1,0,4,4,5,8,7.49,0,0,8,No
S07797,0,0,0,0,0,0,0,1,0,1,3,4,3,4,8.59,7,0,6,No
S07798,1,1,1,0,0,1,0,0,0,0,4,5,10,7,9.43,1,3,6,Yes
S07799,1,0,1,1,1,0,0,0,1,0,2,2,4,8,8.27,3,0,8,No
S07800,1,0,0,0,1,0,1,0,1,0,8,8,4,4,6.8,5,2,3,Yes
S07801,1,1,1,0,0,0,1,0,1,1,3,10,4,9,5.45,6,3,5,Yes
S07802,1,0,0,1,0,1,1,0,0,1,1,2,10,1,6.58,5,0,4,No
S07803,0,1,1,1,0,1,0,0,0,0,4,6,4,9,5.69,4,1,3,No
S07804,1,1,1,0,1,0,1,0,1,1,6,1,10,7,5.54,5,1,1,Yes
S07805,1,1,1,1,1,1,1,0,1,0,1,4,1,3,8.64,7,3,0,Yes
S07806,1,1,0,1,0,1,1,0,0,1,9,1,8,1,5.03,6,0,4,No
S07807,0,1,0,1,1,1,0,0,0,1,9,8,8,6,6.88,0,0,7,No
S07808,0,1,1,1,1,0,1,0,0,0,8,1,6,5,8.9,3,0,4,No
S07809,1,1,0,0,1,0,1,0,1,0,6,6,5,8,9.39,1,2,4,Yes
S07810,1,1,1,1,0,1,1,0,0,0,7,6,9,5,8.14,4,0,5,Yes
S07811,1,1,0,1,1,1,0,0,1,1,9,7,3,7,7.77,8,0,5,Yes
S07812,1,0,0,1,1,0,1,1,0,1,5,8,4,8,7.22,5,2,1,Yes
S07813,1,0,0,1,1,0,0,0,1,1,9,1,1,1,9.35,2,1,0,No
S07814,1,0,1,1,0,0,0,1,0,0,4,2,10,10,8.22,1,0,7,Yes
S07815,1,1,1,0,0,1,0,0,0,0,10,6,1,5,5.48,5,1,8,No
S07816,1,0,0,1,0,1,0,0,0,0,5,4,8,7,6.87,2,2,6,No
S07817,1,1,0,0,0,1,1,1,1,0,10,2,6,6,7.18,4,2,2,Yes
S07818,0,1,0,1,1,0,1,0,1,0,4,4,7,5,5.71,4,1,1,No
S07819,0,0,0,1,1,1,1,0,1,0,4,10,5,1,5.13,0,1,7,No
S07820,0,1,1,1,0,0,1,0,0,0,1,10,3,10,5.37,0,2,3,No
S07821,1,0,1,1,1,1,1,1,0,0,7,6,7,1,8.94,3,3,7,Yes
S07822,1,1,1,0,0,1,1,1,0,1,1,8,9,6,9.98,4,3,4,Yes
S07823,1,1,1,1,0,1,1,0,0,1,6,8,10,3,6.38,3,0,4,Yes
S07824,0,0,1,1,1,1,1,0,0,0,6,1,8,2,6.7,4,3,8,Yes
S07825,1,1,1,0,0,0,0,1,0,1,7,3,3,10,8.68,0,2,5,Yes
S07826,0,0,1,0,0,1,0,0,0,1,10,6,5,8,8.42,5,0,1,No
S07827,0,0,1,0,0,0,1,1,0,0,4,1,9,8,9.18,3,3,1,Yes
S07828,1,1,0,1,1,0,1,0,0,0,3,9,5,6,9.51,4,2,4,Yes
S07829,0,1,1,0,1,1,0,0,1,0,5,3,2,2,8.22,0,0,4,No
S07830,1,1,0,0,0,0,1,0,0,1,6,2,9,2,6.05,8,0,7,No
S07831,1,1,1,1,0,1,0,0,0,0,7,10,1,10,6.21,3,3,0,No
S07832,1,1,0,1,1,1,0,0,0,0,5,5,6,6,9.95,1,2,1,Yes
S07833,1,1,0,0,0,0,1,0,1,0,5,6,6,3,8.18,8,3,2,Yes
S07834,0,0,0,1,0,1,0,1,0,0,8,9,1,9,7.76,0,0,8,No
S07835,1,0,1,0,0,0,0,0,0,0,4,2,2,8,6.9,4,0,1,No
S07836,1,0,1,1,0,0,1,0,0,0,9,10,2,10,8.07,8,1,3,Yes
S07837,0,1,1,0,0,0,1,0,0,1,9,2,6,4,8.59,5,1,4,Yes
S07838,0,1,0,1,1,1,0,0,0,0,1,3,2,4,9.1,5,0,0,No
S07839,1,0,0,1,1,1,1,0,0,0,8,8,3,3,7.12,8,1,4,No
S07840,0,1,0,1,1,1,1,0,0,0,5,9,1,8,5.28,6,0,6,No
S07841,0,0,1,0,1,1,1,1,1,0,4,9,8,6,8.99,1,3,6,Yes
S07842,1,0,1,1,0,1,0,1,0,0,4,5,1,4,5.23,1,2,3,No
S07843,1,1,1,1,0,1,1,1,0,1,6,7,6,8,5.39,3,0,0,No
S07844,1,0,1,1,1,0,0,0,0,0,8,3,9,2,6.84,5,3,3,Yes
S07845,0,1,1,1,0,0,1,0,0,0,6,10,4,4,8.19,0,0,8,No
S07846,0,0,0,1,0,0,1,1,0,1,6,8,10,10,6.36,6,1,1,Yes
S07847,0,1,0,0,1,1,0,1,1,0,2,9,3,9,7.26,5,0,4,No
S07848,1,1,1,1,0,1,1,0,1,0,3,4,10,7,8.26,2,2,2,Yes
S07849,1,0,0,1,1,0,0,0,0,1,2,9,8,10,6.68,1,2,1,Yes
S07850,1,0,1,0,0,1,1,0,1,0,10,5,5,4,6.52,7,1,5,No
S07851,1,1,1,0,0,1,1,0,0,0,1,4,6,7,9.57,4,1,7,Yes
S07852,0,1,0,0,1,1,1,0,1,1,1,1,9,8,6.02,3,0,0,No
S07853,0,0,0,1,1,1,0,0,1,0,3,3,2,6,6.72,8,3,7,Yes
S07854,1,0,0,1,1,1,1,0,0,0,10,2,1,6,8.6,0,2,7,Yes
S07855,1,0,1,0,1,0,1,0,1,0,3,8,7,2,9.48,3,1,6,Yes
S07856,1,0,0,0,0,0,1,0,1,0,8,3,4,1,8.2,0,1,7,No
S07857,1,0,0,1,0,0,1,1,0,0,9,4,3,2,9.07,8,1,6,Yes
S07858,1,0,1,0,0,0,0,1,0,0,4,1,2,5,5.58,2,1,8,No
S07859,1,1,0,0,0,0,0,0,1,0,8,2,10,6,9.96,8,1,0,Yes
S07860,1,1,0,0,0,1,1,1,0,0,7,1,8,7,9.71,4,2,8,Yes
S07861,1,1,0,0,0,1,0,1,0,0,6,1,4,3,5.92,5,2,4,No
S07862,1,0,0,1,0,0,0,0,0,0,1,8,1,10,6.45,8,3,1,No
S07863,1,0,1,0,1,1,1,0,1,0,10,2,2,1,9.44,3,2,0,Yes
S07864,0,1,1,1,1,0,1,1,0,1,2,6,5,4,7.1,3,2,6,Yes
S07865,1,1,0,0,0,1,1,0,1,0,5,5,4,8,5.19,1,3,5,No
S07866,0,1,1,1,0,1,0,0,1,0,9,4,3,8,6.83,0,0,4,No
S07867,1,1,0,0,0,1,1,0,0,0,4,4,4,2,5.91,7,1,1,No
S07868,1,1,1,1,1,1,1,0,1,0,6,3,9,4,5.34,4,2,7,Yes
S07869,1,1,1,0,0,1,0,1,0,0,10,8,2,7,8.77,3,1,7,Yes
S07870,1,0,1,1,0,1,1,0,0,0,4,9,3,7,8.81,4,0,4,Yes
S07871,0,1,0,0,1,1,1,0,0,1,2,2,3,8,9.59,2,0,6,No
S07872,1,1,0,1,0,1,0,1,1,0,4,7,9,4,5.04,5,2,2,Yes
S07873,0,1,1,0,0,1,1,0,0,1,1,9,2,1,8.47,0,3,3,No
S07874,0,0,0,1,0,1,0,0,0,0,8,6,8,8,8.3,4,3,2,Yes
S07875,1,0,1,0,1,1,1,0,0,0,8,7,10,9,9.46,1,1,8,Yes
S07876,1,1,0,0,0,1,0,0,1,0,2,4,6,3,5.71,7,3,5,Yes
S07877,0,0,0,0,1,0,1,0,0,0,2,2,1,6,8.17,1,1,7,No
S07878,1,1,1,1,0,0,0,1,0,0,7,6,4,2,7.49,8,2,6,Yes
S07879,0,1,1,1,0,0,1,0,0,1,10,9,5,7,7.66,0,1,3,Yes
S07880,1,1,1,0,0,1,1,0,1,0,5,3,3,7,7.15,7,3,8,Yes
S07881,1,1,0,1,0,1,1,0,0,0,6,10,9,3,7.91,8,3,7,Yes
S07882,1,1,0,0,0,1,1,0,0,1,2,8,3,8,5.62,3,2,5,No
S07883,1,0,0,1,1,0,1,0,1,0,2,6,4,5,9.4,8,1,7,Yes
S07884,0,0,1,1,0,0,1,0,1,0,7,7,1,3,8.45,7,1,6,Yes
S07885,1,1,1,0,1,1,1,1,0,0,1,3,2,5,5.0,8,1,5,No
S07886,0,1,1,0,1,0,1,0,1,0,9,1,1,3,7.29,0,0,7,No
S07887,1,1,0,1,0,0,0,0,0,0,9,4,7,1,9.78,6,3,0,Yes
S07888,1,1,1,1,1,1,0,1,0,0,9,6,2,1,5.9,1,1,8,No
S07889,1,1,1,0,1,0,0,0,0,0,8,7,3,1,9.75,6,2,4,Yes
S07890,1,1,1,1,1,0,1,1,0,0,9,3,4,2,8.72,8,1,0,Yes
S07891,1,0,0,1,1,0,1,0,1,1,6,9,6,1,5.59,0,1,7,No
S07892,1,0,0,0,1,1,0,0,0,0,4,5,1,2,8.33,2,0,7,No
S07893,0,1,1,1,1,0,1,0,1,0,6,8,6,9,7.18,8,3,5,Yes
S07894,1,1,1,1,0,1,1,0,0,0,10,4,7,8,7.61,3,2,3,Yes
S07895,1,1,0,1,1,0,1,0,0,0,4,3,1,4,9.16,3,3,6,No
S07896,0,1,0,0,1,0,1,0,0,0,6,10,7,5,8.84,0,3,3,Yes
S07897,0,1,1,0,0,1,1,1,0,0,10,2,1,9,6.24,4,0,7,No
S07898,1,1,1,1,1,1,1,0,0,1,3,8,5,10,7.06,3,0,4,Yes
S07899,1,1,0,1,0,1,0,0,0,1,5,3,3,7,7.02,1,1,4,No
S07900,0,0,0,0,1,0,1,0,1,1,4,3,5,10,7.13,3,1,2,No
S07901,0,1,1,1,0,0,0,1,1,1,1,4,7,7,7.36,4,3,0,No
S07902,1,0,1,0,0,1,0,0,0,0,3,3,7,8,7.66,1,0,8,No
S07903,1,1,0,1,1,1,1,0,0,0,4,6,2,9,7.11,8,1,3,Yes
S07904,0,0,0,1,1,0,0,1,0,0,1,4,6,5,7.99,1,2,6,No
S07905,1,1,1,0,1,1,0,0,0,0,9,1,5,3,5.27,7,0,0,No
S07906,0,1,0,1,0,1,1,1,1,1,9,2,5,1,6.28,8,0,4,No
S07907,1,1,0,1,1,1,0,0,0,0,9,4,7,10,5.49,8,1,2,Yes
S07908,0,1,1,1,1,0,0,0,1,0,8,9,7,6,6.12,2,2,5,Yes
S07909,1,1,0,1,0,1,0,0,0,0,3,10,10,3,5.38,5,3,0,Yes
S07910,1,0,0,0,0,0,1,1,0,0,8,7,4,5,7.18,4,3,3,Yes
S07911,0,0,0,0,1,0,0,1,1,1,4,3,4,4,5.79,8,1,4,No
S07912,1,1,1,1,0,0,1,0,0,1,3,2,1,2,9.93,1,0,7,No
S07913,1,1,0,1,1,1,1,0,1,0,7,10,1,7,9.18,4,0,2,Yes
S07914,1,1,0,1,1,1,1,0,0,0,8,8,5,9,6.87,0,3,5,Yes
S07915,1,0,0,0,1,0,1,0,0,0,6,1,6,2,5.46,1,2,2,No
S07916,1,0,0,0,0,1,1,1,0,0,2,3,10,10,7.56,1,1,8,Yes
S07917,0,1,1,0,0,0,0,0,0,0,5,10,2,1,6.04,4,0,1,No
S07918,1,0,1,1,0,1,1,0,0,0,3,3,4,9,5.4,2,2,7,No
S07919,1,0,1,0,0,0,1,0,0,0,6,4,9,5,6.88,7,0,3,No
S07920,1,1,0,0,1,0,1,0,1,0,10,1,9,9,6.76,0,0,2,No
S07921,0,1,0,0,0,1,1,0,0,0,2,3,5,1,8.42,4,2,6,No
S07922,0,0,0,1,1,1,1,0,0,0,2,9,6,3,6.58,6,2,1,No
S07923,1,0,0,1,1,0,1,0,0,0,9,5,10,5,9.9,7,0,0,Yes
S07924,1,1,0,1,1,0,1,1,0,0,1,2,1,6,6.47,7,1,1,No
S07925,0,0,0,1,1,1,1,0,1,0,10,10,4,9,5.32,0,0,3,No
S07926,1,1,1,1,0,0,0,1,1,1,4,2,6,10,8.89,5,3,8,Yes
S07927,0,1,1,0,1,0,1,1,0,0,4,3,2,2,8.55,2,1,8,No
S07928,0,1,1,0,1,1,1,0,1,1,1,9,4,1,7.73,3,1,7,No
S07929,0,0,0,1,0,1,0,0,0,0,7,7,5,1,7.19,8,3,7,Yes
S07930,1,1,1,0,1,0,1,0,1,0,5,5,2,7,6.66,8,0,3,Yes
S07931,0,1,0,1,1,0,1,0,0,0,9,8,6,1,8.6,5,1,5,Yes
S07932,0,1,0,0,1,0,1,1,1,0,1,7,10,5,7.89,4,3,8,Yes
S07933,0,1,0,1,1,1,0,0,0,0,8,7,9,6,8.61,4,1,7,Yes
S07934,1,0,0,0,0,1,1,0,0,0,8,10,8,1,6.0,2,1,6,No
S07935,1,1,0,1,0,0,1,1,1,0,5,10,5,10,9.02,4,1,3,Yes
S07936,1,0,0,1,0,0,1,0,1,1,2,3,1,8,9.3,8,3,2,Yes
S07937,1,0,0,1,1,1,1,0,0,0,9,2,1,6,9.14,6,2,6,Yes
S07938,0,1,1,1,1,1,0,0,0,0,7,3,8,5,6.8,0,1,7,No
S07939,1,0,0,1,0,0,1,0,1,0,7,10,8,5,6.61,2,1,2,No
S07940,1,1,0,0,0,1,0,0,0,0,1,7,5,10,6.16,5,0,1,No
S07941,1,1,0,0,1,1,1,1,0,1,4,8,2,8,6.33,2,2,1,Yes
S07942,0,1,0,0,0,0,0,0,0,0,4,2,7,3,6.34,8,3,5,No
S07943,0,0,1,1,1,1,0,1,1,0,5,6,5,3,9.31,2,3,3,Yes
S07944,1,1,0,0,0,1,1,0,0,0,2,5,4,9,9.18,6,0,6,No
S07945,1,1,1,0,0,1,0,1,0,0,10,5,8,8,9.78,2,3,7,Yes
S07946,1,0,1,0,0,0,1,0,0,1,8,9,8,5,7.6,6,2,6,Yes
S07947,0,0,1,1,1,1,0,0,0,1,8,1,4,7,7.74,3,1,7,No
S07948,0,1,0,1,0,1,0,0,0,0,8,5,2,8,9.39,6,0,7,Yes
S07949,0,1,0,1,0,1,0,0,0,1,9,10,5,5,5.23,8,2,5,Yes
S07950,1,1,1,1,1,1,1,1,0,1,1,5,1,6,7.18,1,2,2,No
S07951,0,1,1,0,0,0,1,0,0,0,10,8,7,1,5.84,2,1,5,No
S07952,1,1,1,0,0,0,1,0,0,1,7,7,7,9,9.55,1,0,0,Yes
S07953,0,1,1,0,0,1,1,0,0,0,10,6,3,5,9.37,8,3,4,Yes
S07954,1,1,1,1,1,1,1,0,0,0,2,3,1,2,5.63,7,3,7,Yes
S07955,0,0,0,1,1,0,1,1,1,1,5,3,8,3,7.35,6,0,1,No
S07956,1,1,1,1,1,0,1,0,0,0,4,6,2,5,6.47,2,2,7,Yes
S07957,0,1,1,0,1,1,1,0,0,0,3,2,9,7,6.23,2,3,3,Yes
S07958,0,1,1,1,0,0,1,0,0,0,6,7,1,7,8.87,4,2,5,Yes
S07959,1,1,1,1,0,0,1,1,1,0,9,1,9,9,7.56,1,1,6,Yes
S07960,1,1,1,1,1,0,0,0,1,0,3,5,6,8,5.03,7,3,3,Yes
S07961,0,1,0,1,1,1,0,0,0,0,10,5,7,10,5.02,3,0,7,No
S07962,1,1,0,1,1,0,0,0,0,0,8,7,6,1,9.91,8,2,1,Yes
S07963,1,1,0,0,1,1,1,1,1,0,4,10,4,5,7.11,5,0,7,Yes
S07964,1,1,1,1,1,0,1,0,1,0,8,4,3,9,9.38,4,1,0,Yes
S07965,0,1,1,0,1,0,1,0,0,1,6,3,1,5,8.43,2,1,0,No
S07966,1,1,1,0,1,1,1,0,0,0,8,6,3,3,9.33,3,1,3,Yes
S07967,1,1,0,1,0,1,1,0,1,0,9,1,3,4,7.01,4,0,3,No
S07968,1,1,0,0,0,1,0,0,0,0,6,3,1,2,9.98,6,0,5,No
S07969,1,0,0,1,0,1,1,0,0,0,5,7,9,5,7.41,2,0,7,Yes
S07970,0,0,0,0,1,1,0,1,0,0,3,2,3,6,9.75,6,3,8,Yes
S07971,0,1,0,0,0,0,0,0,0,0,2,10,1,5,8.81,8,2,4,No
S07972,0,0,0,0,0,0,0,0,0,0,2,10,8,8,7.7,6,3,1,Yes
S07973,1,0,0,1,1,0,1,0,1,0,4,4,3,5,6.48,8,0,4,No
S07974,0,0,1,0,0,1,0,0,1,0,4,2,4,8,9.46,1,2,3,No
S07975,1,1,1,0,0,0,1,0,1,0,4,9,1,3,9.83,6,1,7,Yes
S07976,1,0,0,0,1,1,1,0,0,0,2,2,6,1,8.68,1,3,3,No
S07977,0,0,0,1,1,1,0,1,0,1,2,4,6,10,5.61,7,3,4,Yes
S07978,0,1,1,1,0,0,1,0,1,1,4,6,5,2,7.91,2,3,8,Yes
S07979,0,1,1,1,1,1,0,0,0,0,6,4,6,8,5.8,1,3,1,No
S07980,0,0,0,0,1,1,0,0,0,1,10,5,4,9,7.85,4,1,5,Yes
S07981,1,1,0,1,1,1,1,0,0,0,9,8,2,7,6.78,4,1,5,Yes
S07982,1,1,0,0,0,1,1,0,0,1,2,7,3,3,9.86,0,0,5,No
S07983,0,0,0,1,1,0,1,0,0,0,2,9,7,3,9.46,5,0,4,Yes
S07984,1,1,0,1,1,1,1,0,0,1,9,2,5,5,8.33,8,2,4,Yes
S07985,1,1,0,1,0,1,1,0,1,1,3,9,10,10,6.31,6,3,1,Yes
S07986,0,1,1,0,1,1,0,0,0,1,2,9,1,7,8.17,7,3,6,Yes
S07987,0,1,0,1,0,1,1,0,1,0,6,3,9,10,5.76,1,3,5,Yes
S07988,1,0,1,1,1,1,0,1,0,1,6,3,10,5,5.11,6,0,0,No
S07989,0,1,0,1,1,1,0,0,0,1,4,5,8,10,9.45,1,0,5,Yes
S07990,0,0,1,0,0,1,0,0,0,0,2,4,4,3,5.94,5,2,7,No
S07991,0,1,1,0,0,1,0,0,0,0,4,8,5,6,6.25,4,0,8,No
S07992,1,1,1,1,1,0,0,1,1,0,3,9,3,7,6.04,2,3,5,Yes
S07993,1,1,0,1,1,1,1,0,0,0,10,7,9,2,8.98,2,3,8,Yes
S07994,1,1,0,1,0,1,0,0,0,0,4,2,9,1,6.31,8,0,4,No
S07995,1,0,0,1,1,1,0,0,0,0,1,10,3,5,9.21,2,0,2,No
S07996,1,1,1,0,1,0,0,1,1,1,4,8,3,10,9.12,5,1,6,Yes
S07997,1,0,0,0,0,0,1,0,0,0,5,9,1,6,8.91,6,0,5,No
S07998,1,1,0,1,1,0,0,0,0,0,4,9,4,1,7.79,8,2,3,Yes
S07999,0,1,0,1,0,0,0,0,1,0,8,5,6,4,5.26,4,0,1,No
S08000,1,1,0,1,1,0,1,0,0,0,1,2,5,4,6.79,4,2,1,No
S08001,0,0,1,0,0,1,1,0,1,1,9,3,1,5,5.12,7,0,2,No
S08002,0,1,0,1,0,1,1,1,0,0,1,1,6,8,6.25,5,0,2,No
S08003,1,0,0,1,1,0,1,0,0,0,7,1,2,3,8.06,8,2,2,No
S08004,0,0,1,1,0,0,1,0,1,0,2,8,5,4,6.79,4,1,6,No
S08005,0,1,1,1,1,0,1,0,1,1,1,2,10,5,7.97,6,0,1,No
S08006,1,1,0,0,1,0,1,1,1,1,2,8,4,4,7.41,0,2,5,No
S08007,0,1,0,1,1,1,0,0,0,0,6,7,4,2,5.19,8,1,2,No
S08008,1,0,1,0,1,1,1,0,0,0,2,2,8,7,8.95,7,1,5,Yes
S08009,0,1,1,0,1,1,1,1,0,0,6,8,1,9,7.07,4,3,2,Yes
S08010,1,1,0,1,0,1,1,1,0,1,9,7,2,8,5.9,2,1,6,Yes
S08011,0,1,1,1,1,1,0,0,0,0,2,8,9,1,9.07,2,0,1,No
S08012,1,0,1,1,1,0,0,0,0,0,1,7,7,6,9.27,6,1,2,Yes
S08013,0,0,0,0,1,0,1,1,0,1,7,8,6,10,7.63,5,3,3,Yes
S08014,1,0,0,0,0,1,1,0,0,0,6,9,3,5,8.38,6,1,6,Yes
S08015,0,0,1,0,0,1,0,1,1,0,3,9,2,9,8.33,7,1,1,No
S08016,0,1,0,0,1,1,1,1,1,1,7,7,3,3,9.45,7,0,2,Yes
S08017,1,1,0,0,0,1,1,0,1,1,8,4,1,3,8.85,5,3,1,Yes
S08018,0,0,0,0,1,0,1,0,1,0,5,3,7,9,9.69,2,3,2,Yes
S08019,1,0,0,0,0,1,1,0,0,0,7,10,7,1,6.93,8,0,1,No
S08020,0,1,0,1,1,1,0,0,1,1,3,2,10,6,9.83,6,2,6,Yes
S08021,1,1,1,1,0,1,0,1,0,0,8,7,10,5,5.58,4,3,7,Yes
S08022,0,0,1,0,0,1,1,0,1,1,6,7,6,2,5.5,2,0,0,No
S08023,0,1,0,1,1,1,0,1,0,0,8,3,9,4,5.7,3,3,2,Yes
S08024,1,1,0,0,1,0,0,0,0,0,7,7,9,7,8.8,3,0,2,Yes
S08025,1,0,1,1,1,1,1,0,1,0,2,10,6,8,8.56,7,0,3,Yes
S08026,1,0,0,1,1,0,1,1,0,1,5,5,7,1,10.0,5,0,6,Yes
S08027,0,1,1,0,0,0,1,0,0,1,3,6,5,2,7.3,1,2,7,No
S08028,1,1,1,1,1,0,1,1,1,0,10,7,8,2,7.87,7,0,8,Yes
S08029,1,1,1,0,1,1,1,1,0,0,10,8,5,1,9.31,4,3,3,Yes
S08030,0,0,0,1,0,1,0,0,0,0,6,5,5,9,5.1,1,2,7,No
S08031,1,0,0,0,1,1,0,0,0,0,3,1,7,1,7.68,3,3,4,No
S08032,0,0,0,1,1,0,0,1,0,0,9,4,2,4,7.74,5,3,8,Yes
S08033,1,1,0,1,1,0,1,0,1,1,10,8,8,4,5.6,2,3,3,Yes
S08034,1,1,1,0,1,1,0,0,0,1,7,3,9,4,5.37,3,3,7,Yes
S08035,0,0,1,1,0,1,0,0,0,1,8,8,4,5,6.2,3,2,7,No
S08036,1,1,1,1,1,1,1,1,0,1,9,7,9,8,9.33,0,3,8,Yes
S08037,1,1,0,1,1,1,1,1,0,1,3,5,1,5,9.31,7,2,0,Yes
S08038,0,1,1,1,1,0,1,0,0,0,8,9,9,8,8.05,4,3,2,Yes
S08039,1,1,0,0,1,0,1,1,1,0,5,1,1,6,9.19,2,0,7,Yes
S08040,0,0,1,1,0,0,1,1,0,0,4,8,2,3,9.61,7,3,6,Yes
S08041,0,1,0,1,1,0,1,0,0,0,2,5,2,9,8.78,8,1,2,Yes
S08042,1,0,0,0,1,1,0,0,0,0,2,10,8,5,8.52,5,0,4,Yes
S08043,1,1,1,1,0,0,0,0,0,1,10,2,4,8,9.9,4,2,5,Yes
S08044,0,0,1,1,0,0,0,0,0,0,6,4,2,2,6.08,5,3,4,No
S08045,1,0,1,1,0,0,1,1,0,0,3,3,4,1,9.28,0,3,6,Yes
S08046,1,1,0,1,0,1,1,1,1,0,5,7,3,3,9.37,1,0,4,No
S08047,0,1,1,0,0,0,0,0,0,0,3,7,6,1,8.32,5,0,5,No
S08048,1,1,1,0,1,0,1,1,0,0,2,8,4,5,5.23,2,1,0,No
S08049,0,1,1,0,1,1,0,1,1,0,8,6,8,9,5.18,3,1,5,Yes
S08050,1,0,1,0,0,1,0,0,1,0,1,9,9,4,8.74,7,2,2,Yes
S08051,1,1,1,0,1,1,1,0,1,0,3,9,1,9,9.76,0,2,8,Yes
S08052,1,1,0,0,0,0,1,0,0,0,6,1,10,1,6.73,8,3,5,No
S08053,0,1,0,0,1,1,1,0,1,1,6,2,7,9,7.25,4,1,5,Yes
S08054,0,1,0,1,0,1,0,0,0,0,7,2,4,2,7.07,3,3,7,Yes
S08055,0,0,1,1,0,1,1,1,0,0,7,3,5,1,6.95,1,2,3,No
S08056,1,1,0,1,1,0,0,1,0,1,4,10,10,7,6.48,2,1,6,No
S08057,1,1,0,1,0,0,0,0,1,0,2,7,8,6,6.63,3,2,1,No
S08058,1,0,1,1,0,0,1,0,1,1,9,3,10,3,7.84,7,0,8,Yes
S08059,1,1,0,0,0,0,0,0,0,0,9,9,2,3,6.98,4,0,6,No
S08060,0,0,0,1,0,0,0,0,1,1,2,5,9,2,8.03,1,2,0,No
S08061,0,1,1,1,0,1,1,0,1,0,1,1,2,2,6.89,1,1,2,No
S08062,1,1,0,1,0,0,1,0,0,1,1,3,6,2,9.89,5,1,2,No
S08063,0,1,0,1,1,0,1,0,0,0,8,3,9,1,8.27,2,0,6,No
S08064,1,1,0,1,0,0,0,0,0,0,5,6,6,6,9.71,5,0,1,No
S08065,0,0,0,1,0,1,0,0,1,0,10,5,10,3,9.14,4,2,6,Yes
S08066,1,1,0,1,0,0,0,0,1,0,8,5,1,3,7.82,3,1,8,No
S08067,1,1,1,1,1,1,1,1,0,1,3,8,3,1,9.26,3,3,6,Yes
S08068,1,1,1,0,0,1,1,1,0,0,8,5,5,4,5.81,5,3,4,Yes
S08069,1,1,0,0,0,0,1,0,0,0,4,5,3,10,5.29,0,3,7,No
S08070,0,0,0,1,1,0,0,0,0,0,8,4,7,9,6.12,6,3,0,No
S08071,1,1,0,0,1,0,1,0,1,0,4,3,7,8,9.52,3,2,0,Yes
S08072,1,0,0,0,1,1,1,0,0,0,9,1,8,3,9.19,2,1,2,Yes
S08073,0,0,1,1,0,0,1,0,0,0,6,9,2,9,8.13,0,3,6,No
S08074,0,1,0,1,0,0,1,0,1,1,6,5,10,8,8.41,1,1,5,Yes
S08075,0,0,1,0,0,1,0,0,0,0,6,3,5,7,9.52,7,3,8,Yes
S08076,1,1,1,1,0,1,1,0,1,0,5,3,8,7,6.57,5,0,6,Yes
S08077,0,1,1,1,1,0,1,1,1,1,10,4,1,1,7.41,1,1,7,No
S08078,0,1,0,1,1,0,1,0,1,1,3,2,6,10,5.56,8,1,4,Yes
S08079,1,1,0,1,1,1,0,1,0,1,3,4,7,7,7.48,7,1,4,Yes
S08080,1,0,0,1,1,1,1,1,0,1,8,3,1,8,5.33,1,1,7,No
S08081,1,1,1,1,0,1,0,0,1,1,8,4,3,2,6.71,0,0,0,No
S08082,1,1,0,1,1,0,0,0,1,0,10,3,9,2,8.22,8,0,1,Yes
S08083,1,1,0,0,0,1,1,0,0,0,2,1,2,5,8.09,6,3,0,No
S08084,1,0,1,0,0,0,0,0,0,0,4,1,9,8,5.02,8,3,1,No
S08085,0,1,0,0,1,0,1,0,0,1,5,10,9,8,8.64,3,1,7,Yes
S08086,0,0,0,1,1,1,1,0,1,1,6,8,7,4,8.02,2,1,3,No
S08087,0,1,0,1,0,0,1,1,0,1,1,2,8,4,9.67,0,1,0,No
S08088,0,0,0,1,1,0,1,0,0,0,4,9,9,9,7.38,5,3,1,Yes
S08089,1,0,1,1,0,0,1,1,0,0,10,4,6,3,6.05,7,3,5,Yes
S08090,0,0,0,1,0,0,0,0,1,0,6,6,4,8,9.08,3,1,0,No
S08091,0,1,1,1,1,0,1,0,0,1,1,6,5,7,8.17,6,3,2,Yes
S08092,1,1,1,1,0,0,1,0,0,0,5,5,7,9,8.09,6,2,8,Yes
S08093,0,0,0,1,0,1,1,1,0,0,4,6,9,9,8.9,8,1,4,Yes
S08094,0,1,0,0,0,1,0,1,0,1,3,4,1,10,8.8,3,0,2,No
S08095,1,1,0,1,1,0,0,0,0,0,3,10,6,7,9.74,1,3,4,Yes
S08096,0,1,1,0,0,1,1,0,0,0,2,4,5,6,8.06,4,1,8,No
S08097,1,1,1,0,1,0,1,1,0,0,8,10,3,5,9.8,0,1,6,Yes
S08098,1,1,0,1,0,0,1,0,1,1,2,10,2,10,6.3,6,3,0,No
S08099,1,1,0,0,1,0,0,0,0,1,8,5,6,3,6.74,6,1,6,Yes
S08100,0,1,1,0,0,1,1,0,0,0,2,1,4,5,8.4,2,0,4,No
S08101,0,1,0,1,1,1,1,0,1,0,5,5,5,1,9.79,2,3,8,Yes
S08102,0,1,1,0,1,0,1,0,1,0,7,6,5,8,5.26,2,0,2,No
S08103,1,1,1,0,0,1,0,0,0,0,5,6,6,2,9.63,0,3,5,Yes
S08104,1,0,1,1,1,1,1,0,0,0,1,9,4,3,7.89,2,3,8,Yes
S08105,0,1,1,0,1,0,1,1,1,0,8,7,10,2,9.42,6,1,4,Yes
S08106,0,1,1,1,0,0,0,0,0,1,2,9,5,6,7.34,1,0,7,No
S08107,1,1,1,0,0,0,1,1,0,1,5,8,7,2,8.27,2,1,1,No
S08108,1,1,1,0,0,0,1,0,0,1,8,10,3,8,7.5,2,0,3,No
S08109,0,1,0,1,1,0,1,1,0,0,6,5,2,3,8.29,7,0,7,No
S08110,0,1,0,0,0,1,1,1,0,0,4,2,3,2,6.94,2,1,2,No
S08111,1,0,1,0,1,0,1,0,1,0,2,2,5,3,8.17,6,2,1,No
S08112,1,1,0,0,0,0,1,1,0,1,7,3,5,1,9.29,2,0,3,No
S08113,0,0,1,0,0,0,1,0,0,0,10,6,6,4,6.18,6,2,0,No
S08114,0,0,1,0,1,0,1,0,1,0,7,9,4,4,9.01,6,1,3,Yes
S08115,1,1,0,0,1,0,1,0,1,1,8,2,6,2,8.8,4,0,5,No
S08116,1,1,0,0,1,1,1,0,0,0,8,2,5,6,5.57,4,3,8,No
S08117,0,1,0,0,0,0,1,0,1,0,9,9,5,2,7.86,6,0,0,No
S08118,1,0,0,1,0,1,1,0,1,0,8,8,8,10,7.74,3,0,2,No
S08119,1,0,1,1,0,1,1,0,0,0,6,8,1,8,5.53,1,1,3,No
S08120,1,0,0,1,0,0,1,0,1,0,7,10,7,6,8.77,4,0,5,Yes
S08121,1,1,1,1,1,0,1,0,0,0,2,6,4,7,5.68,5,3,5,Yes
S08122,0,0,0,0,0,1,0,1,0,1,7,6,8,6,6.87,6,2,6,No
S08123,1,0,1,1,1,0,0,0,0,1,5,6,10,9,6.22,6,0,6,Yes
S08124,0,1,0,1,0,1,0,1,0,1,3,9,4,2,5.13,3,2,0,No
S08125,1,1,0,1,1,1,0,0,0,0,4,1,9,7,5.59,1,2,5,No
S08126,1,1,0,0,0,1,0,0,0,1,7,2,5,8,7.78,5,3,4,Yes
S08127,1,1,0,1,1,1,1,0,1,0,6,6,7,1,8.14,0,2,2,No
S08128,0,0,1,1,0,0,1,1,0,1,2,9,2,8,9.13,2,0,7,Yes
S08129,0,1,1,1,0,0,0,0,1,1,4,10,9,5,7.97,0,2,8,Yes
S08130,1,1,0,1,1,1,0,1,1,0,4,9,2,9,8.04,3,3,3,Yes
S08131,0,1,0,1,1,0,0,0,0,0,6,8,5,7,7.74,1,3,5,No
S08132,0,1,1,0,0,1,1,0,0,0,4,8,1,9,6.15,4,3,6,No
S08133,0,1,1,1,0,1,1,0,0,0,9,3,3,6,7.76,3,1,2,No
S08134,1,0,0,0,1,0,0,1,0,1,4,1,8,10,8.92,3,3,1,Yes
S08135,0,1,0,1,1,1,1,0,0,0,7,3,2,3,9.35,5,0,1,No
S08136,1,1,0,1,1,0,1,0,0,1,10,7,2,3,9.81,1,0,5,No
S08137,1,1,0,0,1,1,1,1,1,0,8,4,6,9,8.89,4,2,1,Yes
S08138,0,1,0,1,0,0,0,0,1,0,8,8,8,7,7.64,8,0,4,Yes
S08139,1,1,0,1,1,0,0,0,0,0,10,4,3,10,9.94,2,3,3,Yes
S08140,1,1,0,1,0,0,1,1,0,1,2,4,3,10,8.58,8,3,7,Yes
S08141,1,1,0,0,0,0,1,0,0,0,6,10,4,3,8.03,3,3,1,Yes
S08142,0,1,0,1,1,0,1,0,0,0,8,2,3,8,9.04,3,0,2,No
S08143,0,1,0,0,0,1,0,0,0,0,3,7,9,9,7.91,7,1,4,Yes
S08144,1,1,0,1,0,1,1,0,0,0,1,10,9,2,6.76,8,0,3,Yes
S08145,0,0,0,1,1,0,1,0,0,1,4,7,2,1,8.86,2,3,8,Yes
S08146,1,1,0,0,0,1,0,0,1,0,2,3,9,2,5.71,2,2,1,No
S08147,1,0,0,0,0,0,0,0,0,0,6,1,10,8,9.99,4,1,5,Yes
S08148,0,1,1,0,1,1,1,0,0,0,8,7,5,5,7.04,7,1,1,No
S08149,1,1,0,0,0,1,0,1,0,0,6,9,8,4,5.53,3,1,4,No
S08150,1,0,1,1,1,1,0,0,0,0,6,8,2,9,9.54,0,2,5,Yes
S08151,1,1,0,0,0,1,0,1,0,0,7,5,1,9,6.64,1,3,7,Yes
S08152,0,1,0,1,0,1,1,0,0,1,3,4,2,8,9.93,8,2,5,Yes
S08153,1,1,1,1,0,0,0,0,0,0,8,7,5,10,5.05,6,0,5,No
S08154,0,0,0,1,0,1,1,0,0,0,1,5,7,5,9.44,3,0,8,No
S08155,0,1,0,0,0,1,1,0,0,1,2,6,3,8,5.46,1,0,3,No
S08156,1,1,0,0,0,0,0,0,0,1,8,5,7,6,6.35,4,3,0,Yes
S08157,0,1,0,1,1,0,1,0,1,1,6,3,1,9,7.77,8,2,2,Yes
S08158,1,0,0,1,1,1,0,1,0,0,10,1,8,1,9.68,3,0,3,Yes
S08159,1,1,1,1,0,0,1,1,0,0,3,1,2,9,9.96,6,3,4,Yes
S08160,0,1,0,1,0,0,1,0,0,0,10,5,5,1,8.25,1,0,3,No
S08161,0,1,1,1,1,1,1,0,0,0,7,7,9,2,9.95,0,2,5,Yes
S08162,1,0,0,1,0,0,0,0,0,0,6,5,8,2,7.12,3,2,8,No
S08163,1,1,0,0,1,1,0,1,1,0,9,1,4,1,7.46,6,3,2,No
S08164,1,1,1,0,1,0,0,0,1,1,8,8,7,5,7.26,3,3,0,Yes
S08165,1,0,0,1,1,0,0,0,0,0,8,10,9,1,7.3,1,3,6,Yes
S08166,1,1,1,0,1,0,1,0,0,1,9,3,1,10,5.36,2,3,3,No
S08167,1,1,0,1,0,0,1,0,0,0,1,9,3,10,7.02,6,0,2,No
S08168,0,0,0,1,0,0,0,0,0,0,10,6,10,2,8.98,7,3,1,Yes
S08169,1,0,0,1,1,1,0,1,0,1,3,1,10,10,6.47,5,0,7,Yes
S08170,1,1,0,1,1,0,1,0,1,0,9,3,7,6,6.78,4,1,2,Yes
S08171,0,1,0,0,1,1,0,0,0,0,10,6,4,8,7.39,7,3,6,Yes
S08172,0,1,0,1,1,0,0,0,1,1,1,8,10,7,8.49,2,3,4,Yes
S08173,1,0,0,0,1,1,0,1,1,1,10,8,4,6,7.17,8,3,5,Yes
S08174,1,0,0,0,0,1,0,0,0,1,3,5,10,4,8.94,6,2,0,Yes
S08175,0,1,0,1,1,1,0,0,0,0,2,7,3,2,6.25,1,2,8,No
S08176,1,0,1,1,0,0,1,0,0,1,7,1,10,3,5.15,4,0,3,No
S08177,1,0,0,1,0,0,1,1,0,1,1,10,8,4,6.83,1,1,1,No
S08178,0,1,1,1,1,1,1,0,0,1,4,9,2,5,5.61,0,1,0,No
S08179,1,1,0,0,1,1,0,1,0,1,9,8,3,5,5.13,1,3,1,No
S08180,1,1,0,1,0,1,1,0,1,1,1,2,7,1,7.56,8,3,1,Yes
S08181,1,1,1,0,0,0,1,1,0,1,5,5,8,7,8.34,4,2,6,Yes
S08182,1,0,1,1,0,1,1,0,1,1,1,6,8,5,6.03,4,0,5,No
S08183,1,0,1,1,1,1,0,0,0,0,8,1,2,4,6.67,0,0,2,No
S08184,0,1,0,1,0,1,1,0,0,0,2,2,4,2,8.19,5,3,0,No
S08185,1,1,0,0,0,1,0,0,0,0,5,5,10,9,6.5,2,3,6,Yes
S08186,1,1,0,1,0,0,1,0,1,1,7,2,8,7,8.51,1,0,0,Yes
S08187,1,0,1,1,0,0,1,1,0,1,1,6,5,1,9.39,6,0,7,No
S08188,0,1,0,1,1,1,0,0,0,1,7,9,2,8,5.33,8,1,4,Yes
S08189,1,1,1,1,1,1,1,0,0,0,2,5,4,1,6.64,1,3,4,No
S08190,1,1,1,1,1,1,0,1,0,1,6,4,4,7,5.08,1,3,8,Yes
S08191,0,1,1,0,1,1,0,0,0,0,9,10,6,8,9.98,4,3,1,Yes
S08192,1,1,1,1,1,0,0,1,0,1,9,5,10,10,5.2,6,3,1,Yes
S08193,1,0,1,0,0,1,1,0,1,1,7,2,9,6,6.87,2,1,5,No
S08194,1,1,0,0,1,1,0,0,0,0,4,10,3,3,7.04,1,0,2,No
S08195,1,1,0,1,1,1,1,0,1,0,9,8,4,10,9.57,7,0,1,Yes
S08196,1,1,0,1,1,0,1,0,0,0,1,9,6,3,6.01,4,2,4,No
S08197,0,1,1,0,1,1,1,0,1,0,9,6,9,6,8.79,0,3,2,Yes
S08198,1,1,0,1,1,0,1,0,1,0,6,7,8,9,8.38,6,2,4,Yes
S08199,0,1,1,1,0,0,1,0,0,1,1,8,9,2,8.36,7,3,5,Yes
S08200,1,0,1,1,1,1,1,0,0,1,1,3,3,8,5.11,7,1,7,Yes
S08201,1,1,1,1,1,1,1,1,0,0,3,3,4,9,9.43,2,1,8,Yes
S08202,1,1,0,1,1,0,1,0,0,0,10,8,8,7,9.69,0,3,8,Yes
S08203,0,1,1,1,0,1,1,1,0,1,2,5,9,10,7.27,0,0,4,Yes
S08204,1,0,0,1,0,0,1,0,0,0,7,7,8,3,9.04,6,0,3,Yes
S08205,0,1,1,1,1,0,0,0,0,0,5,1,9,9,9.33,8,0,8,Yes
S08206,1,0,0,1,0,0,1,0,1,1,1,6,6,6,5.1,1,1,1,No
S08207,1,1,1,1,0,1,1,0,1,1,5,3,9,10,7.63,1,1,1,No
S08208,1,1,0,0,0,0,1,0,0,0,3,4,1,6,7.09,7,0,6,No
S08209,1,1,1,1,0,1,1,1,1,0,3,7,7,3,9.19,8,2,2,Yes
S08210,1,0,0,1,0,0,1,0,0,1,10,9,8,7,7.1,3,0,3,Yes
S08211,1,1,1,0,1,0,0,0,1,0,4,10,4,9,5.72,4,1,8,Yes
S08212,0,1,0,1,1,1,1,0,0,0,1,2,9,3,5.81,2,1,4,No
S08213,1,1,1,0,0,1,1,0,0,0,2,4,5,9,8.51,8,2,6,Yes
S08214,0,1,0,0,1,1,1,1,0,0,6,9,5,6,8.09,5,0,4,Yes
S08215,1,1,1,1,1,1,0,1,0,0,5,4,4,5,6.28,6,3,7,Yes
S08216,1,1,0,0,0,0,1,1,0,0,10,1,5,9,5.2,0,2,1,No
S08217,0,1,0,1,1,0,1,1,0,0,6,10,4,2,6.93,2,1,2,No
S08218,1,1,1,0,0,1,1,0,0,0,6,4,6,5,7.78,2,2,3,Yes
S08219,1,1,1,1,1,0,0,1,0,1,7,2,10,6,9.73,2,0,5,Yes
S08220,0,1,1,1,1,1,1,0,1,0,8,5,9,7,6.1,2,2,1,Yes
S08221,0,1,1,0,1,1,1,0,0,0,3,3,2,6,5.79,8,2,8,No
S08222,1,1,0,0,1,1,1,0,1,1,5,9,2,5,5.59,3,0,3,No
S08223,1,1,0,1,1,0,1,0,0,0,3,6,3,9,5.99,0,1,0,No
S08224,0,1,0,1,1,1,0,1,1,0,6,9,8,3,7.21,2,2,7,Yes
S08225,1,1,0,0,1,0,1,1,1,1,5,8,6,6,6.33,6,1,3,No
S08226,0,1,0,1,0,0,0,1,0,0,8,3,2,9,5.39,3,2,1,No
S08227,1,1,1,0,0,0,0,0,0,0,1,7,2,9,9.21,2,3,8,Yes
S08228,1,1,0,0,1,0,0,0,0,0,5,5,7,10,9.7,3,1,1,Yes
S08229,0,1,0,1,1,1,0,0,0,1,2,1,7,3,6.58,4,1,8,No
S08230,1,1,1,0,1,1,1,0,0,0,2,9,9,2,6.74,4,2,8,Yes
S08231,1,1,0,0,1,1,1,0,1,0,6,5,1,2,7.55,3,1,1,No
S08232,1,1,0,1,0,0,1,0,0,0,7,9,1,10,7.7,6,3,7,Yes
S08233,0,1,0,1,1,0,1,0,1,1,5,8,2,7,7.54,5,1,5,No
S08234,0,1,1,1,1,0,1,0,0,0,3,3,7,3,7.86,7,3,5,Yes
S08235,1,0,0,1,0,1,0,0,1,0,4,2,5,3,6.4,5,3,8,No
S08236,1,1,1,0,1,1,0,1,0,0,10,8,10,5,7.93,5,2,1,Yes
S08237,0,0,0,1,1,0,0,0,0,1,8,9,4,2,5.77,3,0,2,No
S08238,0,1,0,1,0,0,1,0,1,0,8,3,3,8,7.17,3,0,1,No
S08239,0,0,0,1,1,1,1,0,1,1,1,8,6,10,6.45,8,0,1,No
S08240,1,1,1,1,0,0,1,1,0,0,6,5,10,9,5.48,5,2,4,Yes
S08241,0,0,1,1,1,0,1,0,1,0,9,3,8,9,8.4,3,3,2,Yes
S08242,0,1,0,0,0,0,0,0,0,0,4,1,2,5,7.37,4,1,1,No
S08243,1,1,0,1,1,0,0,1,0,0,4,1,9,8,6.33,2,1,6,No
S08244,1,1,0,1,0,1,1,0,0,1,10,1,7,5,8.2,8,3,8,Yes
S08245,1,0,0,0,1,0,0,0,0,0,8,2,1,5,7.37,7,0,0,No
S08246,0,0,1,0,0,1,1,0,0,0,10,9,8,1,6.73,1,3,2,Yes
S08247,1,1,0,1,1,1,0,0,0,0,8,3,10,4,8.26,8,1,0,Yes
S08248,0,1,0,1,0,0,1,0,1,0,10,1,4,6,7.73,5,3,5,Yes
S08249,0,1,1,1,0,0,1,0,1,0,7,4,5,5,7.07,0,0,8,No
S08250,0,1,0,1,0,1,0,0,0,0,10,9,10,7,6.3,4,0,8,Yes
S08251,0,1,1,0,0,0,1,0,0,0,4,5,6,2,7.55,1,0,4,No
S08252,0,0,1,0,1,0,1,0,0,0,4,5,4,9,8.69,7,2,1,Yes
S08253,1,1,0,1,1,1,0,1,1,0,5,3,3,4,5.48,0,1,7,No
S08254,0,1,0,1,0,1,1,1,1,0,10,9,4,10,6.07,7,1,1,Yes
S08255,1,1,0,1,0,0,1,1,1,0,2,6,9,10,7.87,5,2,2,Yes
S08256,0,1,1,1,0,1,1,0,0,0,4,7,6,10,5.07,0,1,8,No
S08257,1,1,1,0,1,0,0,0,0,1,10,9,3,3,9.24,6,2,8,Yes
S08258,0,1,0,0,0,1,0,1,1,0,10,6,4,6,6.73,7,3,2,Yes
S08259,0,1,1,1,0,1,1,0,0,1,8,10,10,6,5.87,1,1,6,Yes
S08260,0,1,1,1,1,0,1,0,1,1,9,5,8,1,6.29,1,3,6,Yes
S08261,1,1,0,0,0,0,1,1,0,1,8,4,1,6,7.84,4,1,1,No
S08262,1,1,0,1,0,1,1,0,0,0,7,2,8,7,6.15,2,2,1,No
S08263,0,0,1,0,1,1,1,0,0,0,1,4,1,10,8.68,5,2,3,No
S08264,1,1,0,1,1,1,0,1,1,0,10,2,4,9,5.5,5,3,7,Yes
S08265,0,0,1,1,1,1,0,1,1,0,8,8,7,8,7.01,8,1,3,Yes
S08266,1,1,1,0,0,1,1,0,0,0,3,8,5,7,5.17,2,3,6,No
S08267,0,1,0,1,0,0,0,1,0,0,9,10,6,6,7.71,6,2,2,Yes
S08268,1,1,1,1,1,0,1,1,1,0,5,4,5,7,5.2,3,2,0,Yes
S08269,0,0,0,1,1,1,1,0,1,1,7,5,10,3,7.31,4,0,6,Yes
S08270,0,0,1,1,0,1,0,0,1,1,3,1,2,5,9.84,3,1,3,No
S08271,1,1,0,0,1,1,0,0,1,0,2,1,4,1,6.38,3,3,0,No
S08272,1,1,1,1,0,0,0,0,1,0,10,1,4,7,8.84,6,0,4,Yes
S08273,1,0,1,1,0,1,0,0,0,1,4,5,10,9,6.02,6,0,2,No
S08274,0,1,0,1,0,1,1,1,0,0,5,2,4,7,6.18,2,2,6,No
S08275,1,1,0,0,1,0,1,1,0,0,2,5,7,1,9.56,6,2,1,No
S08276,0,1,0,1,1,0,1,0,1,0,7,8,5,5,9.17,7,0,8,Yes
S08277,1,1,1,1,1,1,1,0,1,0,7,5,9,4,7.16,4,1,2,Yes
S08278,1,1,0,1,0,0,1,0,1,1,10,7,4,9,7.86,0,0,8,Yes
S08279,1,1,1,1,0,0,1,0,0,0,6,8,2,2,6.78,0,3,4,No
S08280,1,1,1,1,0,0,1,0,0,1,2,3,6,9,9.77,7,3,6,Yes
S08281,1,1,0,1,1,1,1,0,1,0,10,6,6,1,7.26,0,2,7,Yes
S08282,0,1,1,0,0,1,0,1,1,0,4,5,4,1,6.83,8,1,0,No
S08283,0,1,0,1,1,1,0,0,1,0,2,1,5,5,8.99,8,3,5,Yes
S08284,1,1,1,1,0,1,0,0,1,0,8,7,5,4,6.93,8,0,3,No
S08285,0,1,0,1,0,1,0,0,1,0,2,7,10,10,6.85,2,2,0,No
S08286,0,0,0,0,0,0,1,0,1,1,7,3,3,1,5.6,4,1,7,No
S08287,1,0,0,0,1,1,1,1,0,0,8,2,5,2,6.95,4,3,3,Yes
S08288,1,1,1,0,0,1,1,0,0,0,2,8,6,4,8.18,8,1,8,Yes
S08289,1,0,0,0,0,1,1,1,1,0,7,10,1,1,7.53,4,2,8,Yes
S08290,1,1,0,1,0,0,1,0,0,0,5,4,3,10,6.74,8,0,0,No
S08291,0,1,0,1,0,1,0,0,0,1,5,10,4,4,9.39,4,0,2,No
S08292,0,1,0,0,1,1,1,0,0,0,4,10,9,8,6.0,5,3,8,Yes
S08293,1,0,0,0,0,0,1,0,0,0,5,2,6,7,9.35,1,3,8,Yes
S08294,1,0,1,1,1,1,0,0,0,0,8,4,4,3,7.16,0,2,1,No
S08295,0,1,0,1,1,0,0,1,1,1,5,4,7,6,7.09,2,3,4,Yes
S08296,0,1,0,0,1,0,1,0,1,0,8,10,8,8,8.92,6,1,2,Yes
S08297,0,1,0,0,0,1,0,0,1,1,9,3,10,9,5.99,6,0,1,No
S08298,0,1,0,1,0,1,0,1,0,0,4,5,8,1,7.81,3,3,8,Yes
S08299,1,1,0,1,0,1,1,1,0,0,10,10,6,6,9.01,4,2,0,Yes
S08300,0,1,1,0,0,0,0,0,1,1,7,10,1,3,7.45,3,0,4,No
S08301,0,0,0,1,0,0,0,0,0,0,5,4,1,3,8.7,7,2,7,No
S08302,1,0,0,0,1,1,0,0,1,0,9,5,10,6,8.1,3,0,1,No
S08303,0,1,0,1,0,1,0,0,0,0,10,1,8,3,6.85,1,3,7,No
S08304,1,1,0,0,1,1,0,0,0,0,6,8,4,4,6.49,0,3,5,No
S08305,1,0,0,1,1,0,0,0,1,0,4,1,6,2,5.89,3,3,7,No
S08306,1,0,1,0,0,0,1,0,0,1,4,8,10,2,6.82,7,3,1,Yes
S08307,1,1,1,1,0,0,1,1,1,0,10,7,7,9,7.3,4,1,0,Yes
S08308,1,1,0,1,0,1,1,0,0,1,3,3,2,10,5.18,3,3,3,No
S08309,1,0,0,1,1,1,0,1,0,0,1,10,3,4,7.6,0,3,5,No
S08310,1,0,1,0,0,0,1,1,1,1,5,1,8,10,9.37,8,2,1,Yes
S08311,1,1,1,1,0,1,1,0,0,1,2,3,5,6,6.59,6,0,1,No
S08312,1,1,0,0,1,0,0,0,1,0,2,10,8,5,7.98,3,1,4,No
S08313,1,1,0,1,0,1,1,0,0,0,9,2,9,3,6.04,5,0,5,Yes
S08314,0,1,0,0,1,0,1,0,0,0,3,4,10,4,8.11,0,3,2,No
S08315,1,0,0,1,1,0,1,1,0,0,10,7,3,5,7.4,3,0,5,No
S08316,1,1,0,0,1,0,1,0,0,0,6,1,1,1,5.96,0,3,1,No
S08317,0,0,1,0,0,1,1,0,0,1,7,8,10,8,9.56,0,0,7,Yes
S08318,0,1,0,1,1,0,1,0,0,0,2,6,9,1,8.76,4,3,8,Yes
S08319,0,1,0,1,0,1,1,0,0,1,1,8,8,9,9.26,2,3,4,Yes
S08320,1,1,1,0,0,1,1,0,1,0,8,6,5,10,7.08,2,1,1,No
S08321,1,0,0,1,1,0,1,0,0,1,1,9,3,7,5.14,3,3,5,No
S08322,0,0,0,0,1,1,0,0,0,1,2,4,9,9,5.61,1,3,8,No
S08323,1,1,0,1,1,1,1,0,1,0,8,5,5,10,5.39,6,0,3,Yes
S08324,1,1,0,0,1,0,0,1,0,0,5,9,7,8,6.13,3,2,4,Yes
S08325,1,0,1,0,0,0,1,1,1,1,10,5,10,8,9.79,4,3,0,Yes
S08326,0,1,0,0,0,0,0,1,1,0,6,2,9,3,5.86,2,0,0,No
S08327,1,0,1,0,0,1,1,0,0,0,3,10,9,5,5.38,8,1,3,Yes
S08328,0,1,1,1,1,1,1,1,0,0,4,9,8,3,6.57,6,3,0,Yes
S08329,0,1,0,1,0,0,1,0,0,0,8,8,1,9,7.81,5,1,4,Yes
S08330,1,1,0,1,1,0,1,0,0,0,8,6,5,3,5.34,3,1,0,No
S08331,0,0,0,1,0,1,1,1,0,0,10,5,10,1,8.31,6,2,0,Yes
S08332,0,0,1,1,0,0,0,0,0,0,6,3,4,4,8.27,6,1,6,No
S08333,0,1,0,1,0,1,1,1,1,0,4,4,5,3,6.86,5,2,7,Yes
S08334,1,1,0,0,1,0,1,0,0,0,1,6,4,10,5.58,1,0,2,No
S08335,0,1,1,1,0,1,0,0,0,0,3,4,2,5,7.18,2,0,3,No
S08336,1,1,0,1,0,0,0,0,0,0,2,6,1,5,6.47,0,2,8,No
S08337,0,1,0,1,1,0,0,0,0,0,3,1,6,4,5.71,2,1,7,No
S08338,1,0,1,0,0,1,1,0,0,0,9,2,7,2,8.96,5,0,0,No
S08339,1,1,0,1,1,0,1,1,1,0,2,10,3,4,7.7,8,3,0,Yes
S08340,0,1,0,1,1,0,0,0,0,1,4,8,4,1,7.0,8,1,2,Yes
S08341,0,1,1,1,1,1,0,1,0,0,2,8,1,7,6.58,2,0,8,No
S08342,0,1,0,1,0,1,0,0,0,0,3,7,7,7,5.62,1,2,2,No
S08343,1,1,0,0,0,1,1,1,0,1,3,4,7,7,9.37,4,1,5,Yes
S08344,1,0,0,0,1,1,0,0,0,0,4,9,4,5,8.54,5,3,4,No
S08345,0,1,1,0,0,0,1,1,0,0,8,5,8,5,9.85,6,3,7,Yes
S08346,0,1,1,0,0,0,1,0,0,0,8,8,6,9,9.28,4,0,3,Yes
S08347,0,1,0,0,1,1,1,0,1,0,10,8,8,8,8.4,2,3,4,Yes
S08348,1,0,0,1,0,0,1,0,0,1,8,8,3,4,9.02,4,3,1,Yes
S08349,1,1,1,1,1,1,1,0,1,0,4,10,7,6,7.58,5,3,3,Yes
S08350,0,1,0,1,1,1,1,0,1,1,9,9,1,2,9.52,3,1,3,Yes
S08351,0,0,0,1,1,1,0,1,1,0,9,5,10,6,5.34,4,2,0,Yes
S08352,1,0,0,0,0,1,1,0,0,1,10,8,2,10,5.92,4,1,1,No
S08353,0,1,0,1,0,0,1,1,1,1,5,7,2,4,5.89,0,2,5,No
S08354,1,1,0,0,1,0,1,0,1,1,5,8,5,7,7.69,0,1,1,No
S08355,1,0,1,1,1,0,1,0,0,0,3,4,7,9,7.74,3,3,0,Yes
S08356,1,1,0,1,1,1,0,0,0,0,5,8,4,2,7.23,5,1,1,No
S08357,1,1,0,0,0,0,0,1,1,0,5,5,10,10,7.92,7,1,2,Yes
S08358,1,1,0,0,1,0,1,1,0,0,1,8,1,3,9.32,1,0,1,No
S08359,1,1,0,1,0,0,1,0,0,0,10,4,4,6,5.92,5,3,5,Yes
S08360,1,0,0,1,0,1,1,1,1,1,1,3,3,2,5.08,3,2,0,No
S08361,0,1,0,1,1,0,1,1,0,0,7,1,3,10,9.16,2,3,0,No
S08362,1,1,0,1,0,1,1,0,0,0,3,6,2,7,6.15,0,1,2,No
S08363,1,0,0,1,1,1,0,0,1,0,10,10,3,2,8.07,6,2,2,Yes
S08364,1,1,0,1,1,1,1,0,0,0,8,5,8,10,7.51,5,0,8,Yes
S08365,1,1,1,1,1,1,0,0,0,0,3,9,3,10,5.95,2,0,3,No
S08366,0,1,0,1,1,0,1,1,1,0,2,7,9,4,9.64,0,0,3,Yes
S08367,1,1,1,1,0,0,0,0,0,0,10,3,3,4,9.95,0,0,1,No
S08368,0,1,0,0,1,1,0,1,0,0,7,5,7,9,8.5,1,0,7,Yes
S08369,0,1,0,0,1,0,1,0,0,0,10,2,8,1,5.71,6,0,1,No
S08370,1,1,1,1,1,0,0,0,0,1,5,4,2,7,8.77,1,0,6,No
S08371,1,1,0,1,0,1,0,0,0,1,7,10,2,10,7.82,8,0,5,Yes
S08372,1,1,0,1,1,1,1,0,0,0,10,6,2,10,5.4,6,0,3,No
S08373,1,1,0,1,1,1,0,0,0,0,7,2,7,10,9.79,3,3,4,Yes
S08374,0,1,0,1,1,0,0,1,1,1,10,2,5,1,9.92,7,3,5,Yes
S08375,0,1,0,1,1,0,1,0,1,0,9,7,1,8,8.48,3,2,6,Yes
S08376,1,1,1,1,1,0,1,0,1,1,1,8,4,1,9.48,0,0,0,No
S08377,1,0,0,0,0,0,1,0,0,0,6,9,7,10,9.94,8,1,7,Yes
S08378,1,0,0,0,0,1,0,0,0,1,3,9,7,5,6.05,5,3,7,Yes
S08379,0,1,1,0,0,0,0,0,1,0,4,4,7,9,7.39,3,2,6,No
S08380,1,0,0,0,0,1,0,0,0,0,8,3,5,10,6.81,3,1,3,No
S08381,1,0,1,0,0,0,1,1,1,1,6,1,4,9,6.84,5,3,1,Yes
S08382,1,1,1,0,0,1,1,0,0,0,4,7,7,7,5.69,7,0,8,Yes
S08383,0,1,0,0,0,1,0,0,0,0,5,2,2,1,5.2,7,0,2,No
S08384,0,0,0,1,0,1,0,0,0,0,3,8,4,9,7.23,0,3,3,No
S08385,1,1,1,0,0,0,0,0,0,0,4,9,2,6,8.79,0,0,7,No
S08386,1,1,0,1,1,1,0,1,1,0,8,1,8,5,5.43,5,3,0,Yes
S08387,0,0,0,1,1,1,0,0,1,0,9,6,7,9,8.17,3,1,8,Yes
S08388,1,1,0,1,0,0,1,0,0,0,9,9,2,10,6.62,5,3,1,Yes
S08389,0,1,0,1,1,1,1,0,0,0,1,10,6,1,8.66,7,2,7,No
S08390,1,1,1,0,0,1,0,0,0,0,7,4,5,10,8.47,1,3,3,Yes
S08391,0,1,0,0,1,0,1,1,0,1,10,2,10,10,6.02,3,2,2,Yes
S08392,1,1,0,0,1,0,1,0,0,0,9,4,2,10,5.93,3,1,7,No
S08393,0,0,0,1,1,0,1,0,1,0,1,3,7,1,8.72,5,3,0,No
S08394,0,1,0,0,0,1,1,0,0,0,2,7,10,5,5.01,1,1,2,No
S08395,0,1,0,0,0,0,1,0,0,1,9,6,10,5,8.59,4,2,7,Yes
S08396,0,1,1,1,1,1,1,0,0,0,3,5,7,4,9.03,4,0,5,Yes
S08397,0,1,1,1,1,1,0,1,0,1,2,1,3,5,5.97,4,1,1,No
S08398,1,0,0,1,0,0,0,1,0,1,4,7,9,2,9.03,1,2,0,Yes
S08399,0,1,1,1,0,1,1,0,1,0,3,4,4,5,9.32,2,2,3,No
S08400,0,1,0,1,1,0,1,0,0,0,4,7,4,5,7.07,5,1,3,No
S08401,1,1,0,1,0,1,0,1,0,0,10,6,2,7,5.39,4,0,6,No
S08402,0,1,0,1,1,0,0,0,0,0,3,3,9,1,5.16,3,1,3,No
S08403,0,1,1,0,1,1,0,0,0,0,6,1,2,3,6.28,1,1,0,No
S08404,1,1,0,0,1,0,0,1,1,1,1,4,5,9,9.88,7,0,3,Yes
S08405,1,1,1,1,0,0,1,1,1,0,6,9,10,5,7.1,0,2,2,Yes
S08406,1,1,0,0,1,1,1,0,1,0,8,2,8,7,7.79,0,2,1,Yes
S08407,1,0,1,1,0,0,1,1,1,0,5,8,7,10,8.59,0,0,2,Yes
S08408,1,1,0,1,1,1,1,0,0,0,9,8,1,8,6.17,3,1,3,Yes
S08409,1,1,1,0,0,0,1,0,1,0,6,9,5,8,9.01,5,1,4,Yes
S08410,1,0,1,1,1,0,0,0,0,0,5,7,1,6,5.87,8,0,1,No
S08411,1,0,1,1,1,0,1,1,0,1,1,9,10,10,6.17,2,0,6,Yes
S08412,0,1,1,0,1,1,1,0,1,0,8,8,9,5,6.04,7,0,8,Yes
S08413,1,0,1,0,0,1,1,1,0,0,5,10,1,5,5.04,6,0,5,No
S08414,1,0,0,1,0,0,1,0,1,0,6,6,6,3,8.3,0,3,8,Yes
S08415,1,1,0,0,1,0,1,1,1,0,1,6,7,2,6.41,6,1,1,No
S08416,1,1,0,0,1,1,1,1,0,0,5,3,9,6,9.05,8,0,5,Yes
S08417,0,1,0,0,0,0,0,0,0,1,7,7,1,2,7.08,3,0,8,No
S08418,0,1,1,0,1,1,1,0,1,0,3,3,6,2,6.03,5,3,6,Yes
S08419,0,1,0,1,1,0,1,1,0,1,6,9,6,7,8.98,0,0,7,Yes
S08420,1,1,0,1,0,0,0,1,0,0,7,8,9,2,9.18,1,3,2,Yes
S08421,0,0,0,1,0,0,0,0,0,1,7,9,9,3,8.71,5,3,3,Yes
S08422,1,1,0,0,1,0,1,0,0,0,7,3,8,4,8.54,4,1,1,No
S08423,1,1,0,0,1,0,0,1,0,0,6,2,7,4,8.79,0,3,8,Yes
S08424,1,1,0,0,1,0,0,0,0,1,9,8,1,4,6.91,2,1,4,No
S08425,1,1,0,1,1,0,0,1,0,0,7,2,10,8,7.72,2,3,3,Yes
S08426,1,0,0,0,0,1,1,0,0,0,7,8,10,5,8.35,3,2,8,Yes
S08427,1,1,0,0,0,1,0,1,0,1,8,2,9,7,7.7,6,2,5,Yes
S08428,0,1,1,1,0,0,0,1,1,0,2,8,8,9,8.99,7,1,6,Yes
S08429,1,1,1,0,0,0,1,0,0,1,6,4,4,6,7.7,3,1,2,No
S08430,1,0,0,0,1,1,1,1,0,0,6,6,2,1,5.75,2,0,1,No
S08431,1,1,0,0,0,0,1,0,0,1,8,6,6,1,9.0,0,3,6,Yes
S08432,0,1,0,1,1,1,1,0,0,0,9,5,2,2,9.05,8,2,4,Yes
S08433,1,1,1,1,0,1,0,0,0,0,1,9,3,4,5.78,5,1,8,No
S08434,0,0,1,0,0,0,0,0,0,0,5,3,9,8,6.94,6,3,8,Yes
S08435,0,1,1,0,1,1,1,0,1,0,5,6,10,10,9.88,0,0,6,Yes
S08436,1,0,1,1,1,1,0,1,0,0,6,4,1,6,6.86,6,3,2,Yes
S08437,1,1,1,1,1,1,0,0,0,0,4,2,5,1,5.61,2,1,3,No
S08438,1,1,1,0,0,0,1,0,0,1,9,10,6,2,5.84,5,0,2,Yes
S08439,0,1,1,1,1,1,1,0,0,0,4,8,10,6,8.92,2,2,0,Yes
S08440,1,1,1,0,0,1,0,0,0,0,5,4,1,2,9.62,4,3,7,No
S08441,1,0,1,1,1,0,0,0,1,0,5,3,3,6,7.76,4,0,1,No
S08442,1,0,0,1,0,1,1,0,0,0,8,3,7,4,6.43,0,0,1,No
S08443,0,0,1,1,1,1,1,0,0,0,7,1,1,1,9.92,0,0,3,No
S08444,1,1,1,1,1,1,0,0,1,0,6,5,5,6,5.17,3,3,7,Yes
S08445,1,0,0,0,1,1,0,0,0,1,6,10,9,4,9.48,4,2,2,Yes
S08446,0,1,0,1,0,1,0,0,1,0,10,5,6,7,5.9,8,2,7,Yes
S08447,0,0,1,1,1,1,1,1,0,0,4,5,8,5,8.83,6,1,5,Yes
S08448,0,0,0,1,1,1,1,0,0,1,7,10,9,2,5.97,2,3,7,Yes
S08449,1,1,1,1,0,0,0,0,0,0,5,3,9,6,6.08,6,1,0,No
S08450,0,0,0,1,0,1,0,0,0,1,3,8,2,6,9.62,0,0,2,No
S08451,0,1,1,1,1,1,0,0,0,0,8,8,2,9,5.59,1,3,7,Yes
S08452,1,1,0,1,1,0,1,0,0,0,5,2,7,4,6.63,5,3,0,No
S08453,0,1,0,1,0,0,1,0,1,0,4,7,10,5,9.11,2,2,8,Yes
S08454,1,1,1,1,1,0,0,1,0,1,6,5,2,2,9.06,2,3,4,Yes
S08455,0,1,0,0,1,1,1,0,0,1,7,3,10,10,5.41,7,3,4,Yes
S08456,1,0,1,1,1,0,0,1,0,1,4,4,2,5,9.78,8,0,2,Yes
S08457,0,1,0,1,1,1,0,0,0,1,5,7,8,7,8.86,0,1,4,Yes
S08458,1,1,1,1,0,1,1,0,0,0,6,7,9,8,9.01,0,0,2,Yes
S08459,0,1,0,0,0,1,0,0,0,1,9,1,8,6,8.04,1,0,5,No
S08460,1,1,0,1,1,0,0,0,0,1,4,6,9,3,7.47,2,0,4,No
S08461,0,1,1,0,1,1,0,0,1,1,6,2,2,7,8.85,6,3,3,Yes
S08462,0,1,0,1,0,0,0,0,1,0,5,10,7,10,9.93,8,1,8,Yes
S08463,1,1,1,1,0,1,1,0,0,0,8,1,9,9,8.12,5,2,6,Yes
S08464,0,1,1,0,1,1,1,1,0,1,7,1,6,6,9.89,5,3,5,Yes
S08465,0,0,0,1,1,0,1,0,0,1,10,8,10,9,5.76,1,2,8,Yes
S08466,1,1,0,0,1,1,1,0,0,0,1,3,3,2,9.41,0,0,6,No
S08467,1,1,0,1,1,0,0,1,0,0,5,4,8,6,6.42,5,3,3,Yes
S08468,1,0,0,1,0,0,0,1,0,0,8,4,5,1,9.18,3,2,7,No
S08469,1,0,0,1,1,1,0,1,0,1,8,5,6,4,7.86,4,0,8,Yes
S08470,1,1,1,1,1,1,0,1,0,0,9,10,7,3,8.29,1,0,5,Yes
S08471,1,1,1,1,1,0,1,0,0,1,2,8,6,5,7.62,1,1,3,No
S08472,1,0,0,0,1,0,0,1,1,1,9,6,9,7,6.2,0,1,2,No
S08473,1,0,0,0,0,1,1,0,1,1,2,2,4,3,6.23,2,0,3,No
S08474,1,0,1,1,1,1,1,1,1,0,3,4,9,1,7.53,4,3,8,Yes
S08475,0,1,0,1,1,0,1,0,0,0,1,4,5,1,6.83,5,2,1,No
S08476,0,1,1,1,1,1,0,0,1,1,6,9,7,1,7.76,8,0,1,Yes
S08477,1,1,0,1,1,1,0,0,1,1,5,8,1,8,7.04,5,3,3,Yes
S08478,0,1,1,0,0,1,1,0,1,1,5,9,2,8,6.77,2,3,7,Yes
S08479,0,1,1,0,1,0,0,0,0,0,5,9,9,2,8.76,5,3,8,Yes
S08480,0,1,0,0,0,0,0,0,0,0,10,10,5,4,9.7,6,1,2,Yes
S08481,1,1,1,1,1,0,1,1,0,0,6,9,1,7,5.17,2,0,5,No
S08482,1,0,1,1,0,0,1,0,0,1,7,5,10,10,8.48,5,0,2,Yes
S08483,0,1,1,0,1,1,0,0,1,1,4,9,2,8,9.07,8,2,1,Yes
S08484,0,1,0,1,0,1,0,0,0,1,9,8,3,1,8.47,4,0,3,No
S08485,0,0,0,0,1,1,0,0,0,0,6,3,4,2,5.43,6,2,8,No
S08486,0,1,0,1,0,1,1,0,0,0,5,9,8,7,5.71,1,0,0,No
S08487,1,1,0,1,1,0,0,1,0,0,1,5,7,7,7.32,5,2,1,No
S08488,1,1,0,0,0,0,1,1,0,1,2,6,9,7,6.35,7,3,8,Yes
S08489,1,1,1,1,1,0,0,0,1,0,10,7,6,5,9.23,8,2,6,Yes
S08490,1,1,0,1,0,1,1,1,0,0,9,4,6,6,7.68,5,3,8,Yes
S08491,0,0,0,0,0,0,0,0,0,0,9,6,4,7,8.14,2,0,1,No
S08492,1,1,0,1,0,1,0,0,0,1,3,4,4,7,5.39,7,2,6,Yes
S08493,1,0,0,1,1,0,0,1,0,0,7,3,1,9,6.23,3,0,4,No
S08494,0,1,0,1,1,1,1,0,1,0,5,3,2,10,7.71,0,1,4,No
S08495,1,1,1,0,1,0,1,0,1,0,7,3,4,10,7.63,4,3,3,Yes
S08496,0,0,1,1,0,0,0,0,0,0,9,10,8,2,9.36,1,2,6,Yes
S08497,0,1,0,1,0,1,1,1,1,1,1,3,1,1,9.8,8,0,2,No
S08498,0,1,0,1,0,1,0,0,0,0,2,1,5,5,6.54,1,1,0,No
S08499,1,1,1,0,1,1,1,0,0,0,3,1,3,6,6.53,2,3,1,No
S08500,1,1,0,0,1,0,1,0,0,0,9,4,5,7,9.29,2,3,3,Yes
S08501,1,1,0,0,0,0,0,1,1,1,2,7,6,6,5.3,1,3,4,No
S08502,1,0,0,0,0,0,1,1,1,0,6,2,1,10,5.09,5,1,3,No
S08503,1,1,0,0,1,0,1,0,0,1,3,5,10,9,7.8,8,2,0,Yes
S08504,0,0,1,0,1,1,0,1,1,0,6,2,4,1,5.26,4,1,4,No
S08505,1,1,1,1,1,1,1,0,0,0,9,10,10,5,7.42,1,0,8,Yes
S08506,0,1,0,1,1,1,1,0,1,0,4,6,8,1,8.2,1,1,3,No
S08507,1,1,0,0,0,1,1,1,0,1,2,5,1,2,5.44,4,3,2,No
S08508,0,1,0,0,1,1,1,1,1,1,6,8,2,7,9.38,3,2,4,Yes
S08509,0,1,0,0,0,0,1,0,0,1,8,10,3,5,7.98,8,2,5,Yes
S08510,1,0,1,1,1,1,1,0,0,1,10,5,1,5,7.4,0,0,4,No
S08511,1,1,0,0,0,1,1,0,1,0,7,7,1,1,8.35,1,1,4,No
S08512,0,1,0,0,0,1,0,0,0,1,9,2,7,9,6.22,2,1,4,No
S08513,0,0,0,0,0,0,1,1,1,0,10,8,6,1,8.01,7,2,5,Yes
S08514,0,1,0,0,0,1,0,1,0,0,2,5,7,6,9.95,4,1,7,Yes
S08515,1,1,1,0,1,0,1,1,0,1,2,2,6,7,6.62,3,2,6,No
S08516,1,1,0,1,0,1,1,1,1,0,8,6,2,3,9.68,7,2,0,Yes
S08517,0,1,1,1,0,0,1,0,0,0,6,1,4,7,6.68,2,0,2,No
S08518,0,1,1,0,1,0,0,0,0,1,4,3,7,4,7.73,5,2,7,Yes
S08519,1,1,1,1,0,1,0,1,0,0,4,5,2,9,8.03,4,1,3,No
S08520,0,1,1,0,0,0,0,0,0,0,3,2,4,9,8.89,2,2,2,No
S08521,1,0,1,1,0,1,1,0,0,0,6,4,4,7,6.39,4,2,5,Yes
S08522,1,0,0,0,1,1,1,0,0,0,2,3,4,3,8.75,7,1,0,No
S08523,1,0,1,1,0,0,0,1,0,1,7,8,8,3,8.61,8,1,3,Yes
S08524,1,1,1,0,0,0,1,1,0,0,6,7,4,2,8.71,8,1,5,Yes
S08525,1,1,0,1,0,1,1,0,1,0,6,1,8,2,7.25,0,3,7,Yes
S08526,1,1,1,1,1,1,1,0,1,0,4,5,4,9,8.89,6,3,5,Yes
S08527,1,1,0,0,0,1,1,1,1,1,4,7,10,3,7.69,2,1,7,Yes
S08528,0,1,1,1,1,0,1,1,0,1,10,7,5,3,9.07,1,2,1,Yes
S08529,0,1,0,0,0,0,1,0,1,0,6,7,4,4,9.51,4,1,4,Yes
S08530,0,1,1,1,1,1,0,0,0,0,1,6,1,1,9.89,5,3,2,No
S08531,0,0,0,0,1,1,0,0,1,1,10,6,8,7,9.65,3,2,5,Yes
S08532,1,1,0,1,0,0,1,0,1,1,10,7,3,7,8.7,0,2,8,Yes
S08533,0,0,0,1,0,0,0,0,0,1,3,5,6,5,6.93,7,3,7,No
S08534,0,0,0,0,1,0,1,0,1,1,3,7,6,3,7.16,2,3,5,No
S08535,1,1,1,1,1,0,0,0,0,0,2,7,3,10,7.23,3,0,5,No
S08536,1,1,0,0,1,0,0,0,0,0,7,4,5,9,6.91,0,2,2,No
S08537,1,1,0,1,1,1,0,1,0,1,2,8,1,6,5.5,8,1,7,No
S08538,0,0,1,1,0,0,1,1,1,1,3,3,9,5,7.83,3,2,2,Yes
S08539,1,1,0,1,1,0,0,0,1,1,1,4,7,6,6.4,4,0,1,No
S08540,0,1,0,1,0,0,1,1,0,0,4,10,5,4,8.54,0,1,1,No
S08541,0,1,0,0,0,1,0,0,0,0,9,4,2,3,7.91,5,2,0,No
S08542,0,1,1,1,1,0,1,0,0,1,10,4,4,5,8.21,3,2,7,Yes
S08543,0,0,1,1,0,0,0,1,0,1,10,7,2,2,5.29,1,3,6,No
S08544,0,1,1,1,1,0,0,1,1,0,10,7,1,3,8.86,5,0,5,Yes
S08545,1,1,1,0,0,1,0,0,0,0,7,5,6,6,9.28,2,0,2,No
S08546,1,1,1,0,1,1,1,0,0,0,2,8,8,5,8.39,5,0,7,Yes
S08547,0,0,1,1,1,0,1,0,0,0,3,2,9,5,9.04,0,1,8,No
S08548,1,1,0,1,1,0,0,0,0,1,10,8,2,7,8.95,3,1,4,Yes
S08549,1,0,0,0,0,0,1,0,1,1,6,10,2,2,6.33,7,1,1,No
S08550,1,0,0,1,1,0,0,0,1,0,2,6,5,7,9.66,2,3,3,Yes
S08551,0,0,0,1,1,1,0,1,1,0,2,4,2,8,9.48,5,2,1,Yes
S08552,1,1,1,1,1,0,0,0,0,1,4,6,6,7,9.96,5,2,1,Yes
S08553,0,1,0,1,0,0,0,1,0,0,1,3,7,3,7.43,2,0,7,No
S08554,1,1,1,0,0,1,1,1,1,0,2,6,3,2,7.92,0,2,1,No
S08555,1,1,0,1,0,1,1,1,1,0,7,5,10,8,8.1,8,2,8,Yes
S08556,0,1,0,1,1,1,1,0,0,0,3,3,3,8,8.04,5,1,2,No
S08557,1,1,0,1,1,1,1,1,0,0,1,7,7,10,9.62,3,1,1,Yes
S08558,0,1,0,1,0,1,0,0,0,0,2,9,1,6,6.58,4,1,1,No
S08559,0,1,1,0,1,1,1,0,1,1,3,8,5,4,5.48,4,3,8,Yes
S08560,0,1,1,1,0,1,0,0,0,1,3,3,6,10,6.88,8,3,1,Yes
S08561,1,1,0,0,0,0,1,0,1,0,10,5,4,6,7.97,0,1,3,No
S08562,0,0,0,1,1,1,0,1,0,1,1,9,5,10,5.29,8,3,7,Yes
S08563,0,1,0,0,1,0,0,0,0,0,9,5,3,10,8.9,6,2,2,Yes
S08564,0,0,0,1,1,0,1,0,0,0,1,8,3,7,6.75,2,0,6,No
S08565,1,1,1,1,1,0,1,0,1,0,9,7,6,4,8.26,5,2,4,Yes
S08566,1,0,0,0,1,1,1,1,0,1,4,4,3,3,9.13,5,0,3,Yes
S08567,0,0,1,1,0,1,1,0,1,1,3,3,3,8,7.85,0,1,2,No
S08568,0,1,1,0,1,0,1,1,0,1,6,3,9,5,5.93,1,1,1,No
S08569,1,1,0,1,1,1,0,0,0,1,6,7,10,9,7.78,7,1,1,Yes
S08570,1,1,1,1,0,1,1,1,0,1,3,7,1,9,7.91,3,3,5,No
S08571,1,1,1,1,1,0,0,0,0,1,5,3,8,7,8.39,7,3,1,Yes
S08572,1,0,0,0,0,0,1,1,1,0,7,3,7,10,9.6,4,3,4,Yes
S08573,1,1,1,0,0,0,1,1,0,0,7,9,9,1,9.46,8,0,1,Yes
S08574,1,1,1,0,1,0,0,1,0,0,7,3,4,9,5.95,0,3,5,No
S08575,0,1,0,1,0,0,1,0,0,0,8,2,2,2,8.87,5,1,4,No
S08576,1,0,0,0,0,0,1,0,0,0,9,8,5,10,8.68,8,1,2,Yes
S08577,0,1,0,1,0,0,0,0,0,0,9,9,8,6,5.98,4,1,6,No
S08578,1,0,1,1,1,1,0,1,1,0,3,9,4,5,6.61,2,3,1,Yes
S08579,1,1,0,1,0,1,1,0,0,0,6,5,8,10,6.7,8,2,2,Yes
S08580,1,1,0,0,0,1,0,0,0,0,2,5,10,9,9.5,8,1,3,Yes
S08581,1,1,0,1,1,0,0,0,1,0,5,7,3,5,8.1,6,0,7,Yes
S08582,0,1,0,1,1,0,1,1,0,0,2,10,7,2,5.94,2,2,6,Yes
S08583,0,0,0,1,0,0,1,0,0,1,7,3,8,4,7.16,2,2,8,No
S08584,1,0,0,0,0,0,0,0,0,0,7,9,5,2,5.1,0,2,4,No
S08585,1,1,0,0,1,1,1,0,0,0,3,5,10,3,9.2,0,0,3,No
S08586,1,1,1,1,1,0,1,1,0,0,2,10,6,1,7.96,5,1,3,Yes
S08587,0,1,1,0,1,0,1,0,0,1,10,2,3,4,5.82,4,3,4,No
S08588,0,1,0,0,0,0,1,0,1,0,3,2,3,5,8.68,7,1,4,No
S08589,1,1,1,1,1,0,1,0,0,0,10,4,2,3,6.99,1,2,3,No
S08590,0,1,0,0,0,0,0,1,0,0,3,1,7,5,7.01,5,3,4,No
S08591,0,0,1,1,0,1,1,1,0,0,2,2,6,2,8.24,1,0,2,No
S08592,1,0,0,1,1,0,1,0,1,0,7,3,8,6,8.87,6,1,0,Yes
S08593,1,1,0,1,1,0,0,1,1,0,7,4,2,8,7.1,4,0,5,No
S08594,0,0,0,0,1,0,1,0,1,0,7,6,1,5,9.38,6,3,4,Yes
S08595,0,1,0,1,0,1,1,0,1,0,2,1,7,3,5.37,4,2,2,No
S08596,1,1,1,1,0,0,1,0,1,0,6,1,9,7,7.52,2,3,1,Yes
S08597,1,1,0,1,1,0,1,0,0,0,9,6,2,9,5.38,7,0,7,Yes
S08598,1,0,0,0,0,0,1,1,1,1,6,1,3,1,9.53,2,0,3,No
S08599,1,0,1,0,0,1,1,1,0,0,7,8,3,10,5.69,7,0,6,Yes
S08600,0,0,1,0,1,1,0,1,0,0,9,4,2,1,9.17,0,3,6,No
S08601,1,0,0,1,0,1,0,0,0,0,8,1,10,4,9.42,8,2,3,Yes
S08602,0,1,0,1,0,1,0,0,0,0,6,5,2,1,9.11,2,3,1,No
S08603,0,1,1,0,1,0,1,0,0,1,4,10,1,8,9.57,6,2,7,Yes
S08604,1,1,0,1,0,0,1,0,0,0,6,3,1,9,8.71,5,3,7,Yes
S08605,1,0,1,1,1,0,0,0,1,1,10,2,2,7,5.77,5,2,2,Yes
S08606,1,0,1,1,1,1,1,0,0,1,1,8,5,8,7.56,5,0,2,No
S08607,0,1,0,0,1,0,1,1,0,0,9,4,6,4,8.72,4,0,6,No
S08608,1,0,1,1,1,1,0,0,0,0,6,6,10,6,8.74,6,0,1,Yes
S08609,0,1,0,1,0,1,1,0,0,0,7,8,1,4,9.7,0,2,1,No
S08610,0,1,1,0,0,0,0,0,1,0,9,5,6,1,5.41,4,2,8,No
S08611,1,1,1,0,1,1,1,1,1,0,6,5,1,4,5.26,4,0,0,No
S08612,0,0,1,1,1,1,0,0,0,1,5,8,4,4,7.69,1,1,3,No
S08613,0,1,1,0,0,1,1,1,0,0,10,10,5,5,9.69,5,3,1,Yes
S08614,1,0,1,0,1,0,1,1,0,0,5,9,4,1,5.03,1,3,4,No
S08615,1,1,1,1,0,1,1,0,0,0,6,8,10,9,7.66,3,0,3,Yes
S08616,0,1,0,0,0,1,1,0,0,0,3,4,5,8,8.65,4,3,4,No
S08617,0,1,1,0,1,1,1,0,0,1,4,3,1,2,9.41,3,1,5,No
S08618,1,0,1,1,0,1,1,0,1,0,1,8,3,2,5.96,3,1,7,No
S08619,1,1,1,0,1,0,1,1,0,0,1,9,7,8,6.61,3,3,2,Yes
S08620,1,0,1,0,0,1,0,0,1,0,3,3,5,2,9.52,2,2,0,No
S08621,0,1,0,0,0,0,0,0,1,0,4,10,8,10,7.69,2,0,0,No
S08622,1,1,0,1,0,1,0,0,1,0,2,4,3,10,7.46,3,2,7,Yes
S08623,1,0,1,1,0,1,1,0,0,0,10,9,1,4,7.98,4,1,7,Yes
S08624,0,1,1,1,1,0,0,1,0,0,7,10,2,3,9.1,2,3,8,Yes
S08625,1,0,0,1,1,0,1,0,0,1,10,2,2,1,5.61,8,2,5,No
S08626,0,1,0,0,0,1,1,1,1,0,3,8,9,4,5.74,1,0,7,No
S08627,1,1,0,0,0,1,1,1,1,0,1,3,1,6,7.3,0,2,3,No
S08628,0,0,1,1,0,1,0,0,1,0,1,1,2,9,8.91,3,0,6,No
S08629,1,0,1,0,0,0,1,0,0,1,2,7,6,5,8.87,1,2,0,Yes
S08630,0,1,0,1,0,0,0,0,1,1,9,6,2,10,9.67,1,2,6,Yes
S08631,0,1,0,1,0,1,0,0,0,1,10,5,2,2,5.39,2,1,4,No
S08632,1,1,1,1,0,1,1,1,1,0,8,8,4,10,7.63,7,1,1,Yes
S08633,1,1,1,1,0,1,1,0,0,1,6,10,1,3,5.76,7,3,1,Yes
S08634,1,1,0,1,0,1,1,1,1,0,1,1,8,8,9.77,8,2,6,Yes
S08635,1,1,1,1,0,1,0,0,1,1,8,3,7,10,7.62,4,3,4,Yes
S08636,0,0,0,0,0,0,1,0,1,0,10,1,2,3,5.54,8,2,6,No
S08637,0,0,1,1,0,0,0,1,0,0,6,2,2,5,8.66,4,1,8,No
S08638,1,1,1,1,0,0,1,0,0,0,8,3,5,7,8.68,4,1,5,No
S08639,0,0,1,0,0,1,1,1,0,1,10,9,2,3,8.71,2,1,5,Yes
S08640,0,1,1,1,1,1,0,1,0,0,2,2,7,3,5.19,7,3,8,Yes
S08641,0,1,0,0,0,1,1,0,0,1,7,10,8,7,8.74,3,2,5,Yes
S08642,1,0,1,1,0,1,1,0,0,1,5,6,6,10,5.02,6,3,5,Yes
S08643,1,0,1,1,0,1,1,0,1,0,4,8,10,1,8.85,0,1,8,Yes
S08644,1,1,0,1,1,0,1,1,0,1,7,4,7,7,6.83,5,3,4,Yes
S08645,1,0,0,1,0,0,1,0,0,1,9,8,5,8,6.84,6,3,2,Yes
S08646,1,1,0,0,1,1,0,0,0,0,2,8,1,2,9.31,6,3,7,Yes
S08647,1,0,1,1,0,1,0,1,0,0,4,8,9,9,9.4,8,2,3,Yes
S08648,1,1,1,1,1,1,0,1,0,0,10,6,4,10,5.36,0,2,2,Yes
S08649,0,0,0,1,1,1,1,1,0,0,9,4,10,7,8.42,6,2,0,Yes
S08650,1,1,0,1,1,0,1,0,0,0,8,2,3,9,9.23,1,1,5,Yes
S08651,1,1,0,1,0,0,1,1,1,0,7,5,8,4,5.55,8,0,1,No
S08652,1,1,0,1,1,0,1,0,1,1,2,5,9,1,7.75,4,3,8,Yes
S08653,1,1,0,1,1,1,0,0,0,0,7,4,3,6,9.11,1,2,0,No
S08654,0,0,1,1,1,0,0,0,1,0,3,9,2,4,7.04,1,1,7,No
S08655,1,0,1,0,1,0,0,1,0,0,9,3,4,5,8.69,1,0,2,No
S08656,1,0,0,1,0,0,0,0,1,0,6,9,4,8,7.26,1,0,2,No
S08657,1,1,1,0,1,0,0,1,1,0,7,7,3,7,5.29,1,3,1,No
S08658,1,0,0,0,0,1,1,0,0,0,5,7,3,8,8.08,5,2,8,Yes
S08659,1,1,0,0,0,1,0,1,0,1,9,2,6,5,8.82,3,0,2,Yes
S08660,0,1,1,1,1,1,0,0,0,1,3,5,7,4,6.91,3,1,5,No
S08661,1,0,0,0,0,0,0,0,0,0,7,9,6,9,8.6,1,3,8,Yes
S08662,1,1,0,1,1,1,1,1,1,1,2,2,7,1,5.22,6,3,4,Yes
S08663,1,0,1,0,0,1,1,0,0,1,1,3,3,5,6.23,7,3,5,Yes
S08664,1,0,0,0,1,0,1,0,0,0,9,4,3,4,6.82,2,3,4,No
S08665,0,1,0,0,1,0,1,0,1,0,1,6,9,7,5.77,6,2,5,Yes
S08666,0,1,0,1,1,0,1,1,0,1,3,9,1,3,8.94,7,2,0,Yes
S08667,0,1,0,1,0,0,1,0,0,1,1,1,7,10,8.29,5,2,0,No
S08668,1,0,0,1,0,1,1,0,0,0,10,10,1,2,5.36,3,0,3,No
S08669,1,1,1,0,1,0,1,0,1,0,5,6,5,8,8.07,1,1,4,No
S08670,0,1,1,1,1,1,1,0,0,0,4,1,2,5,6.65,4,0,7,No
S08671,0,1,1,1,0,0,0,0,1,0,9,9,8,4,6.42,1,1,8,Yes
S08672,1,1,1,0,0,0,1,1,0,0,6,3,1,8,6.31,0,1,3,No
S08673,1,0,1,0,1,0,1,0,0,1,2,4,1,3,8.67,3,2,3,No
S08674,1,1,0,1,1,0,1,0,1,0,2,2,10,5,8.61,5,3,1,Yes
S08675,1,0,1,0,0,1,0,1,0,0,9,1,9,1,9.94,2,3,4,Yes
S08676,1,1,0,0,0,1,1,0,1,0,7,2,1,8,6.24,7,2,0,No
S08677,1,1,0,1,1,0,1,0,0,0,7,9,3,1,5.88,2,2,2,No
S08678,0,1,1,1,1,0,1,1,1,1,4,9,3,9,6.13,1,0,6,Yes
S08679,1,0,1,0,0,1,0,1,0,0,10,9,9,8,8.17,2,0,2,Yes
S08680,1,1,0,1,0,0,1,1,1,1,1,5,6,1,6.18,0,3,8,Yes
S08681,1,1,0,0,0,1,0,0,0,0,4,7,3,8,6.94,3,3,0,No
S08682,0,1,0,1,0,1,1,0,0,0,1,8,2,10,5.29,3,3,6,No
S08683,1,1,1,0,0,1,0,1,0,1,2,9,9,9,8.03,3,1,5,Yes
S08684,0,1,1,1,0,0,0,0,1,0,5,9,10,8,5.92,0,3,4,Yes
S08685,1,0,1,1,0,1,0,0,0,0,1,8,6,1,5.76,6,1,5,No
S08686,0,1,1,0,0,1,1,0,1,1,2,4,1,7,8.93,2,3,7,Yes
S08687,1,1,0,1,0,1,1,0,1,0,4,1,5,1,5.09,5,2,6,No
S08688,1,0,0,0,0,0,1,0,0,0,9,2,10,10,6.02,4,3,3,Yes
S08689,1,1,1,0,0,0,1,0,0,0,1,4,7,2,5.72,5,2,5,No
S08690,1,1,0,0,0,0,0,0,0,0,4,5,8,9,6.06,8,2,0,No
S08691,1,1,0,0,0,1,1,0,1,0,9,7,3,6,8.02,8,0,1,Yes
S08692,0,1,1,1,0,0,0,0,0,0,2,5,10,4,7.66,6,0,3,No
S08693,1,1,1,0,1,0,1,0,0,0,5,2,4,2,9.37,8,2,8,Yes
S08694,1,1,0,1,0,1,1,0,0,0,9,2,2,7,5.83,4,2,5,Yes
S08695,1,1,1,1,1,0,0,1,0,0,7,10,7,6,8.44,4,1,3,Yes
S08696,0,1,0,1,0,0,0,0,0,0,2,7,1,8,8.87,1,2,6,No
S08697,0,1,0,1,1,1,1,0,0,0,9,5,1,8,5.92,6,1,8,No
S08698,0,0,0,1,1,1,0,0,0,0,8,1,4,4,5.99,3,3,8,Yes
S08699,1,0,1,1,0,1,0,0,0,1,7,9,10,7,6.91,3,2,1,Yes
S08700,0,0,0,1,1,0,1,0,0,0,1,1,10,7,7.36,5,2,2,No
S08701,0,1,1,1,0,0,1,0,0,1,8,6,2,10,7.69,8,3,7,Yes
S08702,0,1,0,1,1,1,0,0,1,1,1,4,2,5,9.76,1,2,1,No
S08703,1,0,0,1,1,0,0,0,0,1,8,4,5,9,7.9,0,3,2,No
S08704,1,1,0,0,1,1,0,0,1,1,9,10,9,1,6.13,7,1,2,Yes
S08705,1,1,0,1,0,1,1,0,0,0,4,5,1,7,8.51,4,2,6,Yes
S08706,1,1,0,1,1,1,1,1,0,0,4,8,7,1,7.04,6,1,3,Yes
S08707,0,1,0,1,0,0,1,0,1,0,8,9,8,3,8.3,0,0,7,No
S08708,1,0,1,1,1,0,1,1,0,0,5,9,10,2,6.59,6,1,0,Yes
S08709,1,0,1,0,1,1,1,0,0,0,5,7,2,5,5.87,1,3,0,No
S08710,0,0,0,1,1,1,1,1,1,1,10,7,8,9,9.94,3,1,3,Yes
S08711,0,0,1,0,0,1,1,1,0,1,5,5,7,8,8.28,4,0,2,No
S08712,1,1,0,0,1,0,0,0,0,0,4,8,10,6,8.15,5,3,8,Yes
S08713,0,0,1,0,1,0,0,0,0,0,9,1,6,10,7.93,2,3,6,Yes
S08714,1,1,1,1,0,0,1,1,1,0,7,8,9,9,9.49,3,2,2,Yes
S08715,0,0,0,0,0,1,0,0,0,0,6,10,2,1,7.02,4,1,0,No
S08716,0,1,1,1,0,0,1,1,0,0,8,3,8,2,5.59,6,0,6,Yes
S08717,1,0,1,0,1,1,0,0,1,0,7,4,9,8,7.14,7,2,1,Yes
S08718,0,0,0,0,0,0,1,0,1,0,3,2,9,5,6.88,0,3,5,No
S08719,0,1,1,1,0,1,1,0,1,0,2,5,1,9,8.08,4,0,7,Yes
S08720,1,1,0,1,0,1,1,0,1,0,9,2,3,4,9.51,7,3,7,Yes
S08721,1,1,0,1,0,1,1,0,0,0,2,10,10,10,8.98,0,2,8,Yes
S08722,0,1,1,0,1,1,1,1,1,1,10,2,4,3,9.11,1,3,5,Yes
S08723,1,1,1,0,1,1,1,0,1,1,8,7,1,6,8.78,6,3,0,Yes
S08724,1,0,0,1,0,1,0,1,1,0,6,1,9,10,8.95,5,2,6,Yes
S08725,0,1,1,0,0,1,1,0,0,0,6,1,5,9,9.46,3,0,1,No
S08726,0,1,1,0,0,0,1,1,0,0,1,4,4,6,5.97,5,1,5,No
S08727,1,0,1,0,0,0,1,0,0,0,1,5,1,8,8.17,2,0,0,No
S08728,1,1,0,1,0,0,1,1,0,0,8,6,8,6,6.32,5,3,0,Yes
S08729,1,1,1,1,1,0,1,1,0,0,7,8,3,2,6.21,4,0,4,No
S08730,1,0,1,0,0,1,1,0,1,0,6,6,1,7,6.24,8,3,1,No
S08731,1,0,1,1,0,1,1,0,0,0,9,6,6,7,8.42,5,2,1,Yes
S08732,0,1,0,1,1,0,1,0,0,0,5,3,6,9,7.63,1,2,8,Yes
S08733,1,1,0,0,0,1,1,0,1,0,2,10,9,8,9.68,4,1,0,Yes
S08734,1,1,0,0,0,0,0,1,1,1,10,4,3,7,8.61,1,0,0,No
S08735,1,1,0,1,0,1,1,0,0,0,9,5,8,1,8.13,8,2,5,Yes
S08736,0,1,1,1,0,0,1,0,0,0,6,2,6,4,9.14,5,0,2,No
S08737,1,0,1,0,0,0,0,0,0,0,3,6,1,9,6.2,7,0,8,No
S08738,1,0,0,1,1,0,1,0,0,1,9,8,5,6,8.24,0,0,5,No
S08739,1,1,1,1,1,0,1,1,0,0,5,9,6,1,8.15,5,1,1,Yes
S08740,0,1,1,0,0,1,1,0,0,0,6,6,6,7,5.83,4,2,6,No
S08741,0,1,1,1,1,1,0,0,1,0,5,7,8,7,7.17,6,0,0,Yes
S08742,1,1,0,0,1,1,1,1,1,0,3,4,3,4,9.05,2,3,0,Yes
S08743,1,1,0,1,1,0,0,0,0,0,2,8,8,7,9.43,6,3,5,Yes
S08744,1,0,0,1,1,1,0,1,0,0,8,6,2,8,9.17,5,0,8,Yes
S08745,1,1,0,0,1,0,1,0,0,1,3,8,6,5,5.88,6,0,7,No
S08746,1,1,0,0,1,0,1,1,0,1,2,1,9,2,5.95,0,3,8,Yes
S08747,1,1,1,1,1,0,1,0,0,0,6,9,10,9,6.18,7,0,5,Yes
S08748,1,1,0,1,1,0,1,0,1,0,8,1,5,4,6.93,4,0,3,No
S08749,1,1,0,1,1,0,1,0,1,0,9,5,7,10,7.3,3,2,7,Yes
S08750,1,1,1,1,1,0,0,0,0,0,7,7,4,1,8.11,1,3,6,Yes
S08751,0,1,1,0,0,0,0,1,0,0,4,10,8,10,6.22,6,0,7,Yes
S08752,1,1,1,1,0,1,0,1,0,0,4,5,8,5,9.29,1,0,4,Yes
S08753,1,0,0,0,1,1,0,1,0,0,5,5,2,2,9.09,2,1,0,No
S08754,1,1,1,1,1,0,1,1,0,0,4,4,7,9,6.12,0,2,5,Yes
S08755,0,1,0,1,0,1,1,1,0,1,6,6,10,8,9.02,5,0,7,Yes
S08756,0,1,1,1,0,0,1,0,0,1,10,10,6,10,6.93,2,2,5,Yes
S08757,1,1,0,0,0,0,1,0,0,1,1,6,3,9,8.45,1,1,7,Yes
S08758,1,1,0,1,1,0,1,0,0,0,4,10,6,9,7.16,8,2,6,Yes
S08759,1,1,1,1,1,1,1,1,0,1,2,1,8,3,5.84,5,2,3,Yes
S08760,1,1,0,1,0,0,1,1,0,1,2,1,7,2,6.26,0,3,3,No
S08761,1,0,0,0,1,1,1,0,0,0,2,6,9,4,5.03,7,0,1,No
S08762,0,1,0,0,1,0,0,0,0,1,9,2,6,9,5.35,4,2,6,Yes
S08763,1,0,0,1,1,0,0,0,0,0,8,6,9,3,5.76,7,1,7,Yes
S08764,0,0,0,1,1,0,1,0,1,0,7,10,4,10,9.49,8,3,2,Yes
S08765,1,1,1,0,1,0,1,0,1,0,1,5,1,5,6.93,0,2,3,No
S08766,0,1,0,0,1,1,0,0,0,0,5,4,6,2,9.27,0,3,4,Yes
S08767,0,1,0,0,1,1,1,0,0,0,1,9,4,5,7.76,2,1,0,No
S08768,1,1,1,1,0,1,0,0,0,0,5,7,3,8,6.05,0,3,2,No
S08769,1,1,1,0,0,0,1,1,0,1,2,1,3,10,7.83,2,1,4,No
S08770,1,1,1,1,1,0,1,0,0,1,10,3,1,9,9.94,0,1,4,No
S08771,1,0,0,1,1,1,1,0,0,0,4,7,3,8,7.73,0,1,4,No
S08772,1,1,0,0,0,0,1,0,0,0,8,6,9,10,8.07,3,3,3,Yes
S08773,0,1,0,1,0,0,0,0,1,1,2,7,6,2,9.9,7,2,8,Yes
S08774,1,1,1,0,1,1,0,1,1,0,1,2,3,3,5.69,3,1,7,No
S08775,0,1,0,1,1,1,0,0,0,0,1,1,7,10,9.14,2,0,0,No
S08776,1,0,1,1,1,0,0,1,0,0,8,8,5,4,7.69,4,0,8,Yes
S08777,0,1,1,1,1,1,1,0,0,0,3,10,6,6,5.44,7,0,5,Yes
S08778,1,1,1,0,0,1,1,1,0,1,4,2,7,4,5.58,8,3,2,Yes
S08779,0,0,0,1,1,0,1,1,0,0,6,9,5,1,7.51,2,1,3,No
S08780,1,0,0,1,1,1,0,0,1,0,1,5,4,9,6.27,4,2,8,Yes
S08781,1,0,0,1,1,1,1,0,0,0,7,3,2,2,9.49,5,0,6,No
S08782,0,0,1,1,1,1,1,0,0,0,2,5,7,10,8.03,2,1,0,No
S08783,1,1,0,1,0,0,0,0,1,0,3,1,8,4,6.35,4,1,8,Yes
S08784,0,1,1,1,1,1,1,0,1,0,5,7,3,6,7.17,7,0,6,Yes
S08785,0,1,0,1,0,1,1,0,1,0,8,3,10,8,7.24,6,2,7,Yes
S08786,1,1,0,1,0,1,0,0,1,0,6,6,7,7,5.05,7,0,5,Yes
S08787,1,1,0,0,1,0,1,0,1,0,5,6,5,2,5.64,7,0,1,No
S08788,0,0,1,1,0,1,1,1,0,1,10,6,4,2,5.59,0,3,2,Yes
S08789,1,1,0,1,1,1,1,0,0,1,4,1,8,2,8.82,6,3,1,Yes
S08790,0,0,1,1,1,0,0,0,1,1,5,7,3,1,9.54,4,2,6,Yes
S08791,0,1,1,0,0,1,1,0,0,0,5,5,5,2,6.55,0,3,1,No
S08792,1,0,1,1,0,1,0,0,1,0,1,6,6,6,7.25,1,0,7,No
S08793,1,1,1,0,0,1,1,0,1,0,1,4,1,2,9.57,7,0,8,No
S08794,0,0,1,0,1,1,1,0,1,0,4,1,8,5,5.09,7,1,8,No
S08795,1,1,1,0,0,0,1,0,0,0,3,10,5,10,6.03,4,2,8,Yes
S08796,1,1,0,0,1,1,0,1,0,0,4,6,1,6,6.72,1,2,6,No
S08797,1,1,1,1,0,0,1,0,1,1,3,8,4,5,5.31,1,3,7,Yes
S08798,1,0,0,1,1,1,1,0,1,1,8,10,6,3,5.02,4,1,1,No
S08799,1,1,0,1,0,0,0,1,0,1,3,6,4,4,6.57,4,1,1,No
S08800,1,1,1,0,0,0,1,1,1,1,9,5,2,7,9.44,7,3,7,Yes
S08801,0,1,0,1,1,0,1,0,1,0,10,3,1,1,9.25,8,0,1,No
S08802,1,1,0,0,0,0,0,0,0,0,10,3,7,8,8.13,0,2,1,No
S08803,1,0,0,1,0,0,0,1,1,1,4,8,3,10,7.13,7,1,6,Yes
S08804,0,0,1,0,1,0,0,0,0,0,6,4,1,5,6.65,2,2,6,No
S08805,0,0,0,0,1,1,1,1,1,0,2,7,5,7,9.81,2,2,2,Yes
S08806,0,1,0,1,1,1,0,0,1,0,3,9,3,8,7.27,5,2,6,Yes
S08807,1,1,1,0,0,1,0,1,0,0,7,2,10,6,7.81,7,1,1,Yes
S08808,0,0,0,1,0,0,1,1,0,1,5,4,2,5,8.93,8,3,1,Yes
S08809,1,0,1,0,0,1,0,1,1,0,6,7,10,10,9.98,5,0,5,Yes
S08810,1,0,1,0,0,1,1,1,0,1,7,5,8,8,6.23,4,1,5,Yes
S08811,1,0,0,0,1,0,1,0,0,0,9,10,2,6,9.13,8,0,2,Yes
S08812,1,1,1,1,0,1,1,0,0,0,1,2,8,5,6.49,1,2,6,No
S08813,0,1,1,1,1,1,0,0,0,0,7,1,1,10,8.79,2,3,5,No
S08814,1,0,1,0,0,0,0,1,0,0,10,3,9,3,6.98,7,2,3,Yes
S08815,0,0,0,0,0,0,0,1,1,1,1,10,6,1,9.41,1,0,5,No
S08816,0,0,1,1,1,1,1,0,0,0,5,1,6,6,9.92,1,2,5,Yes
S08817,0,1,0,0,0,1,0,0,0,1,1,2,3,2,7.56,7,2,0,No
S08818,1,1,0,1,0,1,1,0,1,0,8,10,3,1,6.11,7,2,2,Yes
S08819,0,1,1,0,0,1,1,0,0,0,10,8,6,2,6.96,2,1,7,No
S08820,1,1,0,0,1,0,1,0,1,1,6,3,7,2,6.33,5,2,8,Yes
S08821,1,1,1,0,1,1,0,1,0,0,2,3,8,10,7.37,3,0,2,No
S08822,0,0,0,1,1,0,1,0,0,0,3,7,1,3,8.58,7,0,4,No
S08823,1,1,1,0,1,0,0,0,0,0,5,6,5,5,5.48,6,1,6,No
S08824,1,1,0,1,0,0,0,1,0,0,7,9,10,10,7.76,7,3,7,Yes
S08825,0,1,0,1,1,1,0,0,0,0,8,5,4,7,5.25,8,0,1,No
S08826,1,0,0,1,0,1,1,1,1,1,6,4,4,7,9.14,1,3,8,Yes
S08827,0,1,0,1,0,1,1,0,0,0,2,2,2,10,5.02,1,3,1,No
S08828,1,0,0,1,0,1,0,1,1,1,9,10,2,4,6.59,7,0,3,Yes
S08829,1,1,0,0,0,0,1,0,1,0,7,1,3,2,7.07,5,1,3,No
S08830,1,1,1,0,0,1,1,0,1,0,7,8,1,6,6.41,4,3,8,Yes
S08831,1,0,0,1,0,0,1,0,0,0,9,4,8,2,6.68,3,0,2,No
S08832,1,1,0,0,0,1,0,0,0,0,8,9,5,9,7.43,3,1,7,Yes
S08833,0,1,0,0,0,0,0,0,0,0,9,8,10,8,9.3,3,0,1,No
S08834,1,1,1,1,0,0,1,0,0,0,8,7,1,4,9.95,7,3,2,Yes
S08835,0,0,1,1,1,0,0,0,0,0,6,2,3,1,9.63,4,0,0,No
S08836,1,1,1,0,1,1,0,0,0,1,3,1,6,7,5.25,4,1,3,No
S08837,1,1,0,0,0,1,0,0,0,1,4,2,5,10,9.78,0,3,0,Yes
S08838,0,0,0,1,0,1,1,0,0,0,10,7,3,7,6.94,7,2,3,Yes
S08839,0,1,0,0,1,0,0,0,0,0,5,9,4,8,6.52,2,2,8,No
S08840,1,1,1,0,0,1,0,1,0,0,8,4,10,1,5.34,1,1,0,No
S08841,0,1,0,0,1,1,0,1,1,0,10,2,10,1,9.72,4,0,2,Yes
S08842,0,1,1,1,1,0,1,0,1,0,10,8,7,5,6.49,4,0,5,Yes
S08843,1,1,0,0,1,1,0,0,1,0,6,2,4,7,6.66,4,2,6,Yes
S08844,0,0,0,0,1,1,0,1,0,1,10,5,7,3,6.34,4,0,3,No
S08845,1,0,0,1,0,1,1,0,0,1,2,1,3,8,6.08,8,2,8,No
S08846,0,1,0,0,1,1,1,0,0,0,3,4,7,5,9.1,8,0,6,Yes
S08847,0,0,0,1,1,1,0,0,1,0,10,2,10,10,8.84,4,1,0,Yes
S08848,0,1,0,1,1,1,0,0,0,0,8,4,10,7,7.36,4,3,2,Yes
S08849,1,1,0,0,1,0,1,1,1,0,2,7,5,2,5.1,7,3,7,Yes
S08850,1,0,1,1,0,1,1,0,1,0,3,4,4,4,8.04,7,1,6,Yes
S08851,0,1,0,1,1,0,0,0,0,0,2,8,10,4,8.25,2,3,8,Yes
S08852,1,1,0,1,0,0,1,1,0,0,3,4,5,10,6.2,8,2,7,Yes
S08853,1,1,0,1,0,0,1,0,0,0,3,1,3,5,7.25,5,0,1,No
S08854,0,1,0,1,0,1,0,1,1,0,8,2,6,1,6.17,1,2,8,Yes
S08855,1,1,0,1,0,1,1,0,0,0,4,10,4,7,7.93,5,0,7,Yes
S08856,1,0,0,1,1,1,1,1,0,1,8,4,5,4,6.92,8,2,2,Yes
S08857,1,0,0,1,0,0,0,0,0,1,4,3,10,5,9.12,4,2,5,Yes
S08858,1,1,0,1,0,1,0,1,1,0,4,10,6,10,6.15,0,2,5,Yes
S08859,0,1,1,0,1,0,0,1,0,0,2,7,1,7,8.2,5,3,0,Yes
S08860,0,1,1,0,0,1,1,0,0,0,3,5,1,8,9.81,3,2,7,No
S08861,1,1,0,1,0,0,1,1,1,0,6,3,4,10,9.25,5,2,5,Yes
S08862,0,1,0,1,0,1,0,1,1,0,2,6,10,1,5.83,0,0,8,No
S08863,0,1,0,1,0,1,0,0,0,1,8,3,1,7,8.29,1,2,2,No
S08864,0,1,0,1,1,1,1,0,0,0,10,9,9,3,8.98,6,1,5,Yes
S08865,1,1,0,0,0,1,0,1,0,1,4,1,3,10,6.82,0,2,7,Yes
S08866,0,0,0,0,1,0,0,0,1,1,10,5,2,3,8.92,2,0,1,No
S08867,1,1,1,1,0,1,0,1,0,0,7,4,10,3,8.63,1,0,2,Yes
S08868,0,0,0,1,1,1,0,1,0,0,3,8,6,9,5.95,2,0,0,No
S08869,0,0,1,0,1,0,0,0,0,0,7,6,8,7,7.27,2,1,7,Yes
S08870,1,0,1,1,1,1,1,0,0,0,6,6,2,6,7.39,0,3,8,Yes
S08871,0,0,1,1,0,1,1,1,0,1,6,9,4,3,5.13,7,3,1,Yes
S08872,1,1,1,0,1,1,1,0,0,0,7,5,6,2,8.04,1,3,5,Yes
S08873,0,1,0,1,1,1,1,0,0,0,3,5,10,10,6.59,6,2,3,Yes
S08874,1,1,0,0,1,1,0,0,0,0,8,3,8,3,5.03,2,1,1,No
S08875,0,0,1,0,0,1,1,0,0,0,7,3,2,10,6.64,2,1,7,No
S08876,1,1,0,1,1,1,0,0,1,1,6,1,8,8,5.07,8,1,8,Yes
S08877,1,1,1,1,0,0,1,0,0,1,4,4,8,3,7.32,4,2,3,Yes
S08878,1,0,0,0,0,1,1,0,1,1,6,10,2,9,8.42,8,2,3,Yes
S08879,1,1,0,1,0,0,1,1,0,1,7,5,10,10,9.22,3,2,2,Yes
S08880,1,1,1,1,0,0,1,0,0,1,3,9,8,8,5.35,0,1,3,No
S08881,0,1,0,0,0,1,1,0,0,0,7,1,3,4,9.15,7,2,1,No
S08882,1,0,0,1,1,1,1,0,0,1,5,10,1,2,5.24,8,3,5,Yes
S08883,1,0,1,1,0,1,0,0,0,0,8,7,10,2,6.95,7,0,3,Yes
S08884,1,0,0,1,0,0,1,0,1,0,6,3,7,1,7.17,1,3,4,No
S08885,0,0,0,0,0,1,0,0,0,1,7,2,3,10,8.8,8,0,6,No
S08886,0,1,0,0,1,0,0,0,0,0,7,2,6,3,8.18,7,0,2,No
S08887,0,0,0,1,0,1,1,0,0,0,3,6,5,5,6.21,8,0,2,No
S08888,0,1,0,1,0,1,1,0,0,1,8,1,4,6,5.83,8,1,4,No
S08889,1,0,0,1,0,1,1,0,1,0,7,6,4,7,6.98,3,0,6,Yes
S08890,1,1,0,0,0,1,1,0,0,1,10,5,3,8,9.27,6,3,2,Yes
S08891,1,1,1,0,0,0,1,0,0,0,4,1,5,1,6.37,7,2,7,No
S08892,0,0,1,1,0,0,1,1,0,1,5,2,10,2,6.92,4,3,4,Yes
S08893,0,1,1,0,0,0,0,0,0,0,5,2,7,6,8.58,1,0,5,No
S08894,1,1,0,0,0,1,0,1,1,1,5,10,1,5,9.54,2,0,0,No
S08895,1,0,0,0,1,1,1,0,0,0,2,9,4,3,6.88,7,0,6,No
S08896,1,1,1,0,0,0,0,0,0,1,8,7,10,6,5.63,7,0,3,Yes
S08897,1,1,1,1,0,1,1,0,0,1,10,5,2,4,7.16,8,3,5,Yes
S08898,0,1,0,0,1,1,1,0,0,0,8,3,1,10,9.52,6,3,6,Yes
S08899,1,1,0,1,0,0,0,1,0,1,6,9,1,6,8.06,8,3,5,Yes
S08900,0,0,0,0,1,1,1,1,0,0,3,2,2,10,6.42,8,2,0,Yes
S08901,1,1,0,0,1,0,1,0,0,1,9,2,1,2,8.37,8,1,2,Yes
S08902,0,1,1,1,1,0,1,1,0,1,1,10,9,1,8.08,0,2,5,Yes
S08903,0,1,0,0,0,1,0,0,0,1,3,10,2,3,7.24,1,1,5,No
S08904,0,1,0,1,1,0,1,1,0,0,2,7,9,1,5.48,0,3,3,No
S08905,0,1,1,0,1,1,1,1,0,1,10,4,2,4,9.65,4,1,1,Yes
S08906,0,1,0,1,0,0,1,0,0,0,2,8,3,6,7.06,7,3,8,Yes
S08907,0,0,1,1,0,1,0,0,1,0,1,6,1,6,8.24,8,2,6,Yes
S08908,0,0,1,0,0,1,0,1,0,1,6,2,8,1,8.54,4,1,0,No
S08909,0,0,0,1,1,1,0,0,0,0,8,5,4,8,5.22,5,2,0,No
S08910,0,1,1,1,0,1,1,0,0,0,5,2,7,6,9.59,0,0,6,Yes
S08911,0,1,0,1,1,0,1,0,0,1,10,2,7,4,6.14,7,3,6,Yes
S08912,0,1,0,0,0,1,0,0,1,1,6,1,4,10,8.78,1,2,3,No
S08913,0,1,1,0,0,0,0,0,0,1,9,6,8,4,6.77,2,1,6,No
S08914,1,0,1,1,0,1,0,0,1,1,9,2,8,5,9.14,6,1,4,Yes
S08915,1,1,1,0,0,0,1,0,1,0,2,4,8,1,6.45,0,1,0,No
S08916,1,1,1,0,1,1,0,0,0,0,6,9,2,5,7.13,5,0,1,No
S08917,1,1,0,0,0,1,1,0,0,1,9,7,8,4,9.49,3,3,0,Yes
S08918,0,1,1,0,1,1,0,0,0,1,7,7,6,4,9.07,1,2,8,Yes
S08919,1,1,1,1,0,1,1,0,0,1,6,5,3,5,6.49,3,1,0,No
S08920,0,1,0,0,1,1,0,1,1,0,9,9,10,9,6.14,8,0,6,Yes
S08921,1,1,1,0,0,1,1,1,1,1,1,8,6,5,6.43,3,0,3,Yes
S08922,1,1,0,0,0,0,0,1,0,0,10,5,4,5,7.32,8,2,8,Yes
S08923,0,1,1,1,0,0,0,1,0,0,8,1,8,5,8.2,4,3,7,Yes
S08924,0,0,1,1,1,0,1,0,0,0,6,1,7,2,5.82,7,2,5,No
S08925,1,0,0,0,1,0,1,1,1,1,4,4,1,3,6.46,4,3,6,Yes
S08926,0,0,0,1,1,1,0,0,0,0,9,8,3,10,9.55,8,3,3,Yes
S08927,0,1,0,1,0,1,1,0,1,0,5,2,3,3,9.89,0,3,5,No
S08928,1,1,0,0,0,0,0,1,0,0,6,9,8,7,8.65,2,2,7,Yes
S08929,1,0,0,1,1,1,1,0,1,0,2,3,3,4,5.86,3,1,1,No
S08930,0,1,0,1,0,1,1,0,0,1,8,5,1,8,8.14,7,2,6,Yes
S08931,1,1,0,0,1,1,0,0,0,0,6,2,7,4,5.01,6,3,0,No
S08932,1,1,0,0,0,0,1,0,0,0,1,1,1,6,8.04,5,3,7,No
S08933,1,1,0,1,1,0,1,0,0,1,1,4,1,8,9.86,4,1,5,Yes
S08934,0,1,0,1,0,1,0,0,0,0,6,2,9,4,9.37,0,0,7,No
S08935,0,0,1,0,0,0,1,0,0,0,1,10,9,9,8.09,6,0,4,Yes
S08936,0,1,1,0,1,1,0,1,0,1,10,8,4,6,5.66,6,0,8,Yes
S08937,1,1,0,0,1,0,1,1,0,0,10,5,7,4,5.41,3,0,5,No
S08938,0,1,0,1,0,0,1,1,0,1,7,6,4,1,6.17,1,2,1,No
S08939,1,1,1,0,1,1,0,0,0,0,7,1,2,5,8.45,7,0,1,No
S08940,1,1,0,1,1,1,0,1,0,0,3,3,1,5,5.8,0,1,0,No
S08941,1,1,1,0,1,0,1,0,0,0,5,7,4,8,9.39,4,2,5,Yes
S08942,1,1,0,0,1,1,1,1,0,1,6,7,1,5,6.72,2,3,5,Yes
S08943,0,0,0,1,0,0,0,1,0,0,4,9,7,2,8.55,7,2,1,Yes
S08944,0,1,1,1,0,0,1,0,0,1,9,7,4,5,9.9,1,1,8,Yes
S08945,1,1,1,0,1,0,1,0,0,1,2,6,8,2,8.76,4,2,7,Yes
S08946,0,1,1,0,1,0,1,0,0,0,5,5,3,6,5.76,8,0,6,No
S08947,0,1,1,1,0,1,0,0,0,0,8,3,4,2,7.65,6,3,6,Yes
S08948,0,1,0,1,0,0,0,1,0,0,9,6,6,2,6.58,2,0,4,No
S08949,1,1,0,1,1,0,0,0,0,0,2,1,1,3,6.38,7,1,8,No
S08950,0,0,0,1,0,1,0,0,0,0,2,8,4,2,6.29,0,1,5,No
S08951,1,1,0,1,0,1,1,1,1,0,1,3,1,4,6.09,4,3,2,No
S08952,0,0,1,0,0,0,0,0,1,0,10,4,7,6,9.2,3,3,0,Yes
S08953,1,1,0,0,1,0,0,0,1,0,4,2,10,3,9.29,6,0,1,Yes
S08954,0,0,0,0,1,1,0,0,0,0,3,10,4,3,9.29,2,2,0,No
S08955,1,1,0,0,0,0,1,0,0,1,5,3,6,4,5.17,7,1,6,No
S08956,1,1,0,0,1,1,1,1,0,0,8,9,5,4,8.37,1,3,2,Yes
S08957,0,0,0,1,1,1,1,0,0,0,8,8,10,7,8.36,0,3,8,Yes
S08958,0,1,0,0,1,1,1,0,0,1,7,5,10,6,8.46,6,0,6,Yes
S08959,0,1,0,1,1,1,0,1,0,0,8,7,2,2,6.42,2,2,5,No
S08960,0,1,1,1,0,1,1,0,0,1,6,9,8,9,5.96,4,3,2,Yes
S08961,1,0,1,1,1,1,0,0,1,0,2,2,3,2,7.63,6,0,2,No
S08962,1,0,0,1,1,1,1,0,1,0,5,3,9,6,7.53,2,0,0,No
S08963,1,0,1,1,0,1,0,1,1,0,8,9,1,6,8.51,0,0,2,No
S08964,1,0,1,1,0,1,1,1,0,1,2,3,4,7,6.86,0,2,8,Yes
S08965,0,1,0,1,1,0,0,0,0,0,9,9,1,8,5.57,3,1,2,No
S08966,0,1,0,1,0,1,0,1,1,0,6,2,6,1,6.16,3,1,8,No
S08967,0,1,1,0,1,0,0,1,0,1,5,3,3,1,6.04,2,0,4,No
S08968,0,0,0,1,1,0,0,0,0,1,3,6,6,8,6.46,0,3,1,No
S08969,0,1,0,1,0,0,0,1,1,1,6,2,5,10,8.97,0,1,2,No
S08970,1,0,0,1,0,0,1,0,0,1,7,6,5,5,6.43,2,3,8,Yes
S08971,1,1,1,1,0,1,1,0,1,0,9,5,7,8,6.37,7,1,2,Yes
S08972,0,0,1,0,0,0,1,1,0,0,9,1,8,2,6.18,3,0,6,No
S08973,1,1,1,0,0,1,1,0,1,0,9,4,10,5,8.5,5,1,7,Yes
S08974,1,0,0,1,1,1,1,0,0,0,2,10,3,5,6.14,4,1,3,No
S08975,1,1,0,1,0,0,0,0,0,0,5,6,6,5,7.93,3,1,8,Yes
S08976,0,1,1,1,0,1,1,0,1,0,1,2,8,4,8.42,1,2,0,No
S08977,1,1,0,1,1,0,0,0,1,0,6,9,2,1,7.84,7,3,0,Yes
S08978,0,1,0,1,1,1,0,0,1,1,5,7,9,3,9.71,5,2,0,Yes
S08979,0,1,0,1,1,1,1,0,0,0,4,10,3,8,5.56,3,1,7,No
S08980,1,0,0,1,1,1,0,0,1,0,5,1,1,9,9.1,2,1,6,No
S08981,0,1,1,0,1,1,1,1,0,1,2,5,2,4,7.62,8,2,1,Yes
S08982,0,1,1,0,0,0,1,0,1,0,7,10,1,4,6.16,1,3,8,Yes
S08983,0,1,0,0,0,1,1,0,1,1,7,6,1,4,6.83,0,0,3,No
S08984,0,1,1,0,0,1,1,0,0,1,2,2,5,8,9.42,4,1,8,Yes
S08985,1,0,1,1,0,1,0,1,0,0,8,3,9,8,8.31,2,2,7,Yes
S08986,0,0,1,1,1,1,1,1,1,0,1,5,10,8,6.86,5,1,4,Yes
S08987,1,0,1,1,0,0,0,0,1,0,2,9,7,8,6.3,1,3,5,No
S08988,0,1,0,0,0,1,1,0,0,0,3,8,6,4,9.8,5,0,6,Yes
S08989,0,1,1,0,0,1,0,0,1,0,10,1,10,1,8.37,0,0,4,No
S08990,0,1,0,1,0,1,1,0,0,1,10,4,10,3,9.89,4,2,8,Yes
S08991,1,1,0,1,1,1,1,0,0,0,2,8,4,2,6.89,2,3,7,Yes
S08992,1,0,0,0,0,1,0,0,1,0,10,9,7,9,5.8,8,2,7,Yes
S08993,1,1,0,1,1,1,0,0,0,0,10,3,8,7,8.12,2,3,6,Yes
S08994,1,1,1,0,0,0,1,1,0,1,4,8,7,10,5.88,5,1,1,Yes
S08995,1,0,1,1,1,1,0,0,0,0,10,10,8,10,6.03,6,2,0,Yes
S08996,1,0,1,1,1,0,0,1,0,0,3,4,5,9,5.85,8,0,0,No
S08997,1,1,1,0,0,1,0,1,0,1,1,3,6,10,6.73,1,0,8,No
S08998,0,0,0,1,1,0,1,0,1,0,4,2,4,5,6.47,4,1,5,No
S08999,1,1,0,1,0,1,0,0,0,0,6,2,9,3,5.92,3,2,1,No
S09000,0,0,1,0,1,1,1,0,0,0,4,9,8,9,7.49,1,1,7,Yes
S09001,0,1,1,1,0,1,1,0,0,1,9,4,6,9,5.72,3,1,6,Yes
S09002,1,1,1,1,1,0,1,1,1,1,8,8,1,5,7.93,6,2,1,Yes
S09003,0,1,0,1,1,1,1,1,0,0,5,7,1,2,9.54,4,0,3,No
S09004,1,1,1,1,0,1,0,1,0,0,7,6,2,10,7.3,7,0,1,Yes
S09005,0,1,1,1,0,0,1,0,1,0,9,10,5,8,8.95,5,3,5,Yes
S09006,1,0,0,1,0,1,1,0,1,1,1,10,5,5,7.23,2,0,8,Yes
S09007,1,1,1,1,1,1,1,1,1,0,9,9,5,4,5.54,2,2,6,Yes
S09008,0,0,0,1,0,1,1,0,1,0,10,3,9,2,8.09,1,1,8,No
S09009,1,1,0,0,1,0,1,0,0,0,9,8,6,7,5.45,1,2,6,Yes
S09010,0,1,1,1,1,0,0,1,0,0,8,10,7,9,8.07,6,2,8,Yes
S09011,1,0,1,0,0,1,0,0,0,0,3,8,9,6,7.0,8,2,0,Yes
S09012,1,0,1,1,0,1,1,0,1,1,9,9,8,1,6.84,6,3,5,Yes
S09013,1,1,1,1,0,1,1,1,1,0,6,9,8,1,8.82,5,0,2,Yes
S09014,1,1,0,1,1,0,0,0,1,0,2,4,9,9,6.38,7,2,1,Yes
S09015,1,1,0,0,1,0,0,0,0,0,7,5,10,7,9.68,8,1,4,Yes
S09016,1,1,0,1,0,1,0,1,1,1,2,3,6,4,8.19,1,0,1,No
S09017,1,1,1,1,1,1,0,1,0,1,10,2,5,9,7.88,4,1,2,Yes
S09018,0,1,1,1,0,1,0,0,0,1,10,3,8,9,9.26,7,1,1,Yes
S09019,1,1,1,0,1,1,1,0,1,0,5,10,3,3,8.25,7,2,0,Yes
S09020,0,1,1,0,1,1,0,0,1,0,9,1,5,8,5.12,8,1,8,Yes
S09021,1,0,1,1,0,0,1,0,0,1,10,4,1,8,6.34,6,1,6,Yes
S09022,0,1,1,1,1,0,0,0,0,1,1,7,5,2,6.9,7,1,4,No
S09023,1,1,1,1,1,1,1,0,0,1,9,10,7,3,9.52,5,3,8,Yes
S09024,1,0,1,0,0,0,1,0,0,0,6,3,8,1,8.36,4,2,1,Yes
S09025,1,0,0,0,0,0,1,0,0,0,6,2,8,6,5.97,3,3,1,No
S09026,1,1,0,1,1,0,0,0,1,0,4,2,6,10,9.44,2,3,3,Yes
S09027,0,0,0,1,1,1,1,0,0,0,9,7,4,4,7.82,5,1,1,No
S09028,1,0,1,1,0,1,1,0,0,0,9,1,5,7,5.97,3,0,6,No
S09029,0,1,1,0,0,0,1,1,0,0,3,6,8,9,8.63,7,0,7,Yes
S09030,1,1,0,1,0,1,1,1,0,0,6,4,6,5,5.22,0,0,2,No
S09031,1,0,1,0,0,0,1,0,1,0,4,8,10,7,7.58,5,3,3,Yes
S09032,0,1,0,1,1,1,1,0,0,0,8,7,8,8,5.93,4,2,5,Yes
S09033,1,1,0,1,0,0,1,1,0,0,4,1,3,10,8.84,7,2,7,Yes
S09034,0,0,1,1,1,1,1,0,1,1,3,10,1,2,5.42,7,1,6,No
S09035,1,1,0,0,0,0,0,0,1,0,2,10,9,4,9.13,2,2,0,Yes
S09036,0,1,0,1,0,0,1,0,1,0,1,10,2,6,7.97,4,0,0,No
S09037,1,1,0,0,0,1,1,0,1,1,5,5,4,3,8.43,8,0,3,Yes
S09038,0,1,0,1,0,1,1,1,0,0,7,8,9,5,9.54,5,3,3,Yes
S09039,0,1,1,1,1,0,0,1,0,1,10,1,9,2,7.08,5,1,5,Yes
S09040,1,1,0,0,0,1,0,0,0,0,6,1,2,9,5.97,5,0,6,No
S09041,1,0,1,0,1,1,1,1,1,1,8,8,8,5,9.57,1,3,5,Yes
S09042,1,0,1,0,0,1,0,0,0,0,9,9,7,2,7.15,1,1,6,No
S09043,0,1,0,1,1,0,1,0,0,0,8,10,1,4,5.79,1,3,0,No
S09044,1,0,1,1,0,0,0,0,1,0,3,2,2,2,7.94,1,1,4,No
S09045,1,1,1,1,0,0,1,0,0,0,5,9,3,8,5.03,0,2,7,No
S09046,1,1,0,1,1,0,0,0,1,0,10,10,1,5,6.94,2,0,8,No
S09047,1,1,1,0,1,1,1,0,0,0,3,3,3,6,6.44,5,2,3,No
S09048,0,1,1,1,0,0,1,0,0,0,1,3,10,4,7.3,7,3,6,Yes
S09049,0,1,0,1,1,0,1,0,1,0,6,7,1,9,5.57,7,3,5,Yes
S09050,1,1,0,1,1,0,1,0,1,0,8,6,5,7,7.99,8,1,0,Yes
S09051,0,1,0,0,0,0,1,0,0,0,7,1,8,2,7.99,8,1,5,No
S09052,1,1,1,1,1,1,1,1,1,0,3,5,7,3,8.87,3,1,8,Yes
S09053,1,0,0,1,1,0,0,0,0,0,2,1,2,2,9.82,5,2,3,No
S09054,1,0,0,0,1,0,1,0,0,0,4,2,2,8,6.61,5,1,8,No
S09055,0,0,0,1,0,0,1,1,0,0,8,4,1,2,7.49,6,3,2,No
S09056,0,1,0,1,1,1,1,1,0,0,4,4,6,1,8.98,7,0,5,Yes
S09057,0,1,1,1,0,1,1,0,1,1,7,1,3,7,9.45,3,1,7,Yes
S09058,1,1,1,0,0,1,1,1,0,1,4,1,5,5,8.44,0,0,4,No
S09059,1,1,0,0,0,0,0,0,1,1,3,2,10,8,8.42,6,2,1,Yes
S09060,1,0,0,1,1,1,1,0,0,0,8,2,3,2,6.72,6,2,5,No
S09061,0,1,1,1,1,1,0,1,0,0,4,3,7,10,7.06,8,1,1,Yes
S09062,0,1,1,1,0,0,1,0,0,1,8,8,8,8,9.14,5,0,3,Yes
S09063,0,1,1,1,1,1,0,0,0,0,8,10,3,1,6.31,5,1,1,No
S09064,1,1,0,1,0,1,0,1,0,0,8,6,9,5,7.15,4,1,7,Yes
S09065,1,1,1,1,1,1,1,1,1,0,10,5,1,10,9.62,0,0,0,No
S09066,1,1,0,0,1,1,0,0,1,1,8,5,1,9,8.7,2,0,8,No
S09067,1,1,1,1,1,0,1,0,1,1,4,4,9,8,6.52,4,3,3,Yes
S09068,1,0,0,1,0,0,1,0,0,1,4,1,1,5,6.98,1,1,1,No
S09069,1,1,1,0,1,1,1,0,0,0,3,3,1,7,6.33,7,2,6,Yes
S09070,1,0,0,0,1,0,0,0,1,0,1,9,8,6,7.09,7,2,6,Yes
S09071,0,0,0,1,0,1,0,0,0,0,7,8,3,1,6.48,6,2,3,No
S09072,0,0,0,0,0,0,0,0,0,1,7,4,3,2,5.23,0,3,7,No
S09073,1,1,0,1,1,0,1,0,0,0,5,6,7,4,9.29,7,0,0,Yes
S09074,1,1,0,1,0,1,0,0,0,1,8,9,8,4,9.01,8,0,8,Yes
S09075,1,1,0,1,1,0,0,0,0,0,4,2,6,10,9.36,7,2,1,Yes
S09076,0,1,0,0,1,1,1,1,0,1,8,6,1,1,7.49,4,0,2,No
S09077,0,1,0,0,1,1,1,1,1,1,1,9,8,8,7.41,1,0,7,Yes
S09078,0,1,1,0,0,1,1,0,0,1,2,6,10,2,5.7,3,0,2,No
S09079,0,0,1,1,0,1,1,0,0,0,8,1,9,1,7.38,0,2,8,Yes
S09080,1,0,0,0,1,1,1,0,0,1,5,3,3,2,6.75,3,1,5,No
S09081,1,1,0,1,0,1,0,0,0,1,5,9,3,5,9.48,4,3,6,Yes
S09082,1,1,0,0,1,0,0,0,0,1,9,3,4,10,5.71,7,0,2,No
S09083,1,0,0,1,0,1,1,1,0,1,10,9,8,6,6.15,7,1,7,Yes
S09084,0,1,0,1,0,1,1,0,1,0,1,3,7,7,6.4,1,1,0,No
S09085,1,1,0,0,1,1,0,1,1,1,4,7,8,8,5.97,2,1,7,No
S09086,1,1,1,1,0,1,1,0,0,1,10,3,4,1,7.99,4,1,4,Yes
S09087,1,0,1,1,1,1,0,0,0,1,1,7,10,10,7.49,7,1,4,Yes
S09088,0,1,0,1,0,0,0,0,0,0,1,5,6,1,8.03,6,2,8,No
S09089,1,1,1,0,1,1,1,0,0,0,7,3,4,3,8.57,8,2,0,Yes
S09090,0,1,0,1,0,0,1,0,0,1,4,6,4,4,8.1,5,2,2,Yes
S09091,1,0,0,1,1,1,1,1,1,1,9,1,8,7,6.1,6,3,2,Yes
S09092,1,0,1,1,1,0,0,1,0,0,4,9,1,8,6.9,8,1,0,Yes
S09093,1,1,0,1,0,0,1,0,1,0,7,7,3,9,5.54,1,1,4,No
S09094,0,0,1,0,0,1,1,0,1,1,8,5,10,7,9.11,5,1,1,Yes
S09095,1,1,0,0,0,1,1,0,0,0,9,7,2,9,6.77,2,0,0,No
S09096,0,1,1,0,0,1,1,0,0,1,1,10,7,5,8.76,4,1,8,Yes
S09097,1,0,0,1,0,1,1,0,0,0,2,9,9,7,7.6,1,2,0,No
S09098,1,1,1,0,1,1,1,0,0,0,3,3,7,8,8.94,5,1,5,Yes
S09099,0,1,0,1,0,0,0,0,1,1,7,4,6,6,8.97,2,1,4,No
S09100,1,1,0,1,1,0,1,0,1,0,1,8,6,5,8.46,2,1,7,Yes
S09101,0,0,1,0,0,1,0,0,1,1,1,2,4,10,7.92,3,0,6,No
S09102,0,0,1,0,1,0,1,0,1,0,10,6,3,2,7.37,0,1,8,No
S09103,1,0,1,1,1,0,1,1,0,0,1,6,10,7,8.07,2,0,5,Yes
S09104,0,1,0,0,0,1,1,0,0,0,7,2,10,2,6.65,7,1,6,Yes
S09105,1,0,0,0,1,1,1,1,1,1,3,8,6,10,8.73,2,2,1,Yes
S09106,1,1,0,0,1,1,1,0,0,0,7,2,6,4,7.53,6,0,0,No
S09107,1,1,0,0,1,1,1,0,1,0,3,2,6,10,8.5,0,3,8,Yes
S09108,0,0,1,1,1,0,1,0,1,1,9,6,8,1,9.43,2,2,5,Yes
S09109,1,1,1,0,0,0,0,0,0,1,10,7,2,1,5.73,0,1,8,No
S09110,0,1,1,1,0,1,1,1,0,1,3,6,9,10,8.03,5,1,7,Yes
S09111,0,1,0,1,1,1,1,0,0,0,2,10,9,10,7.99,7,2,5,Yes
S09112,1,1,0,1,1,0,1,0,0,0,3,9,1,9,5.79,7,2,4,Yes
S09113,1,1,1,0,1,1,1,0,0,1,7,1,3,9,6.37,0,3,0,No
S09114,1,1,1,0,1,1,1,0,1,0,6,8,10,3,5.3,2,3,1,Yes
S09115,1,1,1,0,0,0,1,1,0,0,2,5,6,3,6.62,7,2,8,Yes
S09116,1,1,1,1,0,1,0,1,1,0,10,1,1,3,6.4,5,3,4,Yes
S09117,0,0,1,1,0,0,1,0,0,1,10,7,4,3,8.91,7,3,1,Yes
S09118,0,1,0,0,0,1,1,0,1,0,1,9,10,8,8.34,8,2,1,Yes
S09119,0,1,1,0,0,0,1,0,1,0,3,7,5,4,5.86,5,3,1,No
S09120,0,0,0,0,0,0,0,0,0,0,8,9,9,6,6.35,7,3,5,Yes
S09121,0,0,1,1,0,0,1,1,0,0,9,2,5,5,8.69,4,2,7,Yes
S09122,1,1,1,0,0,1,1,0,0,1,5,8,10,8,8.9,1,2,5,Yes
S09123,0,1,0,1,1,1,1,0,0,0,6,1,3,5,8.35,4,3,6,Yes
S09124,0,0,1,0,0,1,0,0,1,0,9,10,9,7,8.07,1,3,0,Yes
S09125,1,1,0,1,0,0,1,0,0,0,8,5,2,2,5.56,0,3,3,No
S09126,0,0,0,1,0,0,0,0,0,1,5,4,10,3,7.09,7,1,0,No
S09127,1,1,0,0,0,1,1,0,0,0,7,5,5,5,6.38,2,0,2,No
S09128,0,1,0,1,1,0,0,0,1,1,1,1,6,3,7.21,6,3,2,No
S09129,0,1,0,1,1,1,0,0,0,0,8,6,6,10,9.81,4,3,3,Yes
S09130,0,1,0,1,0,1,1,1,0,0,9,8,7,3,8.82,5,0,7,Yes
S09131,1,0,0,1,1,1,0,0,1,1,3,1,3,1,7.86,6,0,2,No
S09132,0,0,0,1,0,1,1,0,1,0,8,3,1,7,6.45,5,2,3,No
S09133,1,0,0,1,1,1,0,0,1,1,6,4,8,8,7.89,6,2,8,Yes
S09134,1,0,1,1,1,0,1,0,0,1,6,3,2,1,6.0,2,3,6,Yes
S09135,0,0,1,1,0,0,0,0,1,1,3,8,3,9,7.22,8,0,6,No
S09136,0,0,1,1,0,1,1,0,0,1,8,2,3,2,9.42,3,3,3,Yes
S09137,0,0,0,1,1,1,0,0,0,0,9,4,7,5,9.53,4,3,5,Yes
S09138,1,1,1,1,0,1,1,1,0,1,5,3,6,3,7.3,3,3,6,Yes
S09139,1,1,0,1,1,0,0,1,1,0,2,2,9,7,7.65,6,0,6,No
S09140,0,1,0,0,1,0,1,0,0,0,5,7,8,3,8.88,4,2,8,Yes
S09141,1,0,0,0,1,0,1,0,1,0,8,10,2,3,9.23,1,0,1,No
S09142,1,0,0,0,1,1,1,0,0,0,7,1,10,9,6.61,0,2,0,Yes
S09143,0,0,0,1,0,0,1,1,0,0,6,5,1,9,6.3,6,3,8,Yes
S09144,1,1,1,1,1,1,0,0,0,1,8,8,6,1,6.87,2,0,5,No
S09145,0,0,1,1,1,0,1,0,0,0,8,2,1,10,9.86,5,1,1,Yes
S09146,1,0,1,0,0,0,1,1,0,0,5,8,2,6,8.63,6,2,5,Yes
S09147,1,1,1,1,1,0,0,0,0,1,1,3,10,5,6.48,7,2,4,Yes
S09148,1,0,1,0,0,0,1,0,0,0,6,10,1,7,6.42,6,1,1,No
S09149,1,1,0,0,1,0,1,0,1,1,6,4,4,1,7.9,1,2,5,No
S09150,1,1,1,0,1,1,0,1,0,1,2,4,4,2,7.0,8,1,3,Yes
S09151,1,0,1,0,0,0,0,0,0,0,3,7,1,9,7.78,5,1,3,No
S09152,1,1,0,0,0,0,0,1,1,0,10,9,4,7,8.03,7,1,4,Yes
S09153,1,1,1,1,1,1,1,1,0,1,4,8,8,7,5.85,2,3,7,Yes
S09154,1,1,0,0,1,1,0,0,0,0,8,2,3,7,7.44,3,0,1,No
S09155,1,1,1,0,0,0,1,0,1,0,4,3,9,1,9.81,6,1,4,Yes
S09156,1,1,1,0,0,0,0,0,1,0,5,8,7,6,5.35,2,3,1,No
S09157,0,1,1,1,0,1,0,0,1,1,4,3,7,4,7.77,8,2,2,Yes
S09158,0,0,1,1,0,1,0,0,1,0,1,2,2,3,9.94,4,1,7,No
S09159,0,1,1,0,0,1,1,1,1,1,1,2,7,3,6.31,2,1,0,No
S09160,1,1,0,1,0,1,1,0,1,0,8,4,3,6,6.03,3,0,8,No
S09161,0,0,0,1,0,1,0,0,0,1,8,8,2,2,5.5,2,1,6,No
S09162,0,0,0,1,1,1,1,0,1,1,1,7,8,3,7.52,7,0,4,Yes
S09163,0,0,1,1,0,1,0,0,1,1,9,2,9,5,9.26,2,2,1,Yes
S09164,1,1,0,1,0,1,1,0,0,1,8,9,5,7,5.93,7,2,5,Yes
S09165,0,1,1,1,0,1,1,1,1,0,10,3,2,4,9.61,2,3,6,Yes
S09166,0,1,0,1,1,0,0,0,0,1,9,6,10,7,9.52,3,2,8,Yes
S09167,0,1,1,1,1,0,1,1,1,0,4,10,6,8,9.06,6,2,4,Yes
S09168,1,0,0,1,0,1,1,1,1,0,7,3,7,2,5.62,0,2,5,No
S09169,1,1,0,0,1,0,1,0,1,0,5,2,10,1,8.37,1,0,6,Yes
S09170,1,0,0,1,1,1,0,0,1,0,9,9,6,7,8.4,7,3,7,Yes
S09171,1,1,0,1,1,1,1,0,0,0,6,3,6,9,8.61,7,0,3,Yes
S09172,0,1,0,1,0,0,1,0,1,0,3,6,9,3,9.82,0,1,8,Yes
S09173,1,1,1,1,1,0,1,1,1,0,7,5,7,8,9.48,1,3,0,Yes
S09174,1,0,0,1,1,1,1,1,0,0,9,7,3,4,6.84,3,1,5,Yes
S09175,1,1,1,0,1,1,1,0,1,0,6,2,8,1,8.56,8,2,2,Yes
S09176,1,1,1,1,1,1,0,0,0,0,10,3,9,8,7.81,8,1,3,Yes
S09177,1,1,1,1,0,1,0,0,0,1,2,1,4,8,6.58,4,3,3,No
S09178,0,1,0,0,0,1,0,1,0,0,4,2,7,9,9.42,0,1,4,No
S09179,0,1,1,0,1,0,1,0,0,0,9,8,6,5,8.81,2,0,0,Yes
S09180,1,1,0,0,1,0,1,0,0,0,4,9,3,10,5.57,8,3,3,Yes
S09181,1,1,0,1,1,1,0,1,0,0,1,10,8,5,7.35,6,0,6,Yes
S09182,1,0,0,1,0,1,1,0,0,1,7,5,9,2,10.0,7,1,8,Yes
S09183,1,1,0,0,1,0,1,1,1,0,2,1,7,8,8.82,6,0,4,Yes
S09184,0,1,1,0,1,0,1,0,0,0,10,7,3,8,7.26,2,0,3,No
S09185,0,1,1,1,0,1,0,0,0,0,8,5,3,4,9.34,4,1,6,No
S09186,0,1,0,1,0,0,1,1,1,0,10,7,7,5,6.27,2,1,4,No
S09187,0,1,0,1,0,1,0,1,0,1,10,3,2,9,9.33,1,1,0,No
S09188,1,0,0,1,0,1,0,1,1,1,6,2,5,2,7.01,6,3,0,No
S09189,0,1,0,1,0,1,1,0,1,0,10,9,4,3,5.46,1,2,1,No
S09190,0,1,0,1,0,0,1,0,0,0,4,6,9,7,5.25,3,0,1,No
S09191,0,1,0,1,0,1,1,1,1,1,2,6,5,8,6.3,2,2,2,No
S09192,1,1,1,1,0,1,1,0,1,0,3,6,9,6,9.69,3,3,4,Yes
S09193,0,1,1,1,0,1,1,1,0,1,4,3,9,9,9.69,1,0,7,Yes
S09194,0,0,0,1,1,0,1,0,0,0,4,8,5,7,5.82,1,1,8,No
S09195,0,1,1,0,1,1,1,0,0,1,7,6,4,7,5.88,8,0,3,Yes
S09196,1,1,0,0,1,0,0,1,0,0,6,7,2,7,5.96,1,2,7,No
S09197,0,0,1,1,0,0,1,0,1,1,7,9,8,4,9.69,5,1,7,Yes
S09198,0,1,0,1,0,1,1,0,1,0,5,3,5,9,6.52,6,1,7,Yes
S09199,0,1,1,1,0,0,0,0,1,0,9,6,4,6,8.3,6,0,6,Yes
S09200,0,0,0,0,0,1,1,1,1,0,7,1,8,2,6.2,0,3,6,No
S09201,0,0,1,1,1,1,1,0,0,0,7,1,3,8,7.56,7,1,7,No
S09202,1,0,0,0,0,0,1,0,0,0,5,8,8,6,9.23,4,1,6,Yes
S09203,0,1,0,0,0,0,1,0,0,0,10,2,2,3,8.95,8,2,0,No
S09204,1,1,1,0,1,1,1,1,0,0,7,2,2,10,6.35,3,0,1,No
S09205,0,1,1,1,1,1,1,1,1,0,10,3,10,10,9.03,1,2,7,Yes
S09206,1,1,0,0,0,1,0,1,0,0,6,7,4,10,6.64,5,2,0,No
S09207,1,1,0,1,1,1,1,0,0,0,8,8,2,5,5.44,1,0,1,No
S09208,0,0,0,1,0,1,1,0,1,1,8,9,10,9,6.93,2,1,3,Yes
S09209,0,1,0,0,0,0,0,0,1,1,7,3,6,9,9.18,7,3,7,Yes
S09210,0,1,0,1,0,1,1,1,0,1,5,6,2,3,5.27,2,2,2,No
S09211,0,1,0,1,1,1,0,0,1,0,10,2,8,7,7.93,2,3,5,Yes
S09212,0,0,1,1,0,0,0,0,0,1,1,5,8,8,7.05,4,2,4,No
S09213,1,0,0,1,0,0,1,1,0,1,3,9,3,7,8.15,2,1,7,No
S09214,1,0,1,0,1,0,0,0,0,1,3,3,1,6,9.27,6,0,8,No
S09215,1,1,1,0,0,0,1,0,0,0,3,2,1,6,9.34,4,2,3,No
S09216,1,1,1,0,0,0,1,0,1,0,8,4,2,2,8.95,2,3,5,No
S09217,1,1,0,0,1,1,0,0,1,1,7,3,2,8,5.93,3,0,6,No
S09218,0,0,1,1,0,1,0,0,0,0,2,4,6,8,5.52,2,1,2,No
S09219,0,1,1,1,0,0,1,0,0,0,5,8,2,2,7.62,7,3,6,Yes
S09220,1,1,0,1,1,0,1,0,1,1,4,1,5,7,5.31,1,0,3,No
S09221,1,1,1,1,0,0,0,0,1,1,5,8,3,8,9.75,1,2,0,Yes
S09222,0,1,0,0,1,0,1,0,0,0,7,5,9,9,6.68,0,0,5,No
S09223,1,1,1,1,0,0,0,1,0,0,6,5,10,2,8.47,0,3,8,Yes
S09224,1,1,0,1,0,0,1,1,1,0,7,5,10,6,9.0,1,2,2,Yes
S09225,0,1,1,0,1,0,1,0,0,0,3,1,6,4,7.35,0,0,4,No
S09226,0,1,1,0,1,1,1,0,0,0,10,5,1,8,9.64,0,1,3,Yes
S09227,1,1,0,1,1,0,1,0,1,1,3,10,3,5,8.64,4,3,7,Yes
S09228,0,0,1,1,0,0,0,0,0,0,3,10,9,4,7.04,7,2,0,No
S09229,1,1,1,0,1,1,1,0,0,0,2,8,8,4,9.27,0,2,6,No
S09230,0,0,0,1,1,1,1,1,0,1,9,1,5,3,8.86,4,1,8,Yes
S09231,1,1,1,0,1,0,1,1,1,0,4,4,4,3,8.26,5,0,1,No
S09232,1,1,0,1,1,1,1,0,1,1,1,3,5,1,9.31,3,3,8,Yes
S09233,0,1,1,1,0,1,1,0,1,1,8,5,9,6,8.68,0,3,8,Yes
S09234,1,0,1,1,1,0,1,1,1,0,3,10,1,4,6.49,8,0,4,No
S09235,0,1,0,1,1,1,1,0,0,0,10,2,6,6,5.61,4,0,5,No
S09236,1,1,0,0,0,1,0,0,1,0,8,1,6,7,8.34,2,0,1,No
S09237,1,1,0,0,1,1,1,0,1,1,10,10,10,10,7.96,5,3,7,Yes
S09238,1,1,1,0,0,0,1,0,1,0,1,5,2,5,9.22,0,0,8,No
S09239,1,1,0,0,1,1,0,0,1,0,6,1,9,6,8.53,4,1,5,Yes
S09240,0,1,0,1,1,1,1,1,0,1,2,4,9,8,9.24,3,3,7,Yes
S09241,1,1,0,1,1,1,0,1,0,1,7,5,8,7,5.91,4,1,4,Yes
S09242,0,1,0,1,0,0,0,0,0,0,7,8,7,7,5.39,8,3,0,No
S09243,0,0,0,0,0,0,1,0,0,0,1,7,4,4,6.66,7,0,1,No
S09244,0,1,0,1,0,0,1,0,1,0,10,5,10,5,8.87,4,3,5,Yes
S09245,1,1,1,1,0,0,1,1,0,0,1,6,1,2,5.71,8,1,0,No
S09246,0,0,1,1,1,1,1,0,1,0,4,6,10,6,9.48,3,0,7,Yes
S09247,1,1,1,1,1,0,1,0,1,0,8,1,4,8,9.38,7,1,8,Yes
S09248,1,1,1,1,1,0,1,1,0,0,8,3,8,9,9.59,6,2,6,Yes
S09249,1,1,0,0,1,0,0,0,1,0,9,2,1,3,9.59,6,2,5,Yes
S09250,1,1,1,1,0,0,1,0,0,0,2,8,9,4,6.98,7,3,3,Yes
S09251,1,1,0,1,1,0,1,0,0,0,6,4,4,10,6.84,6,3,6,Yes
S09252,0,0,0,1,0,1,0,1,0,0,7,10,3,10,5.74,8,3,5,Yes
S09253,1,1,0,0,0,0,1,1,0,0,3,8,7,9,9.89,1,2,3,Yes
S09254,1,1,0,1,0,1,1,0,0,0,9,7,6,7,7.82,5,3,5,Yes
S09255,0,0,0,1,1,0,0,1,1,0,9,5,2,8,5.37,4,2,2,Yes
S09256,1,0,1,1,1,1,1,0,1,0,2,4,4,8,8.02,4,2,7,Yes
S09257,1,1,1,1,1,0,0,1,1,1,2,1,7,9,7.37,6,0,0,No
S09258,1,0,1,1,0,0,1,1,0,0,3,4,8,10,6.81,2,0,8,Yes
S09259,0,1,0,0,0,0,0,1,0,0,2,2,1,5,6.39,4,0,1,No
S09260,1,0,1,1,0,1,0,0,1,0,9,8,2,10,9.91,0,0,8,Yes
S09261,1,0,1,0,1,1,1,0,0,0,5,7,3,6,8.44,7,1,2,Yes
S09262,1,1,0,0,0,1,1,1,0,0,5,3,8,6,7.9,4,2,2,No
S09263,0,1,0,1,1,1,1,1,0,0,10,6,1,5,6.76,7,0,6,Yes
S09264,0,1,0,1,0,1,1,1,1,0,6,1,2,4,6.35,8,1,3,No
S09265,0,1,0,0,0,1,1,1,1,1,9,3,1,1,6.43,6,3,6,No
S09266,1,1,1,1,0,1,0,1,0,1,5,10,4,4,9.3,2,0,2,Yes
S09267,1,0,1,1,0,0,1,0,0,0,5,9,4,2,8.16,3,1,2,Yes
S09268,1,1,0,1,0,1,1,0,0,0,4,8,3,8,7.93,8,3,8,Yes
S09269,1,1,1,1,0,0,1,1,1,0,1,5,5,5,6.95,8,2,0,Yes
S09270,1,0,1,0,1,0,1,1,1,0,8,5,8,10,8.16,2,3,1,Yes
S09271,1,1,1,1,0,0,0,0,0,1,9,10,2,9,7.5,4,0,8,Yes
S09272,1,1,0,1,1,1,0,0,0,0,8,7,8,5,8.84,4,3,7,Yes
S09273,0,1,0,1,1,1,1,1,0,0,5,6,10,1,6.76,5,3,3,Yes
S09274,1,1,0,0,0,1,0,0,0,0,4,6,8,8,5.46,0,3,0,No
S09275,0,1,1,1,0,0,0,0,0,0,7,5,8,10,8.26,2,1,5,No
S09276,1,0,1,0,1,1,1,0,0,0,4,10,4,9,9.53,2,2,2,Yes
S09277,1,1,0,1,0,1,1,0,0,0,10,6,6,4,5.06,6,0,0,No
S09278,1,0,0,0,0,0,0,0,0,1,4,8,10,7,9.88,1,3,4,No
S09279,1,1,1,1,1,1,0,0,1,0,8,10,7,3,7.07,4,0,2,Yes
S09280,1,1,0,1,1,0,1,0,1,0,7,3,3,8,6.14,5,0,7,No
S09281,1,1,0,0,1,1,1,0,0,1,10,5,1,5,6.24,6,3,5,Yes
S09282,0,1,0,1,0,0,1,0,0,1,2,1,7,10,8.5,4,0,6,No
S09283,0,0,0,0,1,0,0,0,1,0,2,8,2,9,9.58,7,1,7,Yes
S09284,1,1,0,0,0,1,0,0,1,0,6,6,2,7,6.26,5,3,8,Yes
S09285,0,1,0,1,0,1,1,0,0,0,3,6,3,6,6.59,1,0,3,No
S09286,0,1,1,0,0,0,0,1,0,0,9,1,8,6,7.37,0,0,3,No
S09287,0,0,1,1,0,1,1,1,0,0,5,3,4,2,6.87,0,3,3,No
S09288,0,1,0,1,1,0,1,1,0,1,5,3,3,7,9.4,5,1,4,Yes
S09289,1,0,0,1,0,1,1,0,0,0,2,3,4,9,6.9,6,0,2,No
S09290,1,1,0,0,0,0,1,0,0,0,2,9,6,1,5.83,5,3,0,No
S09291,1,1,0,1,0,1,0,0,0,0,3,7,7,4,5.61,5,0,1,No
S09292,1,1,1,0,0,1,1,0,0,0,7,3,9,10,8.5,0,2,4,Yes
S09293,1,0,0,1,0,0,0,1,1,0,9,7,10,9,8.38,8,1,4,Yes
S09294,0,0,0,0,1,0,1,1,1,0,9,5,5,4,5.34,7,3,1,No
S09295,0,1,1,0,1,1,1,0,0,0,2,8,5,4,9.58,5,1,5,Yes
S09296,0,0,1,1,1,1,0,1,0,0,10,2,1,9,5.41,3,2,8,Yes
S09297,0,1,0,0,0,1,1,1,1,0,8,1,9,4,7.31,7,3,0,Yes
S09298,0,1,0,1,0,1,0,1,1,0,2,10,9,2,6.75,4,2,6,Yes
S09299,0,1,0,1,1,1,1,0,0,0,5,2,1,10,8.45,4,0,3,No
S09300,1,1,0,0,1,1,0,0,0,0,5,4,2,8,5.39,2,1,1,No
S09301,1,1,0,0,1,1,1,1,1,0,5,9,8,9,9.75,5,3,8,Yes
S09302,1,1,1,1,1,0,1,0,1,1,5,4,1,1,6.83,8,2,0,No
S09303,0,1,0,1,1,1,0,0,0,0,8,4,9,9,6.63,1,0,5,No
S09304,1,1,1,1,1,0,1,1,0,1,2,7,1,9,5.57,8,1,7,No
S09305,0,1,1,0,1,1,0,0,0,1,9,1,4,4,6.66,8,2,2,Yes
S09306,1,1,0,0,1,1,1,0,1,0,4,2,7,5,8.88,8,3,6,Yes
S09307,1,1,0,1,1,1,0,0,1,0,9,5,6,2,7.16,6,3,1,Yes
S09308,0,1,1,1,0,0,1,0,0,0,9,5,9,5,6.34,0,2,3,Yes
S09309,1,0,0,0,1,0,1,0,1,0,9,9,4,8,6.67,1,0,7,No
S09310,1,1,0,1,1,1,1,1,0,1,5,1,7,7,6.98,7,0,0,Yes
S09311,1,1,0,1,0,0,1,0,1,0,8,1,10,10,5.62,5,2,6,Yes
S09312,1,1,1,1,1,1,1,1,1,0,2,8,5,10,9.9,4,2,4,Yes
S09313,0,1,0,0,1,1,1,0,0,0,9,9,4,10,9.23,2,1,2,Yes
S09314,1,1,0,1,0,1,1,0,1,0,4,10,1,6,5.51,3,1,6,No
S09315,0,1,1,0,0,1,1,0,1,0,10,1,8,10,6.71,5,1,6,Yes
S09316,1,1,1,0,1,1,0,0,0,0,10,5,9,1,8.88,1,2,8,Yes
S09317,0,1,1,1,0,0,1,0,0,0,3,7,2,7,9.97,6,2,1,Yes
S09318,1,1,1,0,1,0,0,0,1,0,1,8,1,5,6.88,4,2,7,No
S09319,0,1,0,0,1,1,1,0,0,0,7,3,2,5,5.62,3,0,1,No
S09320,0,1,1,1,1,1,1,0,1,1,8,5,2,2,7.5,4,2,4,Yes
S09321,1,0,0,0,1,0,0,1,0,0,2,6,1,5,7.4,8,2,1,No
S09322,0,0,1,1,1,1,1,0,1,0,8,1,8,3,8.38,1,2,5,Yes
S09323,0,1,0,1,0,0,1,1,0,0,4,10,4,9,5.74,4,0,8,No
S09324,1,0,1,0,0,1,1,0,0,0,4,4,10,10,7.81,6,1,7,Yes
S09325,1,1,1,1,1,1,0,1,1,0,7,2,3,1,6.52,6,1,2,No
S09326,0,1,1,0,1,1,0,0,0,0,5,3,9,7,8.0,1,1,4,Yes
S09327,0,1,1,1,0,0,1,1,1,0,1,6,9,5,5.61,0,2,1,No
S09328,1,1,1,0,1,1,0,0,0,1,6,4,9,3,5.85,3,2,2,Yes
S09329,1,0,0,1,0,1,0,0,1,0,3,2,5,4,6.01,6,0,5,No
S09330,0,1,0,1,0,1,1,0,0,0,9,7,9,10,9.97,0,2,7,Yes
S09331,0,0,1,0,0,1,1,0,0,0,6,3,9,7,8.34,6,3,7,Yes
S09332,0,1,1,1,0,0,0,1,1,1,10,4,3,5,5.8,1,1,2,No
S09333,1,1,0,0,1,1,1,0,1,0,9,1,1,5,7.14,6,0,7,No
S09334,0,1,0,0,1,0,1,0,0,0,7,6,3,8,9.91,4,3,2,Yes
S09335,1,0,1,1,1,1,1,0,0,0,1,8,8,2,7.22,7,2,4,Yes
S09336,1,1,0,0,0,0,1,0,0,0,5,4,3,4,6.3,0,1,1,No
S09337,0,1,1,1,1,1,1,0,0,0,2,6,4,4,7.48,8,2,0,Yes
S09338,0,1,0,0,1,1,1,0,0,1,2,4,1,3,7.43,0,2,6,No
S09339,1,0,1,0,0,1,1,1,1,0,3,1,7,5,6.01,8,3,1,Yes
S09340,1,0,1,1,0,1,1,1,1,1,9,5,10,1,9.84,4,1,7,Yes
S09341,0,1,0,1,1,0,1,0,1,0,7,6,5,2,8.63,5,0,5,No
S09342,1,0,0,0,1,0,0,0,0,0,3,10,8,5,5.32,8,3,8,Yes
S09343,0,1,1,0,0,1,0,1,0,0,7,9,8,8,5.61,6,1,4,Yes
S09344,0,1,0,1,1,0,1,0,0,0,10,1,10,5,5.55,4,0,5,No
S09345,1,1,1,1,0,1,1,1,1,0,6,3,7,8,5.88,4,2,8,Yes
S09346,0,1,0,1,1,1,1,0,0,0,5,1,9,3,8.86,1,3,0,No
S09347,0,1,1,0,1,0,0,0,0,0,2,4,5,3,7.42,8,1,1,No
S09348,0,0,1,1,0,1,1,0,0,0,5,4,3,4,9.43,0,3,5,Yes
S09349,0,1,0,0,0,1,0,0,0,0,7,5,10,8,5.58,1,0,8,No
S09350,0,1,1,1,1,0,0,1,0,0,6,6,1,6,8.46,2,0,1,No
S09351,1,0,0,0,0,1,1,0,1,0,7,3,10,1,7.4,7,2,7,Yes
S09352,1,0,1,1,0,1,1,1,1,0,2,3,2,4,6.77,0,1,3,No
S09353,0,1,0,0,1,0,1,1,1,0,4,6,6,3,5.29,4,2,0,No
S09354,1,1,0,1,0,0,1,0,0,0,4,8,4,2,5.23,4,1,1,No
S09355,1,1,1,1,0,1,1,0,1,1,6,6,3,5,6.66,1,2,6,Yes
S09356,0,0,0,1,0,1,1,1,1,0,9,2,9,4,5.02,1,2,6,No
S09357,0,1,0,1,0,1,1,0,0,1,6,6,9,4,9.15,6,1,4,Yes
S09358,1,1,0,0,0,0,1,1,0,1,5,6,7,5,8.37,0,1,8,No
S09359,0,0,1,0,1,1,0,1,1,1,1,1,10,9,9.9,3,3,3,Yes
S09360,0,0,0,0,0,1,1,0,1,0,5,8,5,7,8.21,3,1,1,No
S09361,1,1,0,0,1,0,1,0,0,0,7,9,9,5,9.53,5,3,8,Yes
S09362,0,1,1,1,1,0,0,0,0,1,1,8,4,3,6.07,6,0,0,No
S09363,1,1,0,0,0,1,1,1,1,0,1,2,6,4,9.08,4,0,8,No
S09364,1,0,0,1,1,1,0,0,1,0,8,6,6,1,5.53,4,0,3,No
S09365,1,1,1,0,1,0,1,0,1,0,6,8,5,9,8.52,1,0,7,Yes
S09366,1,1,1,1,0,0,0,1,1,0,10,6,3,4,8.68,6,0,3,Yes
S09367,1,1,0,1,1,0,1,0,0,0,8,8,7,4,6.03,4,0,4,No
S09368,0,1,1,1,0,1,1,1,0,1,2,6,9,6,8.44,6,3,3,Yes
S09369,0,1,0,0,0,1,1,0,1,0,3,7,8,6,7.87,1,1,4,No
S09370,0,0,1,0,1,1,0,0,0,0,2,8,6,5,9.77,1,0,6,No
S09371,0,0,0,1,1,0,0,0,1,0,10,10,2,1,7.52,1,3,2,No
S09372,1,1,0,0,1,1,1,0,0,1,4,1,2,1,7.93,2,2,7,No
S09373,1,1,0,0,0,1,1,1,0,0,4,2,1,3,5.72,8,2,2,No
S09374,0,1,1,1,1,0,1,0,0,1,9,2,4,4,5.61,8,2,5,Yes
S09375,1,1,0,0,1,0,0,1,0,1,3,10,9,10,6.65,5,1,2,Yes
S09376,1,1,1,1,0,0,1,1,0,0,10,4,7,10,7.09,3,0,3,Yes
S09377,0,1,1,0,1,1,1,1,0,0,9,8,10,3,5.28,4,3,7,Yes
S09378,1,1,1,1,1,0,0,0,1,0,4,5,9,10,8.76,6,1,1,Yes
S09379,0,1,0,1,0,0,0,1,1,0,5,4,3,1,8.53,8,3,0,Yes
S09380,1,0,1,0,1,1,0,0,1,0,9,7,10,6,8.3,5,2,5,Yes
S09381,1,0,0,1,1,0,0,0,1,1,2,4,7,2,7.78,1,1,1,No
S09382,1,0,0,1,1,0,1,0,0,1,10,8,10,4,8.08,8,1,2,Yes
S09383,0,0,0,0,1,1,0,0,0,0,5,8,10,1,9.18,0,3,8,No
S09384,1,0,0,0,1,1,0,0,1,0,7,3,6,3,7.67,4,0,5,No
S09385,1,1,1,0,1,1,1,0,0,0,10,2,3,8,9.66,0,0,7,Yes
S09386,0,1,1,0,1,0,1,0,1,0,2,1,3,2,5.48,1,3,4,No
S09387,0,1,0,1,0,1,1,1,1,1,2,2,7,1,7.48,0,2,2,No
S09388,1,0,0,1,1,0,0,0,1,1,8,5,5,5,7.03,6,3,7,Yes
S09389,1,1,1,0,0,0,1,0,0,0,8,4,8,9,9.51,2,0,0,Yes
S09390,1,0,0,0,0,0,1,0,0,0,10,7,5,3,8.63,8,1,5,Yes
S09391,0,1,1,1,1,1,0,1,1,0,1,6,5,3,5.28,2,2,8,No
S09392,0,1,1,0,0,1,1,1,1,1,8,5,7,4,9.11,3,0,6,Yes
S09393,1,1,0,1,1,1,1,0,1,1,5,8,3,4,9.93,2,2,8,Yes
S09394,0,0,1,1,0,1,1,0,0,1,2,10,1,4,5.96,3,3,3,No
S09395,1,1,1,1,0,1,1,0,0,0,1,9,10,10,8.29,4,2,7,Yes
S09396,1,1,1,0,1,0,0,0,0,1,9,5,9,8,6.0,0,1,1,No
S09397,1,1,0,1,0,0,1,1,0,0,7,6,4,8,5.26,1,3,2,No
S09398,1,1,1,0,1,0,1,0,0,0,3,8,7,1,5.86,3,0,1,No
S09399,1,1,0,0,1,1,1,1,0,0,10,7,1,6,6.7,2,0,4,No
S09400,1,1,1,0,1,1,0,0,0,1,4,10,5,3,7.03,7,3,4,Yes
S09401,0,1,1,1,1,0,1,0,1,0,8,2,10,7,5.33,3,1,7,Yes
S09402,1,1,0,0,1,0,1,0,0,0,7,1,9,6,9.86,4,2,4,Yes
S09403,0,0,1,1,1,1,1,0,0,1,3,7,1,7,6.16,2,0,2,No
S09404,1,0,0,0,0,1,1,0,0,1,4,10,7,8,6.9,1,3,1,No
S09405,1,1,0,0,1,1,1,0,0,0,4,6,10,7,5.77,2,2,1,No
S09406,1,1,0,0,0,1,0,0,0,0,10,10,3,1,5.64,3,3,7,No
S09407,1,1,0,1,1,0,0,1,0,1,8,9,8,7,6.72,7,3,8,Yes
S09408,1,0,0,1,1,0,0,0,0,0,7,4,5,2,5.53,8,2,2,No
S09409,1,1,0,0,1,1,1,0,0,1,3,6,7,10,5.88,6,0,5,Yes
S09410,1,1,0,0,1,0,1,0,1,0,1,3,9,4,8.82,5,3,6,Yes
S09411,1,1,0,0,0,1,1,0,0,0,3,3,5,5,8.84,3,3,6,No
S09412,0,1,0,1,1,0,1,0,0,1,1,4,1,3,6.93,5,2,0,No
S09413,0,1,0,1,1,1,1,1,1,0,8,1,2,6,7.73,8,1,2,Yes
S09414,1,0,1,1,0,1,1,0,0,0,10,10,2,3,7.43,4,3,3,Yes
S09415,1,1,0,1,0,1,1,0,1,0,9,4,1,1,9.51,0,2,4,Yes
S09416,1,1,1,1,1,0,1,0,0,1,6,2,9,7,5.27,1,0,5,No
S09417,0,1,0,0,0,0,1,1,0,0,6,8,2,4,8.92,2,1,8,No
S09418,1,0,1,0,0,0,0,0,1,1,6,9,3,3,7.95,7,3,3,Yes
S09419,1,1,1,1,1,0,0,0,0,1,5,2,7,8,7.26,5,0,0,No
S09420,1,1,0,0,0,1,0,0,0,0,4,2,4,5,6.33,0,0,0,No
S09421,0,0,0,0,1,0,1,1,0,1,10,8,2,5,6.62,3,2,0,No
S09422,1,0,1,1,0,1,1,0,1,0,6,10,4,6,5.45,3,2,7,Yes
S09423,0,1,0,0,0,0,1,0,1,0,8,7,8,7,8.95,3,1,8,Yes
S09424,1,1,0,0,1,0,0,0,1,0,2,2,7,10,6.57,3,0,4,No
S09425,0,1,1,1,0,1,0,1,1,0,8,9,3,9,9.09,2,3,3,Yes
S09426,0,0,1,1,0,1,0,1,1,1,4,1,9,8,5.6,4,0,4,No
S09427,1,1,0,1,1,1,1,0,1,0,2,2,10,6,8.08,5,1,2,Yes
S09428,0,1,1,1,1,1,1,1,0,0,10,6,9,5,8.24,3,2,6,Yes
S09429,1,1,1,0,0,1,0,0,0,0,6,2,1,1,5.02,8,1,8,No
S09430,0,1,0,1,1,1,1,1,1,1,1,10,8,8,9.33,6,2,6,Yes
S09431,0,1,0,0,0,1,1,1,1,0,9,4,10,4,5.27,0,0,5,No
S09432,1,0,1,0,0,0,1,1,0,0,7,2,6,3,8.91,4,2,6,No
S09433,0,1,0,0,0,1,1,0,1,0,10,6,3,6,9.96,0,3,8,Yes
S09434,1,0,1,1,0,1,0,0,1,0,10,9,5,9,7.93,2,3,2,Yes
S09435,1,1,0,0,0,1,1,1,0,0,3,9,4,10,6.81,7,0,3,Yes
S09436,1,0,0,0,1,0,0,1,0,0,9,5,6,8,8.21,5,3,8,Yes
S09437,0,0,0,1,1,0,1,1,1,0,6,1,6,1,8.79,8,0,3,Yes
S09438,1,1,1,0,0,0,1,1,1,0,3,9,2,9,6.61,1,3,3,No
S09439,1,1,1,0,0,1,0,0,1,1,10,3,9,4,7.9,4,2,5,Yes
S09440,0,1,1,1,1,1,1,0,0,0,8,5,8,5,5.98,5,2,4,Yes
S09441,1,1,1,0,0,0,0,0,0,0,10,1,1,6,8.14,6,2,6,Yes
S09442,1,1,0,1,0,1,1,1,0,1,6,5,8,8,8.24,0,3,8,Yes
S09443,1,1,1,1,0,0,1,1,1,0,6,10,2,8,8.03,7,2,6,Yes
S09444,1,0,0,1,1,1,1,1,0,1,8,2,2,7,9.16,3,0,1,Yes
S09445,1,0,1,0,0,0,0,1,1,1,9,9,10,2,5.54,6,1,1,Yes
S09446,1,1,1,1,1,0,1,1,1,1,4,2,2,8,8.33,8,3,5,Yes
S09447,0,0,0,1,1,1,0,0,1,0,5,8,3,9,5.41,8,1,4,No
S09448,0,0,1,1,1,1,0,0,0,0,7,5,7,2,9.84,3,1,3,Yes
S09449,1,1,1,0,1,1,0,0,1,1,3,1,3,7,8.63,3,0,6,No
S09450,1,1,0,1,0,0,1,0,0,0,5,1,4,3,7.26,4,2,5,No
S09451,1,1,1,0,1,1,0,0,0,1,4,7,7,6,9.84,0,0,5,Yes
S09452,0,1,1,0,1,0,1,0,0,0,4,4,6,10,8.98,2,2,7,Yes
S09453,1,1,1,1,0,1,1,1,0,0,4,10,5,10,5.86,8,3,1,Yes
S09454,1,1,0,1,1,0,0,0,1,0,9,7,3,3,5.23,4,0,8,Yes
S09455,0,0,0,1,1,0,0,0,1,0,6,5,5,9,5.38,8,3,5,Yes
S09456,1,1,1,1,1,1,0,0,0,0,7,3,5,6,7.47,0,0,7,No
S09457,1,1,1,0,0,1,1,0,1,0,3,8,6,9,5.51,4,1,1,No
S09458,0,0,1,1,1,1,1,1,0,1,9,1,6,9,7.31,7,2,8,Yes
S09459,0,0,0,0,0,1,1,0,1,0,8,3,10,8,9.28,6,3,2,Yes
S09460,1,1,0,0,0,1,1,0,0,0,10,10,8,4,8.0,4,0,8,Yes
S09461,0,0,1,1,0,1,1,1,0,0,2,7,4,6,7.76,1,0,3,No
S09462,1,1,0,0,0,0,0,1,0,0,6,1,4,1,5.27,1,0,6,No
S09463,0,1,1,0,0,1,0,0,1,0,2,4,6,5,6.18,4,3,8,Yes
S09464,1,1,0,1,0,1,0,0,1,0,8,2,10,10,7.22,2,1,3,Yes
S09465,0,1,0,1,1,1,1,0,1,0,10,4,2,3,5.91,8,3,4,Yes
S09466,0,1,0,1,0,1,1,0,0,1,6,10,1,9,7.41,2,2,5,Yes
S09467,0,1,0,0,1,1,1,1,0,0,5,9,10,3,5.57,5,2,4,Yes
S09468,0,1,1,1,0,1,1,1,0,0,4,3,9,6,5.57,8,1,5,Yes
S09469,1,0,1,1,0,0,0,0,1,1,1,4,7,6,7.83,1,3,1,Yes
S09470,1,1,0,0,0,0,0,0,0,1,6,3,2,9,6.45,0,3,8,No
S09471,1,1,0,1,0,0,0,0,0,0,5,2,7,10,5.23,2,3,5,Yes
S09472,0,0,1,1,1,0,1,0,1,0,6,6,1,5,8.33,3,3,7,Yes
S09473,0,1,1,1,0,1,1,1,1,0,6,7,5,8,6.38,5,0,8,Yes
S09474,1,1,0,1,0,1,1,0,1,0,5,3,10,2,6.27,4,1,1,No
S09475,0,1,0,1,0,1,1,1,1,0,3,7,7,3,7.32,1,0,2,No
S09476,0,0,0,1,0,1,0,0,0,0,10,10,9,9,7.43,2,0,8,Yes
S09477,0,0,1,1,0,0,1,0,0,0,9,9,8,8,7.59,2,2,5,Yes
S09478,0,0,0,1,0,1,1,0,0,0,7,10,4,7,9.01,6,3,8,Yes
S09479,1,1,1,1,1,1,0,0,0,1,10,10,10,8,7.63,5,2,1,Yes
S09480,1,0,0,1,1,1,1,0,0,0,6,2,2,7,5.66,0,1,1,No
S09481,1,1,1,1,0,1,0,1,0,0,8,1,2,2,6.6,7,3,8,No
S09482,1,1,0,0,1,0,0,0,1,0,3,7,4,8,9.87,8,2,1,Yes
S09483,0,1,0,1,0,0,0,0,0,0,2,7,2,3,5.6,4,3,4,No
S09484,0,0,1,1,1,1,0,1,0,0,3,7,3,4,8.14,2,3,4,Yes
S09485,0,1,1,0,1,1,1,0,0,0,10,4,6,1,5.62,3,2,4,No
S09486,0,1,0,1,0,0,1,0,1,0,1,2,3,8,8.52,7,0,3,No
S09487,1,0,1,1,0,1,1,0,0,1,5,6,10,8,7.69,2,3,7,Yes
S09488,1,0,1,0,0,1,1,0,0,0,6,2,2,4,8.07,0,1,6,No
S09489,1,1,0,1,0,1,0,1,0,1,4,4,8,9,8.67,3,1,4,Yes
S09490,1,1,1,1,0,0,0,0,1,0,8,10,3,4,6.62,2,0,4,No
S09491,1,0,1,1,1,1,1,0,0,0,9,8,8,10,6.91,0,3,5,Yes
S09492,1,0,1,1,1,1,0,1,0,1,4,5,1,10,7.53,1,3,6,Yes
S09493,1,1,1,1,1,1,1,1,0,0,8,9,3,10,5.7,6,3,7,Yes
S09494,1,1,1,1,0,1,0,0,0,0,4,5,6,7,8.36,3,1,3,No
S09495,0,1,0,1,1,0,0,1,0,0,1,2,1,5,9.58,3,3,3,No
S09496,1,1,1,0,1,0,1,0,0,0,6,1,9,6,8.09,2,3,5,Yes
S09497,1,1,1,1,1,1,1,1,1,0,5,10,3,8,7.28,5,3,4,Yes
S09498,1,1,1,1,1,0,0,0,0,0,1,2,7,7,9.04,0,1,4,No
S09499,0,1,0,1,1,1,0,1,0,0,5,1,1,4,7.57,7,3,0,No
S09500,1,1,1,1,1,1,1,0,1,0,7,8,2,3,8.34,7,1,8,Yes
S09501,1,0,0,1,1,1,0,1,1,0,7,10,1,3,8.38,7,3,1,Yes
S09502,0,1,1,0,1,1,1,1,0,0,8,6,6,2,5.78,3,3,7,Yes
S09503,0,1,0,0,0,0,1,0,0,1,9,1,3,3,6.12,5,1,4,No
S09504,0,0,1,1,0,1,1,1,0,1,3,4,4,5,8.04,5,2,8,Yes
S09505,1,1,0,1,1,1,1,0,1,0,3,6,10,3,7.41,6,2,6,Yes
S09506,1,1,1,0,0,0,0,0,1,0,10,8,9,4,6.25,7,1,7,Yes
S09507,1,1,0,0,0,1,0,0,0,0,4,3,8,3,6.16,8,2,6,Yes
S09508,0,0,1,1,0,1,1,0,0,0,5,1,8,3,6.97,0,2,7,No
S09509,1,0,0,0,1,1,1,1,1,1,1,10,1,4,5.88,4,1,2,No
S09510,1,1,1,0,1,1,1,1,0,0,6,10,10,2,9.29,7,0,4,Yes
S09511,1,0,0,1,0,1,0,0,1,0,1,9,8,6,7.99,3,1,3,Yes
S09512,1,1,0,0,0,0,1,0,1,0,4,8,3,6,9.77,8,3,3,Yes
S09513,1,0,0,0,1,0,0,0,0,1,1,8,8,2,5.54,8,1,8,No
S09514,0,0,1,0,0,1,1,0,1,1,2,1,2,9,5.73,7,3,0,No
S09515,0,1,1,1,0,0,1,0,0,1,2,3,10,4,7.35,8,0,8,Yes
S09516,1,0,0,0,1,0,1,0,0,1,8,8,2,4,7.48,7,1,8,Yes
S09517,1,1,1,1,0,0,0,0,1,0,6,4,8,7,6.04,7,0,2,No
S09518,0,1,1,0,0,1,1,0,0,1,6,4,6,10,9.33,7,0,3,Yes
S09519,1,0,0,1,1,0,1,0,1,0,10,5,4,7,9.84,5,0,7,Yes
S09520,1,1,1,1,0,0,0,0,0,0,3,6,1,1,7.5,3,0,5,No
S09521,1,1,0,0,0,1,0,0,1,1,8,8,8,1,5.38,3,2,3,Yes
S09522,0,0,0,1,1,1,0,0,1,0,7,4,10,6,8.0,2,3,0,Yes
S09523,0,0,1,0,0,0,0,1,0,0,5,4,9,6,6.75,3,3,5,No
S09524,0,0,0,1,0,0,1,0,0,0,10,9,3,10,7.96,0,3,1,No
S09525,1,1,0,0,0,1,0,1,1,1,5,2,1,2,8.85,4,0,2,No
S09526,1,1,1,1,0,0,0,0,0,0,6,3,1,7,5.75,8,0,3,No
S09527,0,0,1,0,1,1,1,0,0,0,1,7,4,1,5.17,7,1,0,No
S09528,1,1,0,0,1,0,1,1,0,0,7,4,7,5,9.45,3,2,5,Yes
S09529,0,0,0,0,1,1,1,0,1,0,1,8,5,5,6.9,8,1,3,No
S09530,0,0,1,0,1,1,0,0,0,0,2,7,7,5,9.56,6,0,1,No
S09531,1,0,1,1,0,0,0,1,1,0,6,3,10,1,6.36,2,0,5,No
S09532,0,1,1,0,0,1,0,0,0,1,1,1,4,6,5.11,0,3,2,No
S09533,1,1,0,0,0,1,0,0,1,0,1,3,4,8,9.94,5,0,7,Yes
S09534,0,1,1,0,1,1,1,0,0,0,5,9,4,9,9.06,0,1,2,No
S09535,1,1,0,0,0,1,1,0,0,0,9,5,1,3,6.08,4,0,5,No
S09536,1,0,1,0,1,0,1,0,0,0,4,10,4,7,5.24,1,3,2,No
S09537,0,0,0,0,1,1,1,1,0,1,7,6,7,8,5.29,0,1,7,No
S09538,0,1,1,0,0,0,0,1,1,0,9,5,2,8,5.63,3,1,8,No
S09539,1,0,0,0,1,1,0,0,1,0,3,4,3,2,6.68,1,2,7,No
S09540,0,1,1,0,0,0,1,1,0,1,7,6,5,6,6.15,7,0,0,No
S09541,1,1,0,1,0,1,0,1,1,0,1,6,5,10,6.12,4,2,3,Yes
S09542,1,1,1,0,1,1,1,0,0,0,7,3,1,1,9.38,7,0,1,No
S09543,1,0,1,0,1,0,1,0,0,1,2,7,8,6,9.68,6,1,2,Yes
S09544,1,1,0,1,1,1,1,1,1,0,10,10,7,2,7.45,5,0,7,Yes
S09545,1,1,0,1,1,1,0,1,0,1,3,10,5,10,5.26,5,0,3,Yes
S09546,1,1,0,1,1,1,1,1,1,0,2,5,10,6,9.87,0,2,7,Yes
S09547,1,1,0,1,0,1,1,1,1,0,8,2,1,7,8.8,8,0,2,Yes
S09548,1,1,0,0,1,1,0,1,1,1,4,4,8,9,6.32,5,0,8,Yes
S09549,1,1,0,1,1,0,1,0,0,0,3,4,4,9,8.12,1,3,2,Yes
S09550,0,0,1,0,0,0,0,1,1,0,8,3,2,5,7.41,1,0,2,No
S09551,1,1,1,0,1,0,0,0,0,1,8,4,5,3,6.99,1,0,2,No
S09552,0,1,0,0,0,1,1,0,1,1,2,3,5,6,9.69,2,2,0,No
S09553,0,1,0,1,1,0,1,0,0,1,1,7,3,4,9.14,8,1,8,Yes
S09554,0,0,1,1,0,0,0,0,0,0,5,7,8,8,9.16,2,0,2,No
S09555,0,1,0,1,0,0,1,1,0,0,4,1,10,4,5.75,7,3,3,Yes
S09556,0,0,0,1,0,1,1,0,1,0,4,5,4,5,7.76,8,3,0,No
S09557,1,0,0,1,0,0,1,0,0,0,2,4,4,10,9.41,2,2,3,No
S09558,1,0,0,1,1,0,0,0,0,1,9,3,3,3,7.59,2,0,3,No
S09559,0,0,0,1,1,0,0,1,0,0,2,2,6,2,9.47,2,1,4,No
S09560,0,1,1,1,1,1,0,1,0,1,6,9,10,2,7.29,1,1,3,Yes
S09561,0,0,0,1,0,0,1,1,0,0,9,10,4,5,6.56,2,2,6,Yes
S09562,1,1,1,0,1,1,0,0,0,0,7,3,10,10,6.31,5,1,6,Yes
S09563,0,0,1,0,1,1,1,0,1,0,6,10,5,3,5.35,0,2,2,No
S09564,1,0,1,0,0,1,0,1,1,0,8,9,2,10,9.89,1,0,1,Yes
S09565,1,0,0,0,0,0,1,0,0,0,6,8,10,4,6.76,3,2,6,Yes
S09566,1,1,0,1,0,1,1,1,0,1,4,8,6,4,9.72,0,1,0,No
S09567,0,1,0,0,1,1,0,0,1,0,2,1,10,5,5.11,4,2,4,No
S09568,0,1,0,1,1,0,0,1,0,0,6,8,10,1,8.44,1,2,7,Yes
S09569,1,1,1,1,0,1,1,0,1,1,8,10,8,6,9.25,2,0,5,Yes
S09570,0,1,0,1,1,0,0,0,1,0,7,10,1,7,6.53,3,0,2,No
S09571,1,1,1,1,0,1,1,0,1,0,9,1,1,7,9.74,6,1,4,Yes
S09572,1,0,1,1,1,0,0,1,0,1,6,2,8,6,5.16,7,0,3,No
S09573,1,1,1,0,0,0,1,1,1,0,3,10,7,6,7.93,2,2,1,Yes
S09574,1,1,0,0,0,1,1,1,1,0,6,5,3,4,6.51,5,0,4,No
S09575,1,1,1,1,1,1,1,0,0,0,7,10,10,10,7.33,2,1,8,Yes
S09576,1,0,1,0,1,1,1,0,0,1,5,6,4,5,7.26,4,2,4,Yes
S09577,0,0,0,0,0,0,1,0,1,0,7,2,5,6,9.33,2,3,1,No
S09578,0,1,0,1,1,0,0,1,0,0,4,1,5,2,6.25,7,3,7,Yes
S09579,1,1,0,0,0,0,1,1,0,0,6,6,6,10,8.06,6,2,4,Yes
S09580,1,1,0,0,0,1,1,1,0,0,9,8,8,10,6.21,2,2,2,Yes
S09581,1,0,0,1,1,1,0,0,1,0,2,2,10,6,6.14,0,1,5,No
S09582,1,1,0,0,1,1,0,0,0,0,10,2,10,5,7.72,0,1,0,No
S09583,1,1,0,0,1,1,0,0,0,1,1,8,10,1,8.68,7,3,8,Yes
S09584,1,1,1,0,0,0,1,1,0,0,10,8,10,2,6.83,8,2,5,Yes
S09585,0,1,0,0,1,0,1,1,0,0,8,2,4,6,5.07,6,1,7,No
S09586,0,0,1,1,1,0,1,0,0,1,5,8,5,1,6.69,6,2,5,Yes
S09587,1,1,0,0,1,0,1,0,1,1,1,4,9,1,9.66,3,2,3,Yes
S09588,1,1,1,0,1,1,0,0,0,0,2,3,8,4,9.11,0,2,6,Yes
S09589,1,1,0,1,1,1,1,0,0,0,7,9,8,5,6.7,6,1,4,Yes
S09590,0,0,1,0,0,1,0,0,0,0,7,9,6,1,8.41,3,0,3,No
S09591,1,1,0,0,0,0,0,0,1,0,6,8,5,2,7.26,6,2,8,Yes
S09592,1,0,0,1,1,1,1,0,1,0,9,8,1,1,7.38,0,0,2,No
S09593,0,1,1,0,0,1,0,0,1,1,1,4,10,3,7.65,6,2,6,Yes
S09594,1,0,1,1,0,0,0,1,0,0,2,10,5,8,8.61,7,3,7,Yes
S09595,1,0,0,1,1,1,1,1,0,0,9,3,2,9,9.37,7,0,5,Yes
S09596,1,1,1,1,1,1,0,0,0,0,1,4,4,4,8.82,7,2,4,Yes
S09597,1,1,0,0,0,1,1,0,1,0,3,10,8,1,9.98,3,0,3,Yes
S09598,1,1,0,0,1,1,0,0,0,1,8,9,7,6,9.23,8,2,5,Yes
S09599,1,0,1,1,1,1,1,0,1,1,9,9,10,8,5.31,3,0,8,Yes
S09600,1,1,0,0,1,0,1,1,0,0,3,9,1,8,6.51,8,1,3,No
S09601,1,1,0,1,1,0,1,1,0,0,10,9,10,6,6.72,0,0,1,No
S09602,0,1,0,0,0,0,0,1,0,0,5,8,10,7,5.88,7,0,6,No
S09603,1,1,0,1,1,0,0,0,0,1,1,9,6,7,7.76,2,0,6,No
S09604,1,1,0,1,0,1,0,0,0,0,10,1,7,8,9.61,4,2,6,Yes
S09605,0,0,0,0,1,1,0,1,0,0,8,2,6,9,8.07,3,0,7,Yes
S09606,0,0,1,1,1,0,1,0,0,0,8,1,3,9,7.61,8,3,3,Yes
S09607,0,1,0,0,1,1,1,0,0,0,3,3,8,6,8.46,8,3,1,Yes
S09608,1,1,0,0,0,0,0,0,1,1,3,9,3,8,9.64,7,3,3,Yes
S09609,1,1,1,1,0,1,1,0,1,1,5,8,1,1,8.14,7,0,7,Yes
S09610,0,0,0,0,1,1,0,0,0,0,4,3,1,10,9.6,5,2,1,No
S09611,0,1,0,1,1,1,1,1,0,1,10,4,4,5,6.13,2,0,7,Yes
S09612,1,1,1,1,1,1,0,0,0,1,8,4,5,1,7.84,2,3,8,Yes
S09613,0,1,1,0,1,0,1,1,0,0,6,3,6,9,5.24,6,3,3,Yes
S09614,1,0,0,0,0,0,1,0,0,0,9,3,8,2,8.94,3,2,0,No
S09615,0,1,1,0,0,1,1,1,1,0,4,5,4,2,5.28,7,2,7,Yes
S09616,0,1,1,0,1,1,0,1,1,0,7,6,2,3,6.77,6,2,4,No
S09617,0,1,1,0,0,1,1,1,0,0,4,6,8,7,9.95,0,1,0,Yes
S09618,0,1,0,1,0,1,0,0,0,1,9,5,1,8,6.76,0,2,2,No
S09619,0,1,0,1,1,1,1,0,1,0,5,4,9,5,9.46,8,1,8,Yes
S09620,1,1,0,1,0,0,1,0,1,1,10,8,3,2,8.64,6,2,1,Yes
S09621,1,1,1,0,1,0,1,0,1,0,3,7,8,9,9.29,5,3,4,Yes
S09622,1,0,1,0,1,0,0,0,0,0,4,2,4,3,9.97,6,0,2,No
S09623,1,1,1,1,1,1,0,0,0,0,1,1,6,3,8.39,2,2,6,No
S09624,0,1,0,1,0,1,1,1,0,0,2,7,6,8,9.12,3,2,3,No
S09625,1,1,0,1,0,1,0,0,1,0,5,7,3,4,6.55,8,0,0,No
S09626,1,1,0,1,0,0,1,0,0,1,1,4,4,7,9.79,7,1,2,Yes
S09627,0,1,1,1,0,1,0,1,0,1,7,10,4,3,8.29,2,0,3,No
S09628,0,0,0,1,1,1,1,0,0,0,2,5,5,2,9.33,1,2,1,No
S09629,1,1,1,0,0,1,1,1,1,0,6,4,3,3,8.48,3,3,4,No
S09630,1,0,1,0,1,1,0,0,0,0,10,7,3,2,9.92,6,2,3,Yes
S09631,1,0,0,0,1,1,1,1,1,0,1,8,6,6,9.13,1,0,6,Yes
S09632,0,0,0,0,0,1,0,0,0,1,8,9,3,5,5.65,2,2,6,No
S09633,1,0,0,1,0,1,0,1,1,0,1,10,10,6,6.36,7,0,4,Yes
S09634,0,1,1,0,1,1,1,0,1,0,2,3,7,6,9.14,2,2,3,No
S09635,1,1,0,1,1,0,0,0,0,1,7,5,5,4,5.12,2,3,3,Yes
S09636,1,0,0,1,1,1,1,0,1,1,2,10,10,4,5.19,5,1,3,Yes
S09637,0,1,1,1,0,0,1,0,0,1,6,7,2,5,7.54,7,2,4,Yes
S09638,1,1,0,1,0,0,0,1,0,1,7,5,9,7,9.38,6,2,3,Yes
S09639,1,1,0,1,1,1,0,0,0,0,1,3,6,7,9.66,1,0,5,No
S09640,1,1,1,1,0,1,1,1,0,1,5,2,6,3,8.88,6,2,2,Yes
S09641,1,1,1,0,1,0,1,1,1,0,6,1,5,8,9.89,0,0,6,No
S09642,1,0,0,0,0,0,1,0,0,0,5,7,10,1,7.22,3,1,1,No
S09643,1,1,0,1,1,1,1,0,0,0,2,2,4,10,7.15,3,1,3,No
S09644,1,0,1,1,1,1,1,1,0,0,8,9,6,8,7.0,3,2,6,Yes
S09645,1,1,1,0,0,0,1,1,1,0,2,9,8,5,9.62,5,1,6,Yes
S09646,0,1,0,1,0,1,0,1,1,0,10,9,6,10,8.37,6,1,3,Yes
S09647,0,1,1,1,1,1,1,0,0,0,10,4,6,8,5.3,6,0,0,No
S09648,1,1,1,1,0,0,0,0,1,0,8,9,5,6,8.3,4,2,7,Yes
S09649,0,1,0,0,0,1,1,0,0,0,10,10,4,8,9.39,6,2,1,Yes
S09650,1,0,0,0,1,0,0,0,0,1,1,5,2,7,7.03,6,0,3,No
S09651,1,1,1,1,1,0,1,1,0,0,9,9,3,8,7.85,0,0,5,No
S09652,1,1,0,1,1,1,1,0,0,1,1,4,7,3,8.98,7,2,8,Yes
S09653,1,1,1,1,1,1,1,0,0,0,5,8,8,2,9.03,2,2,2,Yes
S09654,1,1,1,1,1,0,1,1,0,0,4,2,8,8,9.35,8,2,1,Yes
S09655,1,1,1,1,0,1,0,1,1,0,7,8,5,7,7.37,2,0,7,No
S09656,0,1,0,1,0,0,0,0,1,0,4,7,10,7,5.27,5,0,1,No
S09657,0,0,1,1,1,0,0,0,1,0,8,1,4,10,8.2,4,0,5,Yes
S09658,1,0,0,1,0,0,0,0,0,1,10,6,2,6,6.62,4,1,3,No
S09659,0,1,0,1,0,0,1,0,1,0,9,3,5,4,8.0,0,2,7,No
S09660,0,1,0,0,0,0,1,0,0,1,7,3,2,1,9.96,6,3,6,Yes
S09661,0,1,1,1,1,1,1,1,1,0,5,7,4,9,9.86,2,1,8,Yes
S09662,1,0,0,1,0,1,0,1,0,1,7,7,10,9,8.52,8,0,7,Yes
S09663,1,0,1,0,0,1,0,0,0,0,4,2,5,1,9.36,3,1,2,No
S09664,1,0,0,1,1,1,1,0,1,0,2,8,8,6,8.9,5,2,0,Yes
S09665,1,1,1,1,0,1,1,0,1,1,3,10,4,3,9.28,1,1,8,Yes
S09666,0,1,0,1,0,1,0,0,1,0,6,6,6,9,7.42,2,0,2,No
S09667,1,1,0,1,1,0,1,1,1,0,6,3,7,4,8.21,2,3,6,Yes
S09668,1,0,1,1,1,1,0,1,1,1,8,5,10,5,8.31,1,1,8,Yes
S09669,0,0,0,1,1,0,1,0,0,1,5,9,1,9,9.87,7,3,5,Yes
S09670,0,1,0,1,0,1,0,0,0,1,2,8,6,10,9.54,3,1,0,Yes
S09671,1,0,1,0,0,1,1,0,0,0,4,3,4,5,5.65,4,2,8,No
S09672,0,0,1,1,0,1,1,0,0,0,4,2,2,10,8.06,4,1,8,No
S09673,1,1,0,0,1,1,1,1,0,0,7,6,6,8,7.6,6,0,8,Yes
S09674,1,0,1,0,1,0,0,1,1,0,8,10,6,7,8.11,8,0,3,Yes
S09675,1,1,1,0,1,1,0,1,0,0,9,1,4,8,5.6,5,3,4,Yes
S09676,0,1,0,1,0,1,0,1,1,0,4,7,7,2,9.03,3,1,1,No
S09677,0,1,0,0,0,0,0,1,0,1,2,4,8,5,9.98,1,0,0,No
S09678,1,1,0,0,1,0,0,0,0,0,8,8,2,6,5.59,2,0,8,No
S09679,1,0,0,1,1,1,1,1,0,0,6,8,5,2,5.25,2,0,5,No
S09680,1,1,0,0,0,1,1,0,0,0,6,10,4,10,9.18,5,2,4,Yes
S09681,1,1,0,1,1,1,1,1,0,0,1,7,9,7,9.18,3,2,8,Yes
S09682,1,1,0,1,1,1,1,0,0,0,6,7,9,8,8.76,1,3,0,Yes
S09683,1,1,0,1,1,0,0,1,0,1,1,8,7,5,9.63,1,1,1,Yes
S09684,0,1,0,1,0,0,0,0,0,0,9,4,2,1,6.49,6,2,3,No
S09685,0,1,0,0,1,1,1,1,0,0,7,8,7,10,6.7,3,3,8,Yes
S09686,1,1,1,1,1,0,1,0,1,0,2,8,3,8,8.49,6,1,1,Yes
S09687,1,0,1,0,1,1,1,0,0,0,1,10,4,8,5.68,5,0,1,No
S09688,1,0,0,1,1,0,1,0,0,1,6,4,10,10,6.02,5,2,6,Yes
S09689,1,1,0,1,1,0,1,1,1,0,8,1,7,10,5.83,0,2,7,No
S09690,0,0,1,0,0,1,0,0,0,0,8,1,4,6,7.11,4,1,2,No
S09691,0,0,1,1,1,1,1,0,1,0,8,5,4,2,6.8,4,1,7,No
S09692,1,1,0,0,0,0,0,1,0,0,9,9,8,10,6.51,4,2,1,Yes
S09693,1,0,0,0,1,1,1,0,0,0,6,8,6,10,9.65,3,2,8,Yes
S09694,0,0,0,1,0,1,0,0,1,0,3,3,4,1,7.78,0,2,8,No
S09695,1,1,1,1,0,1,1,0,0,1,7,9,5,3,8.74,0,3,2,Yes
S09696,0,1,1,1,0,0,1,0,0,1,9,5,2,9,5.25,7,1,3,No
S09697,1,0,1,0,1,0,0,0,0,0,10,2,3,1,9.46,8,1,3,Yes
S09698,0,1,1,0,0,0,0,1,0,0,8,10,4,7,7.54,4,0,7,Yes
S09699,1,0,1,1,0,1,1,0,1,1,9,8,3,5,8.38,0,0,0,No
S09700,0,1,0,1,0,1,1,0,1,1,10,4,1,9,7.96,7,2,3,Yes
S09701,0,1,1,1,0,1,1,1,0,0,10,6,1,3,5.86,3,1,8,No
S09702,1,1,0,1,1,0,0,0,0,0,1,4,7,8,6.98,4,3,4,Yes
S09703,0,1,0,0,1,0,1,0,1,0,5,8,1,4,6.01,2,1,8,No
S09704,0,0,0,1,1,1,1,0,0,1,9,3,8,10,9.86,6,3,6,Yes
S09705,1,1,1,1,0,0,1,1,0,0,2,7,9,3,8.17,1,0,7,Yes
S09706,1,0,1,0,1,0,1,0,0,0,3,4,10,3,8.32,5,0,2,No
S09707,1,1,1,0,1,0,1,0,1,0,5,10,2,5,5.7,3,3,8,Yes
S09708,1,0,0,1,1,1,1,0,0,1,2,4,5,10,9.35,2,2,7,Yes
S09709,1,0,0,1,1,0,1,0,0,0,2,1,10,5,6.53,0,3,0,No
S09710,0,1,0,0,1,1,0,0,0,0,4,1,3,8,9.23,2,3,0,No
S09711,1,0,0,0,0,0,0,1,1,1,1,6,7,9,9.38,8,2,3,Yes
S09712,0,1,0,1,1,0,0,1,1,0,9,7,9,6,7.23,0,0,4,Yes
S09713,1,0,0,1,0,0,0,0,0,0,10,1,6,3,6.53,5,1,3,No
S09714,1,1,1,0,1,1,1,0,0,0,2,5,2,3,6.27,6,2,0,No
S09715,1,0,1,1,1,1,1,1,0,0,10,7,7,5,9.76,4,0,1,Yes
S09716,1,0,0,1,1,0,1,1,0,1,8,4,1,9,7.58,3,2,3,No
S09717,1,1,1,0,1,0,0,0,1,0,9,1,4,9,7.25,5,1,7,Yes
S09718,1,1,0,0,0,1,0,0,1,0,4,2,5,3,7.16,5,3,5,Yes
S09719,1,1,0,0,0,1,1,0,0,0,1,8,5,1,7.99,8,3,3,Yes
S09720,0,1,1,0,0,1,0,1,0,0,10,8,3,10,8.69,8,3,2,Yes
S09721,0,1,1,0,0,0,1,0,0,1,10,1,8,1,5.25,0,1,4,No
S09722,1,1,0,1,0,0,1,1,0,0,8,7,7,4,7.45,4,0,1,No
S09723,0,1,1,0,1,0,0,0,0,1,2,8,3,8,6.31,2,1,3,No
S09724,0,1,1,0,0,0,1,1,1,0,2,3,8,6,6.44,1,0,5,No
S09725,1,0,0,1,1,0,1,0,1,0,5,7,9,4,5.64,8,0,8,Yes
S09726,0,0,1,0,0,1,1,0,1,0,6,10,3,7,7.09,6,3,0,Yes
S09727,0,0,0,0,0,0,0,1,0,0,9,6,10,6,5.52,2,3,7,No
S09728,1,1,1,1,1,1,1,0,0,0,9,7,4,6,9.44,8,3,1,Yes
S09729,1,1,1,0,1,0,0,0,1,1,3,2,6,3,9.01,7,2,1,Yes
S09730,1,1,1,1,0,0,0,0,0,0,1,7,3,2,5.41,5,2,3,No
S09731,1,0,0,1,0,0,1,0,0,0,3,7,6,1,9.45,6,0,1,No
S09732,0,1,0,1,0,1,0,1,0,0,2,2,5,5,7.91,4,3,7,No
S09733,1,1,1,1,1,0,1,1,0,0,9,7,2,3,9.39,6,1,4,Yes
S09734,0,1,0,0,0,0,0,1,0,0,4,8,9,5,9.31,0,0,1,No
S09735,0,0,1,1,0,0,1,1,0,1,9,7,4,10,7.64,6,3,7,Yes
S09736,0,1,0,0,1,1,1,1,1,0,10,10,9,10,7.6,2,0,2,Yes
S09737,0,1,0,0,1,0,1,0,0,1,6,8,1,1,5.12,3,0,2,No
S09738,1,1,0,1,1,1,0,0,0,0,6,3,7,7,8.92,6,0,6,Yes
S09739,1,0,1,1,1,1,1,1,0,0,8,2,6,10,9.64,8,2,7,Yes
S09740,0,1,0,1,0,1,0,0,0,0,8,3,2,10,8.08,6,2,5,Yes
S09741,1,0,0,0,1,1,1,1,0,1,5,10,10,4,6.07,2,3,2,Yes
S09742,1,0,0,1,1,1,1,1,1,1,6,7,4,3,7.96,3,2,5,No
S09743,0,0,0,1,0,0,1,0,0,0,8,5,7,7,6.24,5,3,6,Yes
S09744,0,1,0,1,1,0,0,1,0,0,10,5,8,3,7.22,7,3,0,Yes
S09745,1,0,0,0,0,0,0,0,0,0,4,4,10,4,7.93,8,2,6,Yes
S09746,0,0,0,1,0,0,0,1,0,0,10,8,10,4,7.78,6,0,5,Yes
S09747,0,1,0,0,0,1,1,0,0,0,7,1,10,10,9.15,0,1,2,No
S09748,1,1,1,1,1,1,0,0,0,0,6,6,6,5,5.85,7,2,4,Yes
S09749,1,0,0,1,0,1,1,0,0,0,7,1,8,7,7.43,1,2,4,No
S09750,0,1,0,1,0,0,0,0,0,0,2,4,5,10,8.61,0,3,3,No
S09751,1,0,0,0,1,0,0,0,1,1,5,10,5,5,9.18,0,1,1,No
S09752,1,1,0,0,1,1,0,0,1,0,1,6,7,10,7.3,7,0,4,No
S09753,1,0,1,1,0,1,1,0,0,1,10,3,6,6,5.92,2,2,4,Yes
S09754,0,1,1,0,1,0,1,0,0,0,8,1,4,8,8.56,7,3,0,Yes
S09755,1,0,0,1,1,1,1,1,1,0,10,2,4,3,5.49,3,3,4,Yes
S09756,1,1,1,1,1,0,1,0,1,1,4,3,1,4,6.0,4,1,3,No
S09757,1,0,1,1,1,0,1,0,0,0,6,3,1,1,7.97,4,1,8,No
S09758,0,1,1,1,1,1,1,0,0,0,8,8,3,6,6.07,5,3,8,Yes
S09759,1,1,1,1,0,1,0,0,1,1,9,2,8,7,6.54,4,3,3,Yes
S09760,0,1,0,0,0,1,1,0,1,0,10,7,7,3,8.31,4,2,5,Yes
S09761,0,0,1,1,1,1,1,0,1,0,10,4,6,3,5.7,2,2,1,No
S09762,1,1,1,0,1,1,1,1,0,1,8,5,7,3,9.7,8,0,7,Yes
S09763,0,0,0,1,0,0,1,1,0,0,3,3,9,4,7.89,4,0,8,No
S09764,0,0,0,1,1,0,1,0,0,1,9,10,5,6,9.11,2,2,5,Yes
S09765,0,0,1,1,0,0,1,1,0,0,9,10,1,4,7.36,8,1,5,Yes
S09766,1,0,0,0,1,0,1,1,0,0,8,6,6,3,8.83,8,0,7,Yes
S09767,0,1,1,1,0,0,1,0,1,0,6,4,2,5,5.14,6,1,6,No
S09768,0,0,0,0,1,1,0,1,1,0,2,9,6,10,5.16,2,0,0,No
S09769,0,0,0,1,1,1,1,0,0,1,2,10,3,2,5.49,5,2,8,No
S09770,1,1,1,1,1,0,1,1,0,0,2,6,10,8,6.16,8,0,2,Yes
S09771,0,1,1,0,1,1,1,0,1,0,1,2,3,3,9.57,0,2,8,Yes
S09772,1,1,0,0,0,1,1,1,1,0,6,2,3,2,6.39,3,0,1,No
S09773,1,1,1,0,0,0,0,0,1,0,8,10,2,5,5.13,1,2,0,No
S09774,1,1,0,0,1,1,1,0,0,0,3,9,8,9,5.32,0,3,1,Yes
S09775,0,1,1,0,1,0,0,1,0,0,4,6,5,5,7.57,0,3,4,No
S09776,1,0,0,1,0,0,0,0,0,1,5,3,6,8,8.89,5,0,8,No
S09777,1,1,1,1,1,1,1,1,1,0,8,3,2,10,5.27,0,0,7,No
S09778,0,0,0,0,1,1,1,0,1,1,10,3,3,7,8.74,2,2,0,No
S09779,1,1,1,0,1,0,0,0,1,1,1,3,7,8,5.8,6,3,2,Yes
S09780,0,1,1,0,0,1,0,0,0,1,3,9,5,10,8.58,8,0,8,Yes
S09781,1,1,0,1,1,0,1,0,0,0,1,5,6,3,7.59,1,1,5,No
S09782,1,0,1,0,1,0,1,0,0,0,1,5,5,6,5.06,1,1,0,No
S09783,0,1,1,1,1,1,1,0,0,1,9,1,1,10,5.43,7,3,3,Yes
S09784,0,1,0,0,0,0,0,0,0,0,5,9,1,6,6.1,5,2,8,No
S09785,1,1,0,0,0,1,1,1,1,0,9,3,10,9,9.66,0,0,2,Yes
S09786,0,1,1,1,0,0,1,1,1,0,4,3,10,2,6.92,6,0,1,No
S09787,1,1,1,1,0,1,0,1,0,0,7,3,7,6,8.31,7,0,8,Yes
S09788,1,0,1,0,0,0,1,1,1,1,9,1,3,9,5.83,4,2,7,No
S09789,1,0,0,1,0,1,0,0,1,0,1,3,3,8,9.52,8,1,3,Yes
S09790,1,1,1,0,0,0,0,0,0,0,3,1,1,1,9.37,6,3,0,No
S09791,1,0,1,0,1,1,1,0,1,0,8,1,8,7,7.14,7,3,3,Yes
S09792,1,1,1,1,1,1,1,1,0,0,6,9,1,3,8.51,4,2,8,Yes
S09793,1,0,1,1,0,1,0,1,1,0,10,9,5,5,8.9,0,2,4,Yes
S09794,1,1,0,1,1,1,0,1,0,0,6,1,5,4,5.96,4,3,8,No
S09795,1,0,0,1,0,1,0,0,0,1,1,10,10,4,9.18,2,3,5,Yes
S09796,0,0,0,0,1,1,1,0,0,1,8,4,3,5,8.43,5,1,4,Yes
S09797,0,0,0,0,1,0,1,0,0,0,5,9,2,9,9.33,1,0,6,No
S09798,0,1,1,1,1,1,1,0,0,0,1,6,10,10,5.28,2,2,5,Yes
S09799,1,0,1,1,0,1,1,0,0,0,2,4,2,3,9.93,8,2,1,Yes
S09800,0,0,0,1,0,0,1,1,0,0,3,10,10,6,8.87,5,3,2,Yes
S09801,0,0,1,0,1,1,0,0,1,1,7,6,9,10,7.83,2,3,5,Yes
S09802,1,1,0,0,1,0,0,1,0,0,9,3,2,2,9.12,1,2,1,No
S09803,1,1,0,1,0,1,0,0,1,1,9,1,7,1,6.68,3,0,5,No
S09804,0,1,0,0,0,1,1,0,0,0,10,7,7,8,9.23,7,3,4,Yes
S09805,0,1,1,0,0,1,1,1,0,0,9,4,3,1,9.99,3,2,8,Yes
S09806,0,0,1,0,0,0,0,0,0,1,8,6,1,5,7.55,3,2,6,No
S09807,0,0,0,1,0,1,1,0,0,0,3,4,2,8,7.19,5,2,0,No
S09808,0,1,1,0,0,0,1,1,1,0,9,4,7,5,6.98,7,0,1,No
S09809,0,0,0,0,1,0,0,0,1,1,10,2,3,7,5.51,2,2,3,No
S09810,1,1,1,1,1,1,0,0,0,0,7,10,2,8,9.56,1,0,0,Yes
S09811,1,1,1,0,1,1,1,0,0,1,10,9,4,4,9.87,2,2,4,Yes
S09812,0,1,1,0,0,1,0,1,1,0,9,3,9,9,8.79,3,2,7,Yes
S09813,1,0,0,1,1,0,0,0,0,0,9,8,2,8,7.34,6,2,7,Yes
S09814,0,0,0,1,1,0,1,0,1,0,9,10,3,1,9.19,1,3,8,Yes
S09815,0,1,0,1,0,1,0,0,0,1,2,8,7,10,5.91,6,3,1,Yes
S09816,0,0,1,0,1,0,0,0,0,0,9,8,3,5,6.18,3,2,1,No
S09817,0,1,0,1,1,1,0,0,0,1,8,6,6,9,8.63,4,2,0,Yes
S09818,1,1,0,1,0,1,1,1,0,0,10,9,6,7,9.83,1,3,6,Yes
S09819,1,1,0,1,0,1,1,0,1,0,1,8,6,6,7.37,0,0,7,No
S09820,1,1,0,1,0,1,0,1,1,0,1,1,6,8,8.95,4,0,0,No
S09821,0,0,0,0,1,0,1,0,1,1,5,10,8,2,7.49,3,2,1,No
S09822,0,0,0,1,1,0,1,1,1,0,3,10,6,8,9.1,1,3,6,Yes
S09823,0,1,1,0,0,0,1,0,1,1,6,8,10,2,5.69,2,3,7,No
S09824,1,1,0,0,1,1,1,0,0,1,8,8,7,1,7.48,6,2,8,Yes
S09825,1,1,1,0,0,0,1,0,0,0,5,10,10,6,9.68,5,3,8,Yes
S09826,0,1,1,0,0,0,1,1,1,1,7,8,4,9,7.99,7,2,1,Yes
S09827,1,1,0,1,1,1,0,0,1,0,9,2,4,3,9.89,3,3,5,Yes
S09828,1,1,0,0,1,1,1,0,1,0,9,1,5,6,5.79,8,2,6,Yes
S09829,0,0,1,1,0,0,1,0,0,0,1,6,9,6,7.24,5,1,8,Yes
S09830,0,1,1,0,0,1,0,0,1,0,3,6,1,2,6.03,8,3,4,No
S09831,1,1,0,0,0,0,0,0,1,0,4,7,3,9,6.12,5,1,2,No
S09832,0,0,0,0,0,0,0,0,0,1,5,8,10,9,8.31,5,3,8,Yes
S09833,1,1,1,1,0,0,0,0,0,0,7,6,3,5,7.63,2,0,6,No
S09834,0,1,1,1,0,1,1,0,0,1,2,10,8,5,8.18,5,2,3,Yes
S09835,1,1,1,0,1,0,1,0,0,0,8,10,4,1,9.32,3,0,3,Yes
S09836,1,1,0,1,0,1,1,0,0,0,10,1,9,8,5.36,3,3,4,Yes
S09837,0,1,0,0,1,1,0,0,1,0,4,8,6,4,9.44,2,1,8,Yes
S09838,1,1,1,0,0,1,0,1,0,0,8,3,4,8,8.93,6,3,5,Yes
S09839,0,0,0,0,0,0,0,0,0,0,4,3,5,7,5.05,2,0,6,No
S09840,0,0,0,1,1,1,1,0,0,0,7,9,8,9,9.78,8,0,0,Yes
S09841,0,0,1,1,0,1,1,0,0,1,9,5,6,4,9.35,3,1,5,Yes
S09842,0,1,1,1,1,1,1,1,0,1,5,7,2,3,6.96,4,3,4,Yes
S09843,1,1,1,0,0,1,1,1,1,0,7,4,7,9,8.45,6,2,6,Yes
S09844,0,1,0,1,0,1,1,0,0,0,10,2,4,8,6.16,7,3,5,Yes
S09845,1,1,1,0,1,0,1,1,0,1,2,4,10,1,5.87,8,3,8,Yes
S09846,1,1,0,1,0,0,1,0,0,0,6,10,3,1,5.62,8,2,2,No
S09847,0,1,0,1,1,1,0,1,0,0,2,6,10,5,8.16,2,3,4,Yes
S09848,1,1,1,0,1,1,1,1,0,0,4,5,10,3,6.82,5,3,1,Yes
S09849,0,1,1,1,1,1,0,0,0,1,3,10,2,2,8.69,6,1,1,No
S09850,1,1,1,1,1,1,1,0,0,0,1,6,6,9,7.91,3,1,3,Yes
S09851,0,1,1,1,1,1,1,0,1,1,4,8,9,10,6.2,2,2,1,Yes
S09852,0,1,0,1,0,1,0,1,1,0,7,10,9,6,8.92,6,0,4,Yes
S09853,1,1,0,1,1,1,1,0,1,0,3,5,9,7,5.3,4,3,7,Yes
S09854,0,1,1,1,0,0,1,0,0,0,6,10,6,3,8.32,3,2,3,Yes
S09855,0,1,0,1,0,0,1,1,0,1,1,6,8,10,5.29,4,3,6,Yes
S09856,1,1,1,0,1,1,1,1,0,1,3,6,4,2,8.11,2,0,2,No
S09857,1,1,0,1,0,1,1,0,0,0,1,8,4,7,8.24,1,0,8,Yes
S09858,0,1,0,1,0,1,0,0,0,0,10,10,9,7,8.08,4,0,2,Yes
S09859,1,0,0,1,0,0,1,0,1,1,1,8,7,8,7.88,4,1,6,Yes
S09860,1,1,0,0,1,0,0,0,0,0,7,6,6,10,5.46,3,1,7,No
S09861,0,1,0,1,0,1,1,0,1,1,7,10,7,4,6.2,0,3,1,Yes
S09862,1,1,0,0,1,1,1,1,1,0,9,6,4,8,9.06,6,0,8,Yes
S09863,0,1,0,1,1,0,0,0,0,0,6,7,5,10,8.34,3,2,6,Yes
S09864,0,1,1,0,0,1,1,0,1,0,3,10,1,7,9.45,3,3,6,Yes
S09865,0,0,0,1,1,0,1,0,1,0,7,10,3,6,6.02,2,3,1,No
S09866,1,0,1,0,1,1,1,0,0,0,5,8,9,3,6.83,4,3,3,Yes
S09867,1,1,0,0,1,1,1,0,0,0,1,9,10,4,6.62,4,2,4,Yes
S09868,1,1,1,1,0,0,0,0,1,1,7,2,8,8,8.57,5,3,1,Yes
S09869,0,1,1,1,1,0,1,0,1,0,5,9,1,9,5.84,1,2,7,Yes
S09870,1,1,1,1,0,1,0,0,0,0,1,7,2,3,8.33,7,2,8,Yes
S09871,1,0,0,1,1,0,1,0,0,0,1,2,10,7,6.37,7,0,7,Yes
S09872,1,1,1,0,0,1,1,0,0,0,7,10,8,2,8.25,8,1,8,Yes
S09873,1,1,0,1,0,0,1,0,0,1,4,7,7,10,6.07,2,3,7,Yes
S09874,1,1,1,0,0,1,0,0,0,0,10,6,8,10,9.21,2,0,3,Yes
S09875,0,1,0,1,0,1,1,1,0,1,7,6,5,1,7.58,0,0,3,No
S09876,1,0,0,1,0,1,1,0,0,1,6,7,10,9,6.27,6,3,2,Yes
S09877,1,0,1,1,1,0,1,0,0,1,2,1,7,6,8.71,7,0,1,No
S09878,1,0,0,1,1,0,1,0,0,0,9,1,4,4,5.74,1,2,0,No
S09879,0,1,1,1,1,1,1,0,0,1,9,3,10,2,6.24,1,3,2,Yes
S09880,0,1,0,0,0,0,0,0,0,1,8,5,2,2,9.8,1,1,4,No
S09881,1,0,1,0,0,1,1,0,0,0,8,6,7,5,9.63,7,3,4,Yes
S09882,0,0,0,1,1,1,1,1,0,0,4,1,4,3,9.17,4,2,3,No
S09883,1,1,0,1,0,0,1,0,0,0,1,3,3,8,7.74,6,3,5,No
S09884,0,0,0,1,1,0,0,0,1,0,10,5,10,9,7.95,3,0,4,Yes
S09885,1,1,0,0,0,1,0,0,0,0,2,7,8,6,6.85,6,3,0,No
S09886,0,1,0,0,1,1,1,0,0,0,2,9,7,1,5.63,2,1,1,No
S09887,0,1,0,0,0,1,0,0,0,0,8,4,1,5,8.97,5,2,0,No
S09888,0,1,0,1,1,0,0,0,0,1,6,4,9,10,6.12,4,2,7,Yes
S09889,1,0,0,1,1,1,0,0,0,1,1,8,3,5,5.05,3,2,2,No
S09890,1,1,0,1,1,0,0,1,0,1,6,1,9,8,9.18,3,2,5,Yes
S09891,0,0,0,0,1,0,1,1,0,0,1,2,1,8,6.43,8,2,5,No
S09892,1,1,1,0,1,1,1,0,0,1,6,2,6,1,8.08,8,0,0,No
S09893,0,1,0,1,1,0,0,0,0,1,2,5,2,6,7.57,5,1,4,No
S09894,0,0,1,1,1,0,0,1,1,0,10,6,5,7,8.68,0,2,5,No
S09895,0,1,0,1,0,1,1,0,0,1,8,9,5,5,6.67,0,1,1,No
S09896,1,0,1,0,0,0,0,1,1,1,9,4,1,6,6.06,4,0,5,No
S09897,0,1,0,1,1,0,1,0,0,0,6,9,4,3,7.56,2,0,4,No
S09898,0,1,1,1,0,0,0,0,0,1,4,5,10,6,5.43,6,1,4,Yes
S09899,0,1,0,0,1,0,1,0,0,1,10,8,1,3,8.44,3,2,1,No
S09900,1,0,1,1,0,0,1,1,0,1,8,3,6,9,8.48,1,0,0,No
S09901,1,1,1,0,1,0,0,0,0,0,4,9,9,5,8.08,6,0,4,No
S09902,1,1,1,1,0,0,1,0,0,1,6,10,4,2,9.3,4,3,0,Yes
S09903,1,0,1,1,0,1,1,0,0,0,6,7,9,9,7.23,1,3,6,Yes
S09904,0,1,1,1,1,1,0,1,0,0,3,4,9,2,9.09,7,1,1,No
S09905,0,0,0,0,0,0,0,0,0,0,8,6,7,2,7.93,6,0,4,No
S09906,1,1,1,1,0,1,1,0,0,1,3,10,3,8,7.85,7,1,6,Yes
S09907,0,1,0,1,0,1,1,0,1,0,10,8,1,1,6.75,4,2,4,No
S09908,1,1,1,1,0,1,0,0,1,0,7,1,6,10,7.68,0,2,7,Yes
S09909,1,1,0,1,1,1,1,0,1,0,3,4,10,8,7.68,1,3,7,Yes
S09910,1,1,0,1,1,0,1,0,0,0,5,10,4,6,9.78,1,3,7,Yes
S09911,1,1,0,0,1,0,0,1,1,0,2,10,4,5,6.43,4,2,2,No
S09912,0,1,0,0,1,0,0,0,0,1,3,6,5,4,8.05,5,3,6,Yes
S09913,1,0,1,0,1,1,1,0,0,1,3,1,9,10,9.53,3,0,6,Yes
S09914,0,1,0,1,0,0,1,0,0,0,8,6,2,4,8.91,7,1,2,No
S09915,1,1,1,1,1,0,0,1,0,1,9,10,8,3,9.71,6,0,7,Yes
S09916,0,1,0,1,0,0,1,1,0,0,7,7,3,3,9.96,0,2,2,No
S09917,1,0,1,0,0,1,0,0,1,1,7,7,2,6,5.72,6,2,6,No
S09918,1,1,1,1,0,1,1,0,0,0,9,6,3,6,7.77,0,3,5,Yes
S09919,1,1,0,1,0,0,1,0,0,1,3,7,5,3,8.76,5,0,1,No
S09920,1,1,1,0,0,0,1,0,0,0,8,3,7,4,6.37,5,3,0,No
S09921,1,1,0,1,0,0,1,0,1,1,10,6,6,3,5.61,4,2,5,No
S09922,0,1,0,1,1,1,0,0,0,0,3,9,8,3,8.65,4,1,4,Yes
S09923,0,0,0,1,0,0,0,0,0,0,4,8,1,4,8.36,1,3,5,No
S09924,0,0,1,1,0,0,1,0,0,1,9,4,10,3,9.57,0,1,7,Yes
S09925,1,0,0,1,1,1,1,0,0,1,1,10,2,8,6.28,8,3,6,Yes
S09926,1,1,0,1,0,0,1,0,0,0,4,8,3,3,9.99,7,2,0,Yes
S09927,1,1,0,1,1,1,0,1,0,1,10,3,6,9,8.45,3,3,1,Yes
S09928,0,0,0,0,0,1,1,0,1,1,6,6,6,7,9.16,5,3,2,Yes
S09929,0,1,1,0,0,1,1,1,1,1,3,4,3,2,9.73,0,3,4,Yes
S09930,0,0,0,0,1,0,0,1,1,0,2,10,4,2,8.66,1,2,7,No
S09931,0,1,0,1,0,1,0,0,0,0,7,10,6,7,7.19,1,1,7,Yes
S09932,1,0,0,1,1,1,0,0,0,1,9,8,5,1,7.53,2,3,6,Yes
S09933,1,0,0,1,0,0,0,0,0,0,7,3,3,1,7.08,0,3,2,No
S09934,1,0,1,0,1,1,1,0,0,0,7,2,9,1,8.43,1,1,7,Yes
S09935,1,1,1,1,1,0,1,0,0,1,6,4,10,5,6.85,3,1,6,Yes
S09936,1,1,1,1,1,0,0,0,0,1,2,6,2,9,6.0,0,0,2,No
S09937,1,0,0,1,0,1,0,0,0,0,9,6,1,1,6.96,0,3,6,No
S09938,0,0,1,1,1,0,0,1,1,0,9,5,10,5,9.55,4,3,8,Yes
S09939,0,1,1,1,1,1,1,1,0,0,3,6,3,10,5.38,5,0,8,Yes
S09940,0,1,1,0,1,1,1,0,0,1,4,9,3,7,8.66,8,2,7,Yes
S09941,0,0,1,0,0,0,1,1,0,0,1,5,1,1,7.64,0,2,5,No
S09942,1,1,0,1,0,0,0,0,0,0,1,9,7,9,5.03,4,0,7,No
S09943,1,0,0,1,1,1,1,0,1,1,5,1,9,1,5.46,8,1,7,Yes
S09944,0,0,1,1,0,1,1,0,0,0,8,5,1,8,7.27,0,2,8,No
S09945,1,0,0,1,0,1,0,0,0,0,9,3,8,5,6.81,3,2,8,Yes
S09946,1,1,0,1,1,1,1,0,0,0,3,8,3,6,8.59,7,1,6,Yes
S09947,1,1,0,0,1,0,1,1,0,0,6,5,5,5,8.04,5,2,4,Yes
S09948,1,1,0,0,1,1,1,0,0,0,7,5,3,3,9.5,5,0,3,No
S09949,1,0,0,1,0,1,0,0,0,0,8,6,1,6,6.14,2,1,5,No
S09950,1,1,1,1,1,1,1,0,1,0,6,9,9,3,6.68,1,3,6,Yes
S09951,1,1,0,0,0,0,0,1,1,0,4,5,8,5,8.18,7,0,7,Yes
S09952,0,1,1,0,1,0,1,0,1,0,9,9,9,6,9.74,0,0,1,Yes
S09953,1,1,0,0,0,1,1,0,0,0,6,1,8,4,8.52,4,1,4,No
S09954,1,0,0,1,0,1,1,1,1,0,1,2,7,4,8.2,7,3,3,Yes
S09955,1,0,0,1,1,1,1,1,1,0,7,7,7,7,6.36,8,3,6,Yes
S09956,1,0,1,1,1,0,0,1,1,0,4,6,9,6,5.5,3,1,0,No
S09957,0,1,0,0,0,1,1,0,1,1,6,9,4,10,5.11,1,0,5,No
S09958,0,0,1,1,1,1,1,0,1,0,8,4,4,8,8.65,7,0,3,Yes
S09959,0,1,1,0,1,1,1,0,1,1,8,2,8,2,8.37,8,0,5,Yes
S09960,1,1,0,1,0,1,1,0,0,0,8,2,5,4,6.89,4,1,1,No
S09961,0,1,0,1,1,0,1,1,0,0,5,8,6,2,8.25,0,3,5,Yes
S09962,0,1,0,1,0,1,0,0,1,0,9,4,5,4,7.35,4,0,5,No
S09963,1,1,0,1,1,0,1,0,0,0,4,3,1,8,7.73,1,2,5,No
S09964,1,1,1,1,0,1,1,0,0,1,4,8,2,10,6.19,6,3,6,Yes
S09965,1,1,1,0,1,0,1,0,1,0,4,2,9,6,5.26,8,3,1,Yes
S09966,0,1,0,1,0,0,1,0,1,1,1,1,3,2,6.91,6,1,5,No
S09967,0,1,1,0,1,1,0,0,0,0,3,5,5,10,9.33,7,1,3,Yes
S09968,1,0,0,0,1,1,1,0,0,0,7,6,8,3,6.96,6,3,8,Yes
S09969,0,1,0,0,1,0,0,1,0,1,2,6,9,10,9.4,4,0,7,Yes
S09970,1,1,1,1,0,0,1,0,0,1,10,7,7,6,6.14,3,1,4,Yes
S09971,1,1,0,1,1,0,1,0,1,1,7,7,10,10,5.06,3,3,2,Yes
S09972,0,0,1,1,0,1,0,0,0,0,2,8,8,10,7.26,6,1,6,Yes
S09973,0,1,0,1,0,0,0,1,1,0,10,6,4,3,5.32,0,2,8,No
S09974,1,0,0,1,1,0,0,1,0,0,8,8,2,3,9.61,7,2,8,Yes
S09975,1,1,0,0,0,0,0,1,0,0,5,5,9,5,9.3,1,3,5,Yes
S09976,1,1,0,0,1,1,1,0,0,0,8,6,5,7,5.72,1,2,0,No
S09977,1,1,1,0,0,1,0,0,0,0,3,6,2,7,5.82,1,1,2,No
S09978,0,0,1,0,1,1,1,0,1,0,6,4,1,2,6.83,7,3,6,Yes
S09979,0,1,1,1,1,0,0,0,1,1,9,6,5,1,8.09,3,1,8,Yes
S09980,0,1,1,0,1,0,1,0,0,0,5,3,6,5,5.21,7,0,6,No
S09981,1,1,0,1,0,0,1,0,0,0,5,5,5,5,5.38,7,0,5,No
S09982,0,1,0,0,0,1,1,0,0,1,2,5,1,9,7.56,7,2,2,No
S09983,1,0,1,1,0,1,0,0,0,1,2,5,9,3,5.93,8,2,7,Yes
S09984,0,0,1,0,1,0,1,0,0,0,2,3,1,6,6.69,7,3,4,No
S09985,0,1,1,1,0,0,1,0,1,1,2,10,7,8,6.34,5,3,2,Yes
S09986,0,1,0,0,0,1,1,1,0,0,8,9,8,8,6.62,6,0,7,Yes
S09987,1,1,1,1,1,1,1,1,1,0,3,7,6,7,8.66,0,0,7,Yes
S09988,1,1,0,1,1,0,1,1,0,1,8,2,1,5,5.35,4,2,3,No
S09989,1,1,0,1,0,1,0,1,0,0,6,4,1,1,9.89,4,3,5,Yes
S09990,0,1,1,0,1,0,0,1,0,0,2,4,1,5,7.7,4,1,7,No
S09991,1,1,0,1,0,0,1,0,0,0,5,5,5,6,9.61,2,3,0,No
S09992,1,0,0,1,1,0,1,0,1,0,8,10,4,10,9.81,2,1,1,Yes
S09993,1,1,1,1,0,1,1,1,1,1,1,9,2,7,7.93,0,2,8,Yes
S09994,0,1,0,0,0,0,0,0,0,0,3,8,5,9,9.32,3,3,1,No
S09995,1,1,0,1,1,0,1,0,0,0,5,10,7,1,9.33,3,0,1,Yes
S09996,0,0,1,1,1,0,1,0,1,0,4,10,7,6,9.86,6,3,3,Yes
S09997,0,0,0,0,0,1,1,0,0,0,5,1,4,10,5.33,0,1,7,No
S09998,0,1,1,0,0,0,1,0,0,0,2,8,9,9,8.4,1,1,6,Yes
S09999,1,1,0,1,0,1,1,0,1,1,7,10,1,3,9.11,1,0,1,No
S10000,1,1,1,1,1,1,1,0,0,0,8,1,8,3,7.7,5,3,2,Yes
S10001,1,1,1,1,1,1,1,0,1,0,3,1,10,8,6.04,1,1,3,Yes
S10002,1,1,0,0,1,1,1,0,0,1,4,8,3,1,5.93,2,1,2,No
S10003,1,0,0,1,0,1,0,1,0,0,1,8,5,1,7.78,8,3,1,No
S10004,0,1,1,1,0,0,1,1,1,0,5,2,10,6,8.11,4,3,6,Yes
S10005,1,1,0,1,0,1,1,1,0,0,2,7,7,1,7.72,7,2,4,Yes
S10006,0,0,1,0,1,0,1,1,0,1,3,6,8,10,8.0,7,3,7,Yes
S10007,1,0,0,0,0,1,0,1,0,1,10,9,4,8,5.83,2,3,4,Yes
S10008,0,1,1,0,1,1,1,0,1,0,8,10,9,4,7.13,3,3,3,Yes
S10009,0,0,0,0,0,1,1,0,1,0,10,9,3,8,8.27,4,0,1,No
S10010,0,1,0,0,0,1,1,0,0,1,2,6,10,9,9.14,0,3,2,Yes
S10011,0,1,1,1,0,0,1,0,1,0,3,8,3,6,6.41,4,3,7,No
S10012,0,0,0,0,0,1,0,0,0,0,1,8,5,1,9.0,6,2,1,No
S10013,0,0,1,1,0,1,1,1,1,1,5,9,5,9,8.97,0,2,1,Yes
S10014,1,0,1,1,0,1,0,0,1,0,7,5,1,8,5.73,6,2,3,No
S10015,1,1,0,0,1,1,0,1,1,1,5,6,4,6,8.29,3,1,3,Yes
S10016,1,0,1,1,1,0,1,0,1,0,6,1,8,10,7.5,1,2,0,Yes
S10017,1,1,0,1,0,0,1,1,0,1,6,6,7,6,8.76,1,0,2,No
S10018,1,1,1,0,0,1,0,0,0,0,2,1,6,4,5.44,5,0,1,No
S10019,1,0,1,1,0,0,0,0,0,0,3,1,6,5,6.67,4,3,8,No
S10020,1,1,0,0,0,1,1,0,0,0,1,8,6,7,7.16,3,0,6,No
S10021,1,0,0,1,1,1,1,0,1,0,7,4,9,1,9.37,0,0,7,Yes
S10022,1,1,1,1,0,0,0,1,0,0,7,4,2,5,8.42,1,3,8,Yes
S10023,0,1,1,1,0,1,1,0,1,0,1,10,4,6,5.51,7,2,5,Yes
S10024,1,0,1,1,0,1,1,0,0,0,7,8,6,8,7.16,7,3,2,Yes
S10025,0,0,0,1,1,0,0,0,0,1,6,8,8,10,8.64,4,2,5,Yes
S10026,1,1,1,1,0,0,1,0,0,0,1,8,4,7,8.74,6,0,3,Yes
S10027,0,1,0,1,0,0,1,0,0,0,2,1,1,10,7.96,7,1,7,No
S10028,0,0,1,1,1,1,1,1,0,1,8,9,4,3,9.95,8,3,0,Yes
S10029,0,1,0,1,0,0,1,1,0,0,10,7,5,7,8.61,1,1,0,No
S10030,0,1,0,1,0,1,1,1,0,0,3,5,5,5,9.59,6,0,8,Yes
S10031,1,1,1,0,0,1,1,1,0,0,9,3,9,10,7.2,0,2,6,Yes
S10032,0,1,0,1,1,1,1,1,0,0,5,3,10,2,7.51,7,3,3,Yes
S10033,0,0,1,0,0,0,0,0,0,1,1,1,4,2,7.52,2,2,8,No
S10034,0,1,1,1,0,0,1,0,1,0,2,7,3,1,8.84,2,3,5,No
S10035,0,0,1,0,0,1,1,0,1,0,7,8,3,3,7.57,6,2,8,Yes
S10036,1,1,0,1,0,1,1,0,0,0,3,9,8,4,6.8,6,2,0,Yes
S10037,0,0,0,0,0,1,0,0,0,0,10,7,4,7,8.12,7,0,2,Yes
S10038,1,1,1,1,0,1,1,0,1,0,3,8,8,5,6.19,5,0,5,Yes
S10039,0,1,0,0,0,1,0,0,1,0,2,6,9,1,9.92,5,1,0,Yes
S10040,1,1,0,0,0,0,0,0,1,0,5,6,9,1,8.47,6,0,8,No
S10041,0,1,1,1,0,0,1,0,0,0,5,9,2,8,7.6,4,2,4,No
S10042,1,1,1,1,0,0,0,0,0,0,8,10,6,6,9.8,4,1,2,Yes
S10043,1,1,0,1,1,0,1,1,1,0,10,2,5,9,9.55,6,3,0,Yes
S10044,0,1,1,1,1,1,1,0,1,0,5,2,5,9,6.35,7,3,0,Yes
S10045,0,1,0,1,0,0,1,1,0,1,8,2,2,4,8.57,0,1,8,No
S10046,0,1,1,1,1,1,0,0,0,1,2,9,7,8,5.2,7,1,7,Yes
S10047,1,1,0,1,0,1,1,0,0,0,3,1,8,10,7.74,3,3,8,Yes
S10048,1,0,0,1,1,0,1,0,0,0,3,8,4,4,5.65,0,1,5,No
S10049,0,1,1,0,0,0,1,0,1,0,9,6,4,3,5.81,2,1,8,No
S10050,0,0,1,1,0,0,1,0,1,0,1,3,9,3,6.3,0,2,4,No
S10051,0,1,0,1,1,0,0,0,1,0,3,9,10,2,8.54,1,1,8,No
S10052,1,0,1,1,1,0,0,0,1,1,2,2,9,6,6.54,8,3,5,Yes
S10053,0,1,0,1,0,0,1,0,1,0,7,7,2,6,5.91,8,3,8,Yes
S10054,1,0,1,1,1,1,0,0,0,0,6,2,3,1,5.5,4,1,0,No
S10055,1,1,1,1,1,0,1,0,0,0,2,6,1,5,6.99,2,1,0,No
S10056,1,0,1,1,0,1,0,1,0,0,2,6,3,5,9.1,4,1,5,No
S10057,1,0,0,1,1,1,1,0,0,0,10,2,3,1,8.31,0,2,5,No
S10058,0,1,0,0,1,0,0,0,0,0,6,2,3,8,8.84,2,1,7,No
S10059,1,1,0,0,0,1,0,1,1,0,3,4,2,8,9.32,6,2,8,Yes
S10060,1,0,0,0,0,1,0,0,0,0,5,7,8,7,5.13,0,2,3,No
S10061,1,1,0,1,1,1,0,0,0,0,5,4,5,2,6.37,3,3,5,No
S10062,1,1,0,1,1,0,1,0,0,0,9,6,6,1,5.94,0,3,0,No
S10063,0,0,1,0,0,0,1,0,0,0,6,10,7,9,5.29,7,3,1,Yes
S10064,1,1,0,0,0,0,1,0,0,0,8,6,8,8,7.66,4,2,3,No
S10065,1,0,1,1,0,1,1,0,1,0,4,8,6,9,5.83,5,2,7,Yes
S10066,0,1,0,0,1,1,0,1,1,1,5,7,10,8,5.3,8,1,0,Yes
S10067,0,1,1,0,1,1,1,0,0,0,6,5,1,8,6.25,8,3,1,Yes
S10068,0,1,1,0,0,0,1,0,0,1,1,9,10,5,9.07,8,2,4,Yes
S10069,1,1,0,1,0,0,1,1,0,0,6,1,10,10,8.9,4,3,4,Yes
S10070,0,0,1,1,0,1,0,0,0,0,5,6,3,8,5.68,2,0,8,No
S10071,0,1,1,1,1,0,0,0,0,1,1,10,10,6,8.35,3,1,2,Yes
S10072,0,1,0,0,1,0,1,0,1,1,5,5,5,6,5.62,0,0,0,No
S10073,0,1,1,0,0,0,0,0,1,0,2,9,3,8,6.52,1,1,1,No
S10074,1,0,0,0,0,0,1,0,0,0,5,5,1,1,8.92,5,3,7,Yes
S10075,0,1,0,0,0,0,1,0,0,1,10,4,7,5,9.34,5,0,2,Yes
S10076,1,1,1,1,0,1,1,1,1,0,5,5,5,1,8.24,5,3,6,Yes
S10077,1,1,0,1,1,0,1,0,0,1,4,6,1,1,7.43,2,2,5,No
S10078,1,1,0,1,0,1,0,0,1,0,7,9,4,5,6.67,7,3,4,Yes
S10079,1,1,1,0,1,0,1,1,0,0,8,10,6,4,8.48,0,1,1,No
S10080,0,1,1,1,1,1,0,1,0,0,10,1,4,1,8.78,6,1,2,Yes
S10081,0,0,1,0,1,0,0,1,0,0,10,2,1,6,8.29,1,1,8,No
S10082,0,0,0,1,1,0,0,0,1,0,4,8,7,10,9.59,6,3,5,Yes
S10083,0,0,1,0,0,0,1,0,0,1,8,9,6,6,7.6,1,3,6,Yes
S10084,1,1,0,1,1,0,1,1,0,0,7,10,2,1,7.63,4,0,1,No
S10085,1,1,1,0,1,0,1,1,0,0,8,5,1,1,8.15,2,3,3,Yes
S10086,0,1,0,0,0,1,0,1,0,0,10,8,10,9,6.63,5,2,4,Yes
S10087,0,0,1,1,1,1,1,0,1,0,5,1,9,9,7.5,6,1,2,Yes
S10088,1,1,1,1,1,0,0,1,0,0,4,7,6,3,7.34,1,3,3,Yes
S10089,0,0,1,0,1,1,0,1,1,0,3,3,1,10,6.37,7,2,1,No
S10090,1,1,1,1,0,1,0,0,0,1,8,8,1,9,5.41,5,2,6,Yes
S10091,1,0,1,1,0,1,0,0,0,0,10,5,7,6,8.05,5,1,5,Yes
S10092,1,0,1,1,0,0,1,0,0,1,7,4,10,1,7.8,7,1,3,Yes
S10093,1,1,1,0,1,0,0,0,1,0,7,1,4,9,7.22,8,3,4,Yes
S10094,0,0,1,1,1,1,1,0,1,0,10,7,4,6,8.28,2,1,5,Yes
S10095,0,0,0,1,1,0,1,0,0,0,9,6,6,2,5.19,8,3,0,No
S10096,1,0,1,1,0,1,1,0,0,0,10,2,10,7,8.25,1,1,7,Yes
S10097,0,0,0,0,0,1,0,0,1,0,4,2,6,4,6.31,0,2,5,No
S10098,0,1,1,1,0,0,1,0,0,0,5,4,4,3,7.7,7,0,3,No
S10099,1,0,0,1,0,1,0,0,1,0,6,10,1,2,9.25,8,0,0,No
S10100,1,0,1,1,1,0,1,0,1,1,5,3,5,4,9.15,1,0,0,No
S10101,0,1,0,1,1,0,1,1,0,1,5,2,2,6,6.42,4,1,0,No
S10102,0,1,0,1,0,0,1,1,1,0,3,4,5,3,8.49,4,0,3,No
S10103,0,1,1,0,0,0,1,1,1,0,9,10,3,1,7.25,2,0,1,No
S10104,1,1,0,0,0,1,1,0,1,1,1,8,1,8,6.05,6,2,7,Yes
S10105,0,0,0,1,0,1,0,0,1,0,4,1,6,10,7.85,8,3,3,Yes
S10106,1,1,1,1,0,0,1,0,1,0,6,5,6,3,5.21,8,0,8,No
S10107,1,1,0,1,1,0,0,1,0,1,1,9,7,5,9.17,0,3,3,Yes
S10108,1,1,0,1,1,1,0,0,0,0,8,6,6,4,7.72,7,1,5,Yes
S10109,1,1,1,0,0,1,0,1,0,1,6,4,2,3,8.86,4,1,0,Yes
S10110,1,1,1,1,0,0,0,0,0,0,1,7,1,3,9.11,2,2,0,No
S10111,1,1,0,1,0,1,0,0,1,0,2,7,1,2,8.91,8,2,4,Yes
S10112,1,1,0,1,1,1,0,0,1,0,4,3,6,7,6.22,1,0,6,No
S10113,0,0,0,1,1,1,1,1,0,1,6,7,1,7,9.35,2,0,3,No
S10114,1,1,0,1,0,1,1,0,0,0,7,5,6,6,7.76,3,2,2,No
S10115,1,1,0,1,0,0,1,0,0,1,7,6,9,7,6.25,6,3,2,Yes
S10116,1,1,0,0,0,1,0,0,0,0,4,4,1,7,5.19,5,0,1,No
S10117,1,1,1,1,0,0,1,0,0,0,5,8,9,5,7.94,3,0,8,Yes
S10118,0,1,1,0,0,1,0,0,0,0,2,5,4,2,6.48,2,2,0,No
S10119,1,1,0,1,0,0,1,1,0,0,1,7,9,10,7.14,4,2,6,Yes
S10120,0,1,0,0,1,0,0,1,1,0,4,5,6,4,5.11,8,1,0,No
S10121,1,1,1,1,0,0,0,0,1,1,1,8,7,5,5.51,6,3,2,Yes
S10122,1,1,0,1,1,0,1,0,0,0,8,3,5,6,8.11,7,2,1,Yes
S10123,0,0,1,1,1,0,0,0,0,0,6,7,7,6,9.35,0,2,7,Yes
S10124,0,1,0,1,0,1,0,1,0,0,3,8,8,3,5.63,4,0,5,No
S10125,1,0,0,1,1,1,0,0,0,0,10,8,6,4,8.43,3,3,7,Yes
S10126,0,0,0,1,0,0,1,0,0,0,7,7,3,9,7.94,3,1,7,No
S10127,1,0,0,1,1,1,1,1,0,1,6,10,9,4,9.36,2,1,5,Yes
S10128,0,1,1,0,0,0,1,1,1,1,2,3,5,6,8.26,4,2,2,No
S10129,0,0,1,1,1,1,1,0,0,0,6,9,1,6,9.38,4,0,4,No
S10130,0,1,0,1,1,1,0,1,0,1,6,8,3,8,6.3,2,2,1,No
S10131,0,1,1,1,1,0,0,0,0,0,2,10,1,9,5.48,8,2,3,No
S10132,1,1,0,1,0,0,0,0,1,0,1,9,6,3,9.02,3,3,4,Yes
S10133,0,0,1,0,0,0,1,0,0,1,1,9,3,4,8.8,3,0,4,No
S10134,1,1,1,1,0,1,1,0,1,0,10,6,8,10,8.81,7,0,6,Yes
S10135,1,0,0,1,1,1,1,1,0,0,1,4,4,2,7.38,5,3,6,No
S10136,1,1,0,1,0,1,0,1,1,0,10,9,9,5,6.45,4,0,8,Yes
S10137,1,0,0,0,1,1,1,0,0,0,4,5,9,3,6.1,3,3,5,No
S10138,0,0,0,1,0,0,0,0,0,0,5,2,3,10,9.75,5,2,2,No
S10139,0,0,1,0,0,0,1,0,0,0,7,5,5,5,9.97,5,0,6,No
S10140,0,1,1,0,0,1,1,1,1,0,3,5,10,8,8.07,8,2,4,Yes
S10141,1,0,1,0,0,0,1,0,1,0,1,9,7,6,5.78,5,3,6,Yes
S10142,1,0,0,0,0,0,1,0,0,0,6,10,7,5,9.8,4,1,4,Yes
S10143,0,1,0,0,1,1,1,1,0,0,9,3,3,6,9.93,6,0,5,Yes
S10144,1,1,0,1,0,0,1,0,0,0,5,5,8,3,5.34,8,0,8,Yes
S10145,0,0,1,1,0,1,0,1,1,0,4,3,8,8,5.37,8,1,6,No
S10146,0,1,0,0,0,0,1,0,0,0,8,10,2,10,8.61,3,0,8,No
S10147,0,0,0,1,0,1,0,0,1,1,9,7,3,5,8.84,4,3,7,Yes
S10148,1,1,1,0,0,0,0,0,0,0,5,10,4,2,9.45,8,2,0,Yes
S10149,0,1,0,1,0,1,1,0,1,0,8,3,3,7,8.95,3,3,3,Yes
S10150,1,1,0,1,0,1,0,0,1,0,8,8,4,4,9.2,8,0,4,Yes
S10151,0,1,0,0,1,1,0,0,0,0,3,2,6,1,7.32,2,1,2,No
S10152,1,1,0,1,1,0,1,0,0,0,8,10,7,3,5.78,7,3,4,Yes
S10153,1,0,0,0,1,0,1,1,1,0,10,2,1,7,9.25,3,2,0,No
S10154,1,1,0,0,1,0,0,0,0,0,9,9,7,2,7.68,8,3,1,Yes
S10155,0,0,0,0,0,1,1,0,1,0,9,7,9,10,9.13,1,1,6,Yes
S10156,1,0,0,1,1,0,1,1,0,0,2,1,3,4,9.22,8,0,2,No
S10157,1,1,0,0,1,1,1,0,1,1,3,1,9,9,6.85,7,3,2,Yes
S10158,1,1,1,1,0,1,1,0,1,0,3,5,10,8,5.36,8,2,2,Yes
S10159,0,1,0,1,1,0,1,0,1,0,5,8,9,4,5.17,7,0,4,Yes
S10160,0,1,0,1,1,1,0,0,0,0,6,1,8,9,8.07,6,0,8,Yes
S10161,0,1,1,1,0,1,0,0,0,0,9,1,10,9,5.9,5,0,5,Yes
S10162,0,1,0,1,0,1,1,0,0,0,8,8,10,9,8.17,1,0,3,Yes
S10163,1,0,1,1,1,1,0,0,0,0,9,1,9,1,7.07,0,0,3,No
S10164,1,1,0,0,1,1,0,0,0,0,1,8,5,1,6.54,8,1,5,Yes
S10165,0,1,1,0,1,1,0,0,1,0,9,6,1,8,6.75,3,0,1,No
S10166,1,0,1,0,1,1,1,0,0,0,9,1,9,5,7.31,3,0,6,No
S10167,1,0,1,1,0,1,1,0,0,1,1,10,8,7,5.52,6,2,0,Yes
S10168,1,0,1,1,1,0,1,1,0,0,9,3,7,7,7.9,6,3,5,Yes
S10169,1,0,0,1,0,1,0,0,1,1,1,1,9,9,5.16,3,3,0,No
S10170,1,1,1,0,0,0,1,0,0,1,3,4,4,9,6.86,0,0,1,No
S10171,1,0,0,0,0,1,0,1,0,0,3,3,4,4,5.26,3,3,2,No
S10172,1,0,0,0,1,1,1,0,0,1,9,10,7,2,5.53,0,2,6,No
S10173,1,1,0,0,1,1,0,1,0,1,10,10,10,1,5.35,2,1,6,No
S10174,1,1,0,1,0,1,0,1,0,0,7,1,10,6,7.37,6,3,1,Yes
S10175,1,1,1,1,0,0,0,0,0,1,6,9,2,2,9.16,3,3,6,Yes
S10176,1,1,0,1,1,0,0,1,0,0,3,4,8,5,8.22,0,0,7,No
S10177,0,1,1,1,1,0,1,0,1,0,8,3,6,8,5.92,0,3,3,Yes
S10178,1,1,0,0,0,0,1,1,0,0,2,2,3,1,8.3,1,2,5,No
S10179,0,1,1,0,0,1,1,1,1,0,7,4,8,3,5.53,4,2,0,No
S10180,0,1,1,1,0,1,1,0,0,1,5,9,10,3,8.94,2,0,0,No
S10181,0,1,1,0,1,0,1,0,1,0,10,1,7,2,8.03,3,1,8,Yes
S10182,1,0,1,1,0,0,1,0,0,1,6,9,6,3,6.74,8,2,8,Yes
S10183,1,1,1,0,0,0,1,0,1,0,8,10,5,3,9.03,7,2,4,Yes
S10184,1,1,0,1,0,1,1,0,1,1,8,8,4,9,8.29,1,3,7,Yes
S10185,0,1,0,1,0,0,0,0,0,0,6,4,7,4,8.4,1,2,8,No
S10186,1,1,1,0,1,0,1,0,1,0,2,2,1,9,9.3,1,0,5,No
S10187,0,1,1,1,1,1,1,0,0,0,10,8,4,4,5.57,3,2,1,Yes
S10188,0,1,0,1,0,0,1,0,0,0,10,4,7,7,6.0,1,1,6,No
S10189,1,0,0,0,0,1,0,0,0,0,6,8,6,5,5.5,8,2,6,No
S10190,1,1,0,1,0,1,1,0,1,1,5,4,9,2,9.84,3,3,8,Yes
S10191,0,1,0,0,1,1,0,0,1,0,4,5,2,6,5.32,7,1,2,No
S10192,1,1,1,0,0,0,1,1,1,0,7,2,5,7,5.75,4,0,5,Yes
S10193,1,1,0,1,0,1,1,1,1,0,1,6,8,3,8.37,5,0,2,Yes
S10194,0,0,1,1,1,1,1,0,0,1,10,5,8,5,9.92,4,1,6,Yes
S10195,1,1,1,1,1,1,1,0,0,0,10,1,5,1,9.31,7,3,0,Yes
S10196,0,0,0,1,1,1,0,0,1,0,3,6,8,6,6.9,3,1,6,Yes
S10197,0,1,0,1,1,0,1,0,0,0,8,2,6,2,7.14,2,0,6,No
S10198,0,0,0,1,1,1,0,0,0,0,6,5,3,8,5.35,8,1,7,No
S10199,1,0,1,0,0,0,1,0,0,1,2,1,9,5,9.25,2,2,7,Yes
S10200,1,0,0,1,1,0,1,0,1,1,8,4,1,8,6.88,8,3,8,Yes
S10201,1,0,0,1,1,0,1,0,0,1,1,9,8,7,9.62,5,2,2,Yes
S10202,1,1,0,0,1,1,1,0,0,1,5,9,1,9,7.28,4,0,5,Yes
S10203,1,0,0,0,1,1,1,0,0,1,3,8,9,4,8.82,0,0,0,No
S10204,1,1,0,0,1,1,1,1,0,0,7,6,7,8,8.17,8,3,3,Yes
S10205,1,0,0,0,1,1,0,0,0,1,2,10,5,3,5.59,0,1,0,No
S10206,1,1,0,1,1,1,1,1,1,0,10,9,2,1,8.99,1,0,5,Yes
S10207,0,0,1,0,0,0,1,0,1,1,1,10,1,4,6.69,1,0,6,No
S10208,1,0,0,1,1,1,1,0,0,0,7,1,6,1,6.92,0,2,4,No
S10209,1,1,1,0,0,1,0,0,0,0,6,7,7,2,9.01,5,0,5,No
S10210,0,0,1,1,0,1,0,1,1,1,2,10,5,6,9.86,2,1,2,Yes
S10211,0,0,1,1,1,0,0,0,0,0,10,6,7,2,6.14,0,0,1,No
S10212,1,1,0,0,0,1,1,0,0,0,6,9,9,2,8.24,0,0,8,No
S10213,1,1,0,1,1,0,1,0,0,0,4,10,1,3,9.22,7,2,2,No
S10214,0,1,1,1,0,1,0,0,0,0,4,6,9,9,5.67,7,2,0,Yes
S10215,0,1,1,0,1,1,1,1,0,0,7,1,9,2,7.91,4,2,7,Yes
S10216,0,1,0,1,0,0,1,0,0,1,8,1,10,4,5.48,2,1,0,No
S10217,0,1,0,1,0,1,0,0,0,0,3,3,1,7,6.82,7,1,7,No
S10218,1,1,1,1,0,1,1,1,1,0,6,4,9,5,6.23,5,3,1,Yes
S10219,1,1,0,0,1,1,0,1,0,0,10,6,7,6,9.41,3,0,7,Yes
S10220,1,1,1,1,0,0,1,1,0,0,6,8,4,6,7.05,5,3,5,Yes
S10221,0,0,1,1,1,0,0,0,0,0,2,6,10,3,6.44,4,1,4,Yes
S10222,0,1,0,1,1,0,1,0,1,0,9,2,3,2,8.84,4,1,8,No
S10223,0,0,1,1,0,0,1,0,0,0,2,4,6,10,6.84,3,3,1,No
S10224,1,1,0,1,0,0,0,0,0,1,7,8,3,4,5.69,4,3,0,No
S10225,1,1,1,0,0,0,0,0,1,1,2,3,1,9,5.61,3,3,5,No
S10226,1,1,0,1,1,1,1,1,1,1,5,3,7,6,7.53,5,2,7,Yes
S10227,0,0,0,1,1,0,1,0,0,0,3,7,2,3,9.06,6,1,2,No
S10228,0,0,1,1,1,0,1,0,0,0,5,4,7,9,6.5,4,3,2,Yes
S10229,1,0,0,0,0,1,1,0,0,1,6,2,2,10,9.98,3,0,7,No
S10230,1,1,1,0,0,1,1,0,1,0,3,9,2,1,8.56,1,1,8,No
S10231,1,0,0,1,1,1,1,0,0,0,5,7,1,8,7.82,4,2,7,Yes
S10232,1,1,0,1,1,0,0,1,0,0,8,3,3,10,9.52,2,1,5,Yes
S10233,0,0,0,0,0,1,1,1,1,0,9,5,6,9,7.84,7,1,4,Yes
S10234,1,1,1,0,1,0,1,0,0,0,7,9,6,7,6.13,7,2,1,Yes
S10235,0,1,0,1,0,1,0,1,0,1,9,4,9,8,8.74,8,3,3,Yes
S10236,0,1,1,0,0,0,0,1,1,0,5,2,3,3,8.33,6,0,6,No
S10237,0,0,0,0,1,1,0,1,0,0,3,9,6,9,9.21,5,1,3,Yes
S10238,1,1,0,1,0,0,0,1,0,0,10,7,10,1,8.94,4,1,1,No
S10239,0,1,1,1,0,0,1,0,0,0,2,8,10,3,7.78,3,3,8,Yes
S10240,1,1,0,1,0,1,1,0,0,0,1,5,10,1,9.18,2,3,3,Yes
S10241,1,0,0,0,0,1,0,1,1,0,7,4,2,1,8.48,6,2,7,Yes
S10242,1,1,1,0,0,1,0,0,0,0,3,6,7,6,7.16,6,3,1,Yes
S10243,1,0,1,1,1,1,1,1,0,0,1,1,9,1,5.19,8,1,1,No
S10244,1,0,1,1,1,1,1,0,1,0,2,6,5,10,5.51,3,3,8,Yes
S10245,1,0,1,1,1,0,0,0,0,0,10,10,2,8,8.44,3,2,8,Yes
S10246,0,0,0,1,0,1,0,0,1,0,8,4,1,3,8.88,3,0,6,No
S10247,1,0,1,1,0,0,1,1,1,1,4,8,2,1,9.45,6,0,2,No
S10248,0,1,1,1,0,1,0,0,1,0,6,4,7,10,9.73,8,2,3,Yes
S10249,0,1,1,1,1,0,1,0,0,0,1,9,7,7,5.1,2,1,7,Yes
S10250,1,1,0,1,1,1,1,0,0,0,9,10,8,3,8.37,6,1,8,Yes
S10251,0,1,1,0,0,1,1,1,0,0,4,1,1,10,6.81,7,2,7,Yes
S10252,1,1,1,0,0,0,1,1,1,0,3,1,5,5,6.62,1,1,1,No
S10253,1,0,0,0,1,1,1,0,1,1,5,10,6,10,5.5,8,3,6,Yes
S10254,1,1,1,0,0,1,0,0,0,0,2,8,1,9,8.47,6,0,8,No
S10255,0,0,0,1,1,0,1,0,0,0,2,8,6,9,6.97,6,0,8,Yes
S10256,1,1,1,1,1,1,1,0,1,0,8,9,8,8,8.42,6,1,3,Yes
S10257,0,1,1,1,0,1,0,0,0,1,9,6,6,7,6.34,3,2,4,No
S10258,1,1,0,1,1,1,0,0,0,0,6,2,8,3,9.13,1,1,2,No
S10259,0,1,1,0,1,0,0,0,0,0,4,9,7,7,7.01,3,3,2,Yes
S10260,1,0,0,1,1,1,1,0,1,0,5,1,5,6,8.74,1,0,3,No
S10261,0,1,0,1,0,0,0,0,0,0,5,5,5,8,6.16,5,1,0,No
S10262,0,1,0,1,1,1,1,1,0,1,4,3,10,2,5.32,6,0,1,No
S10263,0,0,0,1,0,0,1,0,0,0,3,1,7,1,7.05,8,0,4,No
S10264,0,1,1,1,0,1,1,1,1,0,1,10,8,9,8.19,8,1,1,Yes
S10265,0,1,1,1,1,0,0,0,0,1,2,4,6,1,6.93,2,2,7,No
S10266,1,1,0,1,0,1,1,1,1,0,2,5,9,6,8.32,1,0,6,No
S10267,1,1,0,1,0,0,1,1,0,0,9,10,4,1,8.49,5,1,7,Yes
S10268,1,1,1,1,1,1,0,1,0,1,5,9,4,10,5.27,8,3,7,Yes
S10269,1,0,1,0,0,0,1,1,0,0,8,5,8,4,6.6,3,2,8,Yes
S10270,1,1,1,1,1,0,1,0,0,1,7,8,1,6,9.89,2,2,3,Yes
S10271,1,1,0,0,0,1,1,0,0,1,1,4,1,5,8.12,7,1,7,Yes
S10272,1,1,1,1,0,0,1,0,0,0,2,7,8,5,5.02,7,1,6,No
S10273,0,1,0,1,0,1,1,1,0,1,6,2,4,8,8.03,4,1,3,Yes
S10274,1,0,0,1,0,0,1,0,0,0,1,9,6,7,8.02,3,2,1,No
S10275,0,1,1,0,1,1,1,1,1,1,7,9,4,5,9.01,7,3,5,Yes
S10276,1,0,0,1,1,0,1,1,1,0,4,5,10,1,5.15,6,0,2,No
S10277,0,1,1,0,1,0,0,0,0,0,9,7,1,3,8.12,8,2,6,Yes
S10278,0,0,1,0,0,0,1,0,0,0,8,3,5,7,7.29,7,1,4,Yes
S10279,1,1,0,1,0,1,1,0,1,0,1,1,5,4,5.31,3,3,5,No
S10280,1,1,1,1,0,1,1,0,1,0,8,2,8,5,9.05,6,0,5,Yes
S10281,1,1,1,0,1,1,1,0,0,0,5,8,5,8,8.48,6,1,7,Yes
S10282,1,1,0,1,0,0,1,0,0,0,5,6,9,9,7.29,1,1,1,Yes
S10283,0,1,1,1,0,1,1,1,0,0,8,9,10,7,6.21,3,3,4,Yes
S10284,0,1,1,0,1,1,1,0,0,0,8,10,7,4,5.97,3,2,1,No
S10285,1,0,0,0,0,1,0,0,1,0,3,9,5,10,6.15,7,3,5,Yes
S10286,1,1,1,0,0,0,1,0,0,1,8,1,1,7,7.99,2,0,0,No
S10287,1,1,0,1,0,0,0,0,1,0,3,8,3,5,6.53,5,0,0,No
S10288,1,0,0,1,0,0,1,0,0,1,9,4,6,1,9.87,3,2,6,Yes
S10289,0,1,1,1,0,1,1,0,0,0,5,6,2,8,7.53,8,1,3,Yes
S10290,1,0,0,1,1,0,0,0,0,0,9,10,3,4,8.86,6,0,0,No
S10291,1,1,1,1,1,0,0,0,0,0,6,1,5,3,7.62,2,3,2,No
S10292,1,1,1,1,0,1,0,1,1,0,5,8,10,8,9.1,6,1,7,Yes
S10293,1,1,1,1,1,1,1,0,1,0,10,2,8,9,8.01,7,1,2,Yes
S10294,0,0,1,0,0,1,0,1,1,0,9,3,7,4,8.26,7,0,1,No
S10295,1,0,1,1,1,1,1,0,0,0,1,6,6,2,8.78,2,2,0,No
S10296,0,0,1,1,0,1,1,0,1,0,7,8,6,8,8.53,2,2,5,Yes
S10297,0,1,0,0,1,1,1,0,0,0,3,4,7,7,7.86,7,1,4,No
S10298,1,0,1,1,0,0,1,0,0,0,1,8,1,7,8.38,4,1,5,No
S10299,1,1,0,1,0,1,1,0,0,0,1,6,8,7,9.05,0,0,4,No
S10300,0,1,0,1,1,1,0,0,0,1,3,9,4,5,9.14,0,1,2,No
S10301,0,0,0,0,0,0,0,0,0,0,5,10,5,9,9.63,7,2,4,Yes
S10302,0,1,1,1,1,0,0,0,0,0,8,10,7,2,5.82,3,0,6,No
S10303,1,1,0,1,0,0,1,0,1,1,5,1,10,4,6.01,3,2,0,No
S10304,0,1,0,0,0,1,1,1,1,0,5,5,2,2,7.03,1,0,3,No
S10305,1,0,0,0,0,0,1,0,1,0,10,5,10,5,8.1,7,0,0,Yes
S10306,0,1,0,0,1,0,1,0,0,1,8,4,2,10,9.26,3,3,6,Yes
S10307,0,1,0,1,1,1,0,0,1,0,2,4,7,10,6.12,2,0,7,No
S10308,1,0,1,1,0,1,1,0,0,1,10,10,8,8,8.24,2,2,7,Yes
S10309,0,1,0,0,0,1,1,0,0,0,4,5,6,2,8.71,6,3,7,Yes
S10310,1,1,1,1,1,0,0,0,1,0,6,5,10,1,8.48,1,1,1,Yes
S10311,0,1,0,1,1,0,1,1,0,0,1,5,5,6,9.24,2,0,8,No
S10312,1,0,0,0,1,1,0,1,0,0,7,6,7,5,7.14,5,3,6,Yes
S10313,0,1,1,1,1,1,1,0,0,1,10,2,5,10,9.99,3,1,1,Yes
S10314,1,1,0,1,1,0,0,0,1,1,7,9,4,3,8.39,7,2,1,Yes
S10315,0,1,0,1,0,1,1,1,1,0,4,1,7,5,7.33,1,1,0,No
S10316,1,1,1,1,1,0,1,0,1,0,3,2,6,2,7.63,5,3,4,Yes
S10317,1,1,0,1,1,0,1,0,0,0,8,7,5,6,9.42,8,0,3,Yes
S10318,1,1,0,0,1,0,1,1,1,0,1,1,4,8,9.33,6,2,4,Yes
S10319,0,1,0,1,1,0,1,1,0,1,1,5,1,8,9.53,5,1,2,Yes
S10320,1,0,0,1,0,1,1,1,1,0,5,3,5,6,9.22,7,3,4,Yes
S10321,0,0,0,0,1,0,0,0,1,0,8,2,7,6,7.22,3,2,3,No
S10322,1,0,1,0,1,0,1,1,0,0,2,10,6,8,7.28,5,2,8,Yes
S10323,0,0,0,1,1,1,0,0,0,0,3,10,9,8,5.67,2,3,3,Yes
S10324,1,1,0,1,0,1,1,0,1,0,7,4,4,1,5.27,7,2,6,No
S10325,1,1,1,0,0,1,1,0,1,0,4,10,5,4,8.12,3,0,3,No
S10326,1,0,0,1,0,0,1,0,0,0,7,7,5,4,9.1,8,3,6,Yes
S10327,1,1,0,1,1,1,1,1,1,0,5,7,8,9,6.16,8,2,6,Yes
S10328,1,0,1,1,1,0,1,0,0,0,6,4,5,7,6.43,5,3,3,Yes
S10329,1,1,0,1,0,1,0,0,0,0,1,3,8,2,6.53,7,0,8,No
S10330,0,1,0,1,1,0,0,0,1,0,7,8,2,8,7.2,1,2,5,Yes
S10331,0,1,1,1,0,1,1,0,0,0,2,1,10,1,6.69,3,2,2,No
S10332,0,1,1,1,1,1,1,0,1,0,10,10,5,8,9.85,3,3,4,Yes
S10333,1,1,0,0,0,0,1,0,0,0,10,2,5,3,8.55,4,3,6,Yes
S10334,0,1,1,1,0,0,0,0,0,1,5,9,6,5,9.18,3,3,5,Yes
S10335,1,1,0,1,1,0,1,0,0,0,8,3,9,9,8.84,2,3,2,Yes
S10336,0,1,0,0,0,0,1,0,0,0,2,1,1,9,8.55,7,0,4,No
S10337,1,1,0,1,0,0,1,0,0,1,9,6,10,9,6.72,6,3,3,Yes
S10338,1,0,0,0,1,0,0,0,0,0,1,6,10,1,5.07,0,1,3,No
S10339,1,1,0,1,1,1,1,1,1,1,7,2,6,2,5.19,7,2,5,Yes
S10340,0,1,1,1,1,0,1,0,0,0,5,2,8,6,6.95,6,3,5,Yes
S10341,1,1,1,1,1,1,1,0,1,0,3,1,2,6,6.0,7,0,1,No
S10342,0,0,1,0,1,1,1,1,0,1,8,3,5,3,6.89,4,2,3,Yes
S10343,1,1,0,1,1,1,0,0,0,1,10,10,1,8,8.93,3,1,0,Yes
S10344,0,0,1,0,1,1,1,0,0,0,4,10,3,2,9.99,2,0,2,No
S10345,0,1,1,0,0,1,1,1,1,0,4,9,6,5,7.64,8,2,6,Yes
S10346,1,1,0,1,0,1,1,1,1,1,8,6,9,5,5.09,8,3,8,Yes
S10347,1,1,0,0,0,0,1,0,0,0,9,6,8,10,6.11,0,3,7,Yes
S10348,0,1,0,1,1,0,0,0,0,1,1,9,4,2,5.58,1,0,2,No
S10349,1,1,0,1,0,1,0,0,0,0,8,1,4,10,8.4,0,2,5,No
S10350,1,0,0,1,0,0,1,0,0,1,9,3,1,4,7.42,4,2,0,No
S10351,0,1,1,1,1,1,1,0,1,0,4,5,7,1,8.07,6,2,0,Yes
S10352,0,0,0,1,1,1,1,0,0,0,4,2,7,6,6.31,1,3,8,No
S10353,1,0,0,1,0,0,1,1,1,0,6,4,7,10,7.62,4,3,0,Yes
S10354,0,0,1,0,0,1,0,0,0,0,5,10,4,5,5.73,1,0,3,No
S10355,1,1,0,1,1,0,1,1,1,1,10,2,3,9,8.78,4,0,8,Yes
S10356,1,0,1,1,1,0,0,1,1,1,5,2,4,3,9.42,8,0,8,Yes
S10357,0,1,0,1,1,0,1,0,1,0,8,10,8,6,6.15,6,1,0,Yes
S10358,1,1,0,0,1,1,1,1,0,0,9,5,8,3,8.01,4,3,6,Yes
S10359,1,0,0,1,0,0,1,0,0,0,2,6,1,8,8.79,4,1,5,No
S10360,0,1,0,0,1,0,0,0,0,0,2,2,4,4,7.08,4,0,0,No
S10361,0,0,1,0,0,1,1,0,0,1,2,10,8,2,9.03,2,0,3,No
S10362,0,1,0,0,0,1,0,0,0,0,8,7,5,9,6.79,5,0,0,No
S10363,0,1,0,1,1,0,1,0,1,0,4,3,2,4,5.6,5,2,2,No
S10364,0,1,1,1,0,0,0,0,0,0,1,9,2,1,7.77,4,2,2,No
S10365,1,1,0,1,0,1,1,1,1,0,1,10,5,4,5.79,5,0,2,No
S10366,1,1,1,0,1,1,0,1,0,0,4,9,4,5,9.32,4,2,4,Yes
S10367,0,1,0,1,1,0,0,0,1,0,6,3,10,9,5.75,6,0,2,No
S10368,1,0,1,1,0,0,0,0,1,0,3,2,4,7,5.81,5,0,6,No
S10369,0,0,0,0,1,0,1,0,1,1,5,4,1,6,6.54,4,2,8,No
S10370,0,0,0,1,1,0,0,1,0,0,2,7,8,3,5.61,6,3,1,No
S10371,1,0,0,1,0,1,1,1,0,1,9,8,9,2,8.54,4,0,2,Yes
S10372,0,1,1,1,0,1,1,0,0,1,5,7,5,10,9.87,4,2,5,Yes
S10373,1,0,1,1,1,1,1,0,0,1,2,7,4,6,5.22,4,0,5,No
S10374,1,1,0,1,1,1,0,0,0,0,6,2,9,2,8.41,0,3,1,No
S10375,0,1,1,1,0,0,1,0,0,0,10,7,10,7,8.78,4,1,3,Yes
S10376,1,0,0,1,1,0,1,0,0,1,7,3,6,1,7.36,8,3,7,Yes
S10377,1,1,0,0,1,0,1,1,0,0,1,3,3,10,7.64,0,3,7,No
S10378,1,0,1,0,1,1,1,1,0,0,7,2,5,2,5.85,2,0,3,No
S10379,0,1,0,0,1,1,0,0,0,0,7,5,7,3,5.62,1,1,2,No
S10380,0,1,0,1,0,0,1,1,0,0,9,4,7,6,7.27,0,2,8,No
S10381,0,1,1,1,0,1,1,0,0,0,7,6,8,2,7.31,5,0,4,No
S10382,0,1,1,1,0,0,1,1,1,0,9,8,10,9,7.18,6,1,4,Yes
S10383,1,0,0,0,1,1,1,0,1,1,8,9,5,10,8.06,5,1,0,Yes
S10384,0,0,0,1,1,1,1,1,1,0,6,6,7,5,6.65,6,2,0,Yes
S10385,0,1,0,1,1,0,1,0,1,1,1,8,9,9,5.66,7,2,6,Yes
S10386,1,1,0,1,1,1,1,1,1,0,2,5,1,3,6.05,3,0,7,No
S10387,1,1,0,0,1,1,1,1,0,0,6,6,2,8,9.52,0,1,0,No
S10388,0,0,1,1,0,1,0,0,0,0,4,9,7,1,9.2,6,3,2,Yes
S10389,0,1,0,0,0,1,0,0,0,1,10,3,10,3,7.74,8,3,4,Yes
S10390,0,0,1,1,0,1,0,0,0,0,2,10,7,4,6.41,6,1,3,No
S10391,0,0,1,1,0,0,0,1,0,0,6,2,2,6,7.48,3,3,1,No
S10392,1,0,1,0,0,0,1,0,0,1,2,1,4,9,9.99,5,1,7,Yes
S10393,0,1,0,0,0,0,1,0,1,0,4,10,4,3,9.07,0,1,6,No
S10394,1,0,1,0,1,1,1,0,1,0,10,3,4,3,5.21,7,3,8,Yes
S10395,1,1,1,1,0,0,1,1,0,0,6,8,8,9,6.64,0,1,3,Yes
S10396,0,0,0,1,0,1,0,0,0,1,7,1,9,5,6.92,3,2,4,No
S10397,1,0,0,1,0,0,0,0,0,0,9,6,9,1,8.64,8,2,0,Yes
S10398,0,1,0,0,0,1,0,0,0,0,2,2,4,8,6.03,5,0,5,No
S10399,1,1,0,0,0,1,1,0,1,0,2,1,10,8,9.23,2,3,5,Yes
S10400,1,0,0,0,1,1,0,0,0,0,5,8,7,2,9.16,2,0,0,No
S10401,1,0,1,1,0,1,0,0,0,0,2,10,10,5,9.5,0,1,3,Yes
S10402,1,0,1,0,0,0,1,0,0,0,3,7,6,1,6.33,4,2,7,No
S10403,1,1,0,1,1,0,1,0,1,0,4,1,2,2,5.71,7,3,8,Yes
S10404,1,1,1,1,1,0,0,1,1,0,10,7,5,6,7.8,4,3,5,Yes
S10405,0,0,0,1,1,0,0,0,1,0,5,8,8,4,9.47,6,3,2,Yes
S10406,1,1,1,0,1,1,0,0,1,1,4,10,6,2,7.56,2,2,0,No
S10407,1,1,1,0,1,0,1,0,0,0,9,8,5,7,6.7,5,3,7,Yes
S10408,0,1,1,1,0,0,0,0,0,0,8,7,6,8,5.72,7,0,5,Yes
S10409,0,1,0,0,1,1,1,1,0,0,9,7,10,10,5.49,4,3,1,Yes
S10410,1,1,1,1,1,1,1,0,1,1,2,9,9,5,6.14,0,2,5,Yes
S10411,0,1,0,1,0,1,1,0,0,0,5,1,6,4,5.44,4,1,5,No
S10412,0,1,0,0,0,0,0,0,1,0,9,8,5,10,6.7,7,0,8,Yes
S10413,1,0,0,1,1,1,1,1,0,0,2,7,3,7,6.62,4,0,7,No
S10414,1,0,0,1,1,0,1,0,1,1,7,5,5,9,6.03,2,2,2,Yes
S10415,0,1,0,0,1,0,1,0,0,0,2,9,5,3,6.28,7,0,3,No
S10416,0,1,0,1,0,0,1,0,1,0,10,2,7,10,5.3,4,3,3,Yes
S10417,0,1,0,0,1,0,1,0,0,1,10,4,5,8,7.68,7,2,1,Yes
S10418,1,0,1,0,1,0,0,1,0,0,7,8,1,9,8.77,1,2,5,No
S10419,1,0,0,0,1,1,1,0,0,0,3,9,6,6,9.32,1,3,8,Yes
S10420,0,0,0,1,0,1,0,0,0,1,2,2,10,3,9.25,3,0,3,No
S10421,1,0,0,0,1,0,1,1,0,1,4,8,10,5,8.93,7,1,4,Yes
S10422,1,1,1,0,0,1,0,1,0,0,4,8,9,9,8.49,0,0,1,No
S10423,0,1,1,1,0,0,1,0,0,0,2,3,6,9,5.55,3,2,3,No
S10424,1,1,1,0,0,0,1,0,0,1,6,3,2,1,6.43,8,0,6,No
S10425,0,0,1,0,0,0,1,0,1,0,5,6,3,3,5.36,5,1,2,No
S10426,0,1,0,0,0,1,0,0,1,0,1,4,1,3,6.7,7,1,3,No
S10427,1,0,1,1,1,0,1,0,0,0,8,9,4,5,7.01,3,1,0,No
S10428,0,0,0,1,1,1,1,0,0,0,2,3,4,10,7.6,0,2,1,No
S10429,1,0,0,0,0,0,1,0,1,1,6,4,5,9,9.97,7,0,3,Yes
S10430,0,1,1,1,1,1,1,1,0,0,1,2,4,7,8.51,0,3,2,No
S10431,1,1,0,1,0,1,1,1,0,0,1,7,6,1,9.54,8,3,2,Yes
S10432,1,0,1,1,1,0,1,1,0,0,3,2,10,7,7.93,0,2,6,Yes
S10433,0,1,1,0,1,0,0,0,0,1,9,5,2,3,5.55,4,0,3,No
S10434,1,1,0,1,1,1,1,0,0,0,6,1,6,6,5.88,3,3,4,Yes
S10435,0,0,0,0,0,1,1,1,0,1,6,3,2,7,5.74,4,1,5,No
S10436,1,0,0,0,1,0,1,0,0,0,1,3,7,10,6.73,7,0,4,No
S10437,1,1,0,1,0,1,1,1,1,1,2,9,6,3,9.31,1,2,2,Yes
S10438,1,0,0,1,1,1,1,0,0,0,8,8,9,10,8.06,0,3,6,Yes
S10439,1,1,1,1,1,1,0,0,0,1,4,8,3,2,9.89,0,1,7,Yes
S10440,1,1,1,0,0,1,0,1,0,0,9,1,3,7,6.99,6,2,4,No
S10441,0,1,1,1,0,0,0,0,0,0,10,10,4,3,5.45,3,2,4,No
S10442,0,0,1,1,1,1,0,0,0,0,9,9,9,7,9.66,2,2,1,Yes
S10443,0,1,0,0,1,1,1,0,1,1,10,10,8,6,8.8,1,2,6,Yes
S10444,0,1,1,1,0,0,1,1,1,1,10,5,6,10,6.56,8,2,3,Yes
S10445,1,1,0,0,0,1,0,1,0,1,7,3,1,10,6.4,5,3,2,Yes
S10446,0,0,0,1,0,1,1,0,0,0,5,3,5,7,8.47,5,0,5,Yes
S10447,1,0,0,1,1,0,0,0,0,0,6,2,3,3,6.67,0,1,6,No
S10448,0,1,1,1,1,1,0,0,0,0,4,5,6,3,5.04,2,3,8,No
S10449,1,1,0,1,1,1,1,0,0,0,7,6,1,8,6.49,5,2,7,Yes
S10450,0,1,0,1,0,1,1,0,0,0,7,9,2,3,8.03,2,0,1,No
S10451,0,1,1,1,1,1,0,0,1,0,10,3,10,10,9.08,1,1,7,Yes
S10452,0,0,1,0,0,0,1,0,0,0,8,3,1,8,6.5,7,1,6,No
S10453,0,1,0,1,1,1,1,0,0,1,9,10,4,8,5.99,5,1,3,Yes
S10454,0,0,0,0,0,0,1,0,0,0,2,1,10,10,9.46,2,2,2,No
S10455,0,1,1,1,1,1,0,0,0,0,1,10,3,4,8.51,6,3,4,Yes
S10456,1,1,0,1,0,0,1,0,1,1,10,4,6,8,8.76,6,1,2,Yes
S10457,1,1,1,0,0,0,1,0,0,0,4,3,6,10,9.27,2,3,7,Yes
S10458,1,1,0,0,0,0,1,1,0,1,6,10,8,3,9.98,6,3,0,Yes
S10459,1,0,1,1,0,1,0,1,0,0,2,6,4,7,5.87,7,2,2,No
S10460,1,0,1,0,0,1,1,1,0,0,8,1,6,2,5.79,0,3,2,No
S10461,1,1,1,1,1,1,0,1,1,1,9,6,10,2,8.86,4,2,2,Yes
S10462,1,1,0,1,1,0,1,0,0,0,7,2,3,5,5.59,3,0,7,No
S10463,0,1,0,0,0,1,0,0,1,0,2,7,7,5,9.4,3,1,0,No
S10464,0,1,1,1,0,1,0,0,0,1,1,7,9,6,9.59,0,2,3,Yes
S10465,1,0,0,1,0,0,1,0,0,0,6,9,10,6,7.62,0,2,4,Yes
S10466,1,0,1,1,1,1,0,0,0,0,6,1,5,2,7.56,8,1,0,No
S10467,1,1,1,1,0,1,1,0,0,0,7,7,6,6,7.25,0,1,2,No
S10468,1,1,0,0,0,1,1,0,0,0,5,4,1,2,7.23,1,3,6,No
S10469,0,1,1,1,0,1,0,0,1,0,4,7,3,10,8.03,8,1,4,Yes
S10470,1,0,0,0,1,0,1,0,0,0,10,10,1,4,5.33,5,3,2,Yes
S10471,0,1,1,1,1,0,1,0,0,0,6,3,3,2,5.42,6,2,2,No
S10472,0,1,1,1,0,1,0,0,1,1,6,5,6,8,9.35,2,1,3,Yes
S10473,0,1,0,0,1,1,1,1,0,1,8,2,1,7,6.89,4,3,5,Yes
S10474,1,1,1,1,1,0,0,0,1,0,4,1,4,2,6.6,3,0,0,No
S10475,0,1,1,0,1,1,0,1,0,0,7,6,1,9,7.88,4,2,1,Yes
S10476,1,0,1,0,1,0,0,1,1,1,5,9,10,1,7.87,7,1,4,Yes
S10477,1,0,0,1,1,0,1,0,0,0,7,5,2,8,6.33,2,3,6,No
S10478,1,1,1,1,0,1,0,1,0,1,9,10,4,2,6.68,8,2,5,Yes
S10479,1,1,0,1,1,0,1,0,0,0,7,4,6,10,6.85,3,2,7,Yes
S10480,1,0,0,0,1,0,0,0,0,0,1,10,3,4,9.39,2,2,8,No
S10481,1,0,0,1,1,1,0,1,0,0,8,9,7,8,7.85,6,1,6,Yes
S10482,0,1,0,1,0,1,1,1,1,1,10,2,7,5,9.91,0,2,3,Yes
S10483,0,0,1,1,1,0,1,1,1,0,6,5,9,1,8.0,5,1,0,Yes
S10484,1,0,1,1,0,0,0,1,0,0,2,9,8,5,5.07,5,3,4,Yes
S10485,1,1,1,1,0,1,1,0,0,1,5,2,4,4,7.92,5,1,8,Yes
S10486,0,1,0,0,1,1,0,0,0,0,10,3,4,2,7.51,8,2,8,Yes
S10487,1,0,1,0,1,1,0,1,0,0,5,6,3,7,8.48,4,0,0,Yes
S10488,0,0,0,0,1,0,1,0,1,0,10,2,8,7,9.2,4,3,0,Yes
S10489,0,1,0,0,0,1,1,0,0,1,2,9,7,1,6.41,2,1,4,No
S10490,1,1,1,1,0,1,1,1,1,0,3,8,6,8,9.21,8,2,2,Yes
S10491,1,1,0,0,0,1,1,0,0,0,7,10,9,8,8.27,6,0,8,Yes
S10492,1,0,0,1,0,1,1,0,1,1,7,5,4,8,5.83,5,3,8,Yes
S10493,1,1,0,1,1,0,1,0,0,1,8,8,1,7,9.54,8,0,2,Yes
S10494,1,1,1,1,0,1,1,0,1,0,8,2,4,6,8.31,0,1,8,No
S10495,0,0,1,1,0,1,1,0,1,0,5,8,7,9,7.93,1,2,6,Yes
S10496,1,1,0,1,0,1,1,0,0,1,9,9,3,4,9.36,2,0,7,Yes
S10497,1,0,0,0,0,0,1,1,1,0,2,2,5,9,5.04,5,3,1,Yes
S10498,0,1,0,1,0,1,1,0,1,1,3,5,7,10,7.95,0,3,5,No
S10499,1,1,0,1,0,0,1,0,0,1,6,6,9,9,5.56,8,3,6,Yes
S10500,1,1,1,0,1,0,1,0,0,0,10,5,10,1,6.5,4,2,8,Yes
S10501,1,0,1,0,1,0,1,0,0,0,2,2,4,10,7.14,3,1,5,No
S10502,1,0,1,0,0,1,1,0,0,1,7,9,3,1,6.76,4,1,7,Yes
S10503,0,1,1,1,1,0,0,0,0,0,9,4,5,8,9.37,5,2,1,Yes
S10504,1,0,1,0,0,1,0,0,1,1,2,3,9,6,5.58,4,2,5,No
S10505,0,0,1,1,0,0,1,0,0,0,9,5,2,10,9.59,6,1,2,Yes
S10506,1,1,1,1,1,0,0,1,0,0,7,4,9,9,6.97,5,1,8,Yes
S10507,1,1,1,1,1,0,0,0,1,1,10,8,1,3,8.47,3,2,1,No
S10508,1,1,0,1,0,0,0,0,0,0,3,2,9,7,9.33,4,2,7,Yes
S10509,0,1,0,1,1,0,1,0,0,0,8,4,6,7,6.88,1,2,5,Yes
S10510,1,1,1,1,1,1,1,0,0,0,2,10,9,8,6.53,7,3,8,Yes
S10511,1,1,1,1,1,1,1,0,1,0,6,3,8,7,6.77,5,3,5,Yes
S10512,0,1,1,1,1,1,1,0,0,1,3,4,4,7,7.66,3,2,2,Yes
S10513,1,1,1,1,1,1,0,1,1,1,1,8,10,5,9.65,7,0,5,Yes
S10514,1,1,1,1,0,0,1,0,1,1,10,10,8,4,5.81,1,2,0,Yes
S10515,0,1,0,1,1,0,1,1,1,0,10,6,9,5,9.55,0,1,4,Yes
S10516,1,1,0,0,1,0,1,0,1,0,2,5,5,7,7.07,8,3,2,Yes
S10517,0,1,1,1,0,1,1,1,0,0,3,5,8,6,6.22,6,0,6,No
S10518,1,0,1,1,1,0,0,0,0,1,7,2,4,5,7.32,3,2,0,No
S10519,0,1,0,1,0,1,1,0,0,1,1,9,10,3,5.16,6,0,4,No
S10520,0,1,1,1,1,0,0,0,0,0,1,7,9,10,8.1,0,1,1,No
S10521,1,1,0,1,0,0,0,0,0,1,8,1,2,2,7.38,3,2,5,No
S10522,0,1,0,1,1,1,0,0,1,0,2,8,4,1,9.85,5,0,2,No
S10523,0,0,0,1,1,1,0,0,0,1,10,8,10,10,6.94,5,2,0,Yes
S10524,1,1,1,1,0,1,1,0,1,1,3,6,8,1,6.34,0,2,4,No
S10525,1,1,1,1,1,1,1,0,1,0,10,3,7,1,8.23,7,0,2,Yes
S10526,0,1,0,0,0,0,1,0,1,0,10,2,10,9,7.21,1,1,4,No
S10527,0,1,1,1,0,1,0,0,1,0,10,8,4,4,9.42,3,3,1,Yes
S10528,1,1,1,0,0,1,1,1,0,1,1,7,7,8,6.26,6,3,5,Yes
S10529,0,1,1,0,1,1,1,0,0,1,9,5,1,4,8.37,6,1,4,Yes
S10530,1,1,1,1,0,1,1,1,0,1,5,5,3,3,8.01,5,3,2,Yes
S10531,0,0,1,1,1,1,1,0,0,0,2,2,5,2,9.39,2,0,0,No
S10532,0,1,1,1,0,1,1,1,0,1,3,9,1,7,7.94,3,0,7,Yes
S10533,0,1,0,1,1,1,0,0,0,0,8,3,10,6,8.23,0,0,0,No
S10534,1,1,0,1,0,1,0,0,0,0,10,10,2,3,5.5,3,3,0,No
S10535,0,0,0,0,1,1,0,0,0,0,9,6,9,4,6.27,5,0,7,No
S10536,1,1,1,0,0,1,0,0,0,0,3,9,5,8,8.55,8,0,5,Yes
S10537,1,1,0,1,1,1,0,0,0,1,7,6,8,3,6.44,7,3,8,Yes
S10538,1,1,0,0,1,1,0,0,0,0,3,8,9,5,6.84,7,1,3,Yes
S10539,0,1,0,1,0,0,1,0,0,0,8,2,1,2,6.9,3,2,0,No
S10540,1,1,0,1,0,0,0,1,1,1,5,1,1,5,5.33,2,1,1,No
S10541,1,0,0,0,1,0,1,0,0,0,9,9,2,5,5.47,4,0,2,No
S10542,0,1,1,0,1,1,1,1,0,0,10,5,10,1,5.65,8,3,4,Yes
S10543,0,0,1,0,0,0,1,1,0,0,2,7,9,7,5.35,3,3,6,No
S10544,0,1,1,0,1,0,0,1,1,1,5,8,2,3,8.58,7,3,1,Yes
S10545,0,0,1,1,1,0,0,1,0,0,8,9,9,10,7.27,1,1,2,Yes
S10546,1,1,1,1,0,1,1,0,0,0,3,2,4,2,8.73,7,2,3,Yes
S10547,0,1,0,1,0,0,1,1,0,1,6,10,7,5,6.48,5,2,5,Yes
S10548,0,0,0,0,1,1,0,1,1,0,5,3,2,2,9.8,1,1,8,No
S10549,1,1,0,1,1,1,0,0,0,1,7,1,4,2,9.5,5,2,5,Yes
S10550,1,0,1,1,1,0,1,0,0,0,2,4,10,7,5.12,8,3,1,Yes
S10551,1,1,0,1,1,0,1,1,0,0,9,2,1,1,7.79,8,3,8,Yes
S10552,1,0,1,0,0,0,1,1,0,0,8,3,6,1,5.21,5,0,4,No
S10553,0,1,1,0,0,0,0,0,1,0,9,6,3,4,6.44,2,1,2,No
S10554,0,0,1,1,0,0,1,0,1,1,9,4,1,2,8.45,2,1,0,No
S10555,0,1,0,1,1,1,1,0,1,0,8,1,1,9,8.68,0,3,4,Yes
S10556,1,1,1,1,1,1,0,0,0,0,8,3,7,5,7.7,3,3,6,Yes
S10557,1,0,1,1,1,1,1,0,0,0,10,4,4,2,5.28,4,3,7,Yes
S10558,0,0,0,1,1,0,0,0,0,1,10,3,8,10,8.97,0,3,1,Yes
S10559,1,1,1,0,0,1,1,1,0,0,9,3,10,4,8.3,5,3,7,Yes
S10560,0,1,1,0,1,0,0,1,0,0,9,4,9,6,6.46,1,0,5,No
S10561,1,1,1,1,1,0,0,0,0,1,9,7,6,9,6.0,7,3,6,Yes
S10562,0,1,0,1,1,1,0,1,0,0,10,7,3,7,7.59,7,2,4,Yes
S10563,1,1,0,1,1,1,1,0,1,0,7,1,2,6,9.87,1,2,3,Yes
S10564,1,0,0,1,1,1,1,0,1,1,5,10,1,2,6.77,4,3,0,Yes
S10565,1,1,1,1,0,0,1,0,0,0,6,2,4,10,7.7,0,1,5,No
S10566,0,1,1,1,1,0,0,1,0,0,4,8,3,7,8.43,7,3,8,Yes
S10567,0,0,1,1,0,0,0,1,0,1,3,10,8,9,9.43,0,3,4,Yes
S10568,1,1,1,1,1,0,0,0,1,0,3,10,6,4,6.62,5,2,7,Yes
S10569,0,1,1,0,1,0,1,1,0,1,6,8,8,5,5.14,3,2,1,Yes
S10570,0,0,1,1,1,1,0,0,0,0,1,4,1,6,7.15,7,1,1,No
S10571,0,0,0,0,0,1,0,0,1,0,6,8,10,6,6.48,3,0,7,No
S10572,0,0,0,1,1,1,1,0,0,0,3,4,6,2,9.07,1,2,6,No
S10573,1,0,1,1,1,0,0,0,0,0,8,3,2,9,6.58,5,2,5,No
S10574,1,1,1,0,0,0,0,0,0,1,4,3,10,9,9.47,3,1,4,Yes
S10575,0,1,0,1,1,1,0,1,0,0,6,9,2,7,7.34,0,1,4,No
S10576,0,0,0,0,0,1,0,0,0,0,8,10,2,2,6.01,6,3,0,No
S10577,0,1,0,0,1,0,0,1,0,0,4,8,9,4,6.4,7,3,0,No
S10578,0,1,1,1,0,1,0,1,1,0,10,1,7,1,9.33,7,2,0,Yes
S10579,1,0,1,1,1,0,1,0,1,0,1,3,5,10,6.93,2,1,8,No
S10580,0,0,0,1,1,1,1,0,0,0,9,4,2,5,6.31,0,1,8,No
S10581,1,1,0,1,1,0,0,0,0,0,6,5,7,10,9.41,0,0,7,Yes
S10582,0,0,1,1,0,0,1,0,1,0,8,3,5,1,7.67,5,0,2,No
S10583,1,0,0,0,1,0,1,1,0,0,2,10,8,1,9.25,5,1,4,Yes
S10584,0,0,0,1,0,1,0,1,1,0,9,6,10,9,9.37,0,1,6,Yes
S10585,1,0,0,1,1,0,0,0,0,0,9,4,4,10,6.49,3,0,4,No
S10586,1,1,0,1,1,0,0,1,0,0,3,9,9,6,5.72,1,2,4,No
S10587,1,0,1,1,1,1,1,1,0,0,6,1,10,3,8.93,6,2,0,Yes
S10588,0,0,1,1,1,1,0,0,0,0,9,5,6,8,9.89,0,2,7,Yes
S10589,0,0,0,0,0,1,0,0,0,0,10,7,3,9,9.9,8,0,2,Yes
S10590,1,0,1,0,1,1,0,1,1,0,1,6,3,4,8.86,5,1,0,No
S10591,0,1,0,1,0,0,1,0,0,1,8,9,5,3,7.85,2,3,6,Yes
S10592,0,1,1,0,1,0,0,0,0,0,1,5,10,4,9.07,6,2,8,Yes
S10593,1,1,1,0,0,1,1,1,0,1,8,10,7,5,5.05,1,1,4,No
S10594,1,0,0,1,1,0,1,0,0,1,5,9,1,1,9.8,0,2,8,Yes
S10595,0,0,1,1,0,0,0,1,0,0,9,9,4,6,6.62,5,2,4,Yes
S10596,0,1,0,0,1,0,0,1,0,0,7,3,6,2,8.89,3,3,7,Yes
S10597,1,1,1,0,0,1,1,0,1,0,3,3,2,4,8.49,0,2,4,No
S10598,0,0,1,1,1,0,1,1,0,1,9,2,6,10,6.15,1,1,2,No
S10599,1,1,1,0,1,0,1,0,1,1,8,5,4,1,5.2,6,2,1,No
S10600,1,1,1,0,0,0,0,0,1,1,6,4,8,5,5.3,8,0,4,Yes
S10601,1,1,1,0,1,0,1,1,0,0,9,7,2,9,9.29,0,3,1,Yes
S10602,1,0,1,0,1,1,0,0,0,0,6,4,6,8,9.02,1,1,2,No
S10603,0,0,1,0,1,0,1,0,1,1,1,5,4,4,8.36,8,0,5,No
S10604,0,1,0,1,1,0,1,0,0,1,9,8,3,6,9.61,1,2,4,Yes
S10605,1,1,0,0,0,1,1,1,0,0,10,9,9,1,6.41,1,1,5,Yes
S10606,1,1,0,1,0,1,0,1,1,1,5,5,4,7,5.47,8,3,1,Yes
S10607,0,0,0,0,0,1,0,0,0,1,8,1,2,9,8.69,5,1,7,No
S10608,0,0,0,0,0,1,0,1,0,1,9,1,4,7,8.17,5,3,3,Yes
S10609,0,1,1,0,1,0,0,0,1,0,2,1,5,9,9.87,3,1,6,Yes
S10610,0,1,0,0,0,1,0,1,0,0,6,10,8,2,5.88,3,3,3,Yes
S10611,1,0,1,1,0,1,0,0,0,1,8,1,2,10,5.7,5,3,4,No
S10612,0,1,0,1,1,0,1,0,1,0,8,3,5,7,9.88,1,1,3,Yes
S10613,1,1,1,0,0,0,1,0,0,1,2,10,7,6,7.46,0,0,4,No
S10614,1,0,1,0,0,1,1,0,1,0,9,9,1,1,7.95,1,2,5,No
S10615,1,0,0,0,1,0,1,1,1,0,7,10,8,2,9.98,5,3,5,Yes
S10616,1,0,1,1,0,1,0,0,0,0,9,1,8,2,9.84,7,1,2,Yes
S10617,0,1,0,1,1,0,1,0,0,1,5,2,4,7,9.68,1,2,5,Yes
S10618,0,1,1,1,0,1,1,1,0,0,8,6,4,2,9.76,4,3,1,Yes
S10619,1,1,0,1,0,0,1,0,0,0,10,2,2,9,9.09,1,2,8,Yes
S10620,1,1,0,0,1,0,1,0,0,0,8,7,9,10,9.94,4,3,5,Yes
S10621,1,1,1,0,0,1,1,0,0,0,3,4,2,6,5.15,5,2,0,No
S10622,1,1,1,0,1,0,0,0,0,1,1,5,6,5,7.74,4,3,5,Yes
S10623,0,0,1,1,1,0,1,0,0,0,2,10,6,9,6.27,8,3,1,Yes
S10624,0,1,1,0,1,0,1,1,1,0,3,1,7,3,8.39,2,0,0,No
S10625,0,1,0,0,1,0,1,0,0,1,8,5,9,7,6.85,2,0,8,Yes
S10626,0,1,0,1,0,0,1,0,0,1,6,8,9,4,7.78,2,3,7,Yes
S10627,0,1,0,1,1,1,1,0,1,0,8,6,2,3,6.68,4,3,2,Yes
S10628,1,1,0,0,0,1,1,1,0,1,1,1,1,8,7.91,0,2,4,No
S10629,1,0,1,1,1,1,1,0,0,0,10,1,10,9,6.52,3,2,8,Yes
S10630,1,1,1,1,1,1,0,0,0,1,5,2,4,6,5.78,3,3,3,Yes
S10631,0,0,0,1,0,1,0,1,0,0,3,8,7,3,8.93,8,1,3,Yes
S10632,0,1,1,0,0,0,1,0,0,0,9,10,10,10,6.57,1,0,5,Yes
S10633,1,1,0,0,0,1,1,0,0,1,5,2,10,5,8.5,3,0,5,Yes
S10634,1,1,0,0,0,1,0,0,0,0,4,5,3,10,8.96,5,3,2,Yes
S10635,1,1,1,0,1,0,1,0,0,0,4,5,8,5,5.83,4,1,2,No
S10636,0,0,0,0,0,0,1,0,0,1,5,1,9,3,7.89,5,0,8,No
S10637,1,0,0,0,0,1,1,0,0,1,6,7,1,2,8.37,5,3,5,Yes
S10638,0,1,1,1,1,0,0,0,0,0,10,7,6,7,9.3,8,2,7,Yes
S10639,0,1,1,0,0,0,1,0,0,0,7,4,6,7,8.13,8,0,6,Yes
S10640,1,1,1,1,0,0,1,0,0,1,1,2,8,3,9.44,4,0,6,Yes
S10641,0,0,0,0,0,1,0,0,1,0,2,1,7,9,8.66,6,3,3,Yes
S10642,0,1,0,0,0,0,1,1,0,0,5,8,1,3,6.49,7,3,5,No
S10643,1,0,1,1,1,1,0,0,0,0,9,3,1,8,9.78,1,1,4,No
S10644,0,1,1,0,1,0,0,1,0,0,1,1,10,5,5.13,6,1,8,No
S10645,1,1,1,0,1,0,1,0,0,0,1,9,5,10,8.93,0,0,1,No
S10646,1,1,1,0,1,0,0,0,0,1,1,10,3,8,5.69,3,1,2,No
S10647,0,1,1,0,1,0,1,0,0,0,3,2,8,9,5.61,1,1,4,No
S10648,0,1,1,1,0,1,1,0,1,0,5,3,4,4,5.34,3,3,7,No
S10649,0,1,0,1,0,1,1,1,0,0,5,8,10,8,6.12,4,2,7,Yes
S10650,0,1,1,0,1,1,1,1,1,0,8,7,2,5,5.56,1,3,8,Yes
S10651,0,1,1,1,1,0,1,1,0,1,9,3,10,8,7.58,3,2,0,Yes
S10652,0,1,0,0,1,0,1,0,1,0,7,8,7,7,8.27,7,3,6,Yes
S10653,0,1,0,1,1,0,1,0,0,0,2,7,3,10,5.91,8,1,7,No
S10654,0,1,0,1,0,1,0,1,1,0,2,9,7,10,6.29,7,1,2,Yes
S10655,1,1,1,1,1,1,1,0,0,1,8,7,9,5,7.57,7,2,5,Yes
S10656,0,1,0,1,1,1,0,0,1,0,8,9,7,2,9.28,6,0,1,Yes
S10657,1,1,1,1,1,1,1,1,1,1,3,9,5,1,9.08,7,1,7,Yes
S10658,1,1,0,0,0,0,1,0,0,0,2,7,2,9,7.61,8,1,1,No
S10659,1,0,1,1,0,0,0,0,1,0,3,10,5,5,6.88,8,2,7,Yes
S10660,0,1,0,1,1,0,1,1,0,0,7,8,1,5,6.71,6,0,5,Yes
S10661,1,0,1,1,0,1,1,0,0,0,3,5,4,4,8.4,4,2,3,No
S10662,1,1,0,0,1,1,0,0,0,1,2,1,8,9,7.55,3,0,1,No
S10663,0,0,0,1,1,1,1,0,1,0,10,5,3,9,9.12,2,2,7,Yes
S10664,1,0,0,0,0,1,1,0,0,0,4,3,4,3,7.62,1,1,2,No
S10665,0,0,0,1,0,1,1,0,0,0,1,9,2,2,9.87,7,2,5,Yes
S10666,1,0,1,0,0,0,0,0,0,1,9,1,4,6,5.35,0,2,6,No
S10667,1,1,1,1,0,1,0,0,1,1,10,1,3,5,7.04,2,3,8,Yes
S10668,1,1,0,1,0,1,0,0,1,0,2,2,2,7,8.39,1,2,5,No
S10669,0,1,0,1,1,0,1,0,0,1,5,8,10,4,9.46,2,3,0,Yes
S10670,1,1,1,0,0,0,1,1,0,0,5,10,8,10,6.12,1,2,8,Yes
S10671,0,1,1,0,1,0,1,1,0,0,5,9,5,9,5.24,7,1,0,Yes
S10672,1,1,0,0,1,1,1,0,0,0,4,5,1,4,7.82,1,1,0,No
S10673,1,1,0,0,1,1,0,1,1,0,9,8,5,5,6.79,5,0,1,No
S10674,1,1,1,1,0,1,0,0,0,0,5,4,6,2,8.6,1,1,1,No
S10675,1,1,0,1,0,1,0,0,1,0,10,1,9,1,5.55,6,0,5,No
S10676,0,1,1,0,1,1,1,0,1,0,10,2,5,1,6.73,4,3,8,Yes
S10677,0,0,1,0,0,1,1,0,1,1,4,3,1,1,9.28,4,0,2,No
S10678,0,1,0,1,0,0,0,0,0,0,4,10,10,1,7.65,8,1,7,Yes
S10679,1,1,1,0,1,0,1,0,0,0,2,1,8,5,5.37,3,2,8,No
S10680,1,1,1,1,0,1,1,1,0,0,10,7,6,9,7.06,7,0,7,Yes
S10681,1,0,0,0,1,0,0,0,0,0,7,10,2,7,9.52,3,1,8,Yes
S10682,0,1,0,0,1,1,0,0,0,0,2,4,1,9,6.43,5,1,6,No
S10683,1,0,1,1,1,0,0,0,0,0,4,3,2,6,8.0,4,0,8,No
S10684,0,1,0,1,0,1,1,0,0,1,1,5,5,2,8.99,3,0,6,No
S10685,1,1,1,0,1,0,1,1,0,0,8,7,2,5,7.54,3,0,0,No
S10686,1,0,1,1,1,1,0,0,1,1,8,2,4,3,6.65,6,2,8,Yes
S10687,1,0,1,1,0,1,1,0,0,1,7,8,5,9,7.12,6,3,1,Yes
S10688,1,1,0,1,0,0,1,1,1,1,10,6,4,8,8.69,2,0,8,Yes
S10689,0,1,1,1,1,1,0,0,0,0,4,10,3,2,5.77,6,3,6,Yes
S10690,1,0,1,1,1,1,1,0,1,1,1,1,5,3,6.23,8,2,8,Yes
S10691,0,1,0,0,0,1,1,0,1,1,5,5,4,2,5.99,3,3,6,No
S10692,1,1,0,0,1,0,1,0,0,0,5,8,1,10,8.19,8,2,6,Yes
S10693,0,1,0,0,1,0,1,1,0,0,7,4,10,10,7.32,1,2,2,Yes
S10694,1,1,1,1,0,0,1,0,0,0,3,8,10,7,9.35,2,2,0,Yes
S10695,0,0,0,0,0,0,1,0,0,1,5,1,8,9,7.7,6,0,0,No
S10696,0,1,0,0,1,0,1,0,1,0,5,3,10,7,9.44,0,0,1,No
S10697,0,0,1,0,1,0,0,0,0,0,3,3,5,4,9.55,1,1,7,No
S10698,1,1,1,1,0,1,1,0,1,0,3,10,9,3,8.76,7,0,4,Yes
S10699,0,1,0,1,1,0,1,0,1,0,9,7,2,9,8.91,6,3,5,Yes
S10700,1,1,1,1,0,0,1,0,0,1,10,1,8,6,7.08,1,1,2,Yes
S10701,1,0,1,0,0,1,0,0,1,0,5,9,9,4,9.74,3,1,5,Yes
S10702,1,0,1,1,1,0,1,0,0,0,5,9,8,8,9.11,8,3,1,Yes
S10703,1,0,1,0,1,0,1,0,0,0,4,9,5,2,8.0,6,1,5,No
S10704,0,1,0,0,1,1,1,0,1,0,9,4,5,6,9.99,2,3,8,Yes
S10705,1,0,1,0,0,1,1,1,0,0,7,8,4,2,7.01,1,1,3,No
S10706,0,0,0,1,1,1,1,0,0,0,6,2,7,6,6.38,3,2,6,No
S10707,0,1,0,1,0,0,1,0,0,1,3,3,9,8,8.54,1,3,0,Yes
S10708,1,1,1,0,0,1,1,0,0,0,8,3,4,3,9.66,5,2,1,No
S10709,0,1,1,0,1,0,1,0,0,0,9,5,5,6,6.29,7,0,0,No
S10710,1,1,1,1,0,0,0,0,1,0,3,5,7,9,9.89,3,3,7,Yes
S10711,0,0,0,1,1,1,1,1,1,1,10,2,1,8,5.55,4,1,6,No
S10712,1,1,0,1,1,0,0,1,0,0,4,1,4,3,6.96,7,0,2,No
S10713,0,1,0,1,1,1,0,0,1,0,9,2,7,6,6.43,0,0,4,No
S10714,0,1,0,1,1,0,1,1,0,0,4,1,7,7,6.8,3,1,2,No
S10715,0,1,1,1,1,1,1,0,0,0,1,7,3,2,7.58,0,2,0,No
S10716,1,0,1,0,0,1,1,1,0,0,2,7,8,5,7.68,6,2,6,Yes
S10717,1,1,1,0,0,1,0,0,0,0,9,10,3,7,5.12,2,1,8,Yes
S10718,1,1,0,1,0,0,1,1,1,1,9,3,5,3,8.7,1,1,8,No
S10719,1,0,0,0,0,0,0,0,1,0,9,5,9,10,8.58,6,3,2,Yes
S10720,1,0,1,0,1,1,0,0,1,0,9,9,10,10,5.78,5,0,4,Yes
S10721,0,1,1,0,0,1,1,0,1,0,5,3,7,4,6.91,1,3,4,Yes
S10722,1,1,1,1,0,0,1,0,0,0,5,4,6,1,8.36,3,1,1,No
S10723,1,1,1,1,1,1,0,0,0,0,4,6,9,3,6.87,2,3,8,Yes
S10724,0,0,1,1,0,1,1,0,0,1,6,1,4,2,7.19,6,3,5,Yes
S10725,0,0,0,0,0,0,1,0,0,0,10,5,8,2,7.57,1,1,1,No
S10726,1,1,1,0,1,0,0,1,0,1,5,1,5,7,7.86,3,3,7,Yes
S10727,1,0,0,1,1,1,1,0,0,0,4,4,1,9,8.4,8,0,2,No
S10728,1,1,0,1,0,1,0,0,0,1,8,10,3,1,9.88,8,2,1,Yes
S10729,1,1,0,1,1,0,1,0,0,0,10,1,6,2,7.64,4,3,0,Yes
S10730,0,1,0,1,0,1,1,0,1,0,3,6,8,4,9.01,1,0,3,No
S10731,1,1,0,1,0,1,1,1,0,0,8,8,3,9,5.73,6,0,1,No
S10732,0,1,1,0,0,1,1,1,0,0,3,9,3,8,8.96,2,0,3,No
S10733,0,0,0,1,0,0,1,0,0,0,2,7,2,8,5.8,3,0,4,No
S10734,0,1,1,1,0,1,0,0,1,0,2,8,3,9,7.33,2,2,6,No
S10735,1,0,1,0,0,0,0,0,0,0,8,7,2,10,6.1,4,0,1,No
S10736,1,0,1,0,1,0,1,0,0,1,5,2,4,6,6.98,4,2,5,Yes
S10737,0,0,1,1,0,0,0,1,0,0,3,4,9,9,9.39,3,2,1,Yes
S10738,1,1,1,0,0,1,1,0,0,1,8,5,4,10,5.64,8,1,6,Yes
S10739,1,1,0,0,0,1,0,0,1,0,9,7,7,9,7.44,6,2,5,Yes
S10740,1,1,1,1,0,0,1,1,1,0,2,5,7,3,6.84,6,2,6,Yes
S10741,1,1,1,1,1,0,1,1,0,0,9,3,10,7,9.12,5,0,4,Yes
S10742,0,0,1,1,1,0,1,0,1,1,8,4,9,5,5.96,1,2,6,Yes
S10743,1,1,1,0,0,1,1,0,0,1,6,1,3,9,8.33,1,2,1,No
S10744,1,1,1,0,1,0,1,0,0,1,5,7,4,4,9.47,5,0,8,Yes
S10745,1,1,0,1,0,1,0,1,0,0,1,1,5,7,5.88,0,1,3,No
S10746,0,0,1,1,1,1,1,1,0,0,3,2,3,7,9.6,6,1,5,Yes
S10747,0,1,1,0,1,1,1,0,0,0,6,4,6,4,6.07,8,0,7,No
S10748,0,1,0,1,0,0,1,1,0,0,8,1,8,4,7.45,7,3,0,Yes
S10749,1,0,1,0,0,0,1,1,0,1,10,4,7,1,6.29,4,0,4,No
S10750,1,1,1,1,0,0,0,0,1,0,9,8,6,6,5.42,7,0,4,Yes
S10751,1,1,0,1,1,0,1,1,0,0,6,1,6,2,5.26,6,2,3,No
S10752,0,1,1,1,1,0,1,0,0,0,5,5,10,1,6.3,6,1,2,No
S10753,0,1,0,0,0,1,0,0,0,0,6,10,5,7,9.92,6,0,5,Yes
S10754,0,1,0,0,1,0,1,1,0,0,5,2,1,4,6.29,4,2,0,No
S10755,1,1,0,0,0,0,1,0,0,1,3,8,1,7,7.46,6,3,3,Yes
S10756,0,0,1,0,1,1,0,0,0,0,2,5,10,7,7.9,5,0,7,Yes
S10757,1,0,0,1,1,0,0,0,0,0,4,9,1,9,5.18,6,1,7,No
S10758,0,0,0,0,1,1,1,0,1,0,3,3,2,7,6.62,4,2,0,No
S10759,1,1,1,1,1,0,1,1,1,0,5,6,3,8,5.19,8,1,6,Yes
S10760,0,1,0,0,1,0,1,1,0,0,6,7,2,2,5.95,1,1,7,No
S10761,1,0,0,1,0,1,0,0,0,1,9,2,10,1,6.37,6,3,3,Yes
S10762,1,1,1,1,1,1,1,0,0,0,2,1,5,7,6.54,1,0,3,No
S10763,0,0,0,1,0,0,0,1,1,0,7,3,7,1,5.44,3,2,6,No
S10764,1,1,1,1,0,0,1,1,0,1,3,5,7,6,8.72,1,1,3,No
S10765,0,0,0,0,0,1,1,1,0,0,7,5,9,3,6.19,8,1,5,No
S10766,0,0,1,0,0,1,0,0,1,0,3,5,9,7,7.99,4,3,3,Yes
S10767,0,1,0,0,0,1,1,0,1,0,9,5,3,6,5.99,2,0,6,No
S10768,1,1,1,1,1,1,0,0,1,1,10,8,8,4,9.07,0,1,6,Yes
S10769,1,1,0,0,0,0,1,0,0,1,5,1,6,6,7.12,2,1,6,No
S10770,0,1,0,0,1,1,1,0,1,0,5,3,7,7,8.24,6,0,1,Yes
S10771,1,1,1,1,0,0,0,1,0,0,10,1,10,10,8.13,2,3,7,Yes
S10772,0,0,1,1,1,0,1,0,0,1,1,10,7,3,6.72,8,1,0,Yes
S10773,1,1,1,0,0,1,1,0,1,0,7,4,7,4,9.31,8,2,3,Yes
S10774,1,1,0,0,1,0,0,1,0,0,10,3,4,9,8.97,0,1,3,No
S10775,1,1,0,1,0,1,0,0,0,0,8,8,3,1,7.09,2,3,1,No
S10776,1,1,0,1,1,1,0,0,0,1,8,7,2,7,8.87,4,0,0,Yes
S10777,1,1,0,1,0,1,1,0,0,0,2,9,4,8,6.28,4,3,5,Yes
S10778,0,0,0,1,0,1,1,0,1,0,2,8,2,7,6.62,8,3,6,Yes
S10779,0,0,1,1,0,0,1,0,0,0,1,5,2,5,5.08,7,0,2,No
S10780,1,1,0,1,0,0,1,1,0,0,6,7,8,2,9.68,8,1,4,Yes
S10781,0,1,0,1,0,0,0,0,0,0,1,9,8,8,6.22,1,1,0,No
S10782,1,0,0,1,0,0,0,0,0,1,6,2,6,1,9.56,6,3,4,Yes
S10783,0,1,1,0,1,1,1,0,0,0,1,5,6,10,5.95,2,3,7,Yes
S10784,0,1,0,1,1,1,0,0,0,0,1,5,7,3,7.29,2,1,3,No
S10785,0,1,0,1,1,1,1,1,0,0,5,8,6,1,8.41,0,0,6,No
S10786,1,1,1,1,1,0,1,0,0,0,6,8,9,3,5.76,8,1,4,Yes
S10787,1,1,0,1,0,1,1,0,1,1,6,8,4,6,7.83,1,1,8,Yes
S10788,1,0,0,1,0,1,1,0,0,1,8,3,3,6,9.85,8,1,6,Yes
S10789,0,1,0,1,1,0,0,1,0,0,8,2,2,5,5.65,3,3,7,No
S10790,1,0,0,0,0,1,1,0,0,0,3,9,7,7,5.94,8,2,3,Yes
S10791,0,1,0,1,0,1,1,1,1,1,1,8,9,9,7.34,7,1,5,Yes
S10792,1,0,0,1,1,0,1,1,1,0,7,6,4,3,6.86,3,0,8,No
S10793,0,1,0,1,0,1,1,1,0,1,6,9,7,3,5.4,7,2,8,Yes
S10794,1,1,0,1,1,1,0,0,0,0,2,1,6,4,9.31,3,0,7,No
S10795,1,0,0,0,1,0,1,0,0,0,6,7,7,6,9.6,0,0,5,No
S10796,1,0,0,1,1,0,1,0,0,0,6,10,7,9,9.94,0,0,2,No
S10797,1,1,0,1,1,1,0,0,0,0,7,3,8,1,8.52,3,3,0,Yes
S10798,1,0,0,1,1,1,1,1,0,0,9,9,3,4,8.51,6,3,8,Yes
S10799,0,1,0,1,1,1,1,0,1,1,9,9,7,3,8.93,8,2,3,Yes
S10800,1,0,1,0,0,0,1,1,0,0,9,6,7,9,8.47,8,2,6,Yes
S10801,1,0,1,1,1,1,1,0,1,1,9,1,3,2,6.09,6,0,3,No
S10802,0,1,1,1,1,0,1,0,0,0,2,6,5,4,7.72,3,3,5,Yes
S10803,1,1,1,1,0,0,0,1,0,0,8,10,5,3,6.3,2,1,7,Yes
S10804,0,1,1,1,0,1,1,0,0,0,9,9,7,9,5.73,6,2,2,Yes
S10805,0,0,1,0,1,0,1,0,1,0,4,8,1,10,5.07,1,1,4,No
S10806,1,1,1,1,0,1,0,0,0,1,1,1,10,4,5.87,2,0,2,No
S10807,1,1,1,1,0,1,0,0,0,0,5,3,5,2,5.42,5,1,7,No
S10808,1,1,1,1,0,1,0,1,1,0,10,7,6,8,6.37,0,0,4,No
S10809,0,0,0,1,0,0,0,1,0,1,1,4,2,4,5.09,8,0,5,No
S10810,0,1,0,1,0,0,0,1,0,0,4,8,1,2,7.48,0,0,5,No
S10811,0,0,0,0,0,0,0,0,0,0,4,7,4,6,7.35,5,0,2,No
S10812,0,0,1,0,1,0,1,0,0,1,8,2,10,7,9.31,0,3,7,Yes
S10813,1,1,0,0,1,1,0,0,0,0,6,10,9,9,5.49,6,1,4,Yes
S10814,0,1,1,1,0,0,0,0,0,0,9,5,8,7,9.24,2,0,3,No
S10815,0,0,0,0,0,0,0,0,1,0,4,10,8,4,7.33,8,1,5,Yes
S10816,0,1,0,1,1,0,0,1,0,0,6,8,7,7,5.62,2,0,5,No
S10817,0,0,0,0,1,1,1,0,0,0,2,1,8,4,5.17,4,2,5,No
S10818,0,0,1,1,1,1,1,1,0,0,3,3,7,6,7.12,3,2,4,Yes
S10819,1,0,1,1,0,1,1,1,0,1,9,3,5,6,8.31,6,0,4,Yes
S10820,1,1,0,1,0,1,1,0,0,1,1,7,8,5,7.4,1,2,6,No
S10821,1,1,1,1,0,0,1,0,0,1,6,8,9,3,8.59,3,0,5,Yes
S10822,1,0,0,1,0,0,1,0,1,1,5,10,4,9,5.17,8,1,7,Yes
S10823,0,1,1,1,0,0,0,0,0,0,8,4,1,5,6.41,2,3,6,No
S10824,1,0,0,1,0,0,0,1,1,0,1,3,8,9,7.18,0,1,6,No
S10825,0,1,1,0,0,1,1,1,0,0,1,5,2,9,7.22,4,1,2,No
S10826,1,1,1,1,0,1,0,1,0,0,7,9,3,2,9.42,8,2,6,Yes
S10827,1,1,0,1,1,1,1,1,0,1,7,2,10,2,8.7,2,2,8,Yes
S10828,0,0,0,0,1,1,1,1,0,1,3,6,5,10,6.74,0,2,6,No
S10829,0,1,1,1,0,1,1,0,0,0,1,8,6,2,9.16,8,1,7,Yes
S10830,1,1,0,0,1,0,0,0,0,0,6,3,7,2,9.65,3,0,5,No
S10831,1,0,0,0,0,1,0,0,1,0,5,6,8,3,9.06,2,1,7,No
S10832,1,0,0,1,0,0,0,0,1,1,1,8,5,2,5.23,4,1,6,No
S10833,1,0,0,1,0,0,0,0,0,1,9,9,10,1,8.26,7,2,3,Yes
S10834,1,1,1,1,0,0,1,0,0,1,2,4,4,2,8.59,4,0,4,No
S10835,1,0,0,1,1,0,0,0,0,0,3,4,8,6,8.08,1,3,7,Yes
S10836,0,1,1,0,0,0,0,0,0,1,7,2,1,1,7.39,0,1,5,No
S10837,0,0,1,0,1,1,0,1,1,0,7,3,9,4,9.36,3,0,4,Yes
S10838,0,0,1,0,0,0,1,0,1,0,4,4,10,10,8.33,7,0,5,Yes
S10839,0,1,0,1,0,1,1,0,0,1,2,2,10,6,9.74,6,3,3,Yes
S10840,1,1,0,0,1,1,0,0,1,0,6,7,4,8,6.91,5,0,2,Yes
S10841,0,0,1,0,0,0,1,1,1,0,1,5,4,10,6.14,5,2,7,No
S10842,1,1,1,0,1,0,1,0,1,0,4,10,8,8,9.93,5,1,6,Yes
S10843,0,0,0,1,0,1,0,0,0,1,6,9,1,8,5.51,7,2,8,Yes
S10844,1,1,0,1,1,1,1,0,1,1,10,2,2,5,8.24,4,1,7,Yes
S10845,1,0,0,1,1,0,0,0,0,0,1,7,5,8,8.4,7,0,4,Yes
S10846,0,1,1,1,1,0,1,0,1,0,9,4,4,8,7.38,7,3,7,Yes
S10847,0,1,1,1,1,1,0,0,1,0,9,10,9,1,7.95,1,1,6,Yes
S10848,0,1,1,0,1,0,0,0,0,0,6,6,4,3,9.08,0,0,5,No
S10849,0,1,1,0,1,0,1,0,1,0,5,8,5,1,6.15,2,1,4,No
S10850,1,1,1,0,1,1,0,0,1,0,6,2,7,4,6.88,7,0,0,Yes
S10851,1,1,0,1,1,1,1,0,1,0,2,6,6,4,9.07,1,1,6,Yes
S10852,1,1,1,1,1,1,1,1,1,0,4,10,2,3,7.67,4,3,3,Yes
S10853,0,0,1,1,1,0,0,0,1,0,5,3,1,3,6.37,1,3,5,No
S10854,0,1,0,1,1,0,0,0,1,0,6,6,6,1,6.27,8,3,1,Yes
S10855,1,0,0,1,1,0,1,0,0,0,10,7,7,3,6.08,8,2,8,Yes
S10856,0,1,1,1,0,1,1,0,1,0,7,7,9,1,7.75,8,1,1,Yes
S10857,0,1,1,1,1,1,0,1,0,0,3,9,10,10,9.74,7,0,4,Yes
S10858,1,1,1,1,0,0,1,1,0,0,2,3,1,10,6.35,2,1,5,No
S10859,0,1,1,1,0,1,0,0,1,0,8,1,2,1,7.21,4,2,5,No
S10860,0,1,0,1,0,0,1,1,0,0,6,3,4,9,8.91,8,0,7,No
S10861,0,1,1,0,0,1,0,0,0,1,7,1,9,2,6.55,6,2,0,No
S10862,1,1,1,0,1,1,1,1,1,0,1,6,1,1,6.67,1,2,8,No
S10863,1,1,0,1,0,1,0,1,0,1,4,8,7,9,6.31,1,0,4,No
S10864,1,1,0,1,0,1,0,1,0,1,2,2,2,3,8.5,0,1,6,No
S10865,1,1,0,0,1,1,1,0,0,0,5,4,2,5,8.54,0,3,7,No
S10866,0,1,0,0,0,1,1,0,1,0,9,1,1,10,8.0,7,3,1,Yes
S10867,1,0,1,0,0,1,0,0,0,1,10,1,2,1,5.56,4,0,5,No
S10868,0,1,0,1,0,1,1,0,0,1,2,7,9,4,8.86,5,0,5,Yes
S10869,1,1,0,0,0,0,0,0,0,1,4,2,2,3,8.69,6,1,1,No
S10870,1,1,0,0,0,1,0,0,0,1,2,8,1,1,6.79,3,1,3,No
S10871,1,1,1,1,1,1,0,1,0,1,9,9,2,2,5.62,5,0,7,Yes
S10872,0,1,0,1,0,0,1,0,0,0,1,9,1,1,5.43,0,1,0,No
S10873,0,0,0,1,0,1,1,0,1,0,1,9,5,6,5.51,8,3,5,Yes
S10874,1,0,0,0,0,0,1,0,0,0,6,7,3,10,7.6,5,3,7,No
S10875,0,1,0,1,1,1,0,0,1,0,7,10,3,10,7.76,1,3,7,Yes
S10876,1,1,0,1,0,1,1,0,1,1,3,1,1,5,8.6,4,0,5,No
S10877,1,1,1,0,0,1,0,0,0,0,8,4,6,9,7.98,4,0,5,Yes
S10878,1,1,0,1,1,0,1,1,0,0,2,5,8,1,6.2,1,0,8,No
S10879,1,0,0,1,0,1,0,0,0,1,2,1,1,10,8.69,4,2,2,No
S10880,0,0,0,0,1,1,1,0,0,0,1,2,8,1,6.8,4,3,1,No
S10881,1,1,1,0,0,1,1,0,1,0,3,9,7,9,7.12,0,1,6,No
S10882,1,0,0,0,1,0,1,0,0,1,7,6,6,4,9.25,4,3,7,Yes
S10883,1,1,1,1,0,1,1,0,0,1,6,3,5,9,8.42,0,0,3,Yes
S10884,0,1,1,0,1,0,1,0,0,1,5,8,2,6,5.54,0,2,0,No
S10885,1,1,0,0,0,1,0,0,1,0,2,5,5,3,5.39,3,2,0,No
S10886,0,1,1,0,0,1,1,1,0,0,6,9,6,10,7.67,1,3,7,Yes
S10887,1,0,0,1,1,1,0,1,0,0,8,6,7,5,8.88,5,1,1,Yes
S10888,1,0,1,1,0,1,1,0,0,0,6,3,1,6,6.1,1,1,0,No
S10889,0,1,1,1,0,1,0,0,1,0,5,10,10,10,6.11,0,3,2,Yes
S10890,1,1,1,1,1,0,1,0,0,0,5,5,10,2,6.06,8,2,1,Yes
S10891,0,0,0,0,0,0,1,0,0,1,9,7,6,3,8.11,6,0,3,No
S10892,1,0,1,1,0,1,0,1,0,0,8,9,8,10,7.88,0,3,2,Yes
S10893,0,1,1,1,0,1,1,0,0,0,8,6,8,2,5.84,8,2,7,Yes
S10894,1,1,0,1,1,0,1,0,0,1,8,10,10,7,5.14,4,3,3,Yes
S10895,0,0,1,1,1,1,1,1,0,0,8,5,9,7,6.22,1,2,7,Yes
S10896,1,0,0,1,1,0,0,1,1,0,7,9,6,8,7.8,8,3,5,Yes
S10897,1,0,1,1,0,0,1,1,1,0,5,1,9,3,8.64,5,0,1,No
S10898,1,1,1,1,0,1,0,1,0,0,2,1,8,2,8.7,4,0,0,No
S10899,1,1,1,1,1,0,0,1,1,0,1,10,1,4,5.1,1,2,6,No
S10900,1,0,1,1,0,1,1,1,0,0,9,5,1,1,9.28,0,0,7,No
S10901,1,0,1,1,1,0,1,0,0,1,2,9,7,9,6.47,6,0,7,Yes
S10902,0,1,0,1,1,1,1,0,0,0,3,8,9,7,9.6,3,2,1,Yes
S10903,0,1,1,0,1,1,1,1,0,0,8,5,6,1,7.97,7,3,7,Yes
S10904,0,0,0,1,0,1,1,0,1,0,1,10,3,9,5.27,0,1,0,No
S10905,0,0,0,0,1,0,1,0,1,0,9,9,10,1,9.86,5,2,7,Yes
S10906,1,0,1,1,0,0,1,0,0,0,6,10,5,6,7.61,8,2,2,Yes
S10907,1,1,0,1,1,0,1,1,1,0,3,9,3,7,6.93,0,3,3,Yes
S10908,1,0,0,1,1,0,1,1,1,0,8,5,7,8,7.84,4,3,2,Yes
S10909,0,1,1,0,0,1,0,0,0,0,3,9,1,6,7.53,3,1,1,No
S10910,1,0,0,1,1,1,1,1,1,0,5,10,5,7,8.87,2,0,3,Yes
S10911,1,1,0,1,0,1,0,1,1,1,4,2,1,5,9.31,1,1,8,No
S10912,0,0,1,0,1,1,1,0,0,1,8,9,3,2,6.33,0,0,2,No
S10913,1,1,1,1,1,0,0,0,0,0,2,4,1,9,6.17,8,0,1,No
S10914,0,0,0,0,0,1,1,0,1,0,9,2,6,1,5.28,6,2,4,No
S10915,0,1,0,1,1,1,1,1,0,1,7,2,3,6,9.38,0,0,3,No
S10916,1,1,1,1,0,1,1,0,0,0,1,1,5,1,7.19,7,1,6,No
S10917,1,0,1,0,0,0,1,0,0,0,4,3,10,4,6.76,1,3,8,Yes
S10918,1,1,1,1,0,1,1,0,1,1,10,9,8,4,7.41,8,3,5,Yes
S10919,0,1,0,1,1,0,1,1,0,0,5,1,3,9,9.87,3,1,5,Yes
S10920,1,0,0,0,0,1,0,1,1,1,7,3,1,5,8.48,2,0,0,No
S10921,0,1,1,0,1,0,0,0,1,0,1,4,5,8,9.72,4,2,0,No
S10922,0,0,0,1,1,0,1,1,1,0,6,5,5,4,7.82,0,3,6,No
S10923,1,1,1,1,1,1,0,0,1,0,2,3,8,1,7.09,5,0,7,No
S10924,1,0,0,1,0,0,1,1,0,0,3,5,9,1,5.51,2,2,4,No
S10925,0,0,1,0,1,1,0,1,0,1,7,9,3,7,8.38,1,0,1,No
S10926,1,0,0,0,1,1,0,0,0,0,5,3,1,1,7.4,8,2,7,No
S10927,0,0,0,0,0,1,1,0,0,0,5,7,4,9,5.4,3,0,5,No
S10928,1,1,1,0,0,0,1,0,1,0,6,5,4,8,7.48,6,2,2,No
S10929,0,0,1,0,1,1,1,0,1,1,6,3,10,6,7.48,7,2,1,Yes
S10930,0,0,1,1,0,1,0,0,0,0,8,9,8,5,8.52,7,0,6,Yes
S10931,0,1,0,1,0,1,1,1,0,0,4,2,6,9,9.44,2,0,2,No
S10932,1,1,1,1,1,1,0,0,1,0,1,6,9,7,8.41,8,0,8,Yes
S10933,1,0,1,1,1,0,1,1,0,0,7,4,8,9,7.24,4,1,1,Yes
S10934,0,1,0,1,1,1,1,0,1,0,3,1,5,1,9.4,6,3,3,Yes
S10935,1,1,0,1,0,1,1,0,0,1,1,7,5,8,8.02,4,0,2,No
S10936,1,1,1,1,0,1,1,0,0,0,6,8,1,6,7.77,4,3,0,Yes
S10937,0,1,0,0,1,1,0,1,0,0,3,4,5,1,9.1,1,3,6,No
S10938,1,0,1,0,1,1,1,1,0,0,3,4,1,10,5.85,3,3,3,No
S10939,1,1,0,1,1,1,1,1,0,0,7,3,7,9,9.82,3,1,2,Yes
S10940,1,1,1,1,0,0,1,0,0,0,5,5,5,10,7.45,8,3,7,Yes
S10941,0,0,0,0,0,0,1,0,1,0,7,8,6,1,7.94,3,1,5,No
S10942,0,1,0,1,0,1,1,1,0,0,1,3,2,10,9.21,8,3,3,Yes
S10943,1,0,0,1,1,0,0,0,0,1,4,1,3,4,7.75,2,0,4,No
S10944,1,0,0,0,1,1,0,1,0,0,3,6,8,2,6.22,6,2,5,No
S10945,1,0,0,0,0,0,0,0,0,0,8,8,10,5,9.78,8,2,6,Yes
S10946,0,0,0,1,0,0,1,0,0,0,2,6,10,6,7.86,0,0,1,No
S10947,1,1,0,0,0,0,1,0,0,1,7,9,9,7,8.98,3,2,6,Yes
S10948,0,1,0,0,0,0,1,0,0,1,7,5,5,2,5.73,6,2,0,No
S10949,1,1,0,0,0,1,0,0,1,0,9,3,6,3,6.4,4,1,4,No
S10950,0,1,0,1,1,1,1,0,0,0,8,6,3,10,7.32,6,3,2,Yes
S10951,1,1,1,1,1,1,1,0,0,0,3,10,3,8,6.73,7,0,3,Yes
S10952,0,1,0,0,0,1,1,1,0,0,10,3,10,8,6.17,2,2,4,No
S10953,1,1,0,0,0,1,1,0,0,1,5,8,10,3,6.93,4,0,7,No
S10954,1,1,0,1,0,0,0,0,0,0,5,7,1,4,7.78,0,1,0,No
S10955,0,1,0,1,1,1,1,0,0,0,5,9,3,7,6.1,7,2,7,Yes
S10956,0,1,1,0,1,1,1,0,0,1,5,6,10,10,9.63,4,1,0,Yes
S10957,1,1,0,1,0,0,0,1,0,1,10,9,6,6,7.96,6,0,2,Yes
S10958,0,1,0,0,0,1,1,1,1,0,10,5,7,7,5.65,5,3,7,Yes
S10959,0,0,1,0,1,0,1,0,1,0,9,8,8,2,5.45,1,0,4,No
S10960,0,0,1,0,0,0,1,0,0,0,10,3,5,7,7.26,4,0,0,No
S10961,1,0,1,1,1,0,1,1,0,0,10,7,1,4,7.19,2,2,8,Yes
S10962,1,0,0,1,0,0,1,1,0,0,10,5,2,2,7.95,8,1,4,No
S10963,1,0,1,0,1,1,1,1,0,0,7,4,10,5,8.12,0,2,3,Yes
S10964,1,1,0,1,1,0,1,0,1,1,8,6,4,9,6.56,0,2,3,No
S10965,0,1,1,1,0,1,1,0,1,1,1,10,3,1,6.16,5,3,8,Yes
S10966,1,0,0,1,0,1,1,0,1,0,8,8,1,8,7.42,3,3,1,Yes
S10967,1,1,0,1,0,0,0,0,1,1,10,4,7,5,9.47,7,1,6,Yes
S10968,0,1,1,0,0,0,1,0,0,1,9,7,9,4,6.94,0,3,2,No
S10969,0,1,1,0,1,0,1,1,0,0,2,3,5,7,6.86,7,0,5,Yes
S10970,1,1,1,1,0,0,0,0,1,0,6,8,1,10,6.23,3,1,4,No
S10971,1,0,0,0,0,1,0,0,0,1,4,5,6,8,6.72,6,2,8,Yes
S10972,0,1,1,0,0,0,1,0,0,0,10,4,3,10,6.93,8,1,8,Yes
S10973,1,1,1,1,0,1,1,1,1,1,6,9,5,7,9.71,1,2,3,Yes
S10974,0,1,0,1,1,1,1,0,1,1,1,10,8,9,6.84,7,2,3,Yes
S10975,0,0,0,1,0,0,0,0,1,0,2,9,6,5,9.72,5,0,1,No
S10976,1,0,1,1,1,0,1,0,1,0,10,1,1,10,6.48,8,0,3,No
S10977,0,1,0,1,0,1,1,1,1,0,4,3,9,2,5.34,8,2,2,No
S10978,0,0,1,1,0,1,1,0,0,0,1,2,10,4,5.69,8,1,0,No
S10979,1,1,0,1,0,1,0,0,1,1,7,7,2,7,6.86,1,1,0,No
S10980,0,0,1,0,0,1,1,0,1,0,8,4,2,9,8.25,7,0,8,Yes
S10981,0,0,1,0,0,0,0,0,0,1,6,4,8,5,7.18,5,2,6,Yes
S10982,0,0,0,0,1,1,1,0,1,1,4,1,5,7,7.58,5,2,2,No
S10983,0,1,0,1,0,1,0,1,0,0,7,4,4,10,7.32,5,2,2,No
S10984,1,1,0,1,0,1,1,0,1,0,6,7,4,8,6.49,8,1,3,Yes
S10985,1,1,0,1,0,0,1,1,0,0,10,3,3,2,5.11,7,1,5,No
S10986,1,1,0,1,1,1,1,0,0,0,3,1,8,8,7.78,0,3,3,No
S10987,1,1,1,0,0,1,0,0,1,1,1,1,6,3,9.91,7,2,1,Yes
S10988,1,1,1,1,0,1,1,0,0,0,7,6,1,6,8.33,0,0,4,No
S10989,0,1,1,1,0,0,1,1,1,0,2,5,9,7,7.59,6,0,6,Yes
S10990,0,0,0,0,0,0,0,0,0,0,2,3,10,3,7.54,7,1,4,No
S10991,0,1,1,1,0,0,1,0,0,0,1,1,2,7,9.7,4,1,4,No
S10992,0,0,0,1,1,0,0,0,0,0,10,1,2,4,7.81,2,3,5,No
S10993,0,0,0,0,0,1,1,0,1,1,7,3,5,8,6.43,2,2,8,Yes
S10994,1,0,0,0,1,1,0,1,1,0,10,8,2,5,7.85,8,1,8,Yes
S10995,0,0,1,1,1,1,0,1,0,0,6,1,7,8,9.67,5,2,6,Yes
S10996,1,0,0,0,1,1,1,0,0,0,5,9,4,4,5.94,4,1,1,No
S10997,0,0,1,1,0,1,1,1,0,0,7,1,2,10,5.09,6,1,2,No
S10998,0,1,1,1,0,1,0,1,0,0,6,8,1,3,7.72,5,1,3,Yes
S10999,1,1,0,1,1,0,0,0,0,1,3,6,6,1,6.06,8,2,1,No
S11000,0,0,0,0,1,1,0,0,1,0,9,4,10,2,7.44,3,0,2,No
S11001,1,1,0,1,1,0,1,1,1,1,6,10,3,3,6.11,0,0,7,No
S11002,1,1,1,1,1,0,0,0,0,0,1,10,9,2,5.89,6,0,3,No
S11003,0,0,1,0,0,1,1,0,0,0,2,4,7,3,7.75,4,0,1,No
S11004,1,1,0,0,1,1,0,1,0,0,4,8,10,10,5.88,0,1,5,Yes
S11005,1,0,0,0,1,0,0,0,1,1,4,2,9,6,9.23,2,3,2,Yes
S11006,0,1,1,1,1,0,1,1,1,0,5,9,2,10,6.51,6,0,1,Yes
S11007,0,1,0,1,1,0,0,0,1,0,3,4,1,4,7.34,1,0,2,No
S11008,0,1,1,1,0,1,0,0,0,0,4,3,7,1,8.55,1,0,2,No
S11009,0,0,1,1,0,0,1,0,0,0,8,1,10,4,8.33,6,1,8,Yes
S11010,1,1,0,1,1,1,1,0,0,0,6,5,10,2,7.82,6,1,3,Yes
S11011,1,0,1,0,0,1,1,0,0,0,7,10,9,7,8.31,1,2,3,Yes
S11012,0,1,1,1,0,1,1,0,0,0,6,9,10,8,7.75,7,3,7,Yes
S11013,0,1,0,1,1,1,1,0,0,0,7,3,2,8,8.27,4,2,7,Yes
S11014,1,1,1,1,0,0,0,0,0,0,9,5,8,3,7.37,3,1,2,No
S11015,0,1,1,1,1,1,1,1,0,0,9,10,4,4,9.08,0,3,1,Yes
S11016,0,1,1,1,0,1,1,0,1,0,2,5,10,6,7.19,2,0,3,No
S11017,0,1,0,1,1,1,0,0,0,1,3,6,3,3,7.86,0,1,8,No
S11018,0,1,1,0,1,0,0,0,1,0,2,1,4,5,5.5,0,2,8,No
S11019,1,1,0,1,0,1,1,0,0,0,2,1,8,8,6.7,1,2,1,No
S11020,0,0,0,0,1,0,1,1,1,0,9,1,7,8,8.11,4,0,6,No
S11021,0,1,0,0,0,0,1,0,0,1,5,5,6,1,7.87,1,1,1,No
S11022,1,1,0,1,0,0,1,1,0,0,7,5,6,9,8.09,0,1,1,No
S11023,0,1,1,0,0,0,0,0,1,1,5,1,9,9,5.6,7,0,0,No
S11024,1,0,1,1,0,1,1,0,0,0,2,4,2,1,8.05,7,1,6,No
S11025,1,0,1,0,1,1,1,1,0,0,7,9,9,6,6.25,4,0,4,Yes
S11026,0,0,0,1,0,1,1,0,1,0,4,9,6,10,7.14,0,3,1,No
S11027,1,1,1,0,0,0,1,0,1,1,6,1,1,9,7.83,7,2,8,No
S11028,1,0,0,0,1,1,0,0,1,0,2,2,4,2,6.12,7,2,4,No
S11029,0,0,0,1,0,0,0,1,0,1,5,10,8,2,9.86,3,3,7,Yes
S11030,1,0,1,1,1,0,0,0,0,0,1,2,9,3,5.73,3,2,7,No
S11031,1,1,0,1,0,0,1,0,0,0,3,3,3,9,5.28,3,1,8,No
S11032,1,0,0,1,0,0,0,1,1,0,4,7,10,5,9.8,8,1,2,Yes
S11033,1,1,1,1,1,1,0,0,0,0,4,2,4,6,9.63,1,3,2,No
S11034,0,1,1,0,1,1,1,0,1,0,5,5,7,6,8.31,1,2,0,Yes
S11035,0,1,1,1,0,1,1,0,0,0,7,8,1,3,6.41,0,1,1,No
S11036,0,1,1,1,1,1,0,1,1,1,7,2,1,6,8.24,2,2,1,No
S11037,0,1,0,1,0,1,0,1,0,0,8,4,3,6,9.46,0,3,0,Yes
S11038,1,1,0,1,0,0,0,1,0,1,8,4,9,8,7.67,7,2,3,Yes
S11039,0,0,1,0,1,1,0,0,0,0,8,1,7,2,6.68,1,2,2,No
S11040,0,1,0,1,1,1,0,0,0,0,5,9,9,3,6.87,8,2,5,Yes
S11041,0,0,1,1,0,0,1,0,0,0,1,1,5,6,9.04,0,1,6,No
S11042,0,1,0,1,1,0,1,0,0,0,9,2,9,10,5.57,7,0,6,No
S11043,0,0,1,1,1,0,0,0,0,0,8,5,7,5,6.5,2,3,7,Yes
S11044,0,0,0,1,0,0,1,0,0,0,10,1,5,1,9.34,3,3,5,Yes
S11045,1,1,0,1,0,1,1,0,0,1,3,2,7,9,9.34,6,0,0,Yes
S11046,0,0,1,1,1,0,1,0,0,0,8,3,1,4,5.6,8,2,7,No
S11047,1,1,0,0,0,1,1,0,1,1,1,2,8,6,6.48,6,3,2,Yes
S11048,1,1,1,1,0,0,0,0,0,1,9,10,8,9,6.19,3,1,8,Yes
S11049,1,1,1,1,1,1,0,0,1,0,1,8,1,4,6.33,1,2,3,No
S11050,1,1,1,1,0,0,0,0,0,0,10,5,9,10,6.41,5,0,3,Yes
S11051,1,1,0,1,0,1,0,0,0,0,6,2,8,5,9.59,4,2,3,Yes
S11052,1,1,1,1,0,1,1,0,0,1,7,1,7,3,7.59,6,0,8,Yes
S11053,0,0,1,1,1,1,0,1,1,0,3,6,3,10,9.91,1,2,5,Yes
S11054,0,1,1,1,0,0,1,1,0,0,1,2,1,1,9.16,8,3,3,Yes
S11055,0,1,1,0,0,1,0,0,0,0,2,1,3,5,5.1,5,2,3,No
S11056,1,0,1,1,1,1,0,0,0,0,5,9,8,10,5.4,2,1,6,Yes
S11057,0,1,1,1,1,0,1,0,1,0,8,8,2,4,5.2,6,0,5,No
S11058,0,0,0,1,0,1,1,0,0,0,5,10,10,5,6.48,3,1,8,No
S11059,1,1,1,1,1,1,0,1,0,1,6,3,9,4,5.93,1,2,8,Yes
S11060,0,1,0,0,0,1,1,0,0,0,8,3,1,10,8.96,7,3,8,Yes
S11061,0,1,1,1,0,0,1,0,1,0,7,9,5,4,8.54,1,2,3,No
S11062,1,0,0,1,1,1,0,0,0,0,7,5,5,9,6.75,3,2,4,No
S11063,0,1,0,0,0,0,0,1,1,0,2,10,1,7,8.59,6,0,0,No
S11064,0,1,1,1,1,0,1,1,1,0,3,8,10,8,9.82,7,2,1,Yes
S11065,1,0,0,0,0,1,1,0,0,0,1,10,8,5,9.26,8,0,1,Yes
S11066,1,0,0,1,1,0,1,0,0,0,1,7,5,7,8.15,3,2,0,No
S11067,1,1,1,0,1,1,0,0,0,0,4,2,10,2,9.06,6,2,2,Yes
S11068,1,0,1,1,0,1,1,0,0,0,2,5,5,10,7.92,7,3,1,Yes
S11069,1,1,0,0,0,0,0,0,1,0,1,9,2,5,9.84,3,2,2,No
S11070,1,1,0,1,1,0,1,0,1,0,9,8,3,6,5.38,6,3,8,Yes
S11071,1,1,0,0,0,1,1,1,1,1,7,6,10,7,5.99,7,1,2,Yes
S11072,0,1,0,1,0,1,1,0,0,1,3,7,6,7,9.1,5,0,4,Yes
S11073,1,1,0,0,0,0,1,0,0,0,8,5,10,9,7.65,3,3,2,Yes
S11074,1,1,0,0,1,1,1,1,1,1,4,9,7,4,8.1,1,3,6,Yes
S11075,1,1,0,0,1,1,0,0,0,1,5,7,1,1,6.13,1,2,0,No
S11076,1,1,1,1,0,1,0,1,1,1,3,10,3,10,8.17,2,3,5,Yes
S11077,1,1,1,1,0,1,1,1,0,0,10,7,6,2,9.88,3,3,3,Yes
S11078,1,0,1,0,0,1,0,0,0,1,10,2,6,1,5.18,6,2,3,No
S11079,1,0,0,1,0,1,0,1,0,1,4,5,10,4,8.85,2,0,3,Yes
S11080,0,1,1,0,1,1,0,0,0,0,4,6,6,10,9.94,3,0,5,Yes
S11081,0,0,1,0,0,0,0,0,0,0,1,7,3,7,6.88,5,1,6,No
S11082,1,1,0,1,0,0,1,0,1,0,6,10,9,5,8.01,4,2,2,Yes
S11083,1,1,0,1,1,1,1,0,0,1,8,1,2,7,5.02,4,1,3,No
S11084,0,1,1,1,1,1,1,0,0,0,5,4,5,9,6.21,2,2,4,No
S11085,0,1,1,1,1,0,1,1,0,0,4,6,7,6,8.39,5,1,2,Yes
S11086,1,0,1,0,1,0,0,1,0,0,1,10,6,6,9.25,4,3,4,Yes
S11087,0,0,1,1,1,1,1,1,1,0,1,5,2,5,8.01,3,1,7,Yes
S11088,0,1,0,1,1,1,1,0,0,0,6,3,4,2,6.61,7,2,7,Yes
S11089,1,1,0,0,0,0,0,0,0,0,6,6,10,10,6.35,4,1,2,No
S11090,0,1,1,1,0,0,1,0,1,1,8,5,7,8,9.41,4,0,8,Yes
S11091,0,1,0,0,0,0,1,1,0,0,6,2,8,4,5.57,8,2,8,No
S11092,0,0,0,1,0,0,1,0,1,0,6,7,7,4,8.75,3,2,7,Yes
S11093,1,1,0,1,0,0,0,1,0,0,4,3,5,2,8.41,6,3,0,Yes
S11094,1,1,1,1,1,1,0,0,0,1,9,8,5,6,7.88,7,3,1,Yes
S11095,1,0,1,1,1,1,1,0,0,0,3,5,7,3,9.55,2,3,8,Yes
S11096,1,1,0,0,1,1,1,0,0,1,6,8,1,8,6.3,3,3,5,Yes
S11097,0,0,1,1,0,1,1,0,0,0,8,8,4,4,5.78,5,1,3,No
S11098,0,1,0,0,0,1,1,0,0,0,3,10,1,10,9.67,4,0,5,No
S11099,0,1,0,1,0,0,1,1,0,0,9,7,2,1,9.97,6,2,0,Yes
S11100,0,1,0,0,1,1,0,0,1,0,7,8,2,9,9.11,2,2,5,Yes
S11101,1,1,1,1,1,0,0,0,1,1,7,3,1,7,6.96,0,2,3,No
S11102,0,0,0,0,1,1,1,0,0,0,4,10,10,5,8.96,1,3,5,Yes
S11103,0,1,0,1,0,1,0,0,0,0,5,6,9,2,9.3,8,2,0,Yes
S11104,1,0,0,1,1,0,1,0,0,0,6,1,1,5,7.43,4,0,8,No
S11105,0,1,0,0,0,0,1,0,0,0,2,4,4,2,9.53,3,1,5,No
S11106,1,0,1,0,0,0,1,0,0,0,2,3,5,9,8.03,0,3,7,Yes
S11107,0,0,0,0,1,1,1,0,0,0,2,5,3,4,6.39,8,2,1,No
S11108,1,1,0,1,1,1,1,1,0,0,2,6,8,2,9.23,2,2,2,Yes
S11109,1,1,0,0,1,0,1,0,0,0,1,9,6,8,6.11,0,2,4,No
S11110,0,0,0,1,0,0,1,0,0,0,9,4,1,3,7.57,6,0,0,No
S11111,0,1,1,1,0,1,1,0,0,0,3,5,6,10,5.93,3,1,5,No
S11112,1,0,0,0,1,1,0,0,1,0,9,1,5,9,8.99,6,3,4,Yes
S11113,1,1,0,0,1,0,0,0,0,0,7,6,5,1,8.99,0,1,0,No
S11114,1,0,0,0,1,0,0,0,1,0,2,1,7,6,9.99,4,0,5,No
S11115,0,1,0,0,1,1,1,0,0,0,8,1,2,6,9.95,3,1,3,No
S11116,0,0,0,1,1,1,1,1,0,1,7,2,3,1,9.58,8,2,7,Yes
S11117,0,1,1,0,1,0,1,0,1,0,9,8,6,6,9.29,4,3,0,Yes
S11118,1,0,0,1,1,1,1,1,1,0,3,5,5,4,6.11,4,2,3,No
S11119,0,1,1,1,1,1,1,0,0,1,4,1,3,5,9.7,7,3,7,Yes
S11120,1,1,1,0,1,1,1,0,1,1,9,9,6,8,5.88,0,2,7,Yes
S11121,0,0,0,0,0,0,1,1,0,0,5,10,5,8,5.81,8,0,2,No
S11122,1,0,1,1,0,1,1,0,0,0,5,7,5,7,7.56,0,1,6,No
S11123,1,0,1,0,0,1,0,1,0,1,6,5,7,6,6.18,0,2,6,Yes
S11124,0,1,1,1,0,0,1,1,1,0,10,2,7,2,5.53,3,3,0,No
S11125,1,1,1,1,0,1,0,0,0,0,3,6,9,5,6.25,5,2,6,Yes
S11126,0,1,0,0,1,0,1,0,0,0,3,4,7,6,5.31,3,0,5,No
S11127,0,0,0,0,1,0,0,1,0,0,6,5,1,2,6.81,5,2,1,No
S11128,1,1,0,0,0,1,0,0,1,0,1,10,2,9,9.32,0,3,3,Yes
S11129,1,1,0,0,0,1,1,1,0,0,6,7,10,5,9.42,0,1,7,Yes
S11130,0,0,0,1,1,0,1,1,0,0,4,7,4,5,6.66,5,1,5,No
S11131,0,1,1,1,0,1,1,0,0,0,9,3,4,9,7.09,6,2,0,Yes
S11132,1,0,0,0,1,1,1,0,0,1,8,2,5,6,5.94,2,1,8,No
S11133,1,1,0,0,0,0,0,0,0,0,6,3,1,6,7.19,1,2,6,No
S11134,0,0,0,0,0,1,1,0,0,0,4,2,8,2,9.25,5,1,4,No
S11135,0,0,0,0,0,1,0,0,0,1,4,5,6,9,7.29,5,1,6,No
S11136,1,0,0,0,0,1,1,1,0,0,6,4,1,1,7.85,1,1,3,No
S11137,1,1,1,0,1,0,0,0,1,0,1,5,4,9,7.53,5,1,0,No
S11138,0,0,1,1,0,1,1,0,1,0,2,9,6,4,7.26,4,0,8,No
S11139,0,1,0,1,0,1,1,0,0,0,8,3,1,1,9.35,3,3,2,No
S11140,0,0,0,0,1,0,1,0,1,1,6,5,1,5,6.26,1,3,5,No
S11141,0,1,1,0,0,1,1,0,1,0,2,3,8,2,9.2,4,1,3,No
S11142,0,1,1,1,1,1,1,0,0,0,2,8,7,6,7.25,5,0,6,Yes
S11143,1,0,1,1,0,0,1,0,0,0,2,6,3,2,7.27,1,1,7,No
S11144,0,1,1,1,0,1,1,0,0,1,3,9,5,9,7.12,8,3,6,Yes
S11145,1,0,0,1,0,1,0,0,0,1,5,7,7,8,9.56,7,0,0,Yes
S11146,0,1,1,0,1,1,0,1,1,0,10,5,2,2,8.33,8,3,1,Yes
S11147,1,0,0,1,0,0,1,1,0,0,10,3,10,5,5.14,7,1,0,No
S11148,1,0,1,1,0,1,0,0,0,0,9,9,10,9,9.06,0,0,7,Yes
S11149,0,1,1,1,1,0,1,0,0,1,5,2,7,8,5.0,2,0,6,No
S11150,0,1,1,1,1,1,0,0,0,0,5,5,1,4,7.05,7,2,0,No
S11151,1,0,1,0,1,0,1,0,0,1,4,8,5,10,6.32,1,2,3,No
S11152,0,1,1,1,1,0,1,0,0,0,8,4,10,2,6.79,2,2,8,Yes
S11153,1,1,1,0,0,0,0,0,0,0,6,7,4,1,9.24,6,1,7,No
S11154,1,1,0,1,1,0,1,0,1,0,7,9,6,8,6.09,7,3,0,Yes
S11155,0,1,1,1,1,1,0,0,0,0,7,3,4,4,5.92,2,1,2,No
S11156,1,1,1,1,0,1,0,1,0,0,7,8,10,2,7.74,4,0,0,No
S11157,0,1,1,0,0,0,1,1,0,0,2,3,7,5,5.9,6,3,5,No
S11158,1,1,0,1,0,0,1,0,0,0,2,6,10,8,8.54,2,0,4,Yes
S11159,0,1,1,1,0,1,1,0,0,0,1,1,6,9,9.0,1,3,3,Yes
S11160,0,1,0,1,0,1,1,0,1,1,10,1,3,6,6.84,6,0,7,Yes
S11161,1,1,1,0,0,0,0,0,1,0,1,3,2,8,7.24,1,2,2,No
S11162,1,1,1,1,1,0,0,0,1,0,10,6,3,10,7.4,7,1,2,Yes
S11163,0,0,1,1,1,1,1,0,1,0,9,8,7,5,9.62,8,0,3,Yes
S11164,0,1,1,1,1,0,1,1,0,0,8,10,8,10,6.79,8,0,1,Yes
S11165,1,0,0,0,0,0,1,0,0,0,5,2,6,7,9.18,6,3,5,Yes
S11166,1,0,1,0,1,0,1,0,1,1,9,6,7,10,9.65,8,3,0,Yes
S11167,1,1,1,1,1,1,0,0,1,0,1,9,8,2,5.16,4,1,6,Yes
S11168,1,1,0,0,0,0,1,0,0,1,10,8,2,6,6.58,4,2,8,Yes
S11169,1,1,0,1,1,1,1,0,0,1,5,1,7,5,7.18,8,3,0,Yes
S11170,1,0,0,1,0,0,0,1,0,1,6,6,2,10,7.93,1,1,5,No
S11171,0,1,0,0,1,0,1,0,1,0,2,8,7,6,9.46,4,0,3,Yes
S11172,0,0,0,1,1,0,1,0,0,0,5,5,9,8,5.66,7,3,7,Yes
S11173,0,0,0,1,0,0,1,1,0,0,6,7,3,10,5.25,2,2,6,No
S11174,0,1,1,0,0,0,1,0,0,0,2,1,9,3,7.02,1,0,1,No
S11175,0,1,0,1,1,1,1,1,1,0,3,6,1,5,8.31,5,3,5,Yes
S11176,0,1,1,1,0,1,1,0,0,0,6,3,4,7,9.47,7,1,1,Yes
S11177,0,1,1,0,1,0,0,0,1,0,2,5,5,5,5.02,6,1,2,No
S11178,0,1,1,1,1,0,0,1,0,0,2,8,9,9,8.22,4,2,6,Yes
S11179,0,0,0,1,0,0,1,0,0,1,10,8,6,5,7.44,8,1,6,Yes
S11180,1,0,0,1,1,1,1,1,0,0,7,1,7,9,8.22,5,2,3,Yes
S11181,0,1,0,1,0,1,0,0,0,0,4,10,2,3,5.94,1,2,7,No
S11182,0,1,1,1,1,0,1,0,0,0,7,2,1,1,7.21,7,2,4,No
S11183,0,1,0,1,1,1,1,0,1,0,1,7,7,1,9.23,3,0,1,No
S11184,0,1,0,1,0,1,0,1,0,0,8,4,5,6,8.48,0,0,1,No
S11185,0,0,0,0,1,0,1,0,0,1,8,1,1,3,5.14,1,1,5,No
S11186,0,1,0,1,1,0,1,0,0,1,4,4,6,6,8.28,3,0,1,No
S11187,1,0,1,0,0,0,1,0,1,0,9,10,10,8,7.64,3,2,0,Yes
S11188,0,0,1,1,1,1,1,0,0,1,10,4,2,4,9.55,0,1,7,No
S11189,1,1,1,0,0,0,0,1,1,0,2,5,2,8,6.38,2,2,8,Yes
S11190,0,1,0,0,1,1,1,0,0,0,8,9,5,8,7.36,4,2,5,Yes
S11191,0,1,1,1,1,1,0,1,1,1,2,2,3,9,9.73,1,1,3,No
S11192,1,1,0,1,0,1,1,0,1,0,10,9,7,9,5.88,6,2,7,Yes
S11193,1,1,1,1,1,1,1,1,0,0,5,3,9,10,5.97,1,0,7,Yes
S11194,0,0,0,1,0,1,0,0,1,0,8,6,2,7,5.35,0,0,8,No
S11195,1,1,1,0,0,1,0,0,0,0,10,8,6,1,7.49,8,1,1,Yes
S11196,1,0,0,1,0,0,0,0,0,1,3,4,7,5,5.25,6,2,2,No
S11197,0,0,0,1,0,1,1,0,0,1,1,6,6,5,5.52,4,0,5,No
S11198,1,0,0,1,1,0,1,1,0,1,6,10,6,3,6.28,7,3,3,Yes
S11199,1,1,0,1,1,1,1,0,0,1,8,10,8,8,7.98,6,0,4,Yes
S11200,0,0,0,0,0,1,1,0,1,1,6,4,7,1,7.57,1,0,8,No
S11201,1,0,1,1,1,0,0,0,1,0,10,7,5,3,8.05,4,2,0,Yes
S11202,1,1,0,1,1,1,0,0,0,0,10,6,10,6,5.77,6,2,1,Yes
S11203,0,0,0,1,1,1,1,1,1,0,5,9,10,4,5.9,1,2,3,Yes
S11204,0,0,0,1,1,1,0,0,1,0,8,10,6,5,6.89,8,3,7,Yes
S11205,0,1,0,1,0,0,0,1,0,1,10,3,7,3,7.8,7,2,1,Yes
S11206,0,0,0,0,0,1,1,1,0,1,2,3,7,10,7.98,7,3,1,Yes
S11207,0,1,0,0,0,0,0,1,0,0,9,3,10,9,5.16,6,0,4,No
S11208,1,1,0,0,0,1,1,0,0,0,8,1,5,6,9.4,8,1,0,Yes
S11209,1,1,0,1,0,1,1,0,0,1,2,5,4,8,8.58,1,2,2,No
S11210,1,1,1,0,0,0,1,0,1,0,10,8,7,1,7.66,0,0,3,No
S11211,1,1,0,1,0,0,0,1,0,0,10,5,5,2,6.23,2,1,3,No
S11212,0,1,1,1,1,1,0,1,0,0,6,8,4,6,8.38,2,0,3,No
S11213,0,0,1,1,1,0,1,1,1,1,8,2,10,4,9.82,7,1,3,Yes
S11214,1,1,1,0,1,1,0,0,0,0,10,10,2,4,7.94,0,3,1,Yes
S11215,0,1,0,1,0,1,1,0,0,0,9,4,5,2,8.72,8,0,5,Yes
S11216,1,1,1,1,1,1,1,1,1,0,8,10,3,4,9.37,0,3,3,Yes
S11217,1,1,1,0,1,0,1,0,0,0,3,3,1,2,6.55,3,3,4,No
S11218,0,1,0,0,1,1,0,0,0,0,2,8,4,9,8.84,8,2,5,Yes
S11219,1,1,0,0,0,0,1,0,0,0,8,6,5,3,6.45,4,2,7,No
S11220,1,1,0,1,0,1,0,0,1,1,6,3,9,6,9.89,7,1,2,Yes
S11221,1,1,0,1,0,1,0,0,1,0,5,3,7,7,7.92,2,0,7,No
S11222,1,1,1,0,1,0,1,1,1,0,10,3,9,8,7.34,6,0,1,Yes
S11223,0,0,1,1,0,0,0,0,0,0,7,8,1,10,6.89,5,2,5,No
S11224,0,1,0,1,0,0,1,0,1,1,10,4,1,5,7.47,8,1,3,Yes
S11225,1,0,0,1,1,1,0,0,0,0,7,6,10,7,8.69,8,2,2,Yes
S11226,1,1,0,0,1,0,1,1,1,0,4,5,7,6,8.61,1,0,4,No
S11227,0,1,0,1,0,1,0,0,0,0,10,8,1,8,8.66,3,1,5,No
S11228,0,1,0,0,0,0,1,0,0,0,3,5,2,7,5.45,7,0,0,No
S11229,1,0,0,1,0,0,1,1,0,1,9,1,1,8,5.38,8,3,1,No
S11230,1,1,0,1,1,1,0,0,0,1,7,10,7,9,8.24,5,3,1,Yes
S11231,0,0,1,1,0,0,1,1,0,0,4,8,6,5,8.45,8,1,8,Yes
S11232,0,1,1,1,1,1,1,1,1,0,2,5,4,7,9.6,0,1,3,No
S11233,1,1,1,1,0,0,0,0,0,0,5,9,4,1,6.27,7,1,8,No
S11234,0,0,1,0,1,1,0,0,0,0,9,8,9,1,7.39,8,2,3,Yes
S11235,1,1,0,0,0,0,1,0,1,1,4,1,7,6,5.31,7,2,3,Yes
S11236,1,1,1,0,0,1,1,0,0,0,4,7,2,8,7.11,7,3,4,Yes
S11237,1,1,0,1,0,1,1,0,0,0,4,4,10,8,7.07,1,3,1,No
S11238,0,1,1,1,0,0,0,0,0,0,8,10,4,4,8.09,2,2,1,No
S11239,1,1,0,0,0,0,0,1,0,0,1,6,9,7,5.29,4,0,5,No
S11240,1,1,0,1,0,0,0,1,0,1,10,6,6,5,5.23,1,0,6,No
S11241,1,1,0,0,1,1,1,0,1,1,9,6,6,3,8.43,0,2,7,Yes
S11242,0,1,0,0,0,1,1,0,0,0,4,2,5,2,6.96,2,2,4,No
S11243,1,1,0,1,1,0,1,0,0,0,5,10,5,10,6.56,8,0,6,Yes
S11244,1,0,0,1,1,0,1,0,0,1,8,3,9,5,5.77,1,3,6,Yes
S11245,1,1,1,0,0,1,1,1,0,0,7,6,8,4,9.8,6,3,5,Yes
S11246,0,0,0,1,0,1,0,1,1,0,6,8,8,5,8.54,2,0,5,No
S11247,1,0,0,0,1,1,1,0,0,0,9,8,10,8,7.95,6,3,6,Yes
S11248,1,1,1,0,0,0,0,0,1,0,9,3,6,2,6.15,0,1,4,No
S11249,1,1,0,0,0,1,0,0,0,0,1,7,7,7,7.41,5,1,7,Yes
S11250,0,1,1,0,1,0,1,0,1,1,10,5,1,8,9.67,3,2,2,Yes
S11251,0,1,1,0,0,0,0,0,0,0,7,7,5,1,5.82,1,0,4,No
S11252,0,1,1,0,1,0,0,1,0,0,9,9,7,4,7.26,1,0,8,No
S11253,0,0,0,1,0,1,1,1,0,0,1,5,1,1,8.27,6,2,4,No
S11254,0,1,0,0,1,0,1,1,0,0,3,7,4,6,8.09,3,1,4,No
S11255,1,1,1,1,1,0,1,0,0,1,5,7,1,8,9.58,1,2,0,No
S11256,0,1,0,1,0,0,0,1,0,0,8,7,5,2,5.92,2,0,3,No
S11257,1,0,0,0,1,0,1,1,1,0,5,3,9,10,8.93,4,2,8,Yes
S11258,1,1,0,0,1,1,1,1,0,1,4,9,6,10,8.1,6,2,7,Yes
S11259,0,1,1,1,0,0,1,0,0,0,3,4,6,2,5.14,0,3,6,No
S11260,1,1,0,1,1,0,1,0,1,1,10,2,6,4,8.57,6,2,1,Yes
S11261,1,1,1,1,1,1,0,1,0,1,8,10,6,4,6.2,0,2,6,Yes
S11262,1,0,0,1,0,1,1,1,1,0,9,9,2,7,9.55,6,3,0,Yes
S11263,0,0,1,1,0,0,0,0,1,0,3,8,5,5,7.73,4,3,8,Yes
S11264,1,0,0,1,0,0,0,0,1,1,2,1,7,5,9.63,2,0,1,No
S11265,0,1,0,0,1,0,0,0,0,0,3,10,4,8,6.39,8,2,8,Yes
S11266,0,0,0,1,0,0,0,0,0,0,7,3,10,4,5.65,8,3,7,Yes
S11267,0,1,0,1,1,1,0,1,0,0,1,1,9,9,5.89,2,1,6,No
S11268,1,1,0,0,1,0,1,0,1,0,5,4,10,9,5.68,0,1,2,No
S11269,0,1,0,0,1,1,1,0,1,1,3,9,9,9,9.23,8,3,7,Yes
S11270,1,1,1,1,1,0,1,0,0,0,6,3,9,3,5.11,1,2,8,No
S11271,1,1,1,1,1,0,1,1,0,1,4,1,3,9,5.59,7,1,0,No
S11272,1,1,1,0,1,1,1,1,0,1,5,7,8,8,5.3,1,0,5,No
S11273,0,1,1,1,1,0,1,0,1,1,10,6,3,7,9.98,0,0,8,Yes
S11274,1,1,0,0,1,0,0,0,0,0,3,10,3,6,8.12,7,3,4,Yes
S11275,1,0,0,1,1,0,1,0,0,0,7,4,3,8,6.33,1,1,7,No
S11276,1,0,1,1,1,1,0,0,1,1,2,7,5,10,9.11,6,2,0,Yes
S11277,1,1,1,0,1,1,1,0,0,0,7,7,8,9,7.35,7,3,7,Yes
S11278,0,0,1,1,0,1,0,0,0,0,2,8,3,3,5.93,3,1,1,No
S11279,0,0,1,1,0,1,1,1,0,0,9,8,7,4,9.62,2,0,4,Yes
S11280,0,0,1,0,1,0,1,0,0,1,10,5,6,1,6.04,5,2,2,No
S11281,1,1,1,0,0,0,1,1,0,1,9,8,4,2,8.31,8,2,4,Yes
S11282,1,0,1,1,0,1,1,1,0,0,5,4,6,10,8.03,0,1,3,No
S11283,0,1,1,1,0,1,1,0,1,0,6,2,3,1,6.4,8,3,1,No
S11284,1,1,0,0,1,1,0,0,0,1,2,3,2,6,9.26,0,3,4,No
S11285,0,0,1,1,0,0,1,1,0,0,3,8,10,5,9.23,8,0,5,Yes
S11286,1,0,1,0,1,1,0,0,1,1,5,1,2,8,7.67,6,1,5,No
S11287,0,1,0,0,1,0,1,0,1,0,6,1,7,1,8.14,3,3,1,Yes
S11288,1,0,0,1,0,0,1,0,0,0,8,10,9,4,8.33,5,1,2,Yes
S11289,1,1,1,1,0,0,0,0,1,0,3,4,6,1,9.13,3,3,7,Yes
S11290,0,1,0,1,0,1,1,0,0,0,7,2,2,8,6.27,1,2,1,No
S11291,0,1,0,0,0,1,0,0,0,0,7,8,9,4,8.84,8,0,0,No
S11292,1,0,0,1,1,0,1,0,1,0,5,7,10,3,8.48,8,3,0,Yes
S11293,0,0,1,0,0,0,1,0,1,1,6,5,9,9,7.18,3,0,3,No
S11294,0,0,0,1,1,0,0,1,0,0,9,1,3,1,9.05,0,2,1,No
S11295,1,1,0,1,1,0,1,0,0,0,9,10,1,10,7.23,8,0,0,Yes
S11296,1,1,1,1,1,1,1,0,0,0,7,6,9,7,5.96,7,2,5,Yes
S11297,1,1,0,1,1,1,0,0,0,0,9,4,2,5,6.0,7,0,2,No
S11298,1,1,0,0,1,1,1,0,0,0,4,2,10,7,6.89,8,2,1,Yes
S11299,0,1,1,1,1,1,0,0,0,0,10,2,7,8,8.94,0,3,5,Yes
S11300,1,1,1,1,1,0,1,0,0,1,6,6,7,1,5.99,2,2,1,No
S11301,1,1,0,1,1,1,1,0,0,0,5,10,8,1,5.72,6,2,0,No
S11302,1,0,1,1,1,0,0,0,0,0,6,4,10,10,5.74,4,1,8,Yes
S11303,1,1,1,0,1,1,1,0,0,0,5,6,5,4,8.91,5,1,4,Yes
S11304,1,0,1,0,0,1,1,0,1,1,2,10,4,2,5.49,0,0,3,No
S11305,1,1,0,1,0,0,1,1,1,0,4,3,9,1,9.17,0,0,6,No
S11306,1,1,0,1,0,0,1,0,0,1,2,7,5,10,9.52,5,2,8,Yes
S11307,0,1,1,0,1,1,0,0,1,1,9,8,2,3,8.02,5,1,3,Yes
S11308,1,1,0,1,1,1,1,1,0,1,7,3,2,5,6.33,2,3,4,Yes
S11309,0,1,0,0,0,1,1,0,0,1,7,7,1,9,9.65,2,2,4,Yes
S11310,1,1,0,1,1,1,0,0,0,0,3,1,7,2,5.17,7,2,7,Yes
S11311,1,0,1,0,1,0,0,0,1,0,4,8,8,10,5.15,8,0,2,Yes
S11312,1,0,0,1,1,1,0,0,0,1,10,4,2,2,7.64,6,1,8,No
S11313,1,1,0,1,0,1,0,0,0,0,1,5,7,5,7.73,0,1,6,No
S11314,0,1,1,1,1,0,0,0,0,0,6,8,3,7,7.07,3,0,5,No
S11315,0,0,0,0,1,0,1,0,1,0,8,3,10,10,7.56,3,3,7,Yes
S11316,0,0,0,0,0,1,1,0,0,0,7,8,5,8,6.99,8,1,2,No
S11317,0,1,1,1,1,0,0,0,0,1,2,8,3,3,9.54,8,2,4,Yes
S11318,1,0,0,0,0,0,1,1,0,0,1,9,7,4,8.41,5,3,8,Yes
S11319,1,1,1,0,1,1,1,0,0,0,2,8,9,2,5.48,3,0,4,No
S11320,0,1,0,1,1,0,1,1,0,0,4,7,1,5,9.55,8,0,1,Yes
S11321,0,1,0,0,0,1,1,0,0,0,6,10,8,1,8.41,1,0,7,No
S11322,0,1,1,1,0,1,1,0,1,0,1,4,4,9,8.57,7,0,3,Yes
S11323,1,1,1,1,0,0,0,0,0,0,5,10,3,7,7.78,7,3,1,Yes
S11324,1,1,0,0,0,1,0,0,0,1,4,5,7,7,8.67,4,3,0,No
S11325,0,0,1,0,1,1,1,0,0,0,9,3,9,10,7.5,1,3,4,Yes
S11326,1,1,0,1,0,1,1,1,0,0,5,6,2,5,5.17,5,0,0,No
S11327,1,1,0,0,0,0,1,0,1,1,5,6,7,9,5.91,5,2,1,Yes
S11328,1,1,0,0,1,1,0,0,0,0,10,5,10,8,8.47,2,1,8,Yes
S11329,0,1,1,0,1,1,0,0,0,0,7,7,9,2,8.61,3,3,1,Yes
S11330,1,1,0,1,1,0,1,1,0,0,10,5,7,7,8.86,5,0,6,Yes
S11331,0,0,0,0,0,0,0,1,0,1,4,4,10,1,8.32,8,0,5,Yes
S11332,1,0,1,1,0,0,1,0,1,0,8,8,7,6,8.6,6,2,8,Yes
S11333,0,1,0,1,1,1,1,1,1,0,9,2,4,2,5.39,8,2,4,Yes
S11334,0,1,0,1,0,1,1,0,0,0,6,2,5,2,8.08,8,3,0,Yes
S11335,1,0,0,1,0,0,1,1,1,0,2,10,1,1,7.01,8,3,0,No
S11336,0,1,1,1,1,1,1,0,1,0,4,5,1,2,8.09,4,1,3,No
S11337,1,1,0,1,0,1,0,0,0,0,7,9,9,2,7.6,6,0,2,No
S11338,1,1,1,1,0,1,0,1,1,0,4,3,2,5,7.52,2,1,8,Yes
S11339,0,0,0,1,0,0,0,0,1,1,1,2,3,1,9.45,2,3,5,No
S11340,1,1,0,1,1,0,1,0,0,0,9,5,8,10,8.65,5,0,1,Yes
S11341,1,0,1,1,1,1,1,1,0,0,2,3,1,4,9.45,0,2,1,No
S11342,1,1,1,1,0,0,0,0,0,1,4,10,10,8,6.53,3,0,1,No
S11343,1,1,0,1,0,0,1,0,1,0,5,2,8,9,8.56,2,2,3,No
S11344,0,0,0,1,1,1,0,0,0,1,5,6,2,10,9.53,7,3,4,Yes
S11345,1,1,0,0,0,1,0,0,1,0,8,8,9,3,9.47,3,0,5,Yes
S11346,0,1,1,0,1,0,0,0,0,0,6,2,6,7,6.73,4,0,5,No
S11347,0,1,1,1,1,0,1,1,0,0,3,10,3,3,5.13,0,2,4,No
S11348,1,1,0,0,0,1,0,0,0,0,8,2,8,10,9.43,6,2,4,Yes
S11349,1,1,1,0,0,1,1,0,0,0,4,7,9,10,5.98,5,1,7,Yes
S11350,0,0,0,1,0,0,1,0,0,1,7,7,5,3,7.04,6,3,8,Yes
S11351,1,0,0,0,1,0,1,0,0,0,4,2,9,4,7.88,7,3,1,Yes
S11352,1,0,0,0,1,0,1,1,0,1,10,1,5,1,8.25,1,0,7,No
S11353,1,0,1,1,0,1,0,0,1,0,3,2,8,2,6.33,7,2,7,No
S11354,0,0,0,0,1,0,0,0,0,0,5,8,3,5,8.9,7,0,8,No
S11355,0,0,1,1,0,1,0,0,0,1,10,10,3,9,5.12,6,1,7,Yes
S11356,1,0,1,0,0,0,1,1,0,1,1,2,10,4,6.43,1,0,8,No
S11357,1,1,1,1,0,1,0,0,0,0,3,9,6,7,7.11,3,3,5,Yes
S11358,0,1,1,0,1,1,0,0,1,0,5,5,3,9,9.17,0,0,3,No
S11359,0,0,0,1,1,0,1,0,0,1,5,3,8,2,9.74,7,1,2,Yes
S11360,0,1,1,1,0,1,0,0,1,0,3,5,8,1,8.85,4,1,1,Yes
S11361,0,0,0,0,1,0,1,0,1,0,7,10,3,4,6.99,8,3,0,Yes
S11362,1,1,1,1,0,0,0,0,1,0,1,4,7,6,6.38,5,2,1,No
S11363,0,1,0,0,1,1,0,1,0,0,3,2,9,6,5.51,5,3,2,Yes
S11364,1,0,0,1,1,1,1,0,0,0,10,8,8,3,7.87,3,1,6,Yes
S11365,1,1,0,0,0,0,1,1,0,0,1,5,6,1,6.39,8,0,4,No
S11366,0,0,0,1,1,0,0,1,0,1,7,9,3,4,7.19,0,1,3,No
S11367,1,0,0,1,1,1,0,0,0,0,5,9,3,2,5.06,0,0,0,No
S11368,0,0,1,0,0,1,1,1,0,0,4,9,1,1,6.24,1,0,6,No
S11369,1,1,1,1,0,0,1,0,1,0,10,6,6,6,9.04,4,3,2,Yes
S11370,0,1,1,1,1,0,0,0,0,0,5,2,10,8,8.54,0,0,1,No
S11371,0,1,0,1,0,0,1,0,1,1,6,9,3,2,8.01,2,0,0,No
S11372,1,0,0,1,1,1,0,1,0,1,5,10,10,3,9.7,8,1,3,Yes
S11373,0,1,1,0,0,0,0,1,1,0,7,4,2,6,8.62,8,2,6,Yes
S11374,1,1,0,0,1,0,1,1,1,0,9,7,6,2,7.87,3,3,4,Yes
S11375,0,1,1,1,1,1,0,0,0,0,5,1,1,1,9.02,4,2,6,Yes
S11376,1,1,0,1,0,0,1,0,0,0,1,9,5,2,8.64,3,3,5,No
S11377,0,0,1,1,0,1,1,1,0,0,2,5,8,5,6.72,3,3,1,No
S11378,1,1,0,0,1,1,1,1,1,1,4,10,10,7,6.46,5,3,8,Yes
S11379,1,1,0,1,0,0,0,0,0,0,3,8,8,8,7.9,3,2,1,Yes
S11380,1,0,1,1,0,1,0,0,0,1,3,10,6,3,7.61,2,1,0,No
S11381,1,0,0,1,1,0,0,0,1,0,5,6,6,7,8.96,0,2,4,No
S11382,0,0,1,0,1,0,0,0,0,0,2,3,1,7,6.32,7,1,3,No
S11383,0,0,0,0,1,1,0,0,0,0,7,7,10,5,7.0,8,0,6,Yes
S11384,0,1,0,1,0,1,1,0,0,0,6,8,7,4,9.34,0,3,4,No
S11385,1,1,0,1,0,1,1,0,1,1,3,1,7,8,8.98,2,1,0,No
S11386,1,0,0,1,1,0,0,0,1,1,6,6,8,9,5.15,5,2,1,Yes
S11387,1,0,1,1,0,1,0,0,1,1,1,9,8,8,7.23,5,3,4,Yes
S11388,0,1,1,1,1,1,1,0,1,0,3,4,8,4,8.38,5,0,4,Yes
S11389,0,0,1,1,0,0,0,0,1,0,3,10,2,2,7.11,5,0,3,No
S11390,1,0,1,1,0,0,0,1,0,0,6,3,3,6,9.25,5,1,4,Yes
S11391,1,1,0,0,0,1,1,1,0,1,5,5,4,2,9.04,7,1,2,Yes
S11392,1,1,0,0,0,0,1,0,0,0,6,5,7,9,7.71,5,2,6,Yes
S11393,0,0,1,1,0,0,1,0,0,0,6,9,8,8,8.62,5,3,5,Yes
S11394,0,0,0,1,1,1,0,1,1,0,1,8,7,3,7.61,6,0,5,Yes
S11395,0,0,0,1,0,1,1,0,1,1,2,7,4,9,5.44,4,3,4,No
S11396,1,0,1,1,1,0,1,1,0,1,4,5,3,5,8.58,6,2,8,Yes
S11397,0,1,1,0,1,0,0,1,1,0,9,4,1,8,7.91,2,2,6,Yes
S11398,0,1,0,0,0,1,1,0,0,0,2,1,7,2,9.44,2,1,4,No
S11399,1,1,1,1,0,0,0,0,0,0,5,6,7,7,5.52,7,1,7,No
S11400,1,0,1,1,1,1,0,0,1,0,2,3,1,6,7.32,8,1,3,No
S11401,1,1,0,1,1,0,1,0,0,0,1,8,8,4,5.73,1,2,2,No
S11402,1,1,1,1,1,1,1,0,1,1,2,4,1,2,9.44,0,3,5,Yes
S11403,0,0,0,0,1,0,1,0,0,0,8,9,4,5,7.25,1,3,5,No
S11404,1,1,1,1,1,1,0,0,0,0,5,8,4,10,9.11,7,0,5,Yes
S11405,0,0,0,0,0,1,1,0,1,1,9,9,8,3,8.79,0,2,3,Yes
S11406,0,1,1,1,0,1,1,0,1,1,2,1,2,10,9.37,1,0,5,Yes
S11407,1,1,1,0,0,1,1,0,0,0,1,3,9,6,9.78,7,2,3,Yes
S11408,0,1,1,0,0,0,0,0,0,1,8,2,2,10,7.15,8,3,4,Yes
S11409,1,0,1,1,0,1,0,0,0,0,8,3,7,2,6.6,3,0,5,No
S11410,1,1,0,1,0,0,1,0,0,0,3,7,10,4,9.27,6,1,0,Yes
S11411,1,0,1,0,1,0,1,0,1,0,10,5,10,8,8.92,5,3,5,Yes
S11412,1,1,1,1,0,1,0,0,0,1,6,4,4,8,6.43,6,1,0,Yes
S11413,1,1,0,0,1,0,1,1,0,1,10,8,1,2,9.79,8,0,4,Yes
S11414,1,1,0,1,1,1,1,1,1,1,5,6,3,2,8.9,7,0,6,Yes
S11415,1,0,0,0,1,0,0,0,0,1,5,10,9,8,7.62,6,2,6,Yes
S11416,1,1,1,1,0,1,0,1,0,0,4,2,7,9,5.72,6,3,8,Yes
S11417,0,1,1,1,0,1,1,0,0,1,1,2,8,1,9.95,2,3,6,Yes
S11418,1,0,1,1,0,1,0,1,1,0,9,9,3,2,6.17,2,3,5,Yes
S11419,0,1,0,1,0,1,1,1,0,0,6,6,9,8,7.84,2,3,0,Yes
S11420,1,1,0,0,1,0,1,1,1,1,3,8,7,3,5.56,0,3,7,Yes
S11421,0,1,1,0,1,0,1,0,0,0,4,5,6,10,8.51,6,1,2,Yes
S11422,1,0,1,0,1,1,0,1,0,0,5,7,6,3,6.47,2,0,5,No
S11423,0,1,0,1,0,0,0,1,0,0,9,2,7,2,7.71,6,1,8,No
S11424,1,0,1,0,0,1,0,1,1,1,5,3,6,5,8.59,2,0,8,Yes
S11425,0,1,1,1,1,0,0,1,1,0,5,3,8,10,6.83,4,2,2,Yes
S11426,1,1,1,1,1,1,1,1,1,0,2,9,7,8,5.53,5,3,1,Yes
S11427,1,0,1,1,0,1,0,0,0,0,6,8,2,10,9.19,1,3,6,Yes
S11428,0,1,1,1,1,1,0,0,1,0,1,2,3,8,8.99,7,0,8,No
S11429,1,0,0,0,0,0,1,0,0,0,6,7,7,10,9.63,7,3,3,Yes
S11430,1,1,1,0,1,0,1,0,1,0,9,3,6,8,8.76,7,1,3,Yes
S11431,1,1,0,1,0,0,1,0,1,1,5,2,4,8,8.08,8,2,4,Yes
S11432,0,1,1,1,0,0,1,0,1,0,8,1,1,8,9.01,3,1,0,No
S11433,0,1,0,1,0,1,0,1,0,0,10,10,1,5,7.32,6,2,3,Yes
S11434,1,1,1,1,1,1,1,0,0,0,6,6,2,2,8.55,4,3,0,Yes
S11435,0,1,1,1,1,1,0,1,1,0,6,5,9,5,5.58,2,2,8,Yes
S11436,1,1,0,0,0,0,1,1,1,0,6,4,7,5,8.83,7,3,4,Yes
S11437,1,1,1,0,0,0,1,1,0,0,1,5,5,6,7.78,8,0,0,No
S11438,0,1,0,1,0,1,1,0,0,1,7,9,3,8,7.59,7,2,3,Yes
S11439,0,1,0,0,0,1,0,0,0,0,3,4,2,6,6.88,4,0,5,No
S11440,0,1,1,0,0,1,0,0,0,1,3,4,8,1,9.58,8,3,5,Yes
S11441,1,1,1,1,0,1,1,0,0,0,7,1,5,8,9.02,4,3,2,Yes
S11442,1,1,0,1,1,0,1,0,0,1,6,8,5,2,5.57,2,0,7,No
S11443,1,0,1,1,1,0,1,0,0,0,3,7,6,10,9.62,7,2,6,Yes
S11444,1,0,1,0,1,1,0,0,1,1,5,3,10,5,9.99,1,3,7,Yes
S11445,1,1,0,0,0,0,1,1,0,0,1,5,1,3,9.21,7,3,1,No
S11446,0,1,1,0,0,1,1,0,0,0,2,10,4,10,6.53,3,3,6,Yes
S11447,0,1,0,0,0,1,0,0,0,0,4,3,4,7,8.54,4,2,5,No
S11448,1,0,0,0,1,1,1,0,1,1,5,7,10,5,6.22,6,0,2,Yes
S11449,1,1,1,0,1,0,1,0,0,1,3,4,4,3,7.06,3,2,0,No
S11450,0,1,1,0,0,0,1,0,0,1,8,10,7,2,5.25,3,1,6,No
S11451,1,1,1,1,0,0,1,0,0,1,6,9,1,3,9.94,2,0,2,No
S11452,0,0,1,0,1,0,0,0,0,0,3,2,4,4,6.01,3,0,5,No
S11453,1,0,1,0,1,1,0,0,1,1,5,4,2,5,9.19,3,0,2,No
S11454,1,1,0,0,1,0,0,0,0,0,2,7,3,8,8.99,3,3,5,Yes
S11455,0,1,1,0,0,0,1,0,1,1,10,8,10,7,7.11,0,0,5,No
S11456,1,0,0,0,0,0,0,0,0,1,9,7,10,8,6.49,8,3,1,Yes
S11457,1,1,0,1,0,1,1,0,0,0,8,3,2,5,7.62,6,1,5,Yes
S11458,1,1,1,1,0,1,1,0,1,0,4,2,7,6,5.63,4,3,8,Yes
S11459,0,0,1,1,0,1,1,0,0,0,4,10,3,7,8.04,1,2,2,No
S11460,0,1,0,1,0,1,1,0,0,0,7,5,2,10,6.39,0,0,3,No
S11461,1,1,1,1,0,1,0,0,0,0,9,3,2,2,6.63,6,1,3,No
S11462,1,1,0,0,0,0,1,0,1,1,6,10,3,8,5.23,1,1,4,No
S11463,0,0,0,0,0,0,0,1,1,1,1,2,2,2,7.81,0,2,4,No
S11464,1,1,1,1,0,1,0,0,1,0,5,10,1,9,9.21,2,3,0,Yes
S11465,0,0,1,1,0,1,1,0,0,0,4,2,6,9,6.18,3,3,5,No
S11466,1,1,1,0,1,0,0,0,0,0,9,9,8,3,6.62,6,0,4,Yes
S11467,1,0,1,1,0,1,1,1,0,0,7,10,4,6,8.17,6,2,2,Yes
S11468,0,0,0,1,1,1,0,0,0,1,1,8,9,9,7.56,1,0,2,No
S11469,1,1,1,1,1,0,0,0,1,1,7,6,10,3,7.03,8,0,1,Yes
S11470,0,1,0,1,0,0,1,1,0,0,5,4,2,5,7.06,1,1,0,No
S11471,1,1,0,1,0,0,0,1,0,1,2,6,5,10,6.94,5,3,7,Yes
S11472,1,0,1,0,0,0,0,0,0,0,2,10,3,9,9.19,7,3,4,Yes
S11473,0,1,1,0,0,0,1,1,0,0,1,9,1,8,6.46,7,1,7,No
S11474,1,0,1,1,1,1,1,1,0,1,8,2,6,3,6.82,0,1,1,No
S11475,0,1,0,1,1,0,1,0,0,0,8,3,10,5,8.89,7,3,7,Yes
S11476,1,1,0,0,1,0,0,0,1,0,7,5,4,5,6.19,0,0,4,No
S11477,0,0,0,1,1,1,1,0,0,0,8,1,4,9,6.6,1,2,7,No
S11478,0,1,1,1,1,1,1,0,1,0,8,8,3,5,5.04,8,2,6,Yes
S11479,1,1,1,1,0,0,1,1,1,0,8,9,2,5,7.47,8,1,0,Yes
S11480,0,0,1,1,0,1,1,0,0,0,8,2,3,4,8.6,8,0,5,No
S11481,0,1,1,0,0,0,1,1,1,0,10,10,4,4,6.79,6,3,2,Yes
S11482,1,0,1,0,0,1,1,1,1,0,8,6,7,9,7.44,2,0,8,Yes
S11483,0,0,1,1,1,1,1,1,0,0,2,1,1,3,7.18,4,1,8,No
S11484,0,0,1,1,0,1,0,0,0,0,4,9,9,2,6.63,4,0,8,No
S11485,1,1,1,1,0,0,0,1,0,0,3,2,10,1,8.61,0,3,3,No
S11486,1,1,1,0,0,1,1,0,1,0,10,1,2,2,9.53,6,0,2,Yes
S11487,1,1,0,1,1,0,0,1,0,1,1,6,7,10,9.21,1,3,0,Yes
S11488,1,1,1,1,1,0,0,0,0,1,2,9,1,2,7.21,7,1,0,No
S11489,0,0,0,0,1,1,1,0,1,1,2,8,6,4,8.61,4,2,8,Yes
S11490,1,1,1,1,1,0,0,0,0,1,6,3,3,7,8.65,7,3,2,Yes
S11491,0,1,1,1,1,1,1,0,0,1,8,9,10,3,9.4,4,3,2,Yes
S11492,1,1,1,0,0,0,1,0,0,0,3,10,7,10,8.69,8,2,3,Yes
S11493,1,1,0,1,0,0,1,1,0,1,2,3,6,9,9.57,7,2,4,Yes
S11494,0,1,0,1,0,0,1,0,1,1,8,5,2,3,6.38,5,3,5,Yes
S11495,1,1,0,1,1,0,1,1,1,1,9,8,2,3,9.84,7,0,6,Yes
S11496,1,0,1,0,1,1,1,1,0,1,5,5,8,4,7.62,3,1,7,Yes
S11497,1,1,0,0,0,1,0,0,1,1,3,3,3,5,5.94,6,1,1,No
S11498,1,1,1,0,0,1,0,0,1,0,5,6,2,10,8.52,1,2,4,No
S11499,1,1,1,1,0,1,0,0,0,1,4,10,4,6,8.21,1,0,3,No
S11500,0,1,0,0,0,1,1,1,1,0,9,1,2,9,7.1,6,0,7,Yes
S11501,1,1,1,1,0,0,0,0,0,0,7,3,4,5,7.58,4,1,8,Yes
S11502,0,0,0,0,0,1,1,0,1,0,5,4,10,7,6.01,7,1,2,No
S11503,0,1,0,1,0,1,0,0,0,0,8,2,1,10,5.9,1,3,3,No
S11504,1,1,1,0,1,0,1,0,0,0,2,9,5,7,7.67,7,0,1,Yes
S11505,1,0,1,1,1,0,0,0,1,0,4,10,10,1,6.55,2,2,1,No
S11506,0,0,0,0,0,1,0,1,0,0,1,2,10,2,9.15,0,0,6,No
S11507,0,1,0,1,1,0,1,0,0,1,3,1,8,9,8.37,1,1,8,Yes
S11508,1,1,1,1,1,0,1,1,1,0,9,7,5,5,6.9,1,0,7,Yes
S11509,1,0,0,0,1,1,0,0,0,0,3,3,6,2,5.2,7,1,3,No
S11510,1,1,0,1,0,0,0,0,0,0,8,2,7,6,9.32,2,3,1,Yes
S11511,1,1,1,0,0,0,0,0,0,0,9,7,6,2,5.44,4,3,2,No
S11512,0,1,1,0,0,1,0,0,0,0,1,1,2,9,10.0,0,3,5,No
S11513,0,1,1,1,0,1,1,1,0,0,8,2,2,2,9.35,7,2,3,Yes
S11514,1,1,0,1,0,0,0,0,0,0,3,9,6,8,5.69,4,2,8,No
S11515,0,1,0,0,1,1,0,0,0,0,8,4,6,2,8.75,6,0,6,Yes
S11516,0,1,1,0,0,0,0,1,0,1,9,9,6,5,7.34,5,1,4,Yes
S11517,1,0,0,0,1,0,1,0,0,0,10,9,6,9,6.77,2,2,1,Yes
S11518,1,1,1,0,1,0,0,0,0,0,9,8,6,1,7.63,0,0,4,No
S11519,0,1,1,1,1,0,1,0,1,0,6,2,6,4,5.66,3,2,5,No
S11520,0,1,1,1,1,0,1,0,0,1,5,9,2,3,6.61,0,0,6,No
S11521,0,0,0,1,1,1,1,0,0,1,4,10,9,10,8.06,2,2,1,Yes
S11522,1,1,0,1,1,1,1,0,0,0,5,4,3,10,8.57,0,0,0,No
S11523,1,0,0,1,0,0,0,0,1,0,9,1,3,1,6.63,0,1,2,No
S11524,1,1,1,0,1,0,0,0,0,0,7,9,3,10,9.1,3,2,2,Yes
S11525,0,0,1,1,1,0,1,0,0,0,5,6,1,5,8.84,7,1,6,No
S11526,0,0,0,1,1,1,1,1,1,0,4,4,3,5,8.56,4,1,4,Yes
S11527,1,0,0,0,0,0,0,0,0,0,9,10,1,5,9.67,0,3,0,No
S11528,0,1,1,1,1,1,0,1,0,0,10,7,7,9,5.96,6,1,4,Yes
S11529,0,1,1,1,1,1,1,0,1,0,10,8,8,3,6.39,0,2,8,Yes
S11530,0,1,1,1,1,0,1,0,1,0,2,10,4,5,8.1,1,2,8,Yes
S11531,0,1,1,0,1,1,0,1,0,1,1,6,3,1,7.46,3,3,5,No
S11532,1,1,1,0,0,1,1,1,0,0,3,7,9,6,5.87,1,1,3,No
S11533,0,1,0,1,1,1,1,0,1,0,8,10,2,4,6.87,4,2,1,Yes
S11534,1,0,0,1,0,0,0,0,1,0,6,6,8,9,7.58,2,1,1,No
S11535,1,0,0,1,1,1,0,0,0,1,10,2,3,5,8.83,4,1,7,Yes
S11536,0,1,1,1,1,0,0,1,0,0,9,5,10,9,7.83,8,1,8,Yes
S11537,0,1,1,1,1,1,0,0,1,1,4,7,5,9,9.61,8,1,3,Yes
S11538,1,0,0,1,0,1,1,1,1,0,8,6,3,4,7.96,7,1,6,Yes
S11539,0,1,0,1,1,1,0,0,1,0,8,5,2,8,7.62,4,0,1,No
S11540,0,1,0,0,1,1,0,0,1,1,4,5,8,3,8.24,8,2,7,Yes
S11541,0,1,0,1,1,1,1,1,1,1,1,2,6,6,6.69,1,3,8,Yes
S11542,1,1,0,1,0,0,1,0,1,0,7,2,4,8,8.62,1,3,3,Yes
S11543,0,1,1,0,1,1,0,0,0,1,4,2,10,8,6.28,5,1,7,Yes
S11544,1,0,0,1,1,1,1,0,1,0,4,3,6,8,7.9,6,2,3,Yes
S11545,1,1,0,0,1,0,1,0,0,1,5,9,5,9,5.91,7,2,7,Yes
S11546,1,1,0,0,1,0,0,0,0,1,6,6,8,6,5.86,2,3,5,Yes
S11547,1,1,1,1,1,1,1,0,0,1,5,10,1,6,8.91,7,0,7,Yes
S11548,0,0,1,1,1,1,1,1,0,1,2,10,1,1,6.59,8,2,8,Yes
S11549,1,0,0,1,1,1,0,1,0,0,1,3,10,3,9.84,6,3,0,Yes
S11550,0,1,1,1,1,1,0,0,0,0,3,3,3,5,8.93,3,1,0,No
S11551,1,0,1,1,1,1,1,0,0,0,4,2,6,6,6.7,8,0,0,No
S11552,0,1,1,1,1,0,0,0,0,0,9,5,9,10,6.15,1,2,4,Yes
S11553,0,1,0,0,0,1,0,0,0,1,9,8,9,7,6.68,3,0,1,No
S11554,0,0,0,1,1,0,0,0,0,0,7,4,6,10,8.96,1,3,0,No
S11555,0,1,1,0,1,1,1,0,1,0,10,4,7,6,6.37,6,3,6,Yes
S11556,0,1,1,0,0,1,0,0,1,0,6,8,2,5,8.39,4,0,8,No
S11557,0,0,1,1,0,0,0,0,0,1,2,5,8,8,7.58,2,1,0,No
S11558,0,1,1,1,1,0,0,0,0,0,6,6,7,1,9.75,2,3,4,Yes
S11559,1,1,1,0,0,1,0,0,1,0,5,5,8,9,5.9,3,1,0,No
S11560,0,1,1,1,0,1,1,0,1,0,7,4,9,3,7.66,5,0,1,Yes
S11561,1,1,0,0,1,1,1,0,1,0,1,5,6,1,5.05,7,0,3,No
S11562,1,1,1,1,0,1,1,0,1,0,4,6,9,10,6.59,6,2,5,Yes
S11563,0,1,1,0,1,0,1,0,1,0,10,4,8,4,7.02,5,1,1,No
S11564,1,0,0,0,0,1,1,1,0,0,7,2,3,5,6.35,2,1,8,No
S11565,0,0,0,1,0,1,1,1,0,0,2,3,5,1,7.24,8,0,2,No
S11566,1,1,0,0,1,0,1,0,0,1,4,4,10,6,5.3,3,2,6,No
S11567,1,1,1,1,1,1,1,0,1,0,6,2,8,3,7.7,8,3,8,Yes
S11568,1,0,1,1,1,0,1,1,0,1,9,2,8,6,9.53,0,3,7,Yes
S11569,1,0,1,0,0,1,0,0,1,0,3,8,3,8,7.48,8,3,3,Yes
S11570,0,1,1,0,1,0,1,0,0,1,3,10,3,6,6.69,7,3,4,Yes
S11571,1,0,0,1,1,0,0,0,0,1,9,8,10,5,9.88,5,1,2,Yes
S11572,1,1,1,0,1,0,0,0,0,0,2,4,3,9,8.54,8,3,7,Yes
S11573,1,0,0,1,1,1,0,1,0,0,9,9,2,3,6.44,4,1,4,Yes
S11574,1,1,1,1,0,1,0,0,0,0,1,9,2,7,6.58,0,2,6,No
S11575,0,0,0,1,1,1,0,0,0,1,10,8,1,6,9.73,7,3,4,Yes
S11576,1,1,0,0,1,0,0,0,1,0,1,3,1,6,9.05,8,1,3,No
S11577,0,0,0,1,0,0,0,1,0,0,3,9,4,10,7.38,0,3,6,No
S11578,0,1,0,1,1,1,0,0,1,0,10,7,7,7,7.5,1,0,6,No
S11579,0,1,1,0,0,0,1,1,1,0,3,3,10,6,6.38,4,0,8,No
S11580,0,0,0,1,1,1,1,0,0,0,1,4,8,7,8.32,5,2,3,No
S11581,1,0,0,1,1,0,0,0,1,0,1,2,8,5,9.44,0,3,6,No
S11582,1,1,1,0,1,0,0,1,0,0,9,7,7,6,8.15,4,2,1,Yes
S11583,0,1,0,1,1,0,1,1,0,0,5,3,4,4,7.34,7,0,2,No
S11584,0,0,1,1,1,0,0,0,0,0,4,1,2,9,6.81,6,2,0,No
S11585,0,0,1,0,1,0,0,0,0,0,1,5,10,2,9.72,0,0,2,No
S11586,0,1,0,0,0,1,1,0,1,0,4,1,7,9,6.45,4,0,1,No
S11587,1,1,0,0,0,1,1,1,0,0,9,2,8,2,7.51,1,3,8,Yes
S11588,1,0,1,1,1,0,0,0,0,0,1,1,10,8,6.76,6,0,1,No
S11589,0,0,1,0,1,1,1,1,1,0,5,9,2,6,9.8,1,2,1,Yes
S11590,0,0,0,0,0,0,0,1,1,0,1,6,10,8,6.01,1,1,5,No
S11591,1,0,0,1,0,1,0,0,1,0,1,3,8,3,7.99,1,1,6,No
S11592,0,0,1,1,1,0,1,0,0,0,9,8,7,3,7.33,2,2,8,Yes
S11593,1,0,0,1,1,1,0,1,0,1,5,7,9,5,6.81,2,2,7,Yes
S11594,1,0,0,1,0,0,0,0,0,0,9,1,3,10,7.84,5,3,6,Yes
S11595,0,0,1,0,0,1,0,0,0,1,3,5,7,8,9.14,3,0,2,No
S11596,0,0,1,0,1,1,1,0,1,0,9,1,9,9,6.26,8,0,6,Yes
S11597,1,1,0,1,0,0,1,0,1,0,9,2,4,10,7.73,0,3,1,Yes
S11598,1,1,0,1,1,1,1,0,1,0,10,1,5,10,5.38,8,0,4,Yes
S11599,1,1,1,0,1,0,1,1,1,0,4,6,7,9,8.0,6,1,7,Yes
S11600,0,0,0,1,1,1,0,0,0,1,1,3,2,9,6.83,6,2,6,Yes
S11601,1,1,0,1,1,0,0,0,1,0,10,6,9,1,8.83,1,1,2,No
S11602,0,1,1,0,0,1,1,0,0,0,1,2,2,8,9.45,3,1,0,No
S11603,0,1,1,0,1,0,1,0,1,0,6,9,5,5,7.9,3,2,8,Yes
S11604,0,0,0,1,1,1,1,0,1,1,8,2,8,1,7.39,6,3,8,Yes
S11605,1,0,1,0,1,1,1,1,1,0,4,3,1,6,6.8,3,1,6,No
S11606,0,0,0,1,1,1,1,0,1,1,4,7,2,10,6.29,8,3,4,Yes
S11607,1,1,0,1,0,1,1,1,1,0,2,1,9,10,5.37,5,0,5,No
S11608,1,1,0,1,1,1,1,0,0,0,2,8,7,8,5.46,1,2,4,No
S11609,1,1,0,0,0,0,1,1,0,0,4,3,6,7,7.0,8,2,7,Yes
S11610,1,1,1,0,1,0,0,1,1,0,2,6,6,5,6.47,2,0,6,No
S11611,0,0,1,1,1,0,0,0,0,1,10,4,3,9,6.88,2,2,3,No
S11612,1,1,0,1,0,0,0,1,1,0,9,3,4,5,5.98,4,2,3,No
S11613,1,1,0,0,0,0,1,0,0,0,3,7,6,7,9.05,7,1,1,Yes
S11614,0,1,0,0,1,0,0,1,0,1,7,10,1,3,6.42,2,0,5,No
S11615,1,1,1,1,1,0,0,0,0,0,5,6,10,7,9.39,7,2,2,Yes
S11616,0,1,0,1,0,1,1,0,0,0,8,7,7,5,8.76,2,3,1,Yes
S11617,1,1,0,0,0,1,1,0,0,0,4,4,4,1,6.81,1,3,4,No
S11618,1,1,0,1,1,0,1,1,0,0,9,9,5,1,6.67,7,2,5,Yes
S11619,0,1,0,1,0,1,1,0,0,0,6,8,7,6,6.33,1,3,7,Yes
S11620,1,1,0,0,1,1,0,0,0,0,8,7,10,1,7.91,6,3,8,Yes
S11621,0,1,0,1,1,0,1,0,0,1,7,6,4,2,5.12,3,3,8,Yes
S11622,1,0,1,1,1,0,0,1,0,0,3,1,7,5,9.19,6,2,3,Yes
S11623,1,1,1,1,1,0,1,0,0,1,1,4,10,9,9.2,4,3,5,Yes
S11624,1,1,0,1,0,0,1,0,0,1,3,10,4,3,7.21,3,1,8,Yes
S11625,1,0,0,0,1,1,0,0,0,1,6,8,4,8,7.14,2,0,6,No
S11626,1,1,0,0,0,0,1,0,1,0,5,9,3,4,9.06,1,1,4,No
S11627,0,1,1,1,0,1,1,0,0,0,4,4,6,8,8.53,7,2,0,Yes
S11628,1,1,0,0,0,0,1,0,1,0,3,3,6,10,8.36,7,0,1,No
S11629,1,1,1,1,0,1,1,0,0,0,9,8,10,3,5.27,7,3,8,Yes
S11630,1,1,0,0,0,1,1,0,0,0,10,1,10,9,6.58,5,3,1,Yes
S11631,0,1,0,1,1,1,0,0,0,0,5,5,8,7,9.44,4,2,3,Yes
S11632,0,0,0,1,0,0,1,0,0,0,6,2,9,7,9.15,4,2,5,Yes
S11633,0,1,0,0,1,0,1,0,1,0,4,2,1,4,8.63,7,1,7,No
S11634,0,0,0,1,0,1,1,1,1,0,2,7,7,6,5.84,6,2,6,Yes
S11635,1,0,0,1,0,0,0,0,0,0,3,2,5,2,7.4,3,1,8,No
S11636,1,0,0,1,1,0,0,1,1,0,2,5,2,1,8.45,0,1,3,No
S11637,0,0,1,1,0,1,0,1,0,0,1,5,2,5,6.73,0,3,0,No
S11638,0,1,1,1,1,1,1,0,1,0,4,6,7,9,9.5,4,2,2,Yes
S11639,1,0,1,1,1,1,1,0,0,0,2,8,6,6,7.03,7,1,6,Yes
S11640,1,1,0,0,0,1,1,0,1,0,5,2,6,8,9.77,6,2,6,Yes
S11641,0,0,0,0,0,1,0,0,0,0,1,4,6,8,7.75,8,2,2,No
S11642,0,1,1,1,0,0,1,1,1,1,8,7,9,2,9.68,1,1,6,Yes
S11643,1,1,0,1,1,0,0,1,0,1,6,6,8,10,9.78,1,0,4,Yes
S11644,0,0,1,1,1,0,0,0,0,0,7,6,2,10,9.46,5,0,4,Yes
S11645,1,1,1,1,1,1,1,0,1,1,6,3,4,1,9.82,6,1,7,Yes
S11646,1,1,0,1,1,0,1,0,0,1,10,1,8,7,8.2,0,0,3,No
S11647,1,1,1,0,0,1,1,0,0,0,1,9,10,9,9.45,3,3,3,Yes
S11648,1,0,1,1,1,0,1,1,1,0,4,2,10,1,7.67,4,2,2,Yes
S11649,1,1,1,1,1,1,1,1,1,0,9,4,7,2,7.05,6,3,6,Yes
S11650,0,0,1,1,1,1,1,0,1,0,6,7,5,5,9.24,2,3,6,Yes
S11651,1,0,0,0,1,1,0,0,0,0,2,1,4,2,8.1,7,0,3,No
S11652,0,1,1,0,1,0,1,1,0,0,5,4,10,5,6.51,8,2,0,Yes
S11653,1,1,1,0,0,1,0,1,1,0,8,10,2,8,8.14,8,2,8,Yes
S11654,1,0,1,1,1,1,1,0,1,1,4,8,9,4,7.0,5,3,2,Yes
S11655,0,1,1,1,1,0,1,1,0,0,7,3,10,3,5.92,5,2,0,Yes
S11656,0,1,0,1,1,0,0,1,0,1,7,1,5,10,7.0,3,0,7,No
S11657,0,1,0,1,0,1,1,1,0,0,8,8,5,4,8.15,5,2,8,Yes
S11658,0,1,1,0,1,0,1,0,0,0,7,10,10,4,9.1,6,0,1,Yes
S11659,1,1,0,1,1,1,0,1,0,1,3,9,2,10,5.48,5,2,0,No
S11660,1,1,0,0,0,0,1,0,0,0,2,6,9,9,6.24,5,0,8,No
S11661,0,1,0,1,1,1,1,0,0,0,10,3,8,3,6.65,0,3,0,Yes
S11662,0,1,0,0,1,0,0,0,0,0,5,3,2,10,9.91,3,1,5,No
S11663,0,1,0,0,1,1,1,0,0,0,9,9,9,8,7.7,1,3,1,Yes
S11664,0,0,0,0,0,0,0,0,0,1,5,8,3,3,9.12,3,0,5,No
S11665,0,0,0,1,1,1,1,0,1,0,1,6,5,4,7.33,4,2,5,No
S11666,1,1,1,1,1,0,1,0,0,0,3,6,4,6,7.03,8,3,8,Yes
S11667,0,1,0,0,1,1,0,1,0,0,5,10,4,7,5.1,6,3,0,No
S11668,0,0,1,1,0,1,1,0,1,0,6,1,7,8,8.1,1,1,0,No
S11669,0,1,0,1,1,1,0,0,1,1,4,1,6,4,5.69,5,1,8,No
S11670,1,0,1,0,1,0,1,0,1,0,3,8,8,5,6.02,0,3,1,No
S11671,1,1,1,1,0,1,1,0,1,1,9,9,2,2,8.4,7,1,6,Yes
S11672,1,0,0,1,0,0,1,0,1,1,4,6,3,5,8.2,6,0,2,No
S11673,1,1,0,0,1,1,1,0,0,1,3,2,6,3,8.43,1,1,4,No
S11674,0,1,1,1,1,1,1,0,1,0,7,3,3,5,5.06,2,1,2,No
S11675,1,0,1,1,1,0,0,0,0,0,7,9,1,9,9.24,6,0,2,Yes
S11676,1,0,1,1,1,0,1,0,1,0,5,7,8,1,7.97,1,1,2,No
S11677,1,1,0,0,0,1,0,0,0,0,10,6,6,7,7.88,8,2,7,Yes
S11678,0,0,1,1,1,1,1,0,1,1,6,10,9,10,7.13,3,0,5,Yes
S11679,1,1,0,1,0,1,1,1,1,0,6,6,5,7,5.22,5,2,4,Yes
S11680,1,0,0,1,1,0,1,1,1,0,3,10,3,4,9.13,5,3,7,Yes
S11681,1,1,0,1,1,0,1,0,0,1,5,4,3,4,9.24,1,2,7,Yes
S11682,1,1,0,1,0,0,0,1,0,1,8,5,10,2,9.62,5,3,2,Yes
S11683,1,0,1,1,1,1,1,1,0,0,10,5,6,2,8.44,4,1,2,Yes
S11684,1,1,1,1,1,0,1,0,0,0,1,6,3,9,9.82,3,2,6,Yes
S11685,0,1,1,0,0,1,0,0,0,0,10,6,1,1,7.39,2,3,0,No
S11686,1,1,1,1,0,0,0,0,0,1,2,8,2,2,8.87,5,1,6,No
S11687,1,1,0,1,1,0,1,1,0,0,6,4,7,1,6.41,4,3,2,No
S11688,0,0,1,1,1,0,0,1,1,0,4,2,3,3,9.25,5,1,1,No
S11689,1,1,1,1,0,1,1,1,0,0,10,6,7,2,7.48,0,0,3,No
S11690,0,0,1,0,1,1,0,1,0,0,1,4,7,5,5.53,1,2,4,No
S11691,1,1,1,0,0,0,1,1,0,0,5,4,8,10,5.91,7,0,7,No
S11692,0,1,0,0,1,1,0,1,0,1,10,5,4,9,5.6,7,0,6,No
S11693,0,1,0,1,0,1,0,0,1,1,10,8,9,4,5.46,5,0,6,Yes
S11694,0,1,0,0,0,0,1,1,1,0,10,5,7,9,6.39,6,2,7,Yes
S11695,1,1,1,0,1,0,1,0,0,1,7,9,8,7,5.33,8,3,5,Yes
S11696,1,1,1,1,0,1,0,0,0,0,2,10,10,2,8.36,2,2,0,Yes
S11697,1,1,1,1,0,1,1,0,0,0,2,3,9,1,6.05,8,3,5,Yes
S11698,0,0,0,0,0,0,0,1,1,0,4,5,9,2,9.14,8,0,3,No
S11699,0,1,0,1,1,0,1,0,1,0,9,2,7,5,5.29,0,2,6,No
S11700,1,0,1,0,0,0,1,0,0,0,8,2,5,4,9.97,6,0,3,No
S11701,1,1,0,0,1,1,1,0,1,0,1,10,7,10,7.36,8,2,6,Yes
S11702,1,1,1,1,0,0,1,0,1,1,1,8,7,4,8.68,3,3,3,Yes
S11703,1,1,1,1,0,0,0,0,0,0,6,10,7,1,5.36,7,0,0,No
S11704,1,1,1,1,1,0,0,0,1,0,10,3,7,8,6.35,4,0,8,Yes
S11705,1,1,1,1,1,1,1,0,0,0,8,3,10,4,5.07,3,3,5,Yes
S11706,0,0,0,1,1,1,0,0,0,0,10,6,2,6,9.78,8,2,3,Yes
S11707,0,1,1,0,1,1,1,0,1,0,6,3,2,8,7.33,3,2,7,No
S11708,0,1,0,0,1,1,1,1,1,1,1,8,10,4,5.4,0,3,2,Yes
S11709,1,1,1,0,0,1,1,0,0,1,2,7,6,1,8.33,6,3,3,Yes
S11710,0,1,0,1,1,1,0,0,1,0,7,1,6,8,6.13,1,1,6,No
S11711,0,1,1,1,0,0,0,0,0,0,1,6,6,10,8.06,5,2,2,Yes
S11712,1,0,1,1,1,0,0,0,0,0,7,6,8,1,5.5,3,3,7,Yes
S11713,0,1,1,1,1,0,1,0,0,1,6,4,5,2,6.03,1,0,4,No
S11714,1,0,0,1,1,1,1,1,0,0,6,3,4,1,8.15,7,3,5,Yes
S11715,1,1,0,1,1,0,1,0,1,0,3,8,3,2,9.26,6,1,1,Yes
S11716,1,1,0,0,1,1,1,1,0,0,10,1,6,5,5.01,8,2,7,Yes
S11717,1,1,0,1,0,0,0,0,0,0,1,4,10,2,5.52,8,1,6,No
S11718,0,1,0,0,1,1,0,1,0,1,8,3,4,5,7.7,4,2,7,Yes
S11719,1,1,1,0,0,1,1,1,0,0,2,10,1,4,8.58,1,2,0,No
S11720,1,1,0,1,1,1,1,1,1,0,5,5,5,8,7.44,3,0,4,Yes
S11721,1,1,0,0,1,1,0,1,0,1,9,4,1,4,9.96,3,1,1,No
S11722,0,0,1,1,0,1,1,1,0,1,9,4,7,6,7.35,2,3,4,Yes
S11723,1,1,0,0,0,1,0,0,0,0,6,7,4,7,5.38,8,1,8,Yes
S11724,0,0,0,0,0,1,1,0,1,1,3,3,10,7,7.27,5,3,7,Yes
S11725,0,1,0,1,1,0,1,1,0,0,3,1,5,1,6.62,6,3,1,No
S11726,1,0,1,0,0,0,0,0,0,0,7,10,8,6,8.41,7,1,3,Yes
S11727,1,1,1,1,1,0,1,0,1,0,9,1,5,7,9.04,1,1,7,Yes
S11728,0,1,0,0,1,0,1,0,1,0,1,5,3,10,7.33,8,1,0,No
S11729,1,0,0,1,1,1,1,1,0,0,3,3,4,2,5.29,1,3,7,No
S11730,1,1,0,1,0,0,1,0,1,0,10,5,7,6,5.24,6,2,1,Yes
S11731,0,1,0,1,1,1,0,0,0,0,8,5,2,6,6.61,2,0,2,No
S11732,1,1,0,0,1,1,1,0,1,1,7,7,7,7,5.59,5,1,0,Yes
S11733,1,1,1,1,1,0,1,1,1,0,7,2,5,3,7.4,0,1,4,No
S11734,1,0,0,0,1,1,0,0,0,1,7,5,4,9,9.15,6,3,2,Yes
S11735,1,0,0,0,0,0,0,0,0,0,2,2,3,6,5.58,3,3,3,No
S11736,0,0,0,1,0,1,1,0,1,0,5,5,4,5,6.96,4,3,6,Yes
S11737,0,0,0,0,1,1,1,0,0,0,1,1,7,4,6.5,6,2,4,No
S11738,0,1,0,1,1,1,1,1,0,0,6,10,8,7,7.64,5,3,4,Yes
S11739,0,1,0,1,0,0,0,0,0,1,6,2,8,2,9.56,3,1,0,No
S11740,1,0,0,1,0,1,1,0,0,1,7,1,4,6,5.65,2,0,0,No
S11741,1,1,1,1,1,1,1,1,1,0,10,3,6,6,6.27,8,0,3,Yes
S11742,1,1,1,1,1,0,1,0,0,0,3,7,10,7,5.1,5,0,7,Yes
S11743,1,1,1,1,0,0,0,0,0,1,8,5,4,7,7.13,4,0,6,No
S11744,0,0,0,1,1,1,1,1,1,0,5,1,4,10,9.39,6,2,3,Yes
S11745,0,1,0,1,0,1,1,0,0,0,4,1,7,5,7.39,8,0,3,Yes
S11746,1,0,1,1,1,1,0,1,0,0,5,9,8,10,6.48,6,1,1,Yes
S11747,1,1,0,0,1,0,0,0,1,1,5,9,8,2,9.13,7,2,4,Yes
S11748,1,1,0,1,0,1,0,0,1,0,7,7,4,3,7.89,5,0,3,No
S11749,1,0,1,0,1,0,1,0,0,0,1,8,7,4,9.31,6,1,7,Yes
S11750,1,0,0,1,1,0,1,0,0,1,3,1,7,6,9.8,0,0,1,No
S11751,1,1,0,0,1,1,1,0,0,0,2,9,10,6,5.29,5,1,1,Yes
S11752,0,1,0,1,0,1,1,0,0,0,2,3,7,2,6.0,0,1,7,No
S11753,0,1,1,0,0,1,1,1,0,0,3,7,1,10,9.73,8,1,7,Yes
S11754,1,0,1,1,1,1,0,0,0,0,3,7,10,4,5.78,7,1,7,Yes
S11755,1,1,1,1,0,0,0,0,0,0,3,6,3,3,7.43,0,1,7,No
S11756,1,1,0,0,1,0,1,1,0,0,9,1,10,1,8.14,8,2,1,Yes
S11757,0,0,1,1,1,0,1,0,1,1,3,10,10,7,5.78,5,0,6,Yes
S11758,0,1,1,1,1,0,1,0,0,0,4,9,10,4,5.4,1,2,8,Yes
S11759,0,1,1,0,0,1,1,0,0,0,3,9,7,1,6.0,5,1,3,No
S11760,1,0,0,1,0,1,1,0,0,0,8,3,9,3,7.92,7,1,7,Yes
S11761,0,0,1,1,1,1,0,0,1,0,4,10,9,6,7.82,2,0,4,Yes
S11762,1,0,1,1,1,0,1,0,1,0,5,1,6,4,5.14,5,2,7,Yes
S11763,0,1,1,1,0,1,1,1,1,0,7,3,1,1,8.28,5,2,7,Yes
S11764,1,0,1,0,0,1,1,0,0,0,5,4,8,9,9.44,1,3,0,Yes
S11765,1,0,1,0,1,0,0,1,1,1,10,10,5,10,7.91,8,0,3,Yes
S11766,0,1,1,1,0,1,0,0,0,0,4,9,6,1,8.3,6,3,8,Yes
S11767,1,1,0,0,0,0,1,0,1,0,5,6,7,6,5.66,8,0,7,No
S11768,1,1,0,1,1,1,1,0,0,1,10,8,6,6,5.28,3,2,5,Yes
S11769,1,0,0,0,1,0,1,0,1,0,1,1,1,6,6.42,3,1,3,No
S11770,1,0,0,1,0,1,1,0,0,0,8,7,1,2,6.31,2,2,3,No
S11771,1,0,1,1,0,0,1,0,0,0,8,1,7,3,7.96,6,2,5,Yes
S11772,1,1,0,1,0,1,1,0,0,0,10,1,9,7,6.6,4,3,2,Yes
S11773,1,1,0,1,0,1,1,0,0,0,9,6,2,1,8.26,1,1,2,No
S11774,1,1,0,1,0,0,1,1,0,0,1,10,4,5,7.52,2,2,5,Yes
S11775,0,0,0,0,1,1,0,0,0,0,3,4,4,6,6.95,3,3,7,No
S11776,1,0,1,1,0,1,1,1,0,0,10,7,7,8,9.14,4,3,6,Yes
S11777,1,1,1,1,0,0,0,0,0,0,9,1,10,2,6.24,2,2,2,No
S11778,1,1,1,0,0,0,0,0,1,0,4,7,4,3,5.07,0,2,1,No
S11779,0,0,0,1,1,0,0,1,0,0,1,9,1,3,6.28,2,2,7,No
S11780,0,1,0,0,1,1,0,1,1,0,3,1,8,4,6.87,6,3,6,Yes
S11781,1,0,1,1,0,1,1,0,0,0,10,3,7,7,6.04,3,1,0,No
S11782,0,1,0,0,1,0,1,0,0,0,5,9,8,2,7.22,6,2,0,No
S11783,0,0,1,1,0,0,1,0,0,1,10,2,10,4,6.71,8,1,6,Yes
S11784,0,1,1,0,0,1,1,1,0,0,10,3,4,7,7.0,5,0,2,No
S11785,0,1,0,0,1,0,0,0,1,1,3,3,6,8,6.79,2,1,0,No
S11786,0,0,0,1,0,1,1,0,0,0,6,9,9,2,6.06,5,1,3,No
S11787,0,1,0,0,0,1,1,0,0,0,7,5,10,4,6.4,5,0,7,No
S11788,0,1,1,1,1,0,1,0,1,1,1,2,2,6,5.38,4,2,0,No
S11789,1,0,0,1,1,0,1,1,0,1,5,2,3,3,5.36,7,0,3,No
S11790,0,1,0,1,1,1,0,0,0,0,9,4,7,6,9.09,2,3,4,Yes
S11791,0,0,0,1,0,1,1,0,0,0,3,5,2,10,6.97,6,1,6,Yes
S11792,1,1,0,0,0,0,1,1,0,0,8,9,5,5,7.65,4,0,3,No
S11793,0,1,1,0,0,0,0,0,0,0,3,4,4,5,7.24,6,3,7,No
S11794,1,1,0,1,0,1,1,1,1,0,7,2,9,5,9.93,7,3,0,Yes
S11795,1,1,0,1,0,1,1,0,0,1,4,1,8,3,9.12,6,3,5,Yes
S11796,0,0,0,1,1,1,0,0,0,0,5,1,3,3,9.9,5,1,4,No
S11797,1,0,0,1,0,1,0,0,0,1,1,3,8,3,6.22,1,3,8,No
S11798,1,1,0,1,0,1,1,0,0,1,10,9,1,10,7.85,7,1,7,Yes
S11799,1,1,0,1,1,1,1,0,1,0,1,2,6,1,8.14,1,0,3,No
S11800,1,0,1,1,0,1,1,0,1,0,8,7,6,3,8.13,6,3,1,Yes
S11801,1,1,0,0,1,1,1,0,0,0,2,7,10,8,7.0,7,3,5,Yes
S11802,1,1,0,0,1,1,1,1,1,1,10,2,2,9,9.62,3,2,0,Yes
S11803,1,1,0,1,1,1,0,0,0,0,10,1,3,9,8.43,6,1,1,No
S11804,0,1,1,0,1,1,0,0,0,0,4,8,4,7,6.26,7,2,6,Yes
S11805,0,1,1,1,0,1,0,0,0,0,8,1,7,1,7.29,6,0,7,No
S11806,1,1,1,1,0,1,1,0,1,0,1,2,4,9,7.22,5,1,1,No
S11807,0,1,0,1,0,1,0,0,1,1,2,6,6,9,8.3,1,2,5,Yes
S11808,1,0,0,0,0,0,1,1,0,1,9,6,8,2,5.57,5,3,5,Yes
S11809,1,1,0,1,0,0,0,0,1,1,9,9,5,5,6.33,3,2,0,Yes
S11810,1,1,0,1,0,0,0,0,0,0,8,1,5,1,5.49,3,1,4,No
S11811,0,1,1,1,1,1,1,0,0,1,5,7,1,10,8.79,5,0,2,Yes
S11812,0,0,1,1,1,0,0,0,1,0,8,7,8,10,7.48,4,2,3,Yes
S11813,1,1,0,0,1,0,1,0,0,1,10,1,8,8,6.18,6,3,1,Yes
S11814,1,1,1,1,0,0,1,0,1,1,2,2,7,2,7.92,3,0,6,No
S11815,1,0,1,0,1,0,0,0,0,1,7,5,10,4,9.67,4,2,8,Yes
S11816,1,1,1,0,1,1,1,0,1,1,5,1,8,9,7.47,5,3,4,Yes
S11817,0,1,0,1,1,0,0,0,0,0,10,4,6,6,7.05,7,0,0,No
S11818,1,0,0,0,0,0,0,1,0,0,8,2,4,10,7.11,5,0,3,No
S11819,0,1,0,1,0,1,1,0,0,0,3,6,9,9,6.58,2,0,3,No
S11820,1,1,0,0,1,1,1,0,0,0,5,3,3,6,7.83,7,1,7,Yes
S11821,0,1,0,1,1,0,1,1,1,0,2,3,9,6,5.58,8,3,3,Yes
S11822,0,0,1,1,0,1,1,1,1,0,2,8,3,8,6.06,2,2,5,No
S11823,1,1,0,1,0,1,0,0,0,0,6,8,9,10,5.8,6,1,4,No
S11824,0,0,1,0,1,0,1,0,0,1,6,5,3,6,6.37,1,1,3,No
S11825,0,0,1,1,1,1,0,0,0,0,2,6,5,2,8.61,4,2,5,Yes
S11826,1,1,0,0,0,1,1,0,0,1,3,7,5,2,9.2,8,1,5,Yes
S11827,1,0,0,1,1,1,1,1,0,0,5,2,1,9,9.92,6,1,8,Yes
S11828,0,1,1,1,0,1,0,1,0,1,9,1,10,6,9.89,8,2,4,Yes
S11829,1,1,1,1,0,0,1,0,1,0,3,1,10,5,7.52,2,3,3,No
S11830,1,0,1,0,0,0,1,0,0,1,7,2,3,6,8.65,7,1,5,Yes
S11831,1,1,1,0,0,1,0,0,0,0,5,9,10,2,5.63,5,0,4,No
S11832,0,1,1,0,0,1,0,0,1,1,1,10,2,3,6.94,8,0,8,No
S11833,0,0,1,1,1,0,0,0,1,0,2,6,3,1,9.06,4,1,8,No
S11834,0,0,0,1,1,1,0,0,0,0,2,5,5,5,5.8,7,2,2,No
S11835,1,1,1,0,0,1,1,1,0,0,2,10,8,5,8.21,2,2,7,Yes
S11836,1,0,1,0,1,1,0,0,1,0,2,2,5,8,9.11,5,3,2,Yes
S11837,0,1,0,1,0,1,0,0,0,0,3,2,7,1,9.23,6,2,6,No
S11838,0,0,0,0,1,0,0,0,0,1,6,8,8,10,8.76,7,3,4,Yes
S11839,1,0,0,1,0,0,1,0,1,0,6,10,5,7,5.69,7,3,1,Yes
S11840,1,1,1,0,0,1,1,0,0,0,10,6,1,1,9.98,1,0,5,Yes
S11841,1,1,0,1,0,0,1,0,0,0,2,7,6,7,7.5,8,1,7,Yes
S11842,0,0,1,1,1,0,1,0,0,0,6,5,3,7,7.83,4,0,3,No
S11843,0,0,1,1,1,1,1,0,1,0,5,5,1,2,9.55,7,3,1,Yes
S11844,0,1,1,0,1,1,0,0,0,0,3,3,3,10,5.53,6,0,6,No
S11845,0,1,1,1,0,1,0,0,0,0,9,8,10,4,6.81,2,2,3,Yes
S11846,1,1,1,0,0,1,0,0,0,1,3,5,1,1,7.99,7,2,2,No
S11847,0,1,0,1,1,1,0,1,0,0,7,9,9,7,8.16,5,1,5,Yes
S11848,0,0,0,0,1,0,0,0,0,0,9,6,9,4,5.95,8,2,7,Yes
S11849,1,1,0,0,0,0,1,0,1,0,8,2,6,3,9.42,4,1,2,No
S11850,0,0,0,0,1,1,1,1,0,0,2,9,7,5,6.87,3,0,5,No
S11851,1,0,0,0,1,1,1,0,1,1,4,5,2,5,8.03,0,3,4,No
S11852,0,0,0,0,0,1,1,1,0,0,10,3,10,5,8.44,6,3,7,Yes
S11853,0,1,1,0,1,1,0,0,1,0,6,9,1,1,8.36,7,0,3,No
S11854,0,0,0,0,1,0,1,0,0,0,7,1,7,9,6.17,4,1,7,No
S11855,0,0,1,1,0,1,1,1,1,1,6,7,10,4,8.11,2,0,2,Yes
S11856,1,1,0,1,1,0,0,0,1,0,9,7,4,3,7.99,4,2,7,Yes
S11857,1,1,0,0,1,1,1,1,0,0,10,2,2,8,8.21,0,3,6,Yes
S11858,1,0,0,1,1,0,1,0,0,0,9,2,9,5,8.3,7,2,3,Yes
S11859,0,1,0,0,1,0,0,1,0,0,4,3,3,6,7.17,2,1,4,No
S11860,0,0,0,1,0,1,1,1,1,1,2,6,10,8,5.9,1,3,7,Yes
S11861,0,1,0,1,1,1,1,1,1,0,5,9,4,4,6.38,6,1,3,Yes
S11862,1,1,1,0,1,1,1,1,0,1,2,8,4,9,9.93,4,0,0,Yes
S11863,0,1,0,1,0,1,1,0,0,1,4,10,10,5,5.24,6,1,1,Yes
S11864,0,1,0,1,1,0,1,0,1,1,3,5,9,4,8.18,1,0,5,No
S11865,0,1,0,1,1,1,1,0,1,0,9,1,2,6,8.07,8,1,1,Yes
S11866,1,1,1,1,0,1,1,0,0,0,1,4,2,6,9.85,8,0,4,Yes
S11867,1,1,0,0,0,0,0,0,1,0,10,3,8,10,8.96,0,3,5,Yes
S11868,1,1,0,0,0,0,1,0,1,0,9,2,7,7,9.83,6,2,0,Yes
S11869,0,1,0,0,0,0,1,0,1,1,2,9,9,9,8.65,5,2,3,Yes
S11870,0,0,1,0,1,1,0,1,0,0,7,4,10,5,7.84,0,2,0,Yes
S11871,0,1,0,0,0,1,1,0,0,0,5,5,6,6,5.13,8,0,4,No
S11872,1,0,0,1,1,0,0,1,1,0,1,6,10,1,9.3,3,2,2,No
S11873,1,0,1,1,0,1,1,1,0,0,10,5,7,4,5.9,8,2,3,Yes
S11874,0,1,1,1,0,1,0,1,1,0,7,5,2,3,9.09,1,1,0,No
S11875,0,1,0,1,1,1,1,0,0,0,7,10,5,4,5.14,6,2,0,Yes
S11876,0,0,0,1,1,0,0,1,1,1,4,4,4,6,7.1,5,3,5,Yes
S11877,0,0,1,1,1,1,0,0,0,1,9,2,2,3,6.61,7,1,0,No
S11878,1,1,0,1,1,0,1,0,0,1,4,7,2,8,9.39,5,0,2,Yes
S11879,0,0,0,1,1,0,1,0,0,0,3,9,7,1,8.49,4,3,2,Yes
S11880,0,1,0,1,0,1,0,1,0,0,8,8,7,2,8.58,1,3,7,Yes
S11881,1,1,1,0,0,0,1,0,0,0,8,2,5,7,6.39,0,1,4,No
S11882,1,1,0,1,1,1,1,1,1,0,2,10,10,3,7.21,2,2,5,Yes
S11883,1,1,0,1,1,1,1,0,0,0,1,5,8,6,6.36,1,0,2,No
S11884,1,0,0,1,1,1,1,0,0,0,10,4,8,6,7.7,1,0,1,No
S11885,0,0,0,1,1,0,0,0,1,0,1,6,10,1,6.3,5,3,4,No
S11886,1,1,1,0,0,1,1,1,0,1,7,3,10,7,5.83,6,3,5,Yes
S11887,1,1,0,1,0,1,0,0,0,1,6,3,6,1,8.93,1,2,6,No
S11888,1,1,0,1,0,1,1,0,1,1,6,1,6,4,8.79,4,1,2,Yes
S11889,0,1,0,0,0,1,1,1,0,0,1,10,1,5,8.58,5,3,2,No
S11890,1,1,1,1,1,0,1,0,0,0,1,3,6,6,5.38,5,3,5,Yes
S11891,0,1,0,1,0,0,1,0,0,1,2,2,10,1,5.42,2,1,7,No
S11892,1,1,1,1,0,0,1,1,0,1,1,10,3,2,7.92,3,3,6,Yes
S11893,1,1,0,1,0,1,0,0,1,0,1,3,3,5,9.72,7,2,3,Yes
S11894,1,0,1,1,1,1,0,0,0,1,8,1,2,5,9.21,6,1,7,Yes
S11895,1,0,0,1,0,1,0,1,0,0,3,3,10,9,7.57,0,1,1,No
S11896,1,1,0,1,0,0,0,1,1,0,8,1,7,4,6.08,2,0,6,No
S11897,1,1,0,1,1,1,1,1,0,1,9,4,9,3,7.65,8,3,0,Yes
S11898,0,1,0,1,0,1,0,0,0,1,9,8,9,10,5.4,0,0,8,No
S11899,0,1,1,1,1,1,1,0,1,0,9,10,8,2,8.1,6,0,8,Yes
S11900,1,0,0,1,1,0,1,0,1,1,9,1,10,1,5.74,1,2,0,No
S11901,1,0,1,1,0,0,1,0,0,0,8,7,4,1,8.58,0,1,2,No
S11902,0,1,0,0,0,0,0,0,0,1,4,5,10,7,6.37,3,1,7,No
S11903,0,1,0,1,0,1,1,0,0,0,8,9,8,9,8.31,4,1,2,Yes
S11904,1,0,0,0,0,1,1,0,0,0,10,7,7,2,6.04,6,0,3,Yes
S11905,0,1,0,1,0,0,1,0,1,0,6,10,6,3,7.66,8,0,5,Yes
S11906,0,1,0,1,1,1,1,1,0,0,10,5,8,3,6.08,7,1,3,Yes
S11907,0,0,0,0,0,1,1,0,0,1,2,7,9,3,6.62,3,0,0,No
S11908,1,1,1,1,0,0,0,0,1,0,3,8,10,10,6.79,4,2,6,Yes
S11909,1,1,1,1,1,1,0,1,1,0,10,9,9,3,6.18,1,1,7,Yes
S11910,1,1,0,0,0,1,1,1,0,0,9,2,9,1,9.62,0,3,7,Yes
S11911,0,0,1,0,0,1,0,1,0,1,2,4,4,6,5.13,0,0,5,No
S11912,0,0,0,1,1,0,1,1,1,0,10,4,7,6,6.56,0,0,1,No
S11913,1,1,1,0,0,1,0,0,1,0,5,10,4,10,8.55,0,2,3,Yes
S11914,0,1,0,0,0,1,0,1,1,0,4,8,6,8,5.76,4,1,0,No
S11915,0,1,0,1,0,1,0,0,1,0,5,4,7,2,8.67,6,0,6,Yes
S11916,0,1,1,1,1,0,1,0,1,0,1,2,1,1,5.49,8,1,0,No
S11917,0,1,0,0,1,0,0,0,0,1,7,4,10,3,8.6,1,0,2,No
S11918,0,1,1,1,0,0,0,1,0,1,9,8,9,9,6.21,3,2,2,Yes
S11919,1,1,1,0,1,1,0,0,0,0,1,1,9,8,5.61,0,2,8,No
S11920,0,0,1,1,1,1,0,0,0,0,8,5,9,5,8.7,3,3,6,Yes
S11921,0,1,1,1,0,1,1,0,0,1,3,1,10,8,7.75,8,2,4,Yes
S11922,1,1,0,0,1,0,1,0,0,0,7,7,10,5,7.11,2,1,5,No
S11923,1,1,1,0,0,1,0,1,0,0,5,6,3,2,7.13,1,0,7,No
S11924,0,0,0,0,0,1,0,0,1,1,4,1,4,8,8.18,6,1,6,No
S11925,1,1,1,1,1,1,1,0,1,0,5,5,7,8,9.07,3,1,4,Yes
S11926,0,1,0,0,1,1,1,0,1,0,8,4,8,7,9.13,6,1,0,Yes
S11927,1,0,0,1,1,1,0,0,0,1,10,2,2,2,6.39,6,2,3,No
S11928,1,0,1,0,1,0,0,0,1,0,4,7,8,7,9.64,5,3,5,Yes
S11929,1,0,1,0,0,0,1,1,0,0,5,6,9,6,7.73,4,1,4,Yes
S11930,1,1,1,1,0,1,1,0,0,1,9,6,5,6,6.57,0,1,0,No
S11931,0,1,0,1,1,0,0,0,1,1,9,9,8,5,8.73,1,3,6,Yes
S11932,0,0,0,0,0,0,0,0,0,0,4,8,9,7,6.9,1,2,4,No
S11933,1,1,1,1,1,0,1,1,0,1,7,2,3,5,9.01,2,2,4,Yes
S11934,1,1,0,0,1,0,0,1,0,1,2,8,7,8,9.5,3,1,5,Yes
S11935,1,0,1,1,0,1,1,0,0,1,4,3,7,10,9.97,4,2,0,Yes
S11936,1,0,1,1,1,0,1,0,1,1,10,9,3,4,9.68,5,3,4,Yes
S11937,0,0,1,1,1,1,1,0,0,0,4,10,6,6,8.04,0,2,1,No
S11938,1,0,1,0,1,1,1,0,1,0,2,4,3,8,8.36,4,2,4,Yes
S11939,1,1,1,1,0,1,0,0,1,0,7,9,1,7,5.18,4,3,7,Yes
S11940,1,0,0,1,1,0,0,0,0,1,8,3,2,4,7.88,0,3,5,No
S11941,1,1,1,0,1,0,0,0,1,1,6,9,2,4,7.09,4,1,6,Yes
S11942,1,0,0,1,0,1,1,0,0,0,1,9,9,6,6.19,4,1,4,No
S11943,1,1,0,1,0,1,1,0,1,0,1,2,6,5,7.64,0,3,5,Yes
S11944,0,1,0,0,0,1,1,0,1,0,5,9,9,3,9.01,1,3,3,Yes
S11945,0,1,1,1,1,1,1,1,0,0,3,10,1,5,9.82,4,0,4,Yes
S11946,0,1,1,0,0,0,1,1,0,1,10,4,1,1,7.44,4,0,0,No
S11947,1,1,0,1,0,1,0,1,0,0,9,6,9,8,7.57,6,0,6,Yes
S11948,1,1,1,1,1,0,0,0,1,0,2,5,10,2,9.91,2,3,4,Yes
S11949,1,1,1,1,1,0,0,1,1,1,6,2,8,2,7.84,4,3,5,Yes
S11950,0,1,1,1,1,1,0,1,0,0,9,9,8,1,6.12,6,0,6,Yes
S11951,0,1,0,0,1,1,0,0,0,0,2,2,1,7,6.52,6,1,1,No
S11952,1,1,1,0,1,0,1,1,0,0,2,7,1,3,6.7,6,2,6,No
S11953,1,1,1,1,0,1,1,0,0,1,2,6,10,8,6.0,1,2,1,No
S11954,0,0,1,1,1,0,0,0,0,0,9,1,7,3,7.81,2,3,4,No
S11955,0,1,0,0,0,0,0,0,0,0,5,10,2,1,9.95,6,2,1,No
S11956,0,1,0,1,1,0,1,0,0,0,9,3,4,10,8.35,6,2,7,Yes
S11957,0,1,0,0,0,1,0,1,1,0,9,9,9,6,5.53,6,0,6,Yes
S11958,0,0,0,1,0,1,0,0,0,0,8,6,5,8,7.17,7,2,4,Yes
S11959,1,0,0,0,1,1,1,0,1,0,4,9,4,9,6.13,6,2,8,Yes
S11960,0,1,0,1,1,0,0,0,0,1,7,8,5,5,9.18,1,3,0,Yes
S11961,0,0,1,1,0,1,0,0,1,0,5,2,6,10,8.42,6,2,2,Yes
S11962,0,0,0,0,0,0,1,1,0,1,7,2,7,5,5.66,6,1,5,No
S11963,1,0,0,1,1,0,1,0,0,0,7,5,4,9,8.74,1,2,0,No
S11964,1,1,0,1,1,1,1,0,0,0,1,9,7,4,7.7,4,0,8,Yes
S11965,1,0,0,1,0,0,0,0,0,0,10,9,2,4,7.73,5,3,4,Yes
S11966,1,1,1,1,0,0,0,0,1,1,6,1,2,5,5.04,6,2,5,No
S11967,0,0,0,1,1,1,0,1,0,0,3,10,7,5,9.27,6,3,5,Yes
S11968,1,0,1,1,0,1,0,1,0,1,9,10,8,2,6.3,8,1,4,Yes
S11969,1,0,0,0,0,1,0,1,1,0,8,1,8,9,9.65,6,2,5,Yes
S11970,0,1,1,0,1,0,1,0,0,0,1,7,3,9,8.87,7,0,5,Yes
S11971,1,0,0,0,1,0,1,1,0,0,5,6,6,8,5.24,1,1,7,No
S11972,1,1,0,1,0,0,0,0,0,0,7,7,3,2,7.77,0,2,2,No
S11973,1,1,1,1,1,1,0,1,0,1,8,9,8,6,7.2,0,2,1,Yes
S11974,0,1,0,0,1,0,0,0,1,0,9,10,9,7,9.11,5,3,8,Yes
S11975,1,0,0,1,1,0,0,1,1,0,3,7,10,9,8.57,0,2,5,Yes
S11976,0,1,1,0,1,0,1,1,0,1,6,1,1,4,8.4,8,1,3,Yes
S11977,1,1,0,1,1,0,1,1,0,0,4,10,6,1,9.0,2,1,2,Yes
S11978,0,1,1,0,1,1,1,1,1,1,9,7,5,2,7.84,2,0,5,Yes
S11979,1,1,0,0,0,0,1,1,1,1,10,6,4,5,6.11,8,1,1,Yes
S11980,1,0,0,1,0,1,1,0,0,0,4,2,5,4,9.1,3,3,3,Yes
S11981,1,0,0,1,0,0,1,1,1,0,1,10,8,7,6.2,2,3,7,Yes
S11982,1,1,0,0,0,1,1,0,1,1,3,7,2,5,8.55,3,2,0,No
S11983,1,0,0,1,1,1,0,1,0,0,7,1,3,8,7.9,0,2,4,Yes
S11984,1,0,0,1,0,0,0,0,1,1,1,10,5,9,5.44,2,0,0,No
S11985,1,0,1,0,1,1,1,0,1,0,5,3,2,9,5.77,0,1,8,No
S11986,0,0,1,0,0,0,1,0,0,0,1,6,5,10,6.8,3,0,6,No
S11987,1,0,1,1,0,0,1,1,1,1,8,9,6,9,7.29,6,3,3,Yes
S11988,1,0,0,1,0,1,0,0,0,0,7,8,6,9,8.86,8,3,1,Yes
S11989,0,1,0,1,0,0,0,0,1,0,2,8,10,3,7.19,7,1,7,Yes
S11990,0,1,0,1,1,1,0,0,1,0,1,10,7,7,7.69,3,2,8,Yes
S11991,1,0,0,1,0,1,1,0,0,1,10,7,1,8,7.18,7,3,7,Yes
S11992,1,1,1,1,1,1,0,0,0,0,3,8,5,4,9.58,4,1,5,Yes
S11993,0,1,1,1,0,1,0,1,1,1,4,5,3,4,7.66,6,0,4,No
S11994,1,1,0,1,1,0,0,0,0,1,5,1,4,5,8.07,6,0,6,No
S11995,0,1,0,1,0,1,0,0,0,1,9,3,8,10,7.97,8,0,3,Yes
S11996,1,1,1,0,1,0,0,0,0,0,8,6,4,2,6.74,3,0,5,No
S11997,0,0,0,0,0,0,1,1,0,0,2,2,7,10,7.04,8,3,0,No
S11998,1,0,1,0,1,1,1,0,0,1,2,9,3,2,5.57,1,0,5,No
S11999,0,1,1,0,1,0,0,1,0,1,5,4,4,1,5.77,6,0,4,No
S12000,1,1,0,1,0,0,0,1,1,0,4,5,8,8,8.29,1,3,3,Yes
S12001,0,1,0,1,1,1,1,1,1,0,3,4,5,8,8.87,8,3,5,Yes
S12002,1,1,1,0,0,1,1,1,0,0,7,3,10,9,7.4,8,0,7,Yes
S12003,1,1,1,0,1,0,0,0,0,0,7,8,1,5,8.77,6,2,7,Yes
S12004,0,0,0,0,0,0,0,0,0,0,5,10,5,7,7.67,0,3,2,No
S12005,1,0,0,1,0,0,1,0,1,0,9,10,2,3,5.95,2,2,5,No
S12006,0,1,1,1,1,0,0,0,0,0,9,6,8,10,7.1,6,3,4,Yes
S12007,1,1,0,0,0,1,1,1,0,0,1,3,1,7,9.12,4,1,5,No
S12008,0,0,0,0,1,1,1,1,0,0,5,3,5,6,5.72,7,3,3,Yes
S12009,1,0,0,1,1,1,1,0,1,0,2,6,1,2,6.63,1,1,7,No
S12010,0,0,0,1,1,1,0,1,0,1,10,9,3,10,6.61,2,1,1,Yes
S12011,0,1,0,1,1,0,1,0,0,0,5,3,3,2,8.61,4,3,4,No
S12012,1,1,0,1,0,1,1,0,0,1,7,5,5,3,6.86,5,0,0,No
S12013,0,1,0,1,1,1,1,0,0,1,1,2,3,6,7.39,4,2,3,No
S12014,0,1,0,1,0,0,1,1,0,0,2,9,6,10,8.13,3,1,6,Yes
S12015,1,0,1,1,0,0,1,0,0,0,2,1,3,10,6.39,8,3,5,Yes
S12016,0,1,1,1,1,1,0,0,0,0,6,8,3,10,6.35,3,0,1,No
S12017,1,0,0,0,0,0,0,0,1,0,3,3,6,2,6.58,5,1,7,No
S12018,0,1,1,1,0,1,0,0,1,0,4,9,5,9,6.02,3,3,2,Yes
S12019,1,0,0,0,0,0,1,0,0,0,4,5,5,5,5.44,1,3,6,No
S12020,1,1,1,1,0,1,0,0,0,0,8,9,3,7,9.2,7,2,1,Yes
S12021,1,1,0,0,1,1,0,0,0,1,9,5,5,8,5.13,7,1,7,Yes
S12022,0,1,0,0,0,0,0,0,0,0,8,3,3,3,7.36,8,3,3,No
S12023,0,1,1,0,1,0,1,0,1,0,7,1,3,1,9.94,6,3,7,Yes
S12024,0,0,1,0,0,0,0,1,1,0,3,7,9,2,6.7,0,3,2,No
S12025,1,1,0,1,0,0,0,1,0,0,7,7,8,10,5.43,4,0,1,No
S12026,1,0,1,0,0,1,0,1,0,1,3,5,6,5,8.31,4,1,0,No
S12027,0,1,1,1,1,0,1,0,1,0,8,3,7,9,9.21,8,1,4,Yes
S12028,0,1,1,0,1,1,1,0,1,0,1,2,8,9,9.49,3,0,5,Yes
S12029,1,0,0,1,0,0,1,0,0,0,6,10,1,5,7.2,2,2,0,No
S12030,1,0,1,1,0,1,1,0,1,0,6,1,4,3,8.6,0,2,2,No
S12031,1,1,0,0,1,1,1,0,0,0,7,10,9,1,5.73,3,2,5,Yes
S12032,1,0,1,0,0,0,0,1,1,0,2,9,10,2,5.24,6,3,2,Yes
S12033,0,1,0,1,0,1,0,0,1,0,10,8,5,5,6.48,6,2,4,Yes
S12034,1,1,0,0,1,0,1,1,0,1,3,9,9,6,5.74,4,1,6,Yes
S12035,0,0,0,1,0,1,1,0,0,0,1,4,7,2,7.18,6,2,6,Yes
S12036,1,1,0,1,0,0,0,0,0,0,9,8,7,2,8.16,7,3,0,Yes
S12037,1,1,0,0,1,1,0,0,0,1,4,7,6,5,9.13,8,2,4,Yes
S12038,0,0,0,1,1,0,0,1,1,0,6,2,9,10,8.94,1,2,2,Yes
S12039,0,1,1,1,1,0,1,0,0,0,4,3,4,1,7.93,2,0,6,No
S12040,1,1,1,0,0,0,1,1,0,0,3,3,9,9,9.58,2,1,5,Yes
S12041,0,1,0,1,1,1,0,0,1,1,5,5,4,2,9.22,8,1,2,Yes
S12042,1,0,1,1,1,0,0,0,0,0,9,3,5,10,5.92,1,2,2,No
S12043,0,0,1,1,1,0,0,0,0,0,7,7,7,2,9.28,6,1,7,Yes
S12044,1,1,0,0,1,0,1,0,0,0,1,3,9,3,6.32,6,3,1,Yes
S12045,0,0,1,0,1,1,1,0,1,0,9,7,7,9,6.33,1,0,0,No
S12046,1,1,1,0,1,0,0,0,0,1,7,3,6,1,7.99,1,0,5,No
S12047,1,0,0,0,1,0,1,1,1,1,10,5,2,5,7.85,5,0,8,Yes
S12048,0,0,0,1,1,1,1,0,0,0,6,3,8,6,6.76,2,2,4,No
S12049,0,0,0,1,0,1,0,0,0,0,8,3,6,10,5.7,5,1,1,No
S12050,1,1,1,1,0,0,0,0,0,0,2,3,6,8,6.63,0,3,5,No
S12051,1,0,0,0,0,1,1,0,1,0,10,7,10,8,9.85,6,2,5,Yes
S12052,1,1,1,1,1,1,0,0,0,0,5,1,8,2,5.94,6,0,7,No
S12053,0,1,0,0,1,0,1,1,0,0,7,5,6,3,6.86,7,0,6,Yes
S12054,0,1,1,1,1,1,0,0,0,0,2,8,8,4,5.56,8,0,0,No
S12055,0,1,1,1,0,1,0,0,0,0,5,6,5,2,8.45,6,2,2,Yes
S12056,1,1,1,1,1,0,1,0,1,1,6,8,10,7,7.62,5,3,6,Yes
S12057,0,1,1,0,0,1,0,0,1,0,6,5,9,4,8.07,8,1,1,Yes
S12058,1,1,0,1,1,1,0,1,0,1,10,2,6,5,9.4,2,0,0,Yes
S12059,1,0,1,0,0,0,0,1,1,1,8,4,3,6,7.28,1,1,1,No
S12060,0,1,1,0,1,1,1,1,0,0,1,7,3,2,7.04,6,3,7,Yes
S12061,0,1,1,1,1,1,0,0,0,0,8,4,8,9,9.54,2,3,4,Yes
S12062,0,1,1,1,1,0,0,0,1,0,10,2,9,6,8.43,0,3,6,Yes
S12063,0,0,0,1,0,1,1,1,1,0,6,8,4,9,7.44,0,1,6,No
S12064,0,1,1,1,1,1,0,1,0,1,3,8,1,10,5.35,3,1,4,No
S12065,0,1,0,1,0,0,1,1,0,1,1,4,2,8,8.93,7,3,7,Yes
S12066,1,1,0,0,0,0,1,1,0,1,9,8,1,5,6.5,2,3,4,No
S12067,1,0,0,1,1,1,1,0,0,0,9,9,3,5,6.32,5,3,1,Yes
S12068,0,1,0,0,0,1,0,0,0,0,4,5,6,5,7.78,8,1,2,No
S12069,0,1,1,0,0,0,1,0,0,0,5,1,6,10,6.61,7,1,3,No
S12070,1,0,1,1,0,0,1,0,0,0,7,9,1,6,8.71,4,3,7,Yes
S12071,1,1,1,1,1,0,1,1,0,0,1,10,1,9,7.25,7,0,2,Yes
S12072,1,1,1,1,0,0,1,1,0,0,4,5,2,10,10.0,0,1,1,No
S12073,1,1,1,1,1,1,0,0,1,1,8,9,3,2,6.28,7,0,7,Yes
S12074,0,0,1,0,0,1,0,0,0,0,3,2,10,8,5.33,5,0,8,No
S12075,1,1,1,1,0,0,1,0,1,1,3,7,3,1,7.95,8,1,4,Yes
S12076,0,1,0,1,0,0,0,1,0,0,6,9,4,2,9.78,6,1,2,Yes
S12077,1,1,0,1,0,0,0,0,1,0,10,10,8,8,9.77,3,2,7,Yes
S12078,1,0,1,1,0,1,0,0,0,1,9,1,6,5,9.66,1,1,4,Yes
S12079,1,1,1,0,0,1,0,0,0,1,8,7,2,9,6.36,2,1,4,No
S12080,0,1,1,0,0,1,1,1,0,1,5,9,7,3,7.66,3,2,2,Yes
S12081,0,0,1,1,0,1,1,0,0,0,5,5,9,3,5.21,1,2,0,No
S12082,0,0,1,1,0,1,1,0,0,0,2,5,8,7,7.52,7,1,5,No
S12083,1,0,0,0,1,1,0,1,0,0,9,2,7,10,9.15,3,3,4,Yes
S12084,1,1,1,0,1,1,0,0,0,0,5,4,9,8,7.94,3,2,7,Yes
S12085,1,1,1,0,0,0,1,1,1,0,10,4,5,8,6.19,6,2,1,Yes
S12086,1,1,0,0,0,1,1,0,0,1,10,9,10,5,6.89,7,1,7,Yes
S12087,0,1,1,1,0,0,0,0,1,0,3,8,2,2,9.56,7,1,4,No
S12088,0,0,1,1,0,0,1,0,1,0,9,9,9,3,5.86,3,1,8,Yes
S12089,0,0,0,1,1,1,0,0,0,0,7,10,3,5,8.2,6,1,7,Yes
S12090,1,1,0,0,0,0,1,0,0,1,3,1,10,9,7.64,3,1,5,Yes
S12091,1,0,1,1,0,1,1,0,0,0,2,9,8,4,5.98,8,1,6,Yes
S12092,1,0,0,0,1,1,1,0,0,0,1,5,2,5,5.86,3,3,1,No
S12093,1,0,0,1,1,1,1,1,0,1,10,4,5,2,7.7,6,0,6,Yes
S12094,0,0,0,0,1,0,1,0,0,0,8,2,9,1,8.71,1,2,0,No
S12095,0,1,1,1,0,1,0,0,0,1,8,1,4,2,6.98,3,3,7,Yes
S12096,1,1,1,1,1,0,1,0,1,0,4,8,2,10,9.1,2,3,6,Yes
S12097,1,1,0,1,1,1,0,0,1,0,1,6,4,6,8.63,3,1,3,No
S12098,0,1,1,0,0,0,0,1,1,0,6,10,1,1,8.2,3,0,0,No
S12099,0,1,1,1,0,0,1,0,0,1,1,3,6,8,9.89,4,2,3,Yes
S12100,0,1,1,1,1,1,1,1,0,0,3,2,1,8,5.78,3,2,5,No
S12101,1,1,0,1,0,1,1,0,0,1,5,2,9,6,8.23,5,1,6,Yes
S12102,1,1,1,1,1,1,0,0,0,1,3,8,7,6,5.01,8,2,0,Yes
S12103,0,1,0,1,0,1,1,0,0,0,9,6,5,9,8.24,5,1,5,Yes
S12104,0,1,0,1,1,0,1,0,1,0,5,6,3,7,7.2,8,1,6,Yes
S12105,1,1,0,1,0,1,1,0,0,0,6,7,9,6,9.21,0,1,0,Yes
S12106,0,1,0,1,1,1,1,0,0,0,8,2,7,9,8.42,8,3,1,Yes
S12107,0,1,0,1,1,1,1,1,0,1,3,6,5,1,6.22,7,1,2,No
S12108,1,0,1,1,1,0,1,0,0,0,5,3,1,2,6.17,7,1,0,No
S12109,1,1,0,1,1,1,0,0,1,0,6,9,9,6,9.93,3,0,8,Yes
S12110,1,1,1,1,1,0,1,1,0,1,10,4,9,2,8.38,7,0,4,Yes
S12111,1,1,1,0,1,0,0,0,1,0,10,6,8,7,9.42,6,2,3,Yes
S12112,0,1,0,0,0,0,0,0,0,1,1,1,10,2,9.19,3,3,3,No
S12113,1,0,1,1,0,1,1,0,1,0,10,5,4,5,5.8,8,3,4,Yes
S12114,0,1,0,0,0,1,0,1,1,1,1,6,3,2,6.26,7,1,4,No
S12115,0,0,1,0,0,1,0,1,0,1,2,8,7,6,5.88,6,3,1,No
S12116,1,0,0,1,0,0,0,0,0,0,3,1,10,2,9.54,4,0,4,No
S12117,1,1,1,1,0,1,0,0,0,0,7,8,10,6,8.54,7,1,1,Yes
S12118,0,1,0,1,0,1,1,0,0,0,7,2,4,6,9.6,1,1,0,No
S12119,0,1,0,1,0,0,1,1,0,0,9,1,8,5,6.93,3,3,6,Yes
S12120,0,1,0,0,0,0,1,0,1,0,5,5,1,10,5.22,7,3,2,No
S12121,1,0,1,1,1,1,0,0,1,0,8,8,5,4,8.53,7,2,2,Yes
S12122,1,1,1,0,0,1,0,1,0,1,2,6,7,8,8.38,7,0,3,Yes
S12123,0,1,1,1,1,1,0,0,0,0,9,10,9,3,8.81,8,2,4,Yes
S12124,0,1,1,0,1,0,1,0,0,0,2,4,10,4,7.87,2,1,2,No
S12125,1,1,1,1,0,1,1,1,0,0,5,2,6,9,8.61,8,2,0,Yes
S12126,0,0,1,0,1,1,1,0,1,0,10,8,7,7,7.55,6,3,7,Yes
S12127,1,1,0,0,1,0,0,0,0,0,2,7,10,2,6.02,8,2,3,Yes
S12128,0,1,1,0,0,1,1,1,0,1,2,9,2,9,7.43,8,3,6,Yes
S12129,0,1,0,0,0,1,1,1,0,0,4,8,3,3,6.47,5,0,2,No
S12130,1,1,0,1,0,0,1,0,0,0,8,7,5,6,6.98,1,3,8,Yes
S12131,0,1,1,1,0,0,1,0,0,1,3,6,8,1,8.65,0,1,8,No
S12132,1,1,0,1,1,0,1,0,1,1,2,5,10,8,9.27,6,3,3,Yes
S12133,1,1,0,0,0,0,0,0,1,0,9,5,6,5,8.96,3,2,5,Yes
S12134,1,1,0,1,1,0,1,1,1,0,1,6,1,6,9.21,2,1,1,Yes
S12135,1,1,1,1,1,1,0,0,0,0,6,3,7,5,8.55,0,3,1,Yes
S12136,1,1,1,0,1,1,0,0,0,0,4,9,8,6,8.79,5,1,1,Yes
S12137,0,1,1,1,1,1,0,1,1,0,8,2,7,1,8.67,1,1,6,Yes
S12138,0,1,1,1,0,1,1,0,1,0,1,7,7,4,8.85,2,1,4,Yes
S12139,1,0,0,0,0,0,0,0,0,0,1,3,7,5,9.58,8,0,8,No
S12140,0,1,0,0,1,1,0,0,0,0,9,3,10,10,9.56,3,1,4,Yes
S12141,0,0,0,1,1,0,1,0,0,0,6,5,2,7,9.6,5,3,2,Yes
S12142,0,0,0,0,0,0,1,0,1,0,5,6,4,9,7.78,2,0,2,No
S12143,0,1,0,1,1,1,1,1,1,0,4,10,9,2,8.94,4,1,7,Yes
S12144,1,0,0,1,0,1,0,1,0,1,8,2,6,1,6.14,5,2,2,No
S12145,1,0,0,1,0,0,1,1,0,1,1,6,5,5,5.26,7,1,7,No
S12146,0,1,0,0,1,1,0,1,0,1,2,10,4,4,8.14,4,0,6,Yes
S12147,1,0,0,0,0,0,0,1,0,0,6,4,10,3,9.77,3,0,2,No
S12148,1,1,1,1,1,1,1,0,0,0,6,3,10,7,9.29,7,1,2,Yes
S12149,1,1,0,0,1,0,1,0,1,0,8,5,2,8,7.41,0,1,1,No
S12150,1,0,0,1,1,1,1,0,0,0,7,3,4,7,5.05,1,2,5,No
S12151,1,1,0,0,0,1,1,1,1,0,6,4,2,2,8.16,6,0,0,No
S12152,1,0,1,1,1,1,0,0,1,0,9,4,4,5,9.22,7,0,7,Yes
S12153,1,0,1,0,0,0,0,0,0,0,4,2,3,4,6.53,4,2,2,No
S12154,0,0,1,1,1,1,1,1,1,0,10,7,2,7,8.98,0,2,4,Yes
S12155,0,1,0,0,1,0,0,0,1,0,6,6,5,6,5.92,8,2,3,Yes
S12156,1,0,0,1,0,1,0,1,1,0,7,6,2,9,5.21,5,1,4,No
S12157,1,1,0,1,1,1,1,0,0,0,9,2,10,7,5.16,3,3,2,Yes
S12158,1,1,0,0,0,1,1,0,0,0,1,5,8,8,9.91,5,0,2,Yes
S12159,1,1,1,0,1,0,0,0,0,0,1,9,5,10,9.26,2,2,6,Yes
S12160,1,1,1,0,1,1,1,1,1,0,8,6,9,3,5.6,1,0,8,Yes
S12161,1,1,0,1,0,1,1,0,0,1,4,8,1,5,9.21,3,3,7,Yes
S12162,0,1,1,1,1,1,1,0,0,1,1,5,4,9,8.83,6,2,2,Yes
S12163,1,1,0,0,0,0,1,0,0,0,7,9,6,3,6.4,8,3,8,Yes
S12164,1,1,0,1,0,1,1,0,1,0,6,5,3,4,6.16,4,2,5,No
S12165,1,0,0,0,0,0,1,1,0,0,10,1,9,3,6.78,8,3,5,Yes
S12166,0,1,1,1,0,0,1,1,0,0,7,7,1,4,7.15,5,3,6,No
S12167,0,1,0,0,1,1,0,0,1,1,4,9,2,10,5.57,1,1,5,No
S12168,0,0,1,1,0,0,0,1,0,1,6,7,1,8,9.73,2,1,0,No
S12169,0,1,0,0,0,1,1,0,1,0,4,9,9,2,9.63,0,3,5,Yes
S12170,1,0,0,0,1,1,0,0,0,0,6,3,7,3,8.47,4,3,7,No
S12171,1,1,0,0,1,1,1,0,0,0,8,4,6,1,7.05,5,1,8,Yes
S12172,0,1,0,0,1,1,1,1,1,0,8,10,4,8,9.4,8,3,4,Yes
S12173,1,1,1,1,0,1,0,0,1,0,8,7,7,8,5.67,0,2,6,Yes
S12174,0,1,1,0,0,1,0,0,0,0,9,9,7,6,9.35,0,2,8,Yes
S12175,0,0,0,0,1,1,0,0,0,0,4,4,10,6,8.33,7,0,2,No
S12176,0,1,1,0,1,1,1,0,0,0,3,1,8,5,9.04,4,2,7,Yes
S12177,1,0,0,0,1,1,1,0,1,0,4,1,9,5,9.6,5,0,6,Yes
S12178,0,1,1,1,0,0,1,1,1,0,5,6,4,1,7.38,0,3,1,No
S12179,1,1,1,0,0,0,0,1,1,0,2,7,7,5,7.54,2,2,5,No
S12180,1,0,0,0,0,1,0,0,1,0,10,9,4,10,6.25,7,3,6,Yes
S12181,1,1,1,1,0,1,1,1,0,1,5,4,9,7,5.55,3,3,2,Yes
S12182,0,0,0,0,1,1,1,0,1,0,6,9,8,9,6.43,6,2,4,Yes
S12183,1,1,0,1,1,1,0,0,0,0,10,1,2,7,9.5,6,2,1,Yes
S12184,1,1,1,1,1,0,1,1,0,1,2,9,2,3,8.95,5,2,5,Yes
S12185,1,0,0,1,1,1,1,0,0,1,1,5,7,9,9.63,2,1,0,No
S12186,0,1,0,0,1,0,1,0,0,0,3,7,7,10,5.92,5,2,7,Yes
S12187,0,1,0,1,0,1,0,1,0,0,9,10,7,9,5.08,6,0,2,No
S12188,0,0,1,1,1,1,1,0,0,0,1,10,2,4,6.16,4,0,7,No
S12189,1,1,0,1,0,1,0,0,0,0,8,1,10,10,5.83,1,2,0,No
S12190,1,1,0,1,0,1,1,0,0,0,5,9,1,5,5.07,6,2,4,No
S12191,0,1,0,0,1,1,0,1,0,1,5,5,9,7,8.72,5,3,5,Yes
S12192,1,1,0,1,0,0,1,0,0,0,4,7,2,2,7.95,4,3,8,Yes
S12193,0,1,1,0,0,1,0,0,0,1,1,10,5,3,7.58,3,1,4,No
S12194,0,1,0,1,0,0,1,0,1,1,8,9,7,5,8.71,1,0,4,No
S12195,1,1,1,1,0,0,1,0,1,0,2,2,4,3,9.1,4,1,3,No
S12196,1,1,1,1,0,1,1,0,0,1,7,7,3,7,7.24,6,3,8,Yes
S12197,0,0,0,0,1,1,0,1,0,0,1,9,6,7,6.96,5,2,2,Yes
S12198,1,1,0,1,1,0,1,1,0,0,1,10,9,1,8.26,3,2,1,Yes
S12199,1,1,1,1,1,1,0,0,0,0,2,10,9,3,9.54,3,2,3,Yes
S12200,0,0,0,0,1,1,1,1,0,1,2,10,1,4,9.44,6,0,5,No
S12201,1,0,1,1,1,1,0,0,1,0,6,1,10,4,8.37,1,3,6,Yes
S12202,0,1,1,1,0,1,1,0,1,0,6,2,4,6,8.53,0,2,5,No
S12203,1,0,1,1,1,0,0,0,1,0,9,1,1,10,7.54,1,1,0,No
S12204,0,1,1,1,0,1,1,0,1,1,5,5,8,4,8.88,6,0,2,Yes
S12205,1,1,1,1,0,1,1,1,1,0,9,6,5,6,8.87,3,1,6,Yes
S12206,1,0,0,1,1,0,0,0,0,1,7,9,5,7,8.93,2,0,1,No
S12207,0,0,0,0,1,1,1,0,0,1,5,10,3,1,6.85,2,1,8,No
S12208,0,1,0,0,0,1,1,0,1,1,5,8,2,6,5.5,7,0,5,Yes
S12209,1,1,0,0,0,0,1,1,0,1,1,6,5,8,9.95,0,3,0,No
S12210,1,1,0,1,1,1,1,0,0,1,5,5,3,5,8.27,1,3,7,Yes
S12211,0,1,0,1,1,1,1,0,0,0,6,7,10,4,8.76,3,1,2,Yes
S12212,1,0,0,1,1,0,0,0,0,0,5,6,9,7,7.23,2,0,6,No
S12213,0,1,0,1,0,1,1,0,0,0,6,5,6,8,6.12,3,3,8,Yes
S12214,0,1,0,1,1,1,0,0,0,0,3,6,3,5,9.02,0,0,2,No
S12215,0,1,0,0,0,0,1,0,0,0,6,10,7,2,8.37,5,2,0,No
S12216,1,0,1,0,1,1,0,0,1,0,10,7,5,4,8.09,3,2,1,Yes
S12217,1,1,0,0,0,0,1,1,0,1,7,7,5,6,6.76,5,1,4,No
S12218,0,0,1,1,1,0,0,0,0,0,8,6,5,5,8.33,6,0,1,Yes
S12219,1,0,1,1,1,1,1,0,1,0,2,2,6,5,7.33,5,2,7,Yes
S12220,1,1,1,1,0,1,0,0,0,0,6,3,2,5,6.8,5,1,7,No
S12221,1,0,0,0,0,0,1,1,1,0,7,9,3,1,8.36,0,2,7,Yes
S12222,1,0,1,0,1,0,0,0,1,1,10,2,2,1,8.49,2,1,7,No
S12223,1,1,0,1,0,1,1,0,0,0,10,2,4,1,5.19,6,0,6,No
S12224,1,1,1,1,0,0,1,0,1,0,2,7,10,2,7.6,6,1,1,Yes
S12225,0,1,0,1,1,1,0,1,0,0,5,3,5,4,8.72,8,0,4,No
S12226,1,1,1,0,0,0,1,0,0,0,3,8,6,4,6.35,5,2,2,No
S12227,1,1,1,1,0,1,1,1,1,0,10,1,9,7,8.08,6,0,4,Yes
S12228,1,1,1,1,1,1,0,0,1,0,4,10,5,4,5.49,2,2,0,No
S12229,0,0,1,1,1,1,1,0,1,1,9,3,4,10,7.86,0,3,3,Yes
S12230,1,1,0,1,0,0,0,0,1,1,8,5,9,1,7.3,5,0,8,No
S12231,0,1,1,0,1,0,1,0,0,0,6,2,7,1,6.11,1,2,6,No
S12232,0,1,0,1,0,1,1,0,1,0,7,9,9,9,8.49,4,1,1,Yes
S12233,1,0,0,1,1,0,0,0,1,0,7,2,7,3,7.63,4,2,7,Yes
S12234,1,1,0,1,1,1,0,0,0,0,3,2,7,10,7.74,4,0,5,Yes
S12235,1,1,0,1,0,1,1,0,1,1,7,7,5,9,5.12,2,0,5,No
S12236,0,1,0,0,0,1,0,1,0,0,5,2,4,2,8.13,2,2,4,No
S12237,0,1,1,1,0,0,1,0,0,1,1,8,8,10,5.11,4,0,2,No
S12238,0,1,1,1,1,1,1,1,0,0,9,1,3,2,5.07,6,2,7,No
S12239,1,1,0,0,0,0,1,0,0,0,4,6,8,7,5.55,2,3,7,No
S12240,0,0,0,1,0,1,0,1,1,1,2,1,2,7,6.6,5,3,3,No
S12241,1,0,1,0,0,0,1,0,1,0,5,3,10,5,8.54,7,0,7,Yes
S12242,1,1,1,1,1,1,1,1,0,1,2,2,3,1,5.7,4,2,0,No
S12243,0,1,0,1,1,1,0,0,0,0,2,6,6,3,9.84,5,1,8,Yes
S12244,0,0,0,1,0,1,1,0,0,0,3,10,8,7,8.29,1,3,7,Yes
S12245,1,1,1,1,1,0,0,1,0,1,9,9,8,8,9.08,4,2,2,Yes
S12246,1,0,0,1,1,0,1,0,0,0,3,9,4,4,6.26,0,3,7,No
S12247,1,0,0,1,1,1,0,0,0,0,10,2,4,9,8.09,0,0,4,No
S12248,1,0,1,0,0,0,1,0,1,0,3,2,4,7,8.99,3,3,1,No
S12249,1,1,0,1,0,1,0,1,0,0,4,7,4,7,7.62,0,3,8,Yes
S12250,0,1,1,0,0,1,0,0,0,0,3,4,3,4,9.37,5,2,8,No
S12251,0,1,0,0,0,1,1,0,0,0,5,5,2,8,7.58,4,2,7,No
S12252,0,1,0,1,0,0,1,0,1,0,5,9,9,3,7.29,0,1,7,No
S12253,0,1,0,1,0,1,1,0,1,0,5,5,9,1,6.04,1,2,5,No
S12254,1,0,0,1,0,1,1,0,1,1,7,6,4,9,9.51,5,1,2,Yes
S12255,0,1,1,1,1,0,1,0,0,1,4,10,4,3,8.28,6,1,8,Yes
S12256,0,0,0,0,0,1,0,0,1,0,10,9,6,1,7.74,8,3,3,Yes
S12257,1,0,1,1,1,0,0,1,0,0,3,1,7,4,7.15,3,2,1,No
S12258,0,1,0,1,0,1,0,0,1,0,6,2,10,9,7.6,2,3,5,Yes
S12259,1,1,0,0,0,0,0,0,0,1,3,7,7,7,9.3,1,1,1,No
S12260,0,1,1,0,0,1,1,0,1,0,1,7,9,10,5.41,0,2,0,No
S12261,0,1,0,1,1,1,0,0,0,0,9,1,8,1,7.06,0,0,6,No
S12262,1,1,0,1,0,0,1,0,1,0,3,2,1,10,7.25,7,3,4,No
S12263,0,1,0,1,1,0,0,1,0,0,4,2,4,1,6.79,4,0,4,No
S12264,1,0,0,1,0,0,1,1,0,0,6,2,2,6,8.13,5,2,2,No
S12265,0,1,0,1,1,0,0,1,0,0,6,10,9,6,6.78,7,3,5,Yes
S12266,1,1,1,0,0,0,1,1,0,0,5,2,4,5,5.17,4,1,0,No
S12267,1,0,1,1,0,1,0,0,0,1,10,3,6,8,9.91,6,3,2,Yes
S12268,1,1,1,0,1,1,1,1,1,0,3,6,1,6,6.36,5,2,2,No
S12269,0,1,1,1,1,1,1,0,1,1,6,10,6,5,6.41,3,2,2,Yes
S12270,1,1,1,1,0,1,0,0,1,0,3,8,9,9,9.61,8,2,4,Yes
S12271,0,1,1,1,0,0,1,0,1,0,7,9,10,2,6.11,6,0,0,No
S12272,1,1,0,1,1,1,0,0,0,0,8,5,9,7,6.76,1,3,7,Yes
S12273,0,0,1,0,1,1,0,1,0,0,3,3,2,10,9.34,6,0,3,No
S12274,0,1,0,1,1,0,0,0,1,0,5,5,9,4,9.8,2,0,8,No
S12275,1,1,0,1,1,1,0,0,0,0,6,5,9,2,6.23,7,0,5,No
S12276,1,1,0,1,1,0,1,0,0,1,3,5,10,3,7.92,8,2,4,Yes
S12277,0,0,1,0,0,0,0,1,0,1,5,3,8,1,9.83,2,1,0,No
S12278,0,1,1,0,1,1,0,0,0,0,4,5,5,8,6.36,0,1,3,No
S12279,0,1,1,0,0,0,0,0,0,0,7,8,7,5,9.11,3,2,1,Yes
S12280,1,1,0,1,1,1,1,0,0,1,3,3,4,8,5.55,6,1,6,No
S12281,1,1,0,1,0,1,1,0,1,1,8,5,1,9,7.89,7,2,0,Yes
S12282,0,1,0,1,0,0,1,0,1,0,4,2,2,2,5.81,0,1,7,No
S12283,1,0,1,0,1,1,1,1,0,0,4,2,1,8,9.86,0,3,7,Yes
S12284,1,0,1,0,1,1,1,0,0,0,8,4,3,1,8.76,8,1,4,No
S12285,1,1,1,1,1,0,1,1,0,1,4,7,9,1,8.14,7,1,3,Yes
S12286,0,1,0,1,0,1,0,0,0,0,3,2,7,7,7.86,4,0,2,No
S12287,0,1,0,1,0,0,1,1,0,1,8,8,5,4,7.69,4,1,1,No
S12288,1,0,0,1,1,0,0,1,1,0,3,4,10,9,7.78,5,2,7,Yes
S12289,1,1,0,1,1,1,1,0,1,1,9,10,6,4,9.48,2,2,2,Yes
S12290,1,0,0,0,0,1,1,0,0,1,4,4,5,1,6.61,0,0,4,No
S12291,1,0,0,1,1,1,0,1,0,1,2,8,9,4,6.45,5,3,6,Yes
S12292,1,1,1,0,0,1,0,0,0,0,3,8,4,6,8.45,8,0,4,Yes
S12293,0,0,1,1,1,1,0,0,0,0,5,5,4,6,7.79,8,0,3,Yes
S12294,1,0,1,0,1,1,0,0,1,0,4,7,10,1,6.64,1,3,7,Yes
S12295,1,1,0,0,0,0,0,1,0,1,5,8,7,1,8.5,6,1,6,Yes
S12296,0,1,0,0,0,1,1,0,1,1,6,1,6,1,7.51,4,3,5,Yes
S12297,1,1,0,1,0,0,1,0,0,0,10,6,4,6,7.46,1,0,8,No
S12298,0,1,0,0,0,1,1,0,1,0,4,6,9,8,5.86,5,0,8,No
S12299,1,1,1,0,1,0,1,0,0,1,5,8,8,8,5.74,7,3,3,Yes
S12300,1,1,0,1,0,1,1,0,0,0,10,6,4,2,9.02,2,2,5,Yes
S12301,0,1,0,1,1,0,0,0,0,0,2,10,1,5,7.8,2,0,1,No
S12302,0,1,0,0,1,0,0,0,0,0,5,2,1,3,6.97,8,1,2,No
S12303,1,0,1,0,1,0,0,0,1,1,3,7,4,6,9.44,5,3,4,Yes
S12304,0,0,1,1,0,1,1,0,0,0,1,4,1,1,9.14,4,2,6,No
S12305,0,0,1,1,1,0,1,0,0,0,5,1,3,8,8.73,1,1,4,No
S12306,1,1,0,1,0,0,0,0,1,0,2,5,3,4,7.38,5,1,7,No
S12307,1,0,0,1,1,0,0,0,0,1,5,10,3,9,6.72,7,2,0,Yes
S12308,0,0,1,0,1,1,0,0,0,0,1,7,2,4,6.88,1,1,6,No
S12309,1,1,0,1,1,1,1,0,1,0,2,10,5,5,9.28,0,1,3,No
S12310,0,0,0,1,1,0,1,0,0,0,4,8,10,9,8.14,2,0,0,No
S12311,0,1,0,1,0,1,1,0,0,1,5,1,3,3,6.82,6,1,1,No
S12312,0,0,0,0,1,1,1,1,0,0,5,5,2,3,6.44,7,0,8,No
S12313,1,0,0,0,0,0,1,0,0,0,5,5,10,8,7.5,1,1,1,No
S12314,1,0,1,1,0,1,1,1,1,0,1,4,10,3,8.59,4,2,7,Yes
S12315,0,1,0,0,0,0,0,0,0,0,1,3,9,8,9.51,1,3,4,No
S12316,1,1,1,0,0,0,0,1,0,0,7,10,3,1,8.89,7,2,5,Yes
S12317,1,1,1,1,1,1,1,1,0,0,6,4,3,1,6.71,4,3,8,Yes
S12318,1,1,0,1,1,1,1,0,1,0,9,10,7,7,9.25,3,0,1,Yes
S12319,1,1,0,1,0,1,1,0,0,0,1,5,9,8,5.75,0,2,0,No
S12320,0,1,1,1,1,0,1,0,0,0,10,3,5,4,8.2,0,1,8,No
S12321,1,0,1,1,0,0,1,0,0,0,7,9,10,3,9.39,1,3,1,Yes
S12322,0,1,0,0,0,0,1,0,0,1,1,3,4,8,6.74,7,0,0,No
S12323,1,0,1,0,0,0,1,0,0,0,4,6,1,4,6.22,6,0,6,No
S12324,0,1,1,1,1,1,1,0,0,0,10,7,10,9,7.52,4,3,2,Yes
S12325,1,1,1,1,0,0,1,1,0,0,6,6,7,7,5.23,7,3,4,Yes
S12326,0,1,1,1,0,1,0,1,0,1,1,10,2,2,6.75,7,3,0,Yes
S12327,0,1,0,1,0,1,0,0,0,0,2,7,4,3,7.56,7,3,4,Yes
S12328,1,1,0,1,1,1,1,0,0,1,8,10,6,8,9.48,5,3,3,Yes
S12329,0,0,0,1,0,0,1,0,0,1,2,8,1,8,8.99,2,0,0,No
S12330,1,1,0,1,1,0,0,1,1,0,9,5,1,9,6.69,3,1,2,Yes
S12331,0,0,1,1,0,0,1,0,0,0,1,10,2,3,7.62,8,3,1,No
S12332,0,0,1,1,1,0,1,0,0,0,8,2,9,4,9.98,0,1,4,Yes
S12333,0,1,1,1,0,0,1,1,1,0,9,6,8,8,8.24,4,2,4,Yes
S12334,0,0,0,0,1,0,0,1,0,1,4,5,1,10,8.5,5,3,5,Yes
S12335,1,0,0,1,1,0,1,1,0,0,9,3,9,6,6.31,7,0,3,No
S12336,1,0,1,1,1,1,0,0,1,0,6,9,1,5,5.53,5,0,7,No
S12337,1,0,0,1,0,1,1,0,1,1,1,10,1,1,5.21,4,3,6,Yes
S12338,1,0,0,1,1,1,1,0,1,0,4,8,10,2,9.16,8,1,6,Yes
S12339,0,1,1,1,1,1,0,1,0,0,8,6,9,1,5.02,8,3,3,Yes
S12340,1,1,1,1,1,0,1,0,0,0,9,9,3,3,9.25,2,1,8,Yes
S12341,0,0,1,1,0,1,1,0,0,0,7,9,8,10,9.16,2,2,3,Yes
S12342,1,0,0,1,0,1,1,0,1,0,9,4,1,5,6.86,7,1,7,Yes
S12343,1,1,1,0,0,1,1,0,0,0,10,4,7,1,6.01,7,3,8,Yes
S12344,0,1,1,0,0,1,1,1,1,1,9,10,8,6,5.74,1,3,5,Yes
S12345,1,0,0,1,0,1,1,1,1,1,1,6,10,10,5.94,5,3,6,Yes
S12346,0,1,1,1,0,0,0,0,1,0,5,6,3,5,6.7,7,2,1,No
S12347,1,1,0,1,0,0,1,1,1,0,5,7,6,8,7.17,4,2,4,Yes
S12348,0,1,1,1,1,1,1,0,0,0,1,9,9,1,6.61,5,2,3,No
S12349,1,0,1,1,1,1,1,0,1,1,7,2,1,9,5.29,1,1,8,No
S12350,1,1,0,1,0,1,1,1,0,1,5,9,3,9,7.24,5,2,4,Yes
S12351,0,1,1,1,1,1,0,1,1,0,3,1,1,5,9.4,7,0,8,Yes
S12352,0,0,0,0,1,0,1,1,1,1,10,6,8,7,8.29,7,2,6,Yes
S12353,1,0,1,1,0,0,1,1,0,0,8,9,2,3,5.22,7,3,2,Yes
S12354,1,1,1,1,1,1,1,0,1,0,10,3,6,10,9.32,4,3,0,Yes
S12355,1,1,1,1,0,0,0,0,0,0,5,9,3,5,5.5,8,2,5,Yes
S12356,1,1,1,1,0,0,1,0,1,0,10,6,2,1,6.17,2,1,8,No
S12357,0,0,0,0,1,0,0,0,0,1,5,6,5,2,5.53,2,0,3,No
S12358,0,1,0,1,0,0,1,0,0,0,7,8,1,6,9.31,3,3,2,No
S12359,1,1,1,0,1,1,1,0,0,1,6,7,5,3,7.64,1,3,8,Yes
S12360,1,0,1,1,1,0,1,0,0,0,4,2,6,3,8.5,5,0,5,No
S12361,0,0,1,0,1,0,1,0,0,0,2,3,4,2,6.62,3,2,8,No
S12362,1,1,0,1,1,0,1,0,0,0,2,3,1,8,9.89,4,0,3,No
S12363,0,1,1,1,1,1,1,1,0,0,8,2,9,4,6.89,3,1,5,No
S12364,1,1,1,0,1,0,1,0,0,0,8,8,8,9,9.01,6,1,4,Yes
S12365,0,1,1,0,0,0,0,0,0,0,6,8,6,5,7.54,5,3,2,No
S12366,1,1,1,0,1,0,0,1,1,1,1,2,6,9,5.3,2,3,7,Yes
S12367,0,1,0,1,0,1,0,1,1,1,6,8,8,2,8.34,4,1,0,Yes
S12368,1,1,0,0,1,0,0,1,0,1,3,5,5,2,8.08,5,2,1,Yes
S12369,1,1,0,1,1,0,0,0,0,0,5,9,9,9,8.6,5,3,2,Yes
S12370,0,0,0,1,1,1,0,0,0,0,8,1,1,7,9.12,7,0,7,Yes
S12371,1,1,0,1,1,0,1,0,0,0,6,9,5,1,7.75,3,3,8,Yes
S12372,1,1,1,1,1,0,1,0,0,0,6,8,3,9,5.2,3,0,6,No
S12373,1,0,1,1,1,1,1,0,0,0,2,3,5,7,6.72,0,3,6,No
S12374,1,1,1,1,0,1,0,0,0,0,10,1,6,10,5.11,5,1,1,No
S12375,0,0,1,1,1,1,0,0,0,0,10,4,7,5,7.78,4,3,3,Yes
S12376,0,1,0,1,0,1,1,0,0,1,1,8,8,8,5.79,0,3,2,No
S12377,1,1,0,0,1,0,0,1,1,1,2,4,5,3,7.91,3,1,6,No
S12378,0,1,0,1,1,1,0,0,1,0,7,7,5,7,9.84,0,2,1,Yes
S12379,1,1,1,1,1,1,0,0,0,1,3,8,5,1,9.26,1,2,3,Yes
S12380,0,1,0,1,1,0,1,0,0,1,8,10,9,9,6.5,3,0,5,Yes
S12381,1,0,1,1,0,0,1,0,0,1,9,2,10,1,6.17,5,3,2,Yes
S12382,0,1,0,0,0,0,0,0,0,0,2,2,3,10,9.85,8,3,0,Yes
S12383,1,0,0,1,1,1,1,0,0,0,6,9,7,2,8.14,6,2,7,Yes
S12384,1,1,0,1,1,1,1,0,1,1,8,8,8,5,9.27,7,0,5,Yes
S12385,1,0,1,0,0,1,1,0,1,1,10,5,7,3,5.09,8,2,3,Yes
S12386,1,1,1,0,0,1,1,0,1,1,2,3,9,10,5.07,3,1,2,No
S12387,0,0,1,0,0,0,0,0,0,0,1,5,1,1,8.25,1,0,2,No
S12388,1,1,1,0,1,1,1,0,0,0,6,2,5,10,6.62,7,1,2,Yes
S12389,0,0,0,0,1,1,1,1,0,0,2,10,8,3,6.01,7,3,0,Yes
S12390,1,1,1,0,1,1,1,1,1,0,1,7,3,3,9.91,7,3,5,Yes
S12391,0,0,0,1,0,1,1,0,0,0,10,3,6,4,7.04,7,1,4,Yes
S12392,0,1,0,0,0,0,0,1,1,1,3,7,10,10,9.03,7,2,6,Yes
S12393,0,0,1,1,1,1,1,0,0,0,8,4,10,6,9.62,2,1,5,Yes
S12394,0,0,0,0,1,0,1,0,1,0,7,3,6,8,5.72,0,2,3,No
S12395,0,0,0,1,0,1,0,0,1,0,9,5,2,4,6.92,8,2,0,No
S12396,1,1,0,1,1,0,0,1,1,0,3,10,4,3,5.47,4,0,0,No
S12397,0,0,1,1,1,1,0,1,0,1,3,4,10,1,9.87,8,3,0,Yes
S12398,1,1,1,0,0,0,0,0,0,0,5,8,3,4,9.75,1,0,7,No
S12399,1,1,0,1,1,1,1,1,0,0,8,4,10,3,8.85,3,1,4,Yes
S12400,1,1,1,0,1,1,1,0,1,0,2,4,3,1,7.23,6,1,4,Yes
S12401,0,1,1,1,1,0,0,0,0,0,7,9,4,5,7.29,6,2,1,No
S12402,1,0,1,1,0,1,1,1,1,1,9,7,9,1,9.39,7,2,8,Yes
S12403,1,1,1,1,1,1,0,0,1,1,6,1,10,2,6.7,6,3,1,Yes
S12404,1,1,0,1,0,0,1,1,1,0,1,3,5,8,6.55,7,3,8,Yes
S12405,0,1,0,1,0,0,1,0,0,1,4,5,9,1,6.53,0,2,7,No
S12406,1,0,0,1,0,1,1,1,0,0,4,1,3,10,5.15,8,2,3,No
S12407,1,1,1,1,0,1,1,0,1,1,5,4,3,4,7.85,0,1,6,No
S12408,1,0,1,0,1,1,0,0,0,0,8,8,4,4,8.0,6,2,1,Yes
S12409,0,1,0,1,0,0,1,1,1,1,9,6,5,9,5.39,5,0,1,Yes
S12410,0,0,1,0,1,0,0,1,0,1,6,7,3,10,6.16,3,1,3,No
S12411,0,0,1,1,1,1,0,0,0,1,2,5,5,9,7.21,1,0,7,No
S12412,0,1,1,0,0,1,0,1,0,1,4,9,7,9,9.27,4,2,8,Yes
S12413,1,1,0,0,1,1,1,0,0,0,6,3,5,5,9.65,4,3,4,Yes
S12414,0,0,1,0,1,0,0,1,0,1,1,8,7,3,7.8,4,1,1,No
S12415,1,0,0,1,1,0,0,0,1,0,5,1,1,9,5.73,6,3,0,No
S12416,1,1,0,0,0,0,0,1,0,0,9,8,4,8,7.75,0,3,2,Yes
S12417,1,1,1,1,0,1,0,0,0,1,6,1,10,4,9.36,8,2,1,Yes
S12418,0,0,0,0,1,0,1,0,0,0,10,3,10,1,5.56,8,3,3,Yes
S12419,0,1,1,0,1,1,0,0,1,0,6,9,9,1,6.64,5,1,1,Yes
S12420,1,1,0,0,1,0,0,0,0,0,6,8,6,5,9.88,1,1,0,No
S12421,0,0,1,1,0,0,0,1,1,0,1,10,5,1,5.79,3,2,2,No
S12422,1,1,1,1,0,1,1,0,0,1,7,10,8,8,9.72,5,2,5,Yes
S12423,1,1,0,1,1,0,1,0,0,0,9,5,5,2,5.81,3,0,4,No
S12424,1,0,1,0,1,1,1,1,1,1,6,7,3,9,8.38,0,2,2,Yes
S12425,0,1,0,1,0,0,0,1,0,1,3,3,2,5,7.88,2,0,1,No
S12426,0,0,1,1,1,1,0,0,0,0,4,6,9,7,6.4,2,3,4,No
S12427,1,0,0,1,0,1,1,1,0,0,1,5,3,5,8.63,6,1,6,Yes
S12428,0,0,0,1,0,0,0,0,0,0,8,7,1,10,5.09,7,0,6,No
S12429,1,0,1,1,0,1,1,0,0,0,5,9,8,2,7.7,2,2,5,No
S12430,0,1,0,0,0,1,1,0,0,0,1,3,9,8,5.28,8,2,4,No
S12431,0,1,1,1,1,0,1,0,0,1,8,3,7,5,7.8,3,3,2,Yes
S12432,1,1,0,1,0,0,1,0,0,1,6,1,7,10,8.21,5,3,0,Yes
S12433,0,1,1,1,1,0,0,0,1,0,10,9,1,7,9.16,6,0,4,Yes
S12434,0,1,0,0,0,1,1,1,0,0,8,1,2,4,7.52,3,3,6,No
S12435,1,1,0,0,0,1,0,0,1,0,7,5,8,5,5.99,7,0,6,Yes
S12436,0,1,0,0,0,1,1,1,0,0,9,8,10,10,5.8,1,1,3,No
S12437,1,1,0,0,1,1,1,0,0,1,1,3,9,3,8.59,3,1,6,Yes
S12438,1,0,1,0,0,0,1,0,0,0,8,2,6,8,9.9,0,0,5,No
S12439,1,0,1,1,1,0,1,0,0,1,6,6,7,2,8.09,3,1,6,Yes
S12440,1,1,1,0,1,1,1,1,0,0,5,5,8,7,9.8,7,1,2,Yes
S12441,0,1,0,1,1,0,0,0,0,1,3,2,5,10,7.85,8,3,7,Yes
S12442,0,1,0,1,0,1,0,0,1,1,7,8,3,9,9.22,8,2,3,Yes
S12443,0,1,1,1,1,0,0,1,0,0,1,8,8,6,5.1,3,1,4,No
S12444,1,0,1,1,1,0,0,1,0,1,4,3,3,7,7.73,6,3,5,Yes
S12445,1,0,1,1,0,1,1,0,0,0,7,8,5,4,9.38,3,2,5,Yes
S12446,1,1,0,0,1,0,1,1,1,1,5,2,2,4,7.58,8,2,2,No
S12447,1,1,1,1,0,0,0,0,0,1,3,7,8,8,6.51,7,3,0,Yes
S12448,0,1,0,0,0,0,1,0,1,1,10,8,2,9,9.86,7,0,5,Yes
S12449,0,1,1,0,0,0,1,0,0,0,5,2,7,10,8.05,2,1,2,No
S12450,1,0,1,1,1,1,0,0,0,1,2,9,2,1,6.07,6,1,4,No
S12451,0,1,1,1,1,0,1,1,1,0,4,8,3,8,8.9,4,1,3,Yes
S12452,0,0,0,1,1,0,0,0,1,0,4,7,7,4,9.85,0,1,5,No
S12453,1,1,0,1,1,1,0,0,1,0,3,5,3,9,5.52,4,3,3,No
S12454,0,1,1,0,1,1,0,1,1,0,2,5,9,8,8.97,5,0,3,Yes
S12455,1,1,0,1,1,1,0,0,0,1,2,2,2,6,6.92,3,1,1,No
S12456,1,1,0,1,0,0,1,0,0,0,7,10,9,7,9.96,3,1,3,Yes
S12457,1,0,1,0,0,1,0,0,0,1,1,5,7,10,8.56,8,3,8,Yes
S12458,1,0,0,0,1,1,1,1,0,1,2,1,10,3,6.87,6,0,5,No
S12459,1,0,0,1,0,0,1,0,0,0,6,5,6,8,5.71,2,3,1,No
S12460,1,1,0,0,1,0,1,0,1,0,5,3,10,9,5.66,7,0,7,Yes
S12461,1,0,1,1,0,1,1,0,0,0,6,8,4,1,7.2,0,0,5,No
S12462,0,1,1,0,1,0,1,0,1,1,1,6,8,1,9.68,0,1,7,No
S12463,0,1,1,1,0,1,1,0,1,0,8,10,6,8,7.19,8,0,4,Yes
S12464,0,1,0,0,1,1,0,1,0,0,2,5,1,7,8.58,2,2,0,No
S12465,1,1,1,1,0,0,1,0,0,1,4,10,8,10,5.76,7,3,4,Yes
S12466,1,0,0,0,1,1,0,0,0,0,8,1,6,7,7.38,7,3,6,Yes
S12467,1,0,1,0,0,1,1,0,1,0,4,10,2,3,6.2,3,0,7,No
S12468,1,1,1,0,1,1,0,1,0,0,4,4,8,5,5.99,6,3,1,Yes
S12469,0,1,1,0,1,0,1,0,0,0,7,7,7,7,8.57,2,2,7,Yes
S12470,0,1,0,0,0,1,0,1,0,0,8,2,4,5,6.72,0,1,3,No
S12471,0,1,0,0,0,0,1,0,0,1,10,10,2,2,5.24,3,1,2,No
S12472,0,1,1,0,1,1,1,1,0,1,2,2,9,2,7.85,7,0,1,No
S12473,1,0,1,1,0,0,1,0,0,1,4,5,1,5,8.22,0,2,5,No
S12474,1,1,0,0,1,1,0,0,1,0,10,4,7,4,5.12,6,2,4,No
S12475,0,0,0,1,1,0,1,0,0,0,10,5,6,3,5.72,1,1,3,No
S12476,1,1,0,0,0,0,1,1,0,0,10,7,6,7,6.69,4,2,2,Yes
S12477,1,1,0,0,1,1,1,0,0,1,5,8,4,4,7.37,4,0,1,No
S12478,1,1,1,0,1,1,1,1,0,0,5,2,6,8,5.16,2,3,7,No
S12479,1,0,1,0,0,0,1,0,1,0,7,7,6,8,5.13,5,1,2,Yes
S12480,1,1,0,1,1,1,0,0,1,0,10,3,1,3,6.57,3,1,0,No
S12481,0,1,1,0,0,1,0,0,0,0,2,4,9,1,5.02,4,2,1,No
S12482,0,0,0,1,1,1,1,1,0,0,3,7,9,9,8.8,1,1,1,Yes
S12483,1,1,0,1,0,1,1,0,0,0,2,2,5,8,8.2,7,2,8,Yes
S12484,1,0,0,0,1,1,1,0,1,0,4,10,1,7,9.72,2,3,3,Yes
S12485,0,1,0,0,0,1,1,0,1,0,8,1,7,4,6.2,1,3,3,No
S12486,1,0,1,0,0,0,0,1,0,1,3,9,2,4,6.04,4,1,7,No
S12487,1,1,0,0,1,1,1,0,1,1,1,7,6,6,6.2,6,0,1,No
S12488,1,1,1,1,1,0,1,1,1,1,5,1,3,3,7.6,4,0,3,No
S12489,1,1,1,1,1,1,1,0,0,0,1,4,3,4,7.07,7,3,3,Yes
S12490,0,1,1,1,1,0,0,0,0,1,6,8,4,3,8.47,1,2,2,Yes
S12491,0,0,1,1,0,1,0,0,0,1,10,9,5,3,6.17,4,3,2,Yes
S12492,1,0,1,1,1,0,1,0,0,0,10,6,8,10,6.54,5,1,7,Yes
S12493,1,1,0,0,1,0,0,0,0,0,7,9,4,5,8.4,3,1,0,No
S12494,1,1,0,1,0,0,1,1,0,1,1,2,8,9,6.46,0,3,4,No
S12495,1,1,1,0,1,1,1,0,0,0,1,6,3,5,6.87,0,3,8,No
S12496,0,0,0,1,1,0,1,0,0,0,8,10,2,6,6.68,0,1,6,No
S12497,0,1,0,0,1,1,1,0,0,1,2,7,10,2,8.67,5,1,6,Yes
S12498,1,1,0,1,0,1,1,1,1,0,3,4,8,9,7.44,1,0,5,No
S12499,0,0,0,0,0,1,0,0,0,0,3,1,1,2,7.47,6,3,8,No
S12500,0,1,1,1,0,1,1,0,0,1,5,10,9,9,8.38,6,2,4,Yes
S12501,0,1,1,0,1,1,0,1,0,1,1,9,8,7,8.24,5,0,3,Yes
S12502,1,1,1,0,1,1,1,0,1,0,9,9,9,5,7.26,5,2,6,Yes
S12503,1,0,0,0,0,0,1,0,0,0,9,6,3,5,5.5,7,3,5,Yes
S12504,0,1,0,1,1,0,1,0,0,0,5,5,10,6,6.44,8,3,3,Yes
S12505,1,0,0,0,1,1,0,0,0,0,2,1,10,3,5.14,4,2,4,No
S12506,0,1,1,0,1,1,0,0,1,0,7,6,2,8,6.99,2,2,7,Yes
S12507,0,1,0,0,1,1,0,0,0,1,3,3,10,8,7.15,1,2,4,No
S12508,0,0,0,1,1,1,0,1,0,0,9,10,6,4,9.55,1,0,1,No
S12509,1,1,0,0,0,0,1,0,0,1,3,10,3,7,6.95,8,1,6,Yes
S12510,0,1,0,1,1,1,1,0,1,1,6,7,3,7,5.81,7,2,5,Yes
S12511,1,1,0,1,1,1,0,1,0,1,5,7,1,10,6.6,5,0,7,Yes
S12512,0,1,1,0,0,0,1,0,1,1,7,7,6,6,6.45,7,0,7,Yes
S12513,1,0,0,0,1,1,0,0,1,0,7,1,7,6,9.06,7,0,2,No
S12514,1,1,0,1,0,0,1,0,0,0,4,4,8,4,8.6,1,0,3,No
S12515,0,0,1,1,1,0,1,1,0,1,7,9,9,1,5.28,3,0,7,No
S12516,1,1,0,0,1,1,1,0,1,0,4,3,3,3,6.18,5,2,8,No
S12517,1,0,0,0,1,0,0,1,0,0,1,7,5,10,6.83,0,0,4,No
S12518,0,0,0,0,1,0,0,0,1,0,7,2,3,1,5.07,7,2,2,No
S12519,1,1,1,0,0,0,0,0,0,0,1,2,8,2,6.61,8,3,7,No
S12520,0,1,0,1,1,1,0,0,1,1,8,6,8,5,9.16,7,0,7,Yes
S12521,1,1,0,1,1,0,1,1,0,0,1,10,3,4,7.87,2,1,3,No
S12522,0,1,0,1,0,1,1,0,0,1,9,2,4,10,9.82,8,1,5,Yes
S12523,0,0,1,1,0,1,1,0,1,1,4,10,8,2,7.53,8,2,4,Yes
S12524,1,0,1,1,0,1,1,0,0,0,7,2,5,6,8.17,2,3,0,No
S12525,1,1,1,1,0,1,0,0,0,1,1,2,9,2,9.74,3,1,8,Yes
S12526,0,0,1,1,1,1,0,0,0,1,2,7,4,4,7.91,6,3,1,No
S12527,1,1,0,0,1,1,1,1,0,0,7,8,2,4,5.73,2,2,4,Yes
S12528,1,1,1,1,1,0,1,1,0,0,3,4,6,5,9.61,2,0,6,Yes
S12529,0,1,0,1,0,1,1,0,0,0,2,10,10,6,5.97,2,1,7,Yes
S12530,1,1,0,1,1,1,1,0,0,0,2,2,3,6,5.59,0,3,2,No
S12531,1,1,1,1,0,0,1,1,0,1,9,10,1,10,9.7,5,1,8,Yes
S12532,0,1,1,0,1,0,1,0,1,0,2,4,9,1,6.45,4,3,6,No
S12533,1,1,0,1,1,0,1,0,1,0,7,9,1,5,8.05,3,3,5,Yes
S12534,1,0,1,1,1,0,1,0,0,0,8,6,9,9,8.36,5,0,6,Yes
S12535,1,0,1,0,1,1,0,1,0,0,1,6,2,4,6.33,3,3,2,No
S12536,0,1,0,1,1,1,1,0,0,0,2,9,9,3,9.72,8,0,4,Yes
S12537,0,1,0,0,1,0,1,0,0,1,8,1,7,4,9.52,1,0,7,Yes
S12538,0,1,0,1,1,1,0,0,1,0,2,2,4,7,6.44,7,0,2,No
S12539,1,0,1,1,0,0,1,1,1,0,1,5,9,7,8.62,5,2,1,Yes
S12540,1,0,1,1,0,0,0,0,1,0,3,5,5,9,8.88,5,0,2,No
S12541,1,0,1,1,1,1,1,1,0,1,3,4,4,3,6.66,8,0,0,No
S12542,1,1,1,1,0,0,0,0,0,0,4,4,4,7,7.82,0,2,0,No
S12543,0,1,1,1,0,1,0,0,0,0,2,7,9,4,9.26,1,1,0,No
S12544,1,1,1,1,0,0,0,1,0,1,3,5,7,10,6.37,5,1,7,No
S12545,1,1,0,0,0,1,1,0,0,1,3,8,9,6,8.18,5,1,0,No
S12546,1,1,1,1,1,0,1,0,1,1,3,1,8,10,7.33,2,3,8,Yes
S12547,0,0,1,1,1,1,1,1,0,0,1,2,6,7,6.42,8,2,1,No
S12548,0,1,1,0,1,1,0,1,1,0,3,3,7,4,7.16,0,2,5,Yes
S12549,0,1,1,1,1,1,1,0,0,0,5,9,8,1,9.58,1,1,3,Yes
S12550,0,0,0,1,1,0,1,0,0,0,9,2,8,3,8.49,2,3,3,No
S12551,1,1,0,0,1,1,0,0,1,0,3,3,1,8,8.95,4,0,8,No
S12552,1,0,0,1,1,0,0,1,0,1,3,6,7,7,9.92,5,1,3,Yes
S12553,1,1,1,0,0,1,0,0,1,0,2,10,1,4,5.42,3,0,1,No
S12554,0,1,0,1,1,0,1,0,1,1,10,7,4,6,9.96,8,1,0,Yes
S12555,0,1,1,1,1,1,1,0,0,0,3,7,4,4,6.35,6,3,1,Yes
S12556,1,0,1,1,1,1,0,1,0,0,10,10,7,2,5.52,5,0,4,No
S12557,0,1,0,0,1,1,1,1,0,1,5,8,10,3,6.27,5,3,4,Yes
S12558,0,1,1,1,1,1,1,0,0,1,5,5,10,4,8.48,2,2,7,Yes
S12559,0,1,0,1,0,1,1,1,1,0,4,5,7,10,7.52,2,2,3,Yes
S12560,0,0,0,0,0,1,1,0,0,0,1,4,5,7,5.23,7,3,4,No
S12561,0,1,0,1,1,1,0,0,1,1,5,7,3,1,5.41,4,1,4,Yes
S12562,1,0,1,0,0,1,0,0,1,1,8,4,2,3,6.77,1,1,5,No
S12563,0,0,1,0,0,1,1,0,1,0,9,2,1,1,7.36,3,0,8,No
S12564,0,0,1,1,0,0,0,0,0,0,6,3,1,7,8.27,0,2,8,No
S12565,1,0,0,1,1,0,0,0,0,0,9,1,10,7,5.11,3,0,0,No
S12566,0,1,0,0,1,1,0,1,0,1,10,10,1,5,5.57,5,2,5,Yes
S12567,0,1,1,0,0,0,1,1,1,0,6,2,5,6,7.4,2,1,4,No
S12568,1,1,0,1,0,1,1,0,0,0,10,8,9,6,7.38,3,2,1,Yes
S12569,0,1,1,1,0,1,0,1,0,1,4,6,5,1,5.73,1,2,5,No
S12570,1,0,0,1,1,0,1,0,0,0,5,7,6,9,5.73,6,2,8,Yes
S12571,0,1,0,0,1,0,0,0,0,1,4,6,4,4,9.59,0,1,7,No
S12572,0,0,0,1,1,1,1,1,0,1,7,6,10,1,8.61,1,1,6,Yes
S12573,1,0,1,1,1,0,1,0,0,1,9,9,4,2,8.96,1,1,6,Yes
S12574,1,1,0,1,1,0,0,0,0,1,6,2,10,5,6.39,2,2,4,No
S12575,0,1,0,1,0,0,0,0,0,0,7,1,4,2,8.24,4,3,7,No
S12576,1,1,0,0,1,0,0,0,0,1,7,4,3,10,9.21,5,0,5,Yes
S12577,1,1,0,0,1,0,1,0,1,1,9,1,8,1,5.36,2,1,8,Yes
S12578,1,1,1,1,0,1,1,1,1,1,1,10,1,9,6.44,3,3,5,Yes
S12579,1,1,0,1,0,0,1,0,0,0,4,8,6,3,8.64,0,0,0,No
S12580,1,1,0,0,0,0,0,0,0,0,4,10,8,10,9.18,4,1,0,Yes
S12581,0,0,0,0,1,1,1,0,0,0,10,8,2,6,7.43,4,0,2,No
S12582,0,1,0,0,0,1,0,0,0,0,5,8,3,9,7.37,1,0,1,No
S12583,0,1,0,1,0,1,1,0,0,1,5,9,1,5,9.01,2,0,5,No
S12584,0,0,0,1,1,0,0,0,0,1,9,8,10,8,5.76,7,2,0,Yes
S12585,1,1,1,1,0,1,1,1,0,0,1,7,6,5,7.39,7,1,6,Yes
S12586,1,1,0,0,1,1,1,0,0,0,3,10,7,10,5.77,1,3,1,Yes
S12587,1,0,1,1,1,0,0,0,0,0,7,7,1,10,6.16,7,0,3,No
S12588,0,0,1,0,1,1,0,1,1,0,10,8,5,8,9.32,3,3,8,Yes
S12589,0,0,1,1,0,0,0,0,1,1,10,8,1,10,5.92,6,1,7,Yes
S12590,0,1,0,1,0,1,0,0,0,0,7,4,2,5,5.86,3,1,3,No
S12591,0,1,1,1,1,0,1,0,1,0,2,4,6,7,7.43,7,3,7,Yes
S12592,0,1,1,1,1,1,1,0,0,0,3,2,2,8,9.72,5,2,3,Yes
S12593,1,0,0,0,0,1,0,0,0,0,2,1,2,6,6.59,5,2,1,No
S12594,1,1,1,1,1,0,0,0,0,0,9,6,7,6,7.53,8,0,2,Yes
S12595,1,1,0,1,0,1,0,0,0,0,6,10,10,1,8.71,8,3,1,Yes
S12596,1,0,0,1,0,0,1,1,1,0,9,10,10,7,6.97,8,0,1,Yes
S12597,0,0,1,1,0,0,1,1,0,0,7,1,2,9,6.04,2,1,5,No
S12598,1,0,1,1,1,0,1,1,1,0,3,8,4,3,9.66,2,0,3,No
S12599,0,1,1,1,1,1,1,0,1,0,3,9,7,4,8.65,8,3,1,Yes
S12600,0,1,1,1,1,0,1,0,1,1,10,2,8,3,7.55,6,0,0,Yes
S12601,1,0,0,1,1,1,1,0,0,1,5,4,1,7,7.04,8,3,3,Yes
S12602,1,1,0,0,1,0,1,0,0,1,3,7,2,5,5.14,6,2,3,No
S12603,1,1,1,1,0,1,1,0,0,0,8,2,5,4,5.21,4,3,1,Yes
S12604,1,1,1,0,0,1,1,0,1,0,9,9,9,10,7.96,0,1,6,Yes
S12605,0,0,0,0,0,1,1,0,0,0,7,3,9,2,8.36,0,3,2,No
S12606,1,1,0,0,0,1,1,1,0,0,9,4,1,9,7.96,0,0,2,No
S12607,0,0,0,1,0,0,0,0,1,0,5,6,6,8,9.94,8,2,7,Yes
S12608,0,1,1,1,1,1,1,0,1,1,8,3,5,3,5.26,2,1,6,No
S12609,0,1,0,1,0,1,0,0,0,0,5,7,2,10,8.98,1,1,2,No
S12610,0,0,0,1,1,1,0,0,1,0,7,3,6,9,8.34,3,0,0,No
S12611,1,1,0,1,0,0,1,0,0,0,8,5,10,8,7.92,3,0,2,Yes
S12612,1,0,0,1,1,1,1,0,0,0,8,3,1,5,5.15,7,0,7,No
S12613,1,1,0,0,0,1,1,0,0,1,4,5,7,9,6.92,4,3,2,Yes
S12614,1,1,1,1,0,1,0,0,1,0,9,5,1,2,6.69,7,3,0,No
S12615,0,0,1,0,0,0,0,0,0,1,10,8,7,4,9.57,8,0,6,Yes
S12616,0,0,0,1,0,0,1,0,0,0,9,5,5,2,5.35,7,1,0,No
S12617,1,0,1,0,1,1,1,0,0,0,3,2,3,6,7.39,7,1,5,Yes
S12618,1,1,0,0,0,1,1,0,0,0,8,9,7,8,5.34,8,3,5,Yes
S12619,1,1,1,1,0,1,1,0,0,1,3,5,6,3,9.2,2,0,1,No
S12620,0,0,0,0,1,1,0,0,0,0,8,3,7,6,5.98,3,1,8,No
S12621,0,1,1,1,1,0,1,0,0,0,3,2,2,3,9.04,4,3,7,Yes
S12622,0,0,0,0,0,1,0,1,0,1,5,1,4,5,6.81,2,0,5,No
S12623,0,1,0,1,1,0,0,1,1,0,5,10,8,3,5.59,8,2,8,Yes
S12624,1,0,1,0,1,0,1,0,1,1,8,5,5,4,7.78,4,1,1,Yes
S12625,1,0,1,1,1,1,1,0,1,1,5,3,7,8,9.77,2,0,3,Yes
S12626,1,1,0,1,1,1,0,0,0,0,10,3,1,2,6.79,1,3,3,No
S12627,1,0,1,1,1,1,0,1,0,0,5,10,7,9,7.81,1,2,7,Yes
S12628,0,1,0,1,1,1,1,1,0,0,7,2,8,4,6.5,0,3,2,No
S12629,0,1,1,1,1,1,0,0,0,0,4,8,1,4,6.49,1,1,2,No
S12630,0,1,1,0,1,1,0,0,0,0,3,3,2,3,8.47,1,2,0,No
S12631,1,1,0,0,1,1,1,1,0,0,6,2,8,10,7.21,4,2,4,Yes
S12632,1,1,1,1,0,0,1,0,0,0,7,2,10,10,5.51,8,3,1,Yes
S12633,1,1,1,1,1,1,1,0,0,0,10,7,5,8,7.65,2,0,5,Yes
S12634,1,1,1,1,0,1,1,1,0,0,4,3,1,6,6.49,6,3,8,Yes
S12635,0,1,1,1,1,1,0,1,1,0,6,6,5,1,9.63,5,2,7,Yes
S12636,1,1,1,1,1,0,1,0,0,0,10,5,5,6,6.87,0,2,5,Yes
S12637,0,1,1,0,1,1,0,0,1,1,2,5,4,5,5.85,2,3,4,No
S12638,0,0,0,0,0,0,1,1,0,0,10,3,2,9,6.86,7,2,2,No
S12639,1,1,1,1,0,1,1,0,0,0,2,9,1,4,7.61,4,3,6,Yes
S12640,0,0,0,0,0,0,1,0,0,0,6,8,1,1,7.66,8,1,3,No
S12641,1,1,0,0,0,0,1,1,1,1,8,4,5,10,8.94,5,2,4,Yes
S12642,0,1,0,0,1,1,1,1,0,0,9,3,6,8,8.84,3,2,4,Yes
S12643,0,1,1,0,0,0,0,0,0,0,5,10,8,2,9.92,0,3,7,Yes
S12644,0,0,0,1,0,0,1,0,1,0,6,4,6,5,8.73,1,3,3,No
S12645,1,1,0,1,0,0,0,0,0,0,1,10,4,6,7.6,5,1,5,No
S12646,1,0,1,1,0,1,1,0,0,1,4,5,3,7,6.91,7,1,5,Yes
S12647,1,1,0,1,1,0,1,0,0,0,3,9,4,6,7.63,4,3,7,Yes
S12648,1,1,1,0,0,1,1,1,1,0,8,6,5,9,6.64,2,3,5,Yes
S12649,0,0,0,0,0,1,1,0,0,0,2,4,8,8,6.26,3,0,1,No
S12650,0,1,0,1,0,0,1,1,1,0,8,1,1,8,5.98,1,1,5,No
S12651,1,1,0,1,0,0,0,0,0,0,6,9,8,7,9.49,1,3,7,Yes
S12652,1,1,0,1,0,0,1,1,1,1,7,9,5,2,9.14,0,2,3,Yes
S12653,1,1,0,0,1,1,0,0,0,1,1,3,8,2,5.65,6,2,8,No
S12654,1,1,0,1,1,0,0,1,0,0,6,6,6,7,5.28,8,2,5,Yes
S12655,1,1,0,1,1,0,1,0,0,0,1,2,9,6,6.48,2,3,6,Yes
S12656,1,0,1,1,0,0,0,0,0,0,7,1,6,7,9.6,2,2,8,Yes
S12657,0,0,0,0,1,0,1,1,0,1,10,4,7,7,5.05,7,1,3,No
S12658,1,1,0,1,0,0,0,1,0,0,9,1,10,1,7.25,0,1,1,No
S12659,1,1,0,0,0,0,1,0,0,1,2,8,8,1,8.1,3,2,3,No
S12660,0,1,0,1,1,1,1,1,0,1,3,9,4,2,7.84,7,3,6,Yes
S12661,1,0,0,0,0,1,1,0,0,0,7,5,8,3,5.27,5,3,5,No
S12662,0,1,0,1,0,0,1,0,1,0,5,7,6,9,5.55,7,3,4,Yes
S12663,0,1,0,0,0,0,1,0,1,0,1,10,8,9,9.48,5,2,6,Yes
S12664,0,1,1,0,0,1,0,0,0,0,5,10,10,4,7.66,0,2,5,Yes
S12665,1,1,1,1,0,0,0,1,1,1,3,4,5,2,9.99,5,1,4,Yes
S12666,1,0,1,1,1,1,1,1,1,0,8,1,5,9,5.54,7,1,2,Yes
S12667,0,1,0,1,1,1,0,0,0,0,6,3,9,8,9.78,1,3,8,Yes
S12668,0,0,1,1,1,0,0,1,0,1,9,1,8,4,9.61,4,0,7,Yes
S12669,1,1,1,0,0,1,0,0,0,1,2,4,3,1,8.61,2,3,2,No
S12670,1,1,1,0,1,0,1,0,1,0,10,8,8,1,5.75,0,3,2,Yes
S12671,1,1,0,0,0,0,1,1,1,0,9,5,9,4,9.87,0,1,6,Yes
S12672,1,1,1,1,0,0,0,1,1,0,2,1,7,9,5.91,1,0,7,No
S12673,0,1,1,1,1,1,1,0,1,0,4,2,7,8,8.76,8,2,4,Yes
S12674,1,1,1,0,0,1,1,1,0,0,3,7,4,10,7.74,7,2,4,Yes
S12675,1,1,1,0,0,0,0,1,0,0,7,7,6,4,9.82,3,0,0,No
S12676,0,0,1,1,1,0,1,0,1,1,10,8,2,10,7.27,0,3,1,Yes
S12677,1,1,0,1,0,1,0,0,0,0,9,10,6,6,8.91,1,3,6,Yes
S12678,0,1,1,1,1,0,1,1,0,1,9,1,9,8,9.9,5,3,5,Yes
S12679,0,0,1,1,1,0,1,0,1,0,4,4,6,8,8.04,4,1,5,No
S12680,1,1,1,1,1,1,0,0,0,1,6,2,6,9,5.81,8,1,5,Yes
S12681,0,0,1,1,0,1,1,0,0,0,9,5,2,9,7.3,4,2,8,Yes
S12682,0,0,0,1,0,0,1,1,0,0,9,4,9,2,8.02,1,2,7,Yes
S12683,1,1,0,1,1,1,1,1,1,0,8,2,1,10,9.8,4,2,1,Yes
S12684,1,1,0,1,1,1,0,0,1,0,10,9,1,10,6.85,0,0,7,No
S12685,1,0,1,0,1,1,0,1,0,1,1,7,2,6,6.34,2,0,6,No
S12686,0,0,0,1,1,1,1,0,0,1,9,9,8,4,9.07,6,1,3,Yes
S12687,0,1,0,0,0,1,1,1,0,1,3,6,9,9,9.29,5,3,4,Yes
S12688,1,1,0,1,1,0,1,1,0,0,4,6,7,6,5.0,8,2,0,Yes
S12689,0,1,0,1,0,0,0,1,0,0,8,5,7,3,5.9,6,0,5,No
S12690,1,0,1,0,0,1,1,0,0,0,7,4,7,8,9.93,4,1,2,Yes
S12691,0,1,1,0,1,0,0,0,0,0,6,2,4,4,6.01,4,1,1,No
S12692,0,0,0,0,1,1,0,1,0,1,2,2,1,1,6.69,8,0,6,No
S12693,1,0,1,0,0,0,1,0,0,1,3,6,8,5,7.9,3,3,6,Yes
S12694,0,0,1,1,1,0,1,1,0,1,5,9,10,3,5.66,3,0,8,Yes
S12695,0,0,0,0,1,1,1,0,1,0,2,3,1,10,6.95,8,3,5,No
S12696,0,1,0,1,0,1,1,0,0,0,1,5,1,6,5.98,4,1,3,No
S12697,1,1,1,0,1,1,1,0,0,0,9,2,7,6,6.41,6,3,3,Yes
S12698,0,1,0,1,1,0,1,1,0,0,7,9,5,5,6.26,1,0,0,No
S12699,0,1,0,0,1,1,1,0,0,1,9,7,1,3,7.5,0,3,1,No
S12700,1,1,1,0,0,0,1,0,0,1,10,7,7,8,6.87,1,0,5,Yes
S12701,1,0,1,0,0,1,0,0,1,0,6,8,2,10,5.53,6,3,4,Yes
S12702,1,1,0,1,1,1,1,1,0,0,5,6,1,7,5.89,3,2,2,No
S12703,0,0,1,1,1,1,0,1,0,0,6,2,5,8,6.08,7,3,2,Yes
S12704,0,1,0,0,0,0,1,0,1,1,1,2,7,6,7.15,1,2,3,No
S12705,1,1,0,1,1,0,0,0,1,1,10,1,4,4,9.21,4,3,7,Yes
S12706,0,1,0,1,1,0,1,1,1,0,9,9,6,4,9.2,6,2,8,Yes
S12707,1,0,0,1,0,0,1,0,0,1,4,1,9,5,8.43,2,0,5,No
S12708,0,0,0,1,0,0,0,0,0,0,4,5,8,3,9.4,7,0,6,No
S12709,1,1,1,0,1,1,0,0,0,0,2,8,8,8,9.38,5,2,1,Yes
S12710,1,1,0,0,1,1,1,0,0,1,4,2,1,8,7.89,0,0,6,No
S12711,1,0,1,1,1,0,0,0,0,0,9,4,5,4,9.7,6,2,3,Yes
S12712,1,1,1,0,1,1,0,1,1,0,2,8,5,8,5.04,4,1,2,No
S12713,0,1,0,1,0,1,1,0,1,0,4,5,2,9,7.43,3,2,5,No
S12714,0,1,0,0,0,1,0,0,1,0,4,8,4,1,8.24,7,2,3,No
S12715,1,1,0,0,1,1,0,0,1,0,2,5,8,1,8.74,7,0,5,Yes
S12716,1,1,1,0,1,1,1,0,0,1,4,2,5,2,6.81,6,0,2,No
S12717,1,1,1,1,1,1,0,0,0,0,9,10,9,4,6.72,4,3,7,Yes
S12718,0,1,0,1,0,0,1,0,0,1,9,9,1,8,8.29,4,0,2,No
S12719,0,1,0,0,0,1,0,0,0,0,5,10,10,3,9.79,7,1,2,Yes
S12720,1,1,1,1,1,1,1,0,0,0,3,9,1,2,8.02,0,2,7,Yes
S12721,0,1,1,1,1,1,1,0,0,0,6,7,3,2,9.84,0,3,8,Yes
S12722,1,1,1,1,1,1,1,1,1,0,10,10,4,5,8.26,2,3,2,Yes
S12723,0,1,1,0,1,1,1,0,0,0,5,10,10,2,6.16,0,0,7,No
S12724,0,1,1,0,1,0,1,0,0,1,10,2,5,1,9.88,3,1,3,Yes
S12725,0,1,0,1,0,1,0,0,1,0,5,2,4,4,7.39,6,3,2,No
S12726,0,1,1,0,1,0,0,0,0,0,3,1,7,7,6.45,7,3,7,No
S12727,0,1,0,0,0,1,0,1,0,0,7,3,4,6,9.5,3,2,0,Yes
S12728,0,1,1,1,0,1,1,0,0,0,7,10,1,10,8.65,6,3,3,Yes
S12729,0,1,1,1,1,1,0,1,0,0,2,7,3,1,8.98,4,0,6,Yes
S12730,1,1,0,1,1,1,0,1,1,0,9,3,7,5,7.58,1,2,0,Yes
S12731,1,1,0,1,1,1,0,0,0,1,6,10,4,5,5.01,3,0,7,No
S12732,1,0,0,1,0,1,0,1,1,0,9,1,5,3,8.06,5,1,0,No
S12733,0,1,0,0,1,1,1,1,1,0,5,9,1,6,8.42,3,2,5,Yes
S12734,1,0,1,0,0,1,0,0,0,1,1,9,2,7,8.35,4,2,5,Yes
S12735,1,0,1,0,1,1,0,0,0,0,4,4,3,4,9.38,1,2,5,No
S12736,1,0,0,1,1,1,0,0,1,0,6,8,7,8,6.96,0,3,6,Yes
S12737,1,1,0,0,0,1,1,1,1,0,3,1,3,5,9.73,4,1,0,No
S12738,0,1,1,1,0,1,0,0,0,0,1,8,5,2,5.37,4,2,7,No
S12739,0,0,0,0,1,1,1,0,0,0,7,3,2,8,6.62,2,3,0,No
S12740,0,1,1,0,0,1,1,1,0,0,1,10,9,10,5.32,2,0,7,Yes
S12741,0,1,0,0,1,0,0,1,1,0,7,3,5,9,6.63,7,0,2,No
S12742,0,1,1,1,1,0,1,0,1,0,10,5,5,4,7.51,3,0,4,No
S12743,1,0,1,1,1,1,0,1,0,0,1,7,8,3,9.24,3,1,7,Yes
S12744,1,1,1,0,1,1,1,1,0,1,10,5,10,5,5.79,6,0,0,Yes
S12745,0,1,0,1,0,0,0,0,0,0,4,2,1,6,7.07,6,1,0,No
S12746,1,0,1,1,1,1,1,0,0,0,2,4,2,10,6.87,2,0,3,No
S12747,1,1,1,1,0,1,0,1,1,0,9,8,1,6,5.25,0,3,4,No
S12748,0,0,1,0,1,0,1,0,0,0,2,3,5,8,7.72,4,2,8,Yes
S12749,1,1,0,1,0,0,1,0,0,0,6,10,3,8,8.23,7,3,1,Yes
S12750,1,0,0,1,1,1,1,0,0,1,4,2,1,9,5.37,0,1,4,No
S12751,1,1,1,1,0,0,1,0,1,1,2,7,7,4,5.12,3,1,8,No
S12752,1,0,0,1,0,0,1,0,0,1,10,4,5,1,6.88,4,1,2,No
S12753,1,0,1,1,0,0,0,1,0,0,7,8,4,6,5.68,4,2,1,No
S12754,1,0,1,0,1,0,0,0,0,0,2,7,6,10,9.21,3,0,7,No
S12755,0,0,1,0,0,1,1,0,0,0,8,3,5,8,9.23,2,1,8,Yes
S12756,0,1,0,0,0,1,1,0,1,1,8,8,7,5,7.49,8,1,6,Yes
S12757,1,0,0,1,1,0,0,1,0,1,1,6,10,4,6.7,7,1,7,Yes
S12758,0,1,0,1,0,0,1,1,0,0,9,6,3,7,9.36,6,1,8,Yes
S12759,1,0,0,1,0,1,1,1,1,0,5,6,3,10,6.98,1,3,8,Yes
S12760,1,0,1,1,0,1,0,0,0,1,3,4,4,5,5.93,8,3,6,Yes
S12761,1,1,0,1,0,0,1,1,0,0,4,3,9,2,9.98,8,1,4,Yes
S12762,0,1,1,1,0,0,1,1,0,0,6,5,8,10,5.56,6,0,4,Yes
S12763,1,1,0,0,1,1,1,0,0,0,3,6,5,6,9.57,2,1,6,No
S12764,0,0,1,1,1,1,1,0,0,1,10,2,1,1,6.28,4,0,1,No
S12765,0,1,0,1,0,0,1,1,0,0,4,6,1,2,6.39,5,3,8,No
S12766,1,1,0,0,1,1,1,0,0,1,8,4,7,5,5.02,8,2,4,Yes
S12767,0,0,1,1,0,0,0,0,0,0,7,4,7,6,5.7,0,2,7,No
S12768,0,0,0,1,1,1,1,0,0,0,3,1,10,5,6.38,7,2,1,No
S12769,1,0,0,0,1,1,1,0,1,0,3,6,9,5,8.95,3,1,3,Yes
S12770,1,0,0,1,0,1,1,0,0,0,7,10,9,2,7.17,5,0,6,Yes
S12771,0,0,0,1,0,1,0,0,0,1,3,3,4,9,6.66,8,0,5,No
S12772,0,0,1,1,1,0,0,1,0,0,4,3,6,9,8.77,5,1,4,Yes
S12773,1,1,1,1,0,1,0,1,1,1,8,4,6,6,8.72,2,0,1,Yes
S12774,1,0,0,1,0,1,1,1,1,0,4,9,9,2,6.72,4,0,7,Yes
S12775,1,0,1,1,1,0,0,0,1,0,10,2,9,3,9.68,8,0,7,Yes
S12776,1,0,0,0,1,1,0,0,1,0,8,10,4,2,5.16,5,3,4,Yes
S12777,1,0,0,1,0,0,0,0,0,0,6,8,4,10,7.43,4,2,5,Yes
S12778,0,1,0,1,1,1,0,0,1,0,1,1,1,8,7.1,2,2,1,No
S12779,0,1,1,0,1,1,1,1,1,1,3,2,5,9,8.63,8,3,0,Yes
S12780,1,0,0,1,1,0,0,1,0,1,10,2,2,3,6.0,5,0,5,No
S12781,0,1,1,1,1,0,0,0,1,0,2,9,8,1,9.02,5,0,0,No
S12782,0,1,0,1,1,0,1,0,0,1,1,1,4,2,8.05,4,0,1,No
S12783,1,1,1,1,0,1,1,0,0,0,7,5,10,3,9.47,1,2,5,Yes
S12784,1,1,1,1,1,0,1,0,0,1,5,2,1,1,5.79,1,3,8,Yes
S12785,1,0,0,1,0,0,1,0,0,0,4,10,6,1,7.38,6,3,6,Yes
S12786,0,1,1,1,1,0,0,0,0,1,8,3,8,3,5.91,3,0,1,No
S12787,1,1,0,0,1,1,1,0,1,0,3,6,8,6,8.79,1,1,8,Yes
S12788,0,1,0,1,0,1,0,0,0,0,4,1,4,2,5.59,8,0,7,No
S12789,1,1,0,0,0,0,1,1,0,1,9,9,10,1,8.64,8,1,1,Yes
S12790,1,0,0,1,1,0,1,0,1,0,7,1,6,1,8.86,7,2,0,Yes
S12791,1,1,0,1,1,0,0,0,0,1,7,7,8,4,8.7,5,0,4,Yes
S12792,1,1,0,1,0,1,1,0,0,0,6,2,7,10,5.47,0,0,8,No
S12793,0,1,0,0,0,0,0,0,1,1,9,9,5,4,6.54,6,2,3,Yes
S12794,0,0,0,0,0,1,1,0,0,0,8,4,10,6,7.58,6,2,3,No
S12795,1,0,1,1,1,1,1,1,1,1,2,1,3,3,9.17,4,3,7,Yes
S12796,0,0,1,0,1,0,1,1,1,0,2,1,3,6,7.39,3,0,2,No
S12797,0,1,0,0,0,0,1,0,0,0,3,8,4,5,5.36,5,2,8,No
S12798,1,1,1,0,0,0,0,1,1,0,2,7,10,4,5.33,7,0,6,No
S12799,0,0,1,0,1,1,1,1,0,0,6,5,9,5,6.28,0,2,1,Yes
S12800,1,1,0,1,0,1,0,0,0,0,8,1,4,6,6.03,4,1,5,No
S12801,0,1,0,0,0,1,0,1,0,0,1,8,10,5,5.3,4,1,1,No
S12802,1,1,1,0,1,1,1,0,0,0,10,7,5,4,5.36,3,0,5,No
S12803,0,1,1,1,1,1,1,0,1,0,5,5,7,10,7.34,8,3,8,Yes
S12804,1,1,1,0,1,1,0,0,1,0,7,3,1,7,5.59,7,0,2,No
S12805,0,1,1,1,1,1,1,1,0,1,5,7,7,5,6.59,8,2,5,Yes
S12806,0,1,1,1,0,1,1,0,1,0,4,1,6,3,7.37,6,2,2,Yes
S12807,1,1,0,1,0,1,1,0,1,0,4,10,2,6,8.14,7,2,7,Yes
S12808,1,0,1,1,1,0,1,0,1,0,2,10,3,6,5.97,8,2,6,Yes
S12809,1,1,1,0,0,0,0,1,0,0,9,3,2,4,6.44,6,0,8,No
S12810,0,1,0,1,0,0,1,0,0,0,5,9,4,5,9.79,7,1,2,Yes
S12811,1,1,1,1,1,1,0,0,1,0,2,9,10,8,5.75,8,1,6,Yes
S12812,0,1,1,0,0,1,1,1,1,0,5,2,9,8,7.38,6,3,0,Yes
S12813,1,1,0,0,1,1,0,1,0,0,4,10,6,9,8.4,1,3,7,Yes
S12814,1,0,0,1,1,0,0,1,0,0,8,10,8,2,5.11,7,2,0,No
S12815,1,0,1,1,0,1,1,0,1,1,5,3,5,5,5.87,6,3,7,Yes
S12816,1,1,1,1,0,1,1,0,0,0,7,10,8,2,9.06,6,2,3,Yes
S12817,0,1,1,1,0,1,0,0,0,1,2,6,1,8,5.65,5,2,1,No
S12818,0,1,0,0,1,0,0,0,0,1,10,4,2,5,6.44,8,0,0,No
S12819,1,0,0,0,1,0,0,1,0,0,6,4,7,6,6.23,5,2,5,No
S12820,1,0,0,1,0,0,0,0,0,0,1,4,7,2,6.27,6,2,6,No
S12821,1,1,1,1,0,1,1,1,0,0,7,8,9,10,9.88,0,1,1,Yes
S12822,0,1,1,0,0,0,0,0,1,0,10,9,3,10,8.31,4,2,8,Yes
S12823,1,1,1,1,0,0,1,0,1,0,8,3,7,7,5.33,7,1,5,Yes
S12824,0,1,1,1,0,0,1,1,0,0,7,8,8,5,5.75,0,0,2,No
S12825,0,0,0,0,0,0,1,0,0,0,8,1,6,8,8.75,7,0,1,No
S12826,1,1,0,1,0,0,0,0,1,0,5,1,5,7,5.31,3,3,7,No
S12827,0,1,1,1,1,1,0,0,0,0,1,7,2,7,8.25,5,2,3,No
S12828,1,1,1,1,0,1,0,0,0,0,8,9,9,6,9.25,3,1,1,Yes
S12829,1,1,0,0,1,0,1,0,1,0,5,4,7,5,6.57,0,0,3,No
S12830,1,1,0,1,1,1,0,0,0,1,5,1,6,7,5.69,5,3,7,Yes
S12831,1,0,1,1,0,0,0,0,0,1,3,6,7,7,7.28,7,0,5,Yes
S12832,1,1,1,1,0,0,0,0,0,1,8,10,5,3,8.35,6,2,6,Yes
S12833,1,1,0,1,1,1,1,0,0,1,7,8,7,2,6.29,3,2,3,Yes
S12834,1,0,0,1,0,1,1,0,1,0,8,2,4,1,7.83,6,0,3,No
S12835,1,1,1,0,0,0,0,1,1,0,10,7,9,7,5.45,3,0,4,Yes
S12836,0,1,0,1,0,0,0,0,0,0,3,10,5,10,7.46,7,3,8,Yes
S12837,0,1,1,0,1,1,0,0,1,1,6,3,3,2,8.82,0,1,8,No
S12838,1,0,0,1,1,1,1,1,0,0,7,5,10,9,9.78,3,0,4,Yes
S12839,1,1,1,1,0,1,1,0,1,1,9,6,5,8,7.25,4,2,5,Yes
S12840,1,0,1,1,0,1,1,0,0,0,5,10,5,9,7.46,7,0,1,Yes
S12841,0,1,0,1,0,1,1,1,1,0,4,4,4,7,9.65,4,1,8,Yes
S12842,0,1,0,0,0,0,0,0,0,1,9,4,1,7,8.99,3,1,1,No
S12843,1,0,1,1,0,0,1,0,0,0,10,9,7,9,5.85,5,2,2,Yes
S12844,1,1,0,0,0,1,0,0,0,0,7,9,6,1,7.61,2,0,1,No
S12845,1,0,0,0,1,1,0,1,1,0,8,7,4,10,6.66,6,3,1,Yes
S12846,1,1,0,1,1,0,0,1,0,1,8,6,6,10,7.87,2,0,7,Yes
S12847,0,1,0,1,1,1,1,0,1,0,6,10,6,10,8.29,1,0,7,Yes
S12848,0,0,1,1,1,1,0,1,1,1,3,2,5,4,9.11,8,3,7,Yes
S12849,1,1,1,1,0,1,1,1,1,1,3,3,9,9,9.29,2,0,0,Yes
S12850,1,1,0,0,0,1,1,0,1,0,7,3,7,6,7.17,1,3,1,No
S12851,1,1,1,0,0,0,1,0,1,1,9,9,2,6,8.13,0,0,2,No
S12852,1,1,0,0,1,0,1,0,0,0,4,2,6,6,7.54,2,0,8,No
S12853,0,1,0,1,1,0,0,0,0,1,6,1,2,7,5.57,2,0,0,No
S12854,1,0,0,1,1,0,0,0,0,0,3,2,4,9,9.05,7,1,0,No
S12855,1,0,1,0,0,1,1,1,1,1,9,8,7,2,5.82,7,3,0,Yes
S12856,1,0,1,0,0,1,1,0,0,1,8,9,7,7,8.93,1,3,5,Yes
S12857,0,0,0,0,0,0,0,1,0,0,10,10,3,1,6.12,7,3,1,No
S12858,0,1,0,1,1,0,1,0,0,0,4,6,1,4,6.49,2,0,0,No
S12859,1,1,0,1,1,1,1,0,0,0,9,5,1,3,6.44,7,3,2,Yes
S12860,1,1,1,0,1,0,1,0,1,0,7,5,1,5,6.59,7,0,2,No
S12861,1,0,1,1,1,0,0,0,1,0,7,1,6,9,5.11,4,0,0,No
S12862,0,1,0,1,1,1,1,1,0,0,3,4,7,4,6.25,6,3,6,Yes
S12863,1,1,1,1,0,1,1,0,0,0,4,3,9,3,8.88,2,0,0,No
S12864,1,1,1,1,1,1,1,1,0,1,2,6,10,10,7.57,5,0,1,Yes
S12865,1,1,1,1,0,1,1,0,1,1,1,6,1,2,6.37,1,2,0,No
S12866,0,1,0,1,0,1,1,0,1,0,7,1,3,4,5.21,5,3,4,No
S12867,1,1,0,0,0,0,0,0,0,1,6,10,1,3,6.77,2,1,8,No
S12868,1,0,1,1,1,1,1,0,0,0,2,10,4,2,8.99,1,3,7,Yes
S12869,0,1,1,0,1,1,1,1,0,0,7,10,7,7,8.04,1,0,6,Yes
S12870,0,0,0,1,1,1,1,0,1,1,1,5,7,1,9.01,3,0,8,No
S12871,0,1,0,0,0,0,0,0,0,0,3,7,4,1,6.21,2,3,5,No
S12872,0,0,0,0,1,0,1,1,1,1,7,7,3,1,8.24,7,1,3,Yes
S12873,1,1,0,1,0,0,1,0,0,1,3,7,2,5,7.16,3,3,3,No
S12874,1,0,0,0,0,1,0,0,1,0,1,9,10,2,7.36,1,1,5,No
S12875,0,1,0,1,0,1,1,0,0,1,1,8,1,1,5.53,7,2,1,No
S12876,1,0,0,1,1,1,0,0,1,0,5,7,6,8,8.63,5,1,5,Yes
S12877,0,0,0,1,1,0,0,0,0,0,4,1,1,2,6.3,6,2,6,No
S12878,0,1,1,0,0,0,1,0,0,0,10,7,8,6,8.95,3,1,3,No
S12879,1,1,0,0,1,1,0,0,0,0,1,3,9,10,9.35,4,0,6,No
S12880,1,1,1,1,0,1,0,0,0,1,10,1,8,6,5.63,5,0,0,No
S12881,0,1,0,1,1,1,1,0,0,0,3,9,5,10,7.62,4,3,6,Yes
S12882,0,1,0,0,1,1,1,0,1,1,10,1,4,8,5.68,8,1,6,Yes
S12883,0,0,0,1,1,1,1,0,0,0,7,1,2,5,6.99,3,0,4,No
S12884,1,1,1,1,0,1,0,0,1,0,3,8,7,7,6.18,6,3,2,Yes
S12885,1,0,1,1,1,0,0,0,0,0,6,9,8,1,9.29,6,1,2,Yes
S12886,1,0,0,1,0,0,0,0,0,0,6,8,2,7,9.82,7,0,3,No
S12887,1,0,0,1,1,1,0,0,0,0,5,6,7,9,5.2,8,1,0,Yes
S12888,1,1,0,0,0,1,1,0,0,0,1,7,3,1,6.62,3,3,5,No
S12889,0,1,1,0,1,1,1,1,0,1,3,8,3,1,5.61,6,0,5,No
S12890,0,1,0,1,1,1,0,0,0,0,7,9,8,5,6.92,5,0,2,Yes
S12891,0,1,1,0,0,0,0,0,0,0,9,5,10,10,6.74,4,3,5,Yes
S12892,1,1,1,1,1,0,1,0,0,0,7,7,6,4,5.78,7,0,2,No
S12893,1,0,1,1,1,0,1,0,0,0,6,9,9,3,6.49,5,0,8,Yes
S12894,0,0,1,0,1,1,0,0,0,1,7,9,9,4,8.59,6,0,2,Yes
S12895,1,1,1,0,0,1,0,0,0,0,2,9,1,4,6.58,5,1,3,No
S12896,1,1,1,1,0,1,1,0,1,0,7,2,6,2,7.12,7,2,3,Yes
S12897,1,1,1,0,0,1,1,0,1,0,9,4,1,6,9.26,4,2,0,Yes
S12898,0,0,0,0,1,0,1,0,0,1,7,10,2,10,5.69,0,0,2,No
S12899,0,0,0,1,1,1,0,1,0,0,4,2,9,1,6.32,7,3,5,Yes
S12900,1,1,0,0,1,1,1,0,0,0,3,8,7,9,8.79,1,3,3,Yes
S12901,0,1,1,0,1,0,1,0,1,0,6,7,4,2,6.18,6,1,7,No
S12902,1,1,1,1,0,1,0,1,0,0,5,8,2,7,5.88,0,2,8,No
S12903,1,1,0,1,0,0,0,0,0,0,6,2,2,3,9.15,6,0,0,No
S12904,0,1,1,0,1,1,0,0,1,0,5,1,7,8,6.98,4,1,5,No
S12905,0,0,0,0,1,0,1,0,0,0,5,10,3,3,6.73,4,1,5,No
S12906,0,1,0,1,0,0,1,0,0,0,6,10,9,10,8.25,6,2,3,Yes
S12907,0,0,0,1,1,0,1,0,0,1,3,9,2,9,7.33,8,1,1,No
S12908,0,1,0,0,1,0,1,0,1,0,8,8,9,5,7.96,0,3,6,Yes
S12909,0,0,0,1,1,1,0,0,0,1,6,5,2,6,5.62,5,0,5,No
S12910,0,0,1,0,1,0,1,1,0,0,9,1,5,2,9.92,0,1,3,No
S12911,0,1,1,0,0,0,1,1,1,1,7,5,4,2,8.41,6,3,5,Yes
S12912,0,0,0,0,1,0,0,1,0,1,8,4,2,6,9.25,6,3,1,Yes
S12913,0,1,0,1,1,0,1,0,0,1,3,9,5,10,5.22,0,1,0,No
S12914,1,1,1,0,1,1,0,1,0,0,2,9,8,5,7.45,5,1,4,Yes
S12915,0,1,1,0,1,0,0,0,1,0,2,5,4,10,6.81,3,0,2,No
S12916,1,1,1,1,1,0,0,0,0,1,4,8,4,1,6.33,7,2,3,Yes
S12917,1,1,0,1,0,1,1,0,0,1,6,4,7,9,5.19,5,3,1,No
S12918,0,0,0,1,0,0,1,0,1,0,7,2,4,6,9.93,6,2,3,Yes
S12919,1,1,0,1,1,1,0,1,0,0,2,8,8,4,9.89,6,2,2,Yes
S12920,1,1,0,1,0,0,0,1,1,1,1,8,8,5,8.9,8,2,7,Yes
S12921,0,0,1,1,0,0,1,0,0,1,7,7,5,7,5.23,8,3,1,Yes
S12922,1,0,0,0,0,1,0,0,1,1,4,9,5,6,9.26,7,1,0,Yes
S12923,1,1,1,1,0,0,1,0,1,0,4,8,2,1,9.04,6,3,3,Yes
S12924,0,1,1,0,1,0,0,0,1,0,6,10,5,2,8.09,2,0,6,Yes
S12925,1,1,0,0,0,0,1,0,0,0,9,10,3,9,7.41,7,0,2,Yes
S12926,1,1,1,0,1,0,1,0,1,1,7,6,8,5,5.57,0,0,3,No
S12927,1,0,0,0,1,1,0,0,0,1,8,9,1,8,9.83,7,2,7,Yes
S12928,1,1,1,0,1,0,1,0,0,1,4,7,7,3,6.24,1,2,4,No
S12929,0,1,1,0,1,0,0,1,1,0,3,6,4,7,6.81,8,2,7,Yes
S12930,0,0,0,0,1,1,1,0,0,0,3,6,3,2,6.17,0,0,1,No
S12931,1,1,1,1,1,1,0,0,0,0,9,7,7,3,8.88,3,1,2,Yes
S12932,0,1,0,1,1,0,1,0,1,1,5,1,10,9,9.1,3,2,8,Yes
S12933,1,0,0,1,1,1,0,1,0,0,5,5,10,6,7.28,6,0,0,No
S12934,1,0,1,1,0,0,1,0,0,0,10,4,7,9,6.45,3,1,8,Yes
S12935,0,1,0,1,0,1,0,0,0,0,4,9,3,8,7.25,5,1,0,No
S12936,0,0,0,0,0,1,1,1,0,1,7,4,3,1,6.8,0,1,6,No
S12937,0,1,0,0,0,0,1,1,1,0,10,8,8,4,9.62,4,3,5,Yes
S12938,1,0,0,1,0,1,1,1,0,0,8,9,7,1,8.76,4,3,1,Yes
S12939,1,0,1,1,1,0,1,1,0,0,1,3,10,4,5.94,0,0,4,No
S12940,1,1,1,0,1,0,0,0,1,0,5,6,8,6,9.92,2,3,8,Yes
S12941,1,1,0,1,1,1,0,1,0,0,2,1,10,10,6.52,6,2,3,Yes
S12942,0,1,0,0,1,0,0,0,0,1,6,9,9,7,9.47,6,2,7,Yes
S12943,1,0,0,1,1,0,0,1,0,1,9,1,9,4,9.8,5,0,2,Yes
S12944,0,0,0,1,1,1,0,1,0,0,5,9,1,9,7.62,5,1,6,Yes
S12945,1,1,0,1,0,1,1,1,1,0,9,3,5,6,5.13,7,3,8,Yes
S12946,1,0,1,1,1,0,0,0,0,1,3,2,8,9,5.68,0,3,0,No
S12947,1,0,1,0,1,0,1,1,0,1,3,9,10,2,6.74,7,0,7,Yes
S12948,1,0,1,1,1,0,0,1,0,0,6,7,10,4,5.79,6,0,4,Yes
S12949,0,0,0,1,1,1,0,1,1,0,2,1,5,1,5.95,5,3,2,No
S12950,1,1,0,0,1,0,1,0,0,0,6,8,8,5,8.7,8,3,5,Yes
S12951,1,1,0,1,0,0,0,0,0,0,5,3,6,6,6.85,8,2,4,Yes
S12952,0,0,0,1,0,1,1,0,0,0,10,7,3,2,8.51,8,2,7,Yes
S12953,0,0,1,0,1,0,1,0,0,0,10,2,8,9,7.1,4,3,2,Yes
S12954,1,1,0,0,0,0,0,0,1,0,10,4,2,2,6.46,0,3,2,No
S12955,1,1,0,0,1,1,1,0,0,0,9,4,2,1,9.46,6,3,3,Yes
S12956,0,0,0,0,1,0,0,0,1,0,2,5,5,4,9.03,7,0,5,No
S12957,0,0,1,0,1,0,1,0,1,0,8,9,9,1,5.19,3,1,4,No
S12958,0,1,0,1,1,1,0,0,0,0,1,1,6,5,6.31,6,2,8,Yes
S12959,1,1,1,1,1,0,0,0,0,0,5,3,10,4,5.57,0,3,7,Yes
S12960,0,0,0,1,1,0,1,0,1,0,10,4,4,1,9.24,7,0,0,No
S12961,1,0,1,0,1,0,0,0,0,0,6,5,8,2,9.83,4,3,7,Yes
S12962,1,0,0,1,0,0,1,0,1,0,4,3,8,10,5.06,1,0,4,No
S12963,0,0,1,0,0,1,1,0,0,0,4,8,3,4,8.28,3,3,7,No
S12964,1,1,1,0,0,1,0,1,1,0,4,4,9,2,9.48,0,2,2,Yes
S12965,1,0,0,1,1,0,0,1,0,0,7,4,1,2,7.88,3,2,4,No
S12966,1,0,0,1,0,1,0,0,0,0,3,4,6,3,7.15,3,0,2,No
S12967,1,1,0,0,0,1,0,1,1,0,9,7,3,10,8.21,2,2,0,Yes
S12968,0,0,1,0,1,0,0,0,0,1,1,2,5,4,6.16,8,2,1,No
S12969,0,0,1,0,0,1,1,0,0,0,8,6,6,8,9.92,1,1,6,Yes
S12970,1,0,1,0,1,1,0,0,1,1,6,2,3,6,6.26,7,0,2,No
S12971,1,1,1,1,1,0,0,0,0,0,2,10,7,7,6.84,5,3,0,Yes
S12972,0,1,0,0,1,0,1,1,1,0,4,8,1,2,8.01,0,3,3,No
S12973,0,1,1,0,1,1,1,0,1,0,7,6,4,9,5.79,1,3,7,Yes
S12974,1,1,0,0,0,1,1,0,1,0,8,4,10,5,8.33,1,2,3,Yes
S12975,0,1,0,1,1,1,1,0,1,1,5,7,5,2,5.17,5,3,7,Yes
S12976,0,1,0,0,1,1,0,0,1,1,1,5,6,2,5.82,3,0,1,No
S12977,1,1,1,0,0,1,1,0,1,1,5,7,4,1,9.9,8,2,1,Yes
S12978,1,0,1,1,1,0,0,1,0,0,1,3,5,1,8.48,6,0,7,No
S12979,1,1,1,0,1,0,0,1,0,1,8,4,5,5,9.82,2,0,1,No
S12980,0,1,0,1,0,1,1,0,0,1,10,10,8,3,8.23,2,3,2,Yes
S12981,1,1,0,1,0,0,0,0,0,0,7,7,10,2,8.69,5,0,8,Yes
S12982,1,1,0,1,0,1,1,0,1,0,8,2,6,1,7.44,3,0,2,No
S12983,1,0,0,0,1,1,1,0,0,0,6,6,5,10,9.42,8,1,8,Yes
S12984,0,1,1,1,1,1,0,1,0,1,8,9,6,1,6.2,0,2,2,Yes
S12985,1,1,0,0,1,0,1,0,0,0,2,4,6,4,6.78,4,2,4,No
S12986,0,1,0,0,1,1,1,0,1,0,5,1,2,2,7.48,0,0,6,No
S12987,0,1,1,1,0,1,1,1,0,0,1,10,9,8,5.16,1,2,3,No
S12988,1,1,0,1,0,0,0,1,0,1,6,1,8,2,6.47,8,1,1,No
S12989,1,1,1,1,1,0,1,1,0,0,1,6,3,10,5.79,5,0,5,No
S12990,1,1,1,0,0,1,1,0,0,0,9,6,8,6,9.41,4,2,4,Yes
S12991,0,1,1,1,1,1,1,1,0,1,7,10,4,5,5.12,2,3,0,Yes
S12992,1,0,0,1,0,1,1,1,0,0,8,7,2,5,6.9,4,0,0,No
S12993,1,1,0,1,0,1,1,0,1,0,7,9,6,9,6.23,5,3,7,Yes
S12994,1,1,1,1,1,1,1,1,1,0,3,1,10,9,5.86,8,3,8,Yes
S12995,1,1,0,0,1,0,0,1,0,0,7,1,10,9,8.99,8,2,2,Yes
S12996,0,0,1,1,0,1,1,0,1,1,5,5,6,8,7.94,2,0,1,Yes
S12997,0,1,0,1,0,1,1,0,0,1,2,9,6,3,9.15,4,1,6,Yes
S12998,0,1,1,1,1,0,0,0,0,0,2,5,5,8,9.14,5,3,0,Yes
S12999,1,0,0,1,0,0,1,0,0,0,10,10,5,4,8.2,6,2,2,Yes
S13000,1,1,0,0,1,0,0,0,0,0,7,8,10,7,8.05,2,3,5,Yes
S13001,0,1,1,0,0,1,1,0,0,0,6,3,5,2,5.58,4,2,0,No
S13002,1,1,1,0,0,0,1,0,0,0,1,7,10,1,6.27,1,0,2,No
S13003,0,0,1,1,0,0,1,1,0,0,3,3,9,1,9.05,5,1,4,No
S13004,1,1,0,1,1,0,1,0,1,1,7,7,7,6,10.0,4,1,4,Yes
S13005,1,1,1,0,1,0,1,0,1,0,9,5,2,8,9.07,3,2,6,Yes
S13006,0,0,1,1,0,0,1,1,1,0,3,9,4,9,5.02,3,3,3,Yes
S13007,0,1,0,1,0,0,0,0,0,1,6,4,8,7,9.86,5,1,8,Yes
S13008,0,1,0,1,1,0,0,0,0,0,10,1,8,7,7.21,6,0,7,Yes
S13009,1,1,0,1,1,1,1,1,1,0,5,3,7,6,7.15,2,0,8,Yes
S13010,1,1,0,0,1,1,1,1,0,1,1,5,4,4,6.77,0,2,6,No
S13011,0,1,1,1,0,1,1,0,1,1,5,4,4,3,5.66,3,3,7,Yes
S13012,0,0,0,1,0,1,0,0,0,0,4,5,2,4,8.65,8,3,5,Yes
S13013,0,1,0,0,0,0,1,0,0,0,4,8,4,8,8.53,0,0,1,No
S13014,1,1,0,0,1,0,1,1,0,1,7,1,7,1,9.23,0,3,5,Yes
S13015,0,1,0,1,0,1,1,0,0,0,4,2,1,7,9.27,8,1,7,Yes
S13016,0,1,0,1,1,1,0,0,0,0,10,5,9,6,8.83,8,1,8,Yes
S13017,0,1,0,1,1,1,1,0,0,1,7,4,8,6,5.95,2,1,0,No
S13018,1,1,0,1,0,0,0,0,0,0,8,1,7,3,9.99,7,3,0,Yes
S13019,1,1,1,1,0,1,0,0,1,0,7,2,6,7,6.91,7,0,3,Yes
S13020,0,1,0,1,1,0,1,1,1,1,4,4,9,8,5.94,0,0,0,No
S13021,0,0,1,1,0,1,0,1,1,0,1,2,9,1,7.46,2,0,4,No
S13022,0,1,0,0,0,1,1,1,0,1,7,2,10,6,9.16,3,1,4,Yes
S13023,0,1,0,1,0,1,0,0,0,1,8,7,8,10,8.28,0,3,2,Yes
S13024,0,1,1,0,1,1,1,1,0,0,4,4,7,10,8.11,5,0,4,Yes
S13025,1,1,0,1,1,0,0,0,1,1,6,3,1,9,7.96,8,3,1,Yes
S13026,1,1,0,0,1,1,0,0,1,0,8,2,7,10,8.69,3,2,5,Yes
S13027,1,0,0,0,1,0,1,0,1,0,9,8,5,8,6.41,0,2,5,No
S13028,1,1,1,0,1,1,0,0,0,0,4,3,8,9,6.41,5,2,6,Yes
S13029,1,1,0,1,1,1,1,1,0,0,1,8,1,1,7.12,2,0,0,No
S13030,1,0,1,1,0,1,0,0,1,0,8,1,8,2,6.25,5,3,7,Yes
S13031,1,1,0,0,1,0,1,0,1,0,9,9,7,2,9.85,5,3,8,Yes
S13032,1,0,0,1,0,1,1,0,1,0,4,9,6,3,7.58,3,3,4,Yes
S13033,1,0,1,0,0,1,0,0,0,0,7,9,5,5,6.88,3,0,2,No
S13034,1,0,0,0,0,0,1,1,1,1,10,3,10,10,6.7,7,3,0,Yes
S13035,1,0,0,0,1,0,1,1,0,0,3,2,7,7,9.0,6,3,3,Yes
S13036,0,0,1,0,1,0,0,1,1,0,4,2,10,4,9.48,3,2,0,No
S13037,1,1,1,0,1,1,0,0,0,0,9,10,10,6,9.17,1,1,3,Yes
S13038,1,1,1,1,0,0,0,0,0,0,6,2,7,2,5.83,6,3,8,Yes
S13039,0,1,0,1,0,0,1,0,1,0,3,2,7,10,8.12,6,0,8,Yes
S13040,0,1,1,1,0,0,0,0,1,0,4,6,7,6,7.0,3,0,7,No
S13041,1,0,0,1,1,1,0,0,1,0,9,4,5,10,8.86,5,2,3,Yes
S13042,0,1,1,1,1,0,1,0,0,1,3,5,1,10,5.1,3,2,3,No
S13043,0,0,0,0,0,1,1,0,0,0,7,6,10,8,9.45,0,3,4,Yes
S13044,0,0,1,1,1,1,0,1,1,0,2,6,2,9,8.38,6,0,8,Yes
S13045,1,0,0,0,0,1,0,0,1,0,5,5,7,10,5.94,2,3,5,No
S13046,0,1,1,1,1,1,0,1,1,0,6,7,1,7,8.08,8,0,1,Yes
S13047,1,0,1,0,0,0,0,0,1,0,1,6,7,4,9.91,0,3,7,Yes
S13048,0,1,1,1,1,0,0,0,0,1,4,9,4,10,9.52,6,0,2,Yes
S13049,0,0,1,1,1,1,1,0,1,0,6,4,2,7,7.09,3,0,1,No
S13050,1,1,0,0,0,0,0,1,1,0,6,1,4,1,9.33,7,1,8,No
S13051,0,0,0,0,1,1,1,0,0,0,4,8,3,1,6.09,3,2,6,No
S13052,1,1,0,1,0,1,0,0,0,0,2,10,10,6,7.29,5,3,3,Yes
S13053,0,1,1,1,0,0,1,0,0,0,9,10,6,1,5.46,6,2,1,Yes
S13054,0,1,1,1,0,1,0,0,0,0,10,9,8,8,7.5,4,3,8,Yes
S13055,1,0,0,1,1,1,1,1,0,0,5,9,10,4,6.35,4,2,6,Yes
S13056,0,0,0,0,0,1,1,0,0,0,9,3,8,5,5.16,6,3,3,No
S13057,1,1,0,0,1,1,1,0,0,0,4,5,6,8,7.68,0,0,3,No
S13058,1,1,1,1,1,1,0,0,0,0,10,4,9,7,9.98,8,2,2,Yes
S13059,0,1,1,1,0,1,1,0,1,0,5,1,10,1,8.07,2,2,7,Yes
S13060,1,1,0,1,1,1,1,0,0,1,5,8,6,7,8.96,1,0,2,Yes
S13061,0,1,1,0,0,1,1,0,0,1,3,9,5,6,6.48,2,2,3,No
S13062,1,1,1,0,1,0,0,0,1,0,2,10,4,6,6.91,1,0,0,No
S13063,1,0,0,0,1,0,0,0,0,0,5,4,3,4,5.66,2,2,4,No
S13064,0,1,0,1,0,1,0,0,0,0,10,10,10,5,5.95,6,3,0,Yes
S13065,1,0,1,1,1,0,1,0,0,0,10,10,3,3,9.65,6,0,6,Yes
S13066,0,1,1,0,0,1,1,1,0,1,5,3,7,2,5.55,4,2,7,Yes
S13067,0,1,1,1,0,1,1,0,0,1,5,5,9,5,8.56,1,1,0,No
S13068,0,1,0,1,1,1,0,0,0,0,2,6,8,7,9.08,8,3,0,Yes
S13069,0,1,0,1,1,1,1,0,0,0,8,5,5,6,5.76,6,3,1,No
S13070,0,1,0,1,1,0,1,0,0,1,4,4,7,7,8.5,3,1,8,Yes
S13071,1,1,0,0,0,0,1,0,0,0,3,3,3,1,5.96,2,0,5,No
S13072,0,1,1,1,0,0,0,0,0,0,2,5,7,3,9.12,8,0,0,Yes
S13073,1,1,0,0,1,0,0,1,0,0,6,2,5,4,8.68,7,0,8,Yes
S13074,1,1,1,1,1,1,0,0,0,0,7,8,2,2,9.52,6,0,2,Yes
S13075,0,1,0,1,1,1,1,1,1,0,4,9,7,5,6.9,8,2,0,Yes
S13076,0,1,0,0,1,1,0,0,0,1,9,1,8,1,5.33,2,0,5,No
S13077,0,1,1,0,0,1,1,0,0,0,1,7,6,3,5.35,1,0,1,No
S13078,0,1,0,1,0,1,1,0,1,1,9,7,7,7,9.19,1,3,8,Yes
S13079,0,1,0,0,0,0,1,0,1,0,4,9,9,1,5.15,5,1,7,No
S13080,0,1,1,0,0,1,1,1,0,0,9,2,10,8,5.24,6,1,8,Yes
S13081,1,0,0,0,0,0,0,0,1,0,3,9,6,5,7.75,5,1,2,No
S13082,1,0,0,1,0,0,1,0,1,0,1,10,6,8,6.19,5,1,1,No
S13083,1,1,0,1,0,1,1,0,0,0,5,10,2,8,5.24,1,3,3,No
S13084,0,1,1,0,1,1,0,0,1,0,1,1,2,1,9.42,7,1,5,No
S13085,1,1,1,0,1,1,0,0,0,0,6,2,6,7,9.54,5,2,7,Yes
S13086,1,1,0,1,1,0,1,0,0,1,10,7,4,1,5.51,7,2,4,No
S13087,1,1,1,1,1,0,1,0,0,0,7,3,2,4,7.93,5,0,4,No
S13088,0,1,0,0,1,0,1,0,0,0,9,2,6,9,8.79,6,1,4,Yes
S13089,0,0,1,1,0,1,1,0,0,1,2,1,6,9,9.37,6,2,8,Yes
S13090,1,0,0,1,1,1,1,1,0,0,10,9,7,7,8.02,4,2,2,Yes
S13091,1,0,0,0,1,1,0,0,1,0,6,4,5,5,5.2,7,2,2,No
S13092,1,1,0,0,1,1,1,0,0,0,10,1,9,3,9.53,3,1,3,Yes
S13093,1,1,0,1,1,1,1,0,0,1,3,4,5,1,7.0,5,0,0,No
S13094,1,1,0,0,1,0,1,0,0,1,4,4,5,9,9.57,4,2,7,Yes
S13095,0,1,0,1,1,0,1,0,0,1,2,8,10,3,8.05,3,1,5,Yes
S13096,0,0,0,1,1,0,0,1,0,0,9,9,4,2,8.01,4,3,3,Yes
S13097,1,1,0,0,1,1,0,0,1,1,7,2,6,5,7.47,0,0,1,No
S13098,1,1,1,1,0,1,1,0,1,1,10,6,1,8,6.04,0,3,7,Yes
S13099,1,1,0,1,1,1,0,0,0,0,5,3,7,6,9.95,7,0,4,Yes
S13100,1,1,0,1,1,0,1,1,0,0,5,6,1,4,5.09,3,2,5,No
S13101,1,1,1,1,1,1,1,1,1,1,6,6,10,1,6.62,7,3,3,Yes
S13102,1,1,1,1,1,1,0,0,0,0,6,1,9,9,6.81,1,3,8,Yes
S13103,1,1,1,0,0,0,1,0,0,0,9,9,9,10,8.47,1,1,8,Yes
S13104,0,0,1,1,0,1,1,0,0,0,7,9,9,4,6.74,6,0,5,No
S13105,0,1,1,1,0,1,0,1,1,0,6,6,9,1,9.46,1,2,7,Yes
S13106,0,1,1,0,0,0,1,0,1,0,7,6,7,10,5.55,2,0,3,No
S13107,1,1,1,1,0,1,1,0,0,0,6,5,3,4,9.32,2,2,0,Yes
S13108,0,0,0,0,1,1,0,0,0,0,5,5,10,4,5.53,0,3,2,No
S13109,0,1,1,1,1,0,0,0,1,0,9,3,10,7,9.68,2,2,6,Yes
S13110,1,0,0,0,0,1,1,0,1,0,6,8,2,3,5.07,8,2,2,No
S13111,1,1,0,1,0,1,1,0,0,0,1,9,4,8,7.64,2,2,4,No
S13112,1,1,0,0,1,0,1,0,0,1,6,4,6,8,6.09,3,0,1,No
S13113,1,1,0,0,1,0,1,0,1,1,10,2,2,1,7.86,3,1,8,Yes
S13114,1,0,0,1,0,1,1,0,0,0,6,2,8,8,5.97,2,2,5,No
S13115,0,1,0,0,0,0,0,0,1,0,3,6,1,2,6.05,2,0,7,No
S13116,1,1,0,0,0,0,0,1,1,0,1,6,7,9,6.49,2,1,5,No
S13117,1,1,0,0,0,1,1,1,0,0,4,3,4,7,7.28,5,1,0,No
S13118,1,1,1,0,1,0,1,0,1,0,2,2,5,9,6.99,0,0,8,No
S13119,0,1,0,1,1,1,0,0,0,1,9,1,3,5,5.29,4,2,4,No
S13120,1,0,0,1,1,0,0,0,0,0,9,5,5,10,6.29,2,1,4,No
S13121,0,0,0,0,1,0,1,1,0,0,9,9,9,1,5.74,1,1,7,No
S13122,1,0,1,1,0,1,1,0,1,0,9,3,1,1,9.22,4,1,8,Yes
S13123,1,1,1,0,0,0,1,0,0,1,7,1,3,6,7.72,4,1,3,No
S13124,0,1,1,1,0,1,1,0,1,0,10,9,8,2,8.78,2,3,4,Yes
S13125,1,1,0,0,0,0,0,0,0,0,10,1,10,3,9.08,7,1,7,Yes
S13126,1,1,0,0,1,0,1,1,1,1,6,10,1,10,7.5,3,1,4,Yes
S13127,1,0,1,0,0,0,1,0,1,0,6,6,9,8,8.39,1,1,3,Yes
S13128,0,1,0,0,1,0,1,0,0,0,2,7,2,3,7.81,5,0,1,No
S13129,0,0,0,1,0,1,0,0,1,0,2,1,10,10,9.51,0,3,1,Yes
S13130,1,0,0,1,0,0,1,0,1,0,10,1,4,8,5.01,2,1,4,No
S13131,0,1,1,1,0,0,1,0,1,1,8,5,6,4,6.22,4,0,7,No
S13132,1,1,0,0,0,1,1,0,0,0,4,2,10,7,5.02,7,0,7,No
S13133,0,1,1,0,0,0,1,0,0,0,10,8,4,6,9.64,4,3,1,Yes
S13134,1,1,0,0,1,1,1,0,1,0,8,10,6,8,7.76,8,3,3,Yes
S13135,0,1,1,0,0,1,0,0,1,0,7,10,9,6,5.98,0,0,0,No
S13136,0,0,0,0,1,0,1,0,1,1,10,7,6,3,5.77,7,3,3,Yes
S13137,0,1,0,0,1,0,1,0,1,0,10,6,9,7,7.84,5,3,4,Yes
S13138,1,0,1,1,1,0,1,0,0,1,5,3,8,7,7.72,1,2,8,Yes
S13139,0,0,0,1,0,0,1,0,1,1,9,6,2,8,5.83,1,3,4,No
S13140,1,0,1,0,0,1,1,0,0,0,3,10,4,6,9.76,7,2,8,Yes
S13141,0,0,1,0,1,1,1,0,0,0,9,9,7,6,9.26,5,0,1,Yes
S13142,1,1,0,0,1,1,1,0,1,0,4,6,4,5,8.63,2,0,5,No
S13143,1,0,0,0,0,1,0,1,1,1,4,6,8,9,6.57,4,3,1,Yes
S13144,1,1,1,1,0,1,0,0,1,0,4,8,6,9,5.26,6,3,5,Yes
S13145,1,1,1,0,1,1,1,0,0,1,3,8,1,8,7.97,4,0,0,No
S13146,0,1,1,0,0,0,1,1,0,0,9,4,8,10,6.31,7,2,2,Yes
S13147,0,1,0,1,1,0,0,1,1,0,4,9,5,7,8.35,5,1,0,Yes
S13148,0,0,1,1,0,0,0,0,1,0,3,8,6,10,8.56,1,1,8,No
S13149,0,1,0,1,0,1,1,0,0,1,2,8,10,4,8.07,4,2,6,Yes
S13150,0,1,0,1,1,0,0,0,0,0,5,1,1,3,5.28,0,3,8,No
S13151,1,1,1,0,1,1,1,1,1,0,10,7,1,2,7.71,4,1,0,No
S13152,1,1,1,0,1,1,1,0,1,0,6,2,1,3,5.7,0,1,2,No
S13153,1,1,0,1,1,0,0,1,0,0,2,1,7,4,9.26,1,3,2,No
S13154,1,1,1,1,1,0,0,0,0,0,10,6,10,7,9.93,2,0,6,Yes
S13155,1,0,0,1,0,0,1,0,0,0,1,7,4,5,6.44,4,2,1,No
S13156,1,1,0,0,0,1,1,0,0,1,7,2,2,1,8.54,2,3,5,Yes
S13157,1,1,1,0,0,0,1,1,0,0,10,8,1,2,8.42,1,2,7,Yes
S13158,1,1,0,1,1,0,1,0,0,0,3,8,5,8,5.65,6,0,5,No
S13159,0,1,0,1,0,0,0,1,1,0,10,6,6,6,6.07,7,2,3,Yes
S13160,1,0,1,0,0,0,1,0,0,1,4,10,8,3,5.67,8,1,3,No
S13161,1,1,1,1,1,0,1,1,0,0,1,2,8,1,7.69,3,1,7,No
S13162,0,1,1,1,1,1,0,0,1,0,8,5,7,5,7.73,6,0,8,Yes
S13163,1,1,1,1,0,1,0,0,0,0,7,3,2,5,8.52,5,2,2,No
S13164,1,0,0,0,0,0,1,1,1,1,3,5,3,10,7.14,6,1,8,Yes
S13165,1,1,0,1,0,1,0,0,0,0,6,8,4,6,7.27,5,2,0,No
S13166,1,1,1,1,0,1,1,1,0,1,8,8,2,7,7.58,3,1,5,Yes
S13167,1,1,0,0,1,0,0,0,0,0,3,1,2,5,7.27,8,2,0,No
S13168,1,0,1,1,0,0,1,0,1,1,10,10,8,4,5.37,5,0,1,Yes
S13169,0,0,1,0,1,1,0,0,0,0,4,9,8,3,8.91,4,1,5,Yes
S13170,0,1,1,1,0,0,1,1,0,0,6,1,2,5,6.67,2,1,6,No
S13171,1,0,1,0,0,1,0,0,0,0,5,2,3,5,7.19,8,0,4,No
S13172,1,1,0,1,0,1,1,0,0,0,10,8,7,9,8.75,1,1,5,Yes
S13173,1,1,1,0,0,1,1,0,0,0,6,1,8,10,6.1,8,2,5,Yes
S13174,0,1,1,1,0,1,1,1,0,0,5,4,6,6,7.73,1,3,2,Yes
S13175,1,0,1,0,0,1,0,1,1,0,3,10,9,7,9.2,4,2,0,Yes
S13176,0,1,0,0,1,0,1,1,0,0,10,9,7,1,7.88,5,0,6,Yes
S13177,0,0,0,0,0,1,0,0,1,1,2,3,4,3,6.74,3,1,3,No
S13178,1,1,0,1,0,1,0,0,0,0,9,5,3,7,8.0,3,1,1,No
S13179,1,0,1,0,0,0,1,1,1,1,4,7,1,2,7.34,3,3,0,No
S13180,1,1,0,0,1,1,1,0,0,1,3,9,9,5,7.83,0,1,3,No
S13181,1,1,1,1,0,1,1,1,0,0,4,7,1,5,5.68,2,0,8,No
S13182,1,1,0,1,1,1,1,0,1,0,3,8,2,4,8.96,5,1,3,Yes
S13183,1,1,1,0,0,0,1,0,1,0,8,1,8,7,6.47,7,1,4,Yes
S13184,1,1,0,1,0,1,0,1,0,0,10,5,8,8,6.55,6,0,8,Yes
S13185,1,1,1,1,1,1,0,0,0,0,1,4,7,1,5.25,6,1,3,No
S13186,0,0,1,1,1,1,1,0,1,0,10,9,6,2,6.85,6,2,7,Yes
S13187,1,1,0,0,0,1,1,0,0,1,7,1,3,5,7.59,6,0,0,No
S13188,0,1,1,1,0,1,1,0,1,0,2,2,7,8,8.78,2,2,3,No
S13189,0,1,1,1,1,0,1,0,1,1,3,4,9,9,8.73,3,2,5,Yes
S13190,0,1,1,1,0,1,1,0,0,1,8,5,8,7,9.26,1,3,6,Yes
S13191,0,1,1,0,0,0,1,0,1,0,2,8,3,3,6.67,1,2,2,No
S13192,1,0,1,1,1,0,1,1,0,0,2,10,3,3,9.84,0,2,2,Yes
S13193,1,1,0,1,1,0,1,1,1,0,5,6,9,6,5.0,6,2,8,Yes
S13194,0,0,0,0,1,1,1,0,0,0,3,2,3,6,6.06,3,2,2,No
S13195,0,1,1,1,1,0,1,1,0,0,3,8,5,10,7.16,3,1,5,Yes
S13196,0,0,1,0,0,1,1,1,0,0,5,7,4,7,6.79,2,2,2,No
S13197,0,1,0,1,1,0,1,0,0,0,3,2,10,2,5.04,0,2,6,No
S13198,1,1,0,1,1,0,0,1,0,1,7,6,8,3,7.79,3,3,7,Yes
S13199,1,1,1,0,0,1,1,1,0,0,8,5,9,7,6.91,0,3,4,Yes
S13200,1,0,1,0,1,0,0,1,0,0,5,10,2,3,9.19,6,2,3,Yes
S13201,1,1,0,0,1,1,0,0,0,0,2,1,4,7,5.08,4,0,1,No
S13202,1,1,1,0,0,0,1,1,1,0,9,10,4,4,7.26,3,0,6,Yes
S13203,0,1,0,0,1,0,1,0,1,0,5,5,1,2,6.5,3,3,2,No
S13204,0,0,0,1,0,1,1,0,0,1,6,9,4,1,5.37,8,0,5,No
S13205,1,1,0,0,1,0,1,0,1,1,3,3,7,9,7.4,3,3,5,Yes
S13206,0,1,1,1,0,0,1,1,1,0,7,3,1,3,6.74,1,2,4,No
S13207,0,0,1,0,1,0,1,0,0,0,10,9,7,6,7.25,0,2,0,Yes
S13208,0,0,0,1,0,1,0,1,0,0,4,2,6,5,9.39,3,3,5,Yes
S13209,1,0,0,1,1,1,1,0,0,1,1,5,7,6,6.6,0,3,1,No
S13210,0,0,1,0,0,1,0,0,1,0,6,1,3,4,7.54,6,2,7,No
S13211,0,1,1,0,0,1,1,1,1,0,10,7,6,5,5.83,0,1,7,Yes
S13212,1,1,1,1,1,1,0,1,0,0,1,5,5,7,8.89,6,1,4,Yes
S13213,1,0,1,1,0,1,1,0,1,0,1,1,4,2,9.39,1,0,3,No
S13214,0,0,0,0,1,1,0,0,1,1,5,8,5,10,5.61,1,2,3,No
S13215,1,0,1,1,1,1,0,1,0,0,9,6,6,8,7.11,4,1,1,No
S13216,1,0,0,1,1,1,1,0,1,1,2,10,4,8,7.57,7,3,6,Yes
S13217,1,1,1,1,1,0,1,0,0,0,9,9,3,2,7.38,1,3,0,No
S13218,0,1,0,1,1,0,0,0,1,0,10,8,6,10,7.05,6,2,2,Yes
S13219,0,1,0,0,0,1,1,1,0,1,9,2,3,9,6.65,6,1,2,Yes
S13220,1,0,0,1,0,0,0,0,0,1,3,3,8,1,5.55,3,0,0,No
S13221,1,1,0,0,1,0,1,0,0,0,8,2,6,3,6.81,0,2,6,No
S13222,0,0,0,1,1,1,0,0,0,0,10,4,9,6,5.34,1,1,4,No
S13223,0,1,0,0,1,0,0,0,0,1,1,8,3,7,5.68,7,2,3,No
S13224,0,1,0,1,1,0,1,1,1,0,3,10,3,6,8.22,2,3,0,Yes
S13225,1,1,0,1,1,0,1,0,0,0,8,2,3,7,8.85,3,1,7,Yes
S13226,1,0,1,1,1,0,0,0,0,0,7,10,3,10,5.93,5,3,3,Yes
S13227,1,1,0,1,0,0,1,1,0,0,10,4,8,3,6.86,2,3,4,No
S13228,0,0,1,1,1,0,1,0,0,0,2,7,2,6,8.48,7,0,7,Yes
S13229,1,1,0,1,1,1,0,0,1,0,9,2,8,1,5.44,0,3,1,Yes
S13230,1,1,0,1,1,1,1,0,0,1,1,5,4,1,6.83,2,1,2,No
S13231,1,1,1,0,0,1,1,0,0,0,5,4,3,4,7.82,5,3,1,Yes
S13232,1,0,0,1,0,0,1,0,1,0,10,8,8,1,6.18,5,2,2,No
S13233,0,1,0,1,0,1,0,0,0,0,7,6,1,9,7.75,7,0,4,Yes
S13234,1,0,1,0,1,0,1,0,0,1,3,8,2,5,9.14,3,3,5,Yes
S13235,0,1,0,0,1,0,1,1,1,0,9,9,9,6,5.13,0,2,1,No
S13236,0,1,0,1,1,0,0,1,0,1,5,5,9,7,8.29,4,2,3,Yes
S13237,1,1,1,1,1,1,0,0,0,0,10,7,4,2,8.35,3,3,7,Yes
S13238,0,1,0,1,0,0,1,0,1,0,7,9,6,9,7.32,4,0,5,Yes
S13239,0,1,1,1,0,1,1,0,0,0,2,6,5,6,5.03,6,0,1,No
S13240,0,1,0,0,1,1,1,1,0,1,8,4,6,8,8.1,7,2,3,Yes
S13241,1,0,0,0,0,0,1,0,0,1,9,4,3,1,5.02,0,2,5,No
S13242,1,1,0,0,1,1,1,1,0,0,3,9,7,2,7.35,0,0,0,No
S13243,1,1,1,0,0,1,0,0,0,0,5,10,10,8,9.48,7,2,4,Yes
S13244,0,1,0,1,1,0,0,0,0,1,5,3,10,8,6.28,8,0,3,No
S13245,0,1,0,1,0,1,0,0,1,1,1,6,8,6,5.77,5,2,0,No
S13246,0,1,0,0,1,0,0,1,0,0,10,7,10,5,8.5,7,2,0,Yes
S13247,1,0,0,1,0,0,1,0,0,0,2,8,1,5,5.18,5,2,7,No
S13248,1,0,0,1,0,1,0,0,1,0,4,3,4,7,5.62,6,3,8,Yes
S13249,0,0,0,1,0,1,1,0,0,0,8,5,9,8,7.9,3,1,2,Yes
S13250,1,1,1,1,0,0,0,0,0,0,6,7,1,8,9.39,3,3,3,Yes
S13251,0,1,1,1,1,0,0,0,0,1,3,7,3,3,7.82,2,2,7,No
S13252,1,1,0,1,1,1,0,1,0,0,2,10,5,1,7.85,1,1,5,Yes
S13253,1,1,0,1,1,1,1,0,0,1,5,10,7,9,7.59,4,1,6,Yes
S13254,1,1,1,1,1,0,1,0,0,0,8,5,4,1,9.2,2,3,6,Yes
S13255,1,1,1,1,1,1,0,1,1,1,3,5,7,10,6.71,4,0,4,Yes
S13256,1,0,0,1,1,0,0,1,1,1,2,6,7,8,8.04,5,2,8,Yes
S13257,1,0,0,1,1,0,0,1,0,0,2,7,7,4,5.89,8,1,7,Yes
S13258,1,1,0,1,0,1,1,0,0,0,9,5,9,9,7.55,3,1,2,Yes
S13259,1,0,0,0,1,1,1,0,1,0,10,9,1,7,9.29,5,1,6,Yes
S13260,1,0,0,0,1,0,1,0,1,0,5,4,2,3,6.39,8,0,2,No
S13261,0,1,1,0,0,0,0,0,0,1,4,6,1,7,6.75,6,0,8,No
S13262,1,0,0,0,0,1,0,0,0,1,9,7,4,9,9.11,0,2,5,Yes
S13263,0,1,0,0,1,1,0,0,1,1,7,3,8,8,7.02,4,0,2,No
S13264,0,0,1,0,0,0,1,0,0,0,6,8,5,6,7.34,1,3,7,No
S13265,0,1,0,0,0,0,1,0,1,1,7,2,5,3,6.34,0,3,4,No
S13266,0,1,0,0,1,0,0,0,1,0,3,10,10,5,5.0,1,1,7,No
S13267,1,1,1,1,1,1,1,1,0,0,3,10,4,1,6.27,0,3,7,Yes
S13268,0,0,0,1,0,1,0,0,0,0,1,10,9,6,6.09,7,0,4,No
S13269,0,1,1,1,0,0,0,0,1,0,10,6,8,5,7.58,1,2,0,No
S13270,0,1,0,0,0,1,1,0,0,0,2,10,10,8,8.23,3,1,6,Yes
S13271,1,1,0,1,1,1,1,0,0,0,10,6,8,10,9.19,4,2,8,Yes
S13272,1,1,1,0,1,0,0,0,0,1,4,8,10,6,8.56,5,2,3,Yes
S13273,1,0,0,1,1,1,0,1,1,0,7,2,6,6,8.11,0,3,8,Yes
S13274,0,0,1,1,0,1,0,0,0,0,5,1,3,1,8.84,7,2,2,No
S13275,0,0,0,1,0,0,1,1,0,0,3,8,8,8,8.1,5,1,8,Yes
S13276,1,0,0,0,0,0,0,1,1,0,4,5,4,2,7.94,3,2,1,No
S13277,1,0,1,1,0,0,1,0,0,1,5,7,4,6,5.57,1,2,7,No
S13278,0,0,1,1,1,0,1,0,0,0,5,10,4,4,6.59,2,2,5,No
S13279,1,0,1,0,0,0,0,1,0,1,1,3,9,6,7.59,7,1,1,No
S13280,0,1,0,0,1,0,0,1,1,0,7,4,7,1,7.86,3,2,0,No
S13281,0,1,1,1,0,1,1,0,0,0,6,7,5,2,8.77,1,0,3,Yes
S13282,1,0,0,1,1,1,1,0,1,0,6,3,1,5,9.17,7,3,8,Yes
S13283,0,0,1,0,1,0,1,0,0,1,7,7,3,5,6.32,1,1,6,No
S13284,1,0,0,0,1,1,1,0,1,1,8,5,4,8,8.9,6,3,7,Yes
S13285,0,1,0,1,1,1,1,1,1,0,8,8,8,9,8.65,0,0,7,Yes
S13286,0,0,0,1,0,1,0,0,1,0,10,7,6,10,5.09,5,0,8,Yes
S13287,0,0,0,0,0,0,1,1,1,0,7,2,10,10,6.88,6,1,6,Yes
S13288,1,1,1,0,0,0,1,1,0,1,1,6,1,6,7.69,6,3,4,Yes
S13289,1,1,0,1,0,0,0,1,0,0,7,6,4,6,8.19,4,2,8,Yes
S13290,1,1,1,1,0,0,0,1,0,1,1,5,4,6,9.75,1,0,5,No
S13291,1,0,0,1,1,1,1,0,0,0,10,6,9,7,9.27,2,0,7,Yes
S13292,1,0,0,0,1,1,1,0,0,1,2,5,4,6,7.68,8,0,4,No
S13293,1,0,0,1,0,1,0,0,0,0,1,2,9,6,5.09,3,3,3,No
S13294,1,1,1,1,1,0,1,0,0,0,4,8,7,8,6.4,5,0,7,Yes
S13295,1,0,1,1,0,1,0,0,1,0,1,3,4,9,7.61,8,2,5,Yes
S13296,1,1,0,0,1,0,0,0,0,0,3,5,4,2,5.06,3,1,6,No
S13297,0,1,0,1,0,0,0,0,0,0,1,9,1,7,9.99,2,1,5,No
S13298,0,1,0,1,0,1,1,0,1,1,10,9,1,4,5.67,0,2,5,No
S13299,1,0,1,0,1,1,1,0,0,1,9,4,2,7,5.16,2,3,6,No
S13300,1,1,1,0,0,1,0,0,0,0,6,7,4,9,7.6,8,1,4,Yes
S13301,1,1,0,0,1,0,1,0,1,0,2,6,5,9,6.0,2,2,1,No
S13302,1,1,0,1,0,1,1,1,1,1,10,7,9,7,7.49,4,3,8,Yes
S13303,1,1,1,0,1,1,1,1,0,1,5,1,1,5,8.03,1,0,3,No
S13304,0,0,0,0,1,1,1,0,0,1,7,6,3,6,5.74,7,0,2,No
S13305,0,1,1,0,1,0,1,1,1,0,8,9,10,5,6.45,8,1,7,Yes
S13306,0,1,0,1,0,1,1,1,1,0,8,5,4,9,7.8,8,3,7,Yes
S13307,1,0,1,1,0,1,1,0,0,0,7,1,3,1,9.99,6,0,2,No
S13308,0,1,0,0,1,1,0,1,1,1,9,3,6,9,5.41,0,0,1,No
S13309,0,0,0,1,1,1,0,0,0,0,2,7,3,6,8.98,4,3,0,No
S13310,1,1,1,0,0,1,1,0,0,0,1,4,2,6,9.62,0,2,6,No
S13311,1,0,0,0,0,1,0,1,0,0,2,7,3,9,9.43,1,3,0,No
S13312,1,1,0,0,1,0,1,1,0,0,8,2,5,3,7.79,5,2,5,No
S13313,1,0,0,0,1,1,1,0,0,0,10,8,2,10,8.15,0,0,1,No
S13314,0,0,1,1,1,1,0,0,0,1,4,7,4,8,6.16,1,3,1,No
S13315,1,1,1,1,0,0,1,0,1,1,2,4,8,8,6.95,0,0,8,No
S13316,1,1,0,0,0,1,0,0,0,0,3,4,10,10,5.43,5,3,0,No
S13317,1,1,0,0,1,1,1,0,0,0,5,7,8,9,5.97,6,0,0,No
S13318,1,1,0,1,1,0,1,0,1,1,4,5,4,10,8.49,3,3,5,Yes
S13319,0,1,1,1,0,0,1,0,0,0,6,3,10,1,8.38,0,3,0,No
S13320,0,0,1,1,0,0,1,0,0,1,3,2,6,9,5.27,7,1,0,No
S13321,0,1,0,0,0,1,1,0,1,0,2,3,2,10,7.86,1,0,3,No
S13322,1,1,1,1,0,0,1,0,0,0,2,9,6,5,8.43,6,2,3,Yes
S13323,0,1,1,1,1,1,1,0,1,0,7,10,10,9,9.3,2,3,5,Yes
S13324,1,1,0,1,1,0,1,1,0,0,2,6,8,9,7.55,7,3,1,Yes
S13325,0,1,0,0,0,1,1,0,0,0,9,10,2,4,6.21,8,3,8,Yes
S13326,1,0,1,1,0,0,1,1,1,0,7,4,1,8,9.96,8,0,1,Yes
S13327,1,0,0,1,1,1,1,0,0,0,10,4,9,9,9.28,0,3,8,Yes
S13328,1,1,0,1,0,1,0,1,1,0,9,5,7,7,7.24,6,1,0,Yes
S13329,1,1,0,0,0,0,1,1,1,1,4,5,9,6,9.51,3,2,2,Yes
S13330,0,1,1,1,1,0,1,0,1,0,10,3,1,4,6.49,6,0,1,No
S13331,1,0,1,1,1,0,0,0,0,1,8,6,4,5,7.2,3,3,3,Yes
S13332,1,0,0,1,1,1,0,0,0,0,2,10,4,9,6.54,7,2,2,Yes
S13333,1,0,1,1,0,0,1,1,1,0,4,2,8,2,5.58,8,1,3,No
S13334,0,1,1,0,1,0,1,0,1,1,7,4,9,1,8.75,4,2,3,Yes
S13335,1,0,0,1,1,0,1,0,0,0,9,5,8,3,7.16,4,0,7,Yes
S13336,0,1,0,0,0,1,1,0,0,0,3,4,3,8,6.62,4,1,1,No
S13337,0,1,0,0,0,1,1,1,1,1,10,6,7,9,7.26,2,2,2,Yes
S13338,1,0,1,0,0,1,1,0,1,0,8,1,2,8,5.72,0,0,3,No
S13339,1,1,0,1,1,0,0,0,0,0,9,1,1,8,7.83,2,2,8,Yes
S13340,1,1,1,1,0,1,0,0,0,0,10,3,2,1,5.18,1,3,3,No
S13341,0,1,0,0,0,1,0,1,0,0,8,6,1,6,7.52,5,3,6,Yes
S13342,1,1,0,1,0,1,1,0,0,0,10,4,9,7,9.9,5,2,5,Yes
S13343,1,1,0,1,1,1,0,0,0,0,3,2,4,3,6.4,3,3,4,No
S13344,0,1,0,1,0,1,1,0,1,0,3,5,1,3,7.16,7,2,2,No
S13345,0,1,0,1,0,0,1,0,0,0,6,3,2,10,7.38,7,2,7,No
S13346,1,0,0,1,0,0,1,0,0,0,5,1,4,5,8.78,7,3,7,Yes
S13347,1,1,1,1,0,1,0,0,0,0,5,8,6,2,6.99,2,2,4,No
S13348,1,0,1,1,1,0,0,0,0,0,8,3,6,3,6.45,3,2,7,No
S13349,1,1,0,0,1,0,0,1,0,1,7,5,6,9,5.29,3,0,5,No
S13350,1,1,1,0,1,1,1,1,0,1,5,9,2,3,8.08,6,3,2,Yes
S13351,0,1,1,1,0,1,1,0,1,0,3,6,5,2,8.12,6,0,6,Yes
S13352,1,1,0,0,1,1,1,1,1,0,5,4,3,10,9.24,8,2,0,Yes
S13353,0,0,1,0,0,1,1,0,0,1,9,1,7,9,9.58,6,0,5,Yes
S13354,0,1,1,0,0,0,0,0,0,1,7,10,3,7,7.22,2,1,2,No
S13355,1,0,0,0,0,0,1,0,0,0,8,2,8,4,5.22,5,0,6,No
S13356,0,0,0,1,1,0,1,0,0,1,2,6,2,8,5.97,0,2,4,No
S13357,1,1,0,0,1,1,0,0,0,0,2,3,2,10,8.79,2,1,5,No
S13358,0,1,1,1,0,0,0,0,0,0,5,8,1,10,8.48,6,2,4,Yes
S13359,0,1,0,0,1,1,0,1,0,1,9,1,9,2,5.27,6,3,3,Yes
S13360,1,1,0,1,0,0,1,1,0,0,8,3,2,5,9.06,1,3,5,Yes
S13361,1,1,1,1,1,1,0,1,1,0,4,8,2,9,6.63,5,1,1,Yes
S13362,1,0,0,1,1,1,0,1,1,0,4,5,8,4,9.17,5,1,3,Yes
S13363,1,1,0,1,1,0,1,0,0,0,1,2,9,4,8.8,4,0,7,No
S13364,1,0,0,0,0,0,1,0,0,1,6,8,9,5,8.54,5,0,2,No
S13365,1,0,1,0,0,1,1,0,0,0,7,6,1,8,8.68,7,0,8,Yes
S13366,0,1,0,1,1,0,1,0,1,1,8,6,5,7,5.93,6,2,3,Yes
S13367,1,1,0,0,1,0,1,1,1,1,10,5,2,5,9.78,1,0,2,Yes
S13368,0,0,0,0,0,0,0,0,0,0,5,5,10,3,5.67,4,3,7,Yes
S13369,0,1,0,1,1,1,0,0,0,0,10,3,7,6,8.65,3,2,2,Yes
S13370,1,1,1,0,0,1,0,0,0,0,6,5,1,9,6.67,5,0,5,No
S13371,0,1,1,1,0,1,1,0,0,0,5,7,4,3,8.51,4,2,8,Yes
S13372,1,0,1,0,0,1,1,1,0,0,3,7,8,6,8.06,6,3,5,Yes
S13373,1,0,0,0,0,1,1,1,1,0,3,5,4,10,5.54,1,0,6,No
S13374,0,1,0,1,1,0,0,0,0,0,9,8,9,2,8.87,5,3,6,Yes
S13375,1,1,0,0,1,0,1,1,0,0,5,7,10,4,8.81,3,0,8,Yes
S13376,0,0,0,0,1,1,0,0,1,0,8,4,4,5,5.9,3,2,8,Yes
S13377,0,0,1,0,1,0,0,1,0,0,10,8,3,3,5.04,4,3,5,No
S13378,0,1,0,1,0,1,0,0,0,0,6,8,3,10,7.47,0,3,1,No
S13379,0,0,0,0,0,1,1,0,0,1,1,1,5,2,8.83,5,3,4,No
S13380,0,1,0,0,0,1,0,0,0,0,9,9,6,3,9.0,6,3,6,Yes
S13381,1,1,0,1,1,1,1,1,1,1,1,8,2,1,8.23,5,3,3,Yes
S13382,1,1,1,1,0,0,1,1,0,0,8,4,2,3,7.43,8,1,3,No
S13383,0,1,0,0,0,0,0,1,1,0,8,10,8,8,5.47,8,1,1,Yes
S13384,1,0,1,1,1,1,0,0,1,1,1,4,8,2,9.08,2,0,1,Yes
S13385,1,1,1,0,0,0,1,0,1,1,1,9,7,9,6.7,5,1,8,Yes
S13386,1,1,0,1,0,0,0,0,1,1,3,6,9,7,7.19,1,2,1,No
S13387,0,0,1,0,1,0,1,0,0,1,5,8,4,10,9.12,0,2,1,Yes
S13388,1,0,0,1,1,0,0,0,0,0,3,9,7,4,7.9,3,2,7,Yes
S13389,0,1,0,0,0,1,0,1,0,1,1,5,7,6,9.68,1,2,7,Yes
S13390,1,1,1,0,0,0,0,1,0,0,3,5,7,8,9.07,7,2,2,Yes
S13391,1,0,0,1,0,1,1,0,0,0,9,7,8,1,5.03,8,2,2,Yes
S13392,1,0,0,0,0,1,1,0,0,0,6,5,2,4,5.14,7,3,4,No
S13393,1,0,1,1,0,1,0,1,0,0,1,7,2,4,8.16,2,3,5,Yes
S13394,0,1,1,1,0,1,1,0,1,0,7,10,6,3,8.48,1,1,7,Yes
S13395,1,1,0,1,0,1,0,1,1,1,7,4,9,4,8.4,5,2,4,Yes
S13396,1,0,1,1,0,0,0,0,1,1,10,5,5,10,7.55,4,1,5,Yes
S13397,1,0,1,0,1,0,1,1,0,0,10,2,9,7,9.61,2,3,6,Yes
S13398,1,1,0,1,1,1,1,0,0,0,8,7,2,7,8.87,1,3,6,Yes
S13399,1,1,1,1,0,1,0,0,0,0,5,8,7,1,8.28,0,0,7,No
S13400,1,0,1,1,0,1,0,1,0,0,9,1,6,10,8.02,6,2,7,Yes
S13401,0,1,1,0,1,1,1,1,1,0,4,6,5,9,9.21,7,0,7,Yes
S13402,0,1,0,1,1,1,1,0,0,0,8,6,9,10,9.6,0,2,4,Yes
S13403,1,1,0,1,0,1,0,0,0,0,9,7,3,9,9.75,2,0,6,Yes
S13404,1,1,1,0,0,0,0,0,1,0,6,10,9,7,7.02,0,0,5,No
S13405,1,1,0,0,1,1,0,0,1,0,8,8,7,10,5.73,6,3,0,Yes
S13406,1,1,1,0,1,1,0,0,0,0,7,8,1,1,6.93,1,3,5,No
S13407,0,1,0,0,1,1,0,0,0,0,1,1,8,4,8.27,7,1,4,No
S13408,0,0,1,1,0,1,1,1,0,0,3,10,2,1,9.37,4,2,7,No
S13409,1,0,0,0,0,1,0,0,0,0,4,6,8,8,9.91,6,2,5,Yes
S13410,0,0,1,0,1,0,1,0,0,0,8,9,8,1,7.36,5,0,8,No
S13411,1,0,0,0,0,1,1,1,0,1,3,3,3,4,9.03,6,1,4,No
S13412,1,0,0,1,0,1,0,0,0,0,10,5,10,6,6.92,7,2,5,Yes
S13413,1,1,1,1,1,1,1,0,0,0,8,1,3,9,7.42,1,2,7,No
S13414,1,1,0,1,1,0,0,1,1,0,4,9,6,8,6.54,3,1,3,Yes
S13415,0,1,0,0,1,1,1,0,0,0,7,4,7,2,9.96,5,2,2,Yes
S13416,1,1,1,0,1,1,0,0,0,0,8,8,7,4,9.45,7,3,2,Yes
S13417,1,1,1,1,0,0,1,0,1,0,7,6,8,6,8.36,4,2,1,Yes
S13418,0,0,1,1,0,1,0,0,1,0,5,5,6,2,6.36,5,0,8,No
S13419,0,1,0,0,1,0,1,0,1,0,9,6,6,1,6.83,8,0,8,Yes
S13420,0,1,1,1,0,1,1,1,0,0,10,3,9,8,8.84,6,2,1,Yes
S13421,0,0,0,0,1,0,1,0,0,0,6,8,10,10,8.75,6,0,2,Yes
S13422,1,1,0,1,1,1,0,0,0,1,9,6,8,4,9.89,3,1,2,Yes
S13423,0,0,1,0,1,1,0,0,1,0,6,4,5,2,9.52,4,2,2,Yes
S13424,0,1,0,1,1,1,1,1,0,0,1,4,1,6,7.35,8,3,7,Yes
S13425,0,1,1,0,0,1,1,1,0,0,8,7,4,3,9.46,8,1,2,Yes
S13426,0,0,1,0,1,1,1,0,0,0,1,10,3,8,8.21,7,2,8,Yes
S13427,1,1,1,0,1,0,0,0,0,0,8,1,5,3,9.41,7,1,0,Yes
S13428,0,1,1,1,1,1,1,0,1,1,7,3,8,3,8.79,2,2,8,Yes
S13429,1,1,0,0,1,1,1,1,0,0,2,4,1,8,7.52,6,3,6,Yes
S13430,1,0,0,1,1,1,0,1,0,0,7,9,10,9,6.79,1,1,8,Yes
S13431,1,1,0,0,0,0,1,0,0,1,1,9,1,5,5.5,6,1,8,No
S13432,0,0,0,1,1,0,0,1,0,0,4,2,3,7,5.41,5,1,0,No
S13433,1,0,1,0,0,0,0,1,1,1,6,5,8,8,8.04,5,0,5,Yes
S13434,1,1,0,1,0,1,1,0,0,0,5,8,8,10,8.9,1,1,8,Yes
S13435,1,0,1,1,1,0,1,0,0,0,5,6,1,7,8.56,3,2,3,No
S13436,0,0,1,1,0,0,0,0,0,0,3,1,6,3,7.59,8,3,2,No
S13437,1,1,1,1,0,0,1,0,0,0,10,8,9,3,9.91,1,1,0,Yes
S13438,0,0,1,1,0,1,0,1,0,0,3,6,8,5,8.43,4,0,2,No
S13439,0,0,0,1,0,0,1,1,1,0,9,4,7,7,8.96,7,2,4,Yes
S13440,1,1,1,1,1,1,1,1,1,0,7,1,4,5,6.98,3,3,3,Yes
S13441,1,0,1,1,1,1,0,0,0,0,2,10,5,1,9.31,2,3,7,Yes
S13442,0,1,1,1,1,0,1,1,0,0,4,8,5,2,8.08,7,1,4,Yes
S13443,0,1,1,1,1,1,1,0,1,0,6,7,3,5,8.08,6,3,6,Yes
S13444,0,0,0,0,0,0,1,0,0,1,9,9,4,1,5.46,7,0,8,No
S13445,1,1,0,0,0,1,1,0,0,0,6,4,8,4,7.69,2,1,8,No
S13446,0,0,1,1,1,1,1,1,0,1,9,8,2,3,7.83,4,0,2,Yes
S13447,1,1,1,0,1,1,0,0,0,0,4,3,8,2,5.44,0,0,3,No
S13448,0,1,0,0,1,1,1,0,1,1,10,4,7,1,6.25,5,3,4,Yes
S13449,0,0,0,1,1,0,1,0,1,0,1,6,3,7,6.38,0,2,0,No
S13450,1,0,0,0,0,1,1,0,0,1,9,5,8,7,8.16,1,2,5,Yes
S13451,0,0,1,0,1,1,1,0,1,0,5,9,4,8,7.27,8,0,6,Yes
S13452,0,0,1,1,0,1,1,1,1,0,4,7,10,7,5.11,3,2,0,Yes
S13453,0,1,0,1,0,0,0,1,1,0,2,6,3,4,9.97,5,0,6,No
S13454,1,0,1,1,1,1,0,0,0,0,8,10,9,8,6.02,0,3,4,Yes
S13455,1,1,0,1,0,0,1,0,1,1,7,1,7,2,5.47,7,0,6,No
S13456,0,1,0,0,0,1,1,1,1,1,5,4,5,10,8.99,6,2,1,Yes
S13457,1,1,0,0,0,0,0,0,0,0,5,1,8,4,9.71,0,1,5,No
S13458,1,0,0,1,0,0,0,0,1,0,10,7,3,5,9.88,6,1,4,Yes
S13459,0,1,0,1,1,0,0,1,1,0,5,8,6,7,8.93,6,0,8,Yes
S13460,1,1,0,1,0,1,0,0,0,0,3,2,6,9,9.56,8,1,5,Yes
S13461,0,1,1,1,1,1,1,0,1,0,7,3,1,8,8.89,7,0,2,Yes
S13462,1,1,0,1,0,0,1,0,0,1,10,7,9,7,6.15,3,1,3,Yes
S13463,1,0,0,1,1,1,1,0,0,0,7,3,3,4,8.16,3,3,1,No
S13464,0,1,1,1,0,0,1,1,0,0,2,1,7,10,7.6,6,1,8,Yes
S13465,0,1,1,1,0,0,1,0,0,0,9,4,1,2,5.34,7,3,3,No
S13466,0,1,1,1,0,0,1,0,1,0,2,1,6,2,5.8,2,2,4,No
S13467,1,1,0,0,0,0,0,0,1,0,6,9,3,1,8.28,5,1,4,No
S13468,0,1,1,0,1,1,1,0,1,0,6,1,5,2,7.13,4,0,7,No
S13469,1,1,0,0,1,1,1,0,1,0,10,6,1,3,9.74,2,1,2,Yes
S13470,1,1,0,0,1,1,1,1,0,0,3,1,10,4,5.86,7,3,6,Yes
S13471,1,1,0,0,1,0,1,0,1,0,10,3,2,6,5.44,5,0,8,No
S13472,0,0,0,1,0,0,1,0,1,0,6,8,2,8,8.97,4,1,3,Yes
S13473,1,0,0,1,0,1,0,1,1,0,8,10,9,8,8.54,0,2,0,Yes
S13474,1,1,1,1,0,0,1,0,0,0,9,2,5,4,5.86,5,3,2,No
S13475,1,1,0,1,0,1,0,0,0,0,2,9,2,4,5.36,3,3,6,No
S13476,1,0,1,1,0,0,1,0,0,0,7,3,5,6,8.55,4,0,7,No
S13477,1,1,1,1,1,1,1,0,1,0,1,7,4,10,7.96,7,1,1,Yes
S13478,0,1,0,1,0,0,1,0,0,0,7,4,6,4,9.19,5,1,6,No
S13479,1,1,1,0,1,1,0,0,1,0,1,2,3,6,9.31,6,1,7,Yes
S13480,0,0,0,1,1,0,1,0,0,1,2,2,7,3,8.73,1,3,8,Yes
S13481,0,0,0,1,0,1,1,1,1,0,5,10,5,10,6.5,6,0,3,No
S13482,1,1,1,0,1,1,1,0,0,0,7,2,10,4,6.85,8,1,5,Yes
S13483,0,1,0,1,1,0,1,0,1,0,3,10,1,10,5.53,7,0,4,No
S13484,1,1,0,1,1,1,1,0,0,0,1,5,9,4,7.66,8,1,2,Yes
S13485,0,1,0,1,0,0,1,0,1,0,10,3,2,8,9.8,3,1,1,No
S13486,0,1,1,0,1,1,1,0,1,0,5,3,4,6,9.58,6,2,3,No
S13487,1,0,0,1,1,0,0,1,1,0,3,1,8,9,8.57,8,3,6,Yes
S13488,0,1,1,0,1,0,0,1,0,0,3,4,7,2,7.77,4,0,2,No
S13489,1,1,0,1,1,0,1,0,0,0,1,9,6,7,9.97,7,0,5,Yes
S13490,1,1,1,1,1,1,1,1,0,0,10,9,2,8,8.95,6,2,2,Yes
S13491,0,1,1,1,0,1,1,0,1,0,4,10,1,2,8.09,1,1,1,No
S13492,1,0,1,1,1,1,0,0,0,0,1,2,8,9,8.69,5,3,5,Yes
S13493,1,1,1,0,0,0,1,0,0,1,6,10,6,2,9.96,2,3,1,Yes
S13494,1,1,0,1,0,0,0,0,0,0,5,10,2,7,9.52,8,0,6,Yes
S13495,0,1,1,1,0,0,1,0,1,0,6,5,7,6,5.27,7,2,1,Yes
S13496,1,1,1,1,0,0,0,0,0,0,10,9,2,1,5.54,4,1,6,No
S13497,0,0,0,0,1,1,1,0,1,1,3,8,8,5,7.14,1,1,7,Yes
S13498,1,1,0,1,1,0,0,0,1,0,3,7,6,10,9.99,2,0,0,No
S13499,1,1,0,0,1,1,0,0,1,0,5,3,3,9,6.04,1,1,3,No
S13500,0,1,1,1,1,1,0,1,0,0,2,5,3,6,6.47,2,0,3,No
S13501,1,0,0,0,0,1,1,1,1,0,3,10,2,3,5.02,5,2,8,No
S13502,0,1,1,0,1,1,1,0,0,0,3,2,7,9,8.97,0,3,6,Yes
S13503,1,0,1,1,0,1,0,0,0,0,8,2,7,3,8.6,0,2,8,Yes
S13504,1,1,0,0,1,1,1,0,0,1,2,1,2,4,9.37,8,0,5,Yes
S13505,1,0,1,0,1,0,1,0,0,1,5,4,9,7,9.12,5,1,0,Yes
S13506,0,1,1,0,0,1,1,1,0,0,3,10,5,10,8.29,4,1,0,Yes
S13507,0,1,0,0,0,1,0,1,0,1,10,8,6,8,6.73,8,3,6,Yes
S13508,0,0,1,0,1,0,0,1,0,0,4,8,2,9,7.16,3,3,2,No
S13509,1,1,1,0,0,1,0,0,0,1,8,7,3,2,5.34,1,1,1,No
S13510,0,1,1,1,1,1,1,0,0,0,3,5,8,6,8.21,6,3,5,Yes
S13511,1,1,0,1,0,0,0,0,1,1,4,3,8,10,6.22,3,0,0,No
S13512,0,1,0,1,1,1,0,0,1,0,10,1,6,7,9.95,5,1,5,Yes
S13513,0,1,1,1,0,0,1,1,0,0,4,10,2,6,7.83,5,2,2,Yes
S13514,0,1,1,0,1,0,0,1,0,0,6,6,2,6,6.3,0,3,6,No
S13515,1,1,0,1,0,1,1,0,1,1,3,4,5,7,6.29,7,2,6,Yes
S13516,1,1,1,1,0,0,0,1,0,0,2,5,10,1,7.54,6,0,4,Yes
S13517,1,0,0,1,0,0,0,0,1,0,5,2,5,10,8.14,8,2,7,Yes
S13518,0,1,0,0,0,1,0,0,0,1,7,8,4,4,7.25,3,2,8,No
S13519,1,1,1,0,1,1,0,0,0,0,5,10,5,10,8.54,6,1,8,Yes
S13520,1,0,0,0,0,1,1,1,0,1,8,7,5,3,7.59,6,0,8,Yes
S13521,1,0,0,0,0,1,1,0,1,1,3,6,4,6,5.37,7,3,7,Yes
S13522,1,1,1,1,0,0,1,0,0,0,9,5,3,7,6.12,0,2,0,No
S13523,1,1,1,0,0,1,1,0,1,1,2,7,10,9,5.49,8,0,5,Yes
S13524,0,0,1,1,0,1,1,0,1,1,3,1,7,6,8.0,3,3,7,Yes
S13525,0,1,1,1,0,1,0,0,1,1,1,9,1,6,7.2,0,2,1,No
S13526,0,1,0,0,0,0,1,0,0,0,3,8,2,7,9.93,0,1,2,No
S13527,0,1,0,1,1,0,1,0,0,1,5,7,10,7,6.63,0,2,8,No
S13528,1,0,1,0,0,1,1,0,0,0,1,1,2,10,5.14,6,2,4,No
S13529,1,1,0,1,1,1,0,0,0,1,5,3,7,1,9.81,6,2,3,Yes
S13530,1,0,1,1,0,1,1,0,0,0,4,5,7,2,8.08,6,1,1,No
S13531,0,0,0,1,0,1,0,1,1,0,8,4,8,3,7.47,0,0,8,No
S13532,1,1,0,0,0,1,0,1,1,0,6,1,1,10,8.97,8,0,4,Yes
S13533,1,0,0,1,1,1,1,0,1,0,3,7,2,2,6.1,0,1,5,No
S13534,1,1,0,1,1,0,1,0,0,1,3,9,1,3,6.32,4,3,6,Yes
S13535,1,1,1,0,0,0,0,0,1,0,4,1,10,6,9.55,2,2,3,No
S13536,1,0,0,0,1,0,1,0,1,1,7,8,8,10,6.85,0,2,1,Yes
S13537,1,1,0,1,1,1,0,0,0,1,3,5,2,7,10.0,6,0,7,Yes
S13538,0,1,0,1,0,0,1,0,1,0,8,2,1,5,6.35,8,3,7,Yes
S13539,0,1,0,0,0,0,1,1,0,1,4,5,5,6,8.84,8,1,7,Yes
S13540,1,1,0,1,1,1,1,0,0,0,1,10,7,7,5.11,3,0,4,No
S13541,1,1,0,0,1,1,0,0,1,1,4,7,10,4,5.41,0,3,3,Yes
S13542,0,1,1,1,0,1,0,1,0,1,9,10,7,4,6.6,6,3,3,Yes
S13543,1,1,1,1,1,1,0,0,1,1,9,7,4,6,7.53,0,1,7,Yes
S13544,0,1,1,1,0,1,0,0,0,0,8,8,1,10,6.79,6,3,2,Yes
S13545,1,1,1,1,0,0,1,0,0,0,6,7,8,6,9.09,3,0,4,Yes
S13546,0,1,0,0,1,0,1,0,1,1,3,2,5,1,8.1,6,1,2,No
S13547,0,1,1,0,0,1,0,0,1,0,7,1,5,1,9.91,7,1,2,Yes
S13548,0,1,1,1,1,0,0,0,0,0,7,3,2,10,8.62,8,0,1,No
S13549,0,1,0,0,0,1,1,0,0,0,10,8,9,3,6.27,7,2,6,Yes
S13550,1,0,0,0,0,0,0,1,0,0,5,1,7,1,8.15,0,2,2,No
S13551,1,1,0,1,0,0,1,1,1,0,4,7,9,10,7.93,3,0,4,Yes
S13552,1,1,0,1,0,1,1,1,0,1,5,7,1,1,8.78,7,1,8,Yes
S13553,0,0,0,1,0,1,0,1,0,0,10,9,7,10,7.54,3,3,4,Yes
S13554,1,1,1,0,1,0,0,1,1,0,4,2,6,7,7.08,4,1,5,Yes
S13555,0,1,1,0,0,1,1,0,0,1,7,3,9,8,9.26,2,3,6,Yes
S13556,1,1,0,1,1,0,1,0,0,1,3,4,4,1,7.66,6,1,3,No
S13557,1,1,0,0,1,0,0,0,0,1,2,6,1,2,7.12,2,0,7,No
S13558,0,1,0,0,1,0,0,1,0,0,1,5,3,9,9.27,2,1,3,No
S13559,1,0,0,0,0,1,0,0,0,0,7,2,4,2,6.08,3,3,2,No
S13560,1,1,1,0,0,1,1,1,0,0,10,2,7,5,9.42,7,0,7,Yes
S13561,1,1,1,1,0,0,0,0,0,0,1,10,5,3,9.25,0,3,6,No
S13562,1,0,0,1,1,0,1,1,1,0,2,2,3,4,5.94,3,0,2,No
S13563,0,1,0,0,1,1,0,0,0,1,4,10,8,7,6.27,5,3,6,Yes
S13564,0,1,1,0,0,0,0,0,0,0,4,10,9,7,7.18,4,0,0,No
S13565,1,1,0,0,1,0,1,1,1,0,6,2,8,3,7.69,8,1,3,Yes
S13566,1,1,0,1,1,1,1,0,0,0,5,2,2,1,9.65,4,2,5,No
S13567,1,0,0,0,0,0,0,0,1,0,3,8,7,9,5.55,6,1,2,No
S13568,1,1,0,0,1,1,0,0,1,0,8,2,9,7,6.98,8,1,2,Yes
S13569,0,0,1,1,1,1,1,1,0,0,10,8,2,2,7.25,2,0,0,No
S13570,0,1,1,0,0,1,0,0,0,1,8,10,4,9,5.62,6,2,2,Yes
S13571,1,0,0,0,0,0,0,0,0,0,4,4,7,4,7.63,0,1,8,No
S13572,1,1,0,1,0,1,1,0,1,0,5,7,9,10,6.81,1,2,3,Yes
S13573,0,0,1,1,0,1,1,0,1,0,1,2,2,8,6.06,7,1,1,No
S13574,1,1,0,0,0,1,0,1,1,0,4,1,5,5,9.62,8,1,6,Yes
S13575,1,0,0,1,0,1,1,0,1,1,3,5,8,4,8.17,1,3,4,Yes
S13576,0,1,1,0,0,0,0,0,0,1,1,5,2,6,8.58,4,1,6,No
S13577,1,0,1,1,0,0,0,0,0,1,8,1,10,6,8.05,5,2,6,Yes
S13578,1,1,1,0,0,0,1,0,0,0,4,3,8,5,5.42,0,1,0,No
S13579,0,1,1,0,0,1,0,0,1,1,7,7,6,1,9.28,4,2,6,Yes
S13580,0,1,0,0,1,0,1,0,0,1,9,9,6,7,8.64,1,3,7,Yes
S13581,1,1,1,0,1,0,1,0,0,0,3,2,10,4,5.73,4,1,7,No
S13582,1,1,0,1,1,1,1,1,0,0,8,2,9,5,9.93,7,0,3,Yes
S13583,1,0,0,1,1,0,0,0,0,1,5,5,7,6,6.39,2,0,5,No
S13584,0,1,0,0,0,1,1,1,1,0,4,8,3,5,8.49,8,2,3,Yes
S13585,1,1,0,0,0,1,0,0,1,1,6,2,7,3,5.2,2,3,1,No
S13586,1,1,0,1,1,1,0,0,0,1,1,5,1,1,6.27,7,0,8,No
S13587,0,1,0,0,0,0,1,1,0,0,5,4,4,10,5.72,0,0,2,No
S13588,1,0,0,1,1,0,0,1,1,0,4,10,2,4,9.92,3,0,5,Yes
S13589,1,1,0,1,0,0,1,0,0,0,3,5,5,7,9.76,4,2,7,Yes
S13590,1,1,0,1,1,1,1,0,0,0,6,1,7,8,9.86,2,3,4,Yes
S13591,1,1,0,1,1,1,0,0,0,0,7,7,6,10,6.01,2,1,2,Yes
S13592,1,1,0,1,1,1,1,1,0,0,10,3,4,4,5.11,0,0,7,No
S13593,0,1,0,0,0,1,1,1,0,1,7,7,10,8,8.1,8,3,6,Yes
S13594,0,1,0,0,1,0,0,0,0,1,10,3,6,2,7.55,6,3,4,No
S13595,1,1,0,1,0,1,1,1,0,0,6,4,8,7,9.49,0,3,6,Yes
S13596,1,1,1,1,1,1,1,1,0,0,4,4,8,1,6.63,0,1,0,No
S13597,0,1,0,1,0,0,1,0,0,0,8,2,6,5,7.84,6,3,1,Yes
S13598,1,1,0,1,1,1,0,0,0,0,5,6,6,3,8.32,0,0,8,No
S13599,1,1,1,0,1,0,0,0,0,0,9,3,8,9,7.47,4,1,1,Yes
S13600,0,0,0,0,0,1,1,0,0,0,5,8,5,6,8.75,6,3,1,No
S13601,1,0,1,0,1,0,0,0,0,0,7,6,8,3,6.62,4,3,3,No
S13602,1,0,1,1,0,0,1,0,0,0,5,1,7,2,8.61,5,3,2,Yes
S13603,1,0,0,0,1,0,1,1,0,0,6,2,1,8,8.79,8,1,6,Yes
S13604,1,1,1,1,1,1,0,0,1,0,4,6,4,10,7.15,3,1,7,No
S13605,1,1,1,1,0,0,0,0,0,1,5,8,5,10,7.58,0,2,8,Yes
S13606,1,1,0,0,0,1,0,0,1,0,4,1,8,9,6.04,0,1,0,No
S13607,1,1,1,1,1,0,1,1,0,0,2,1,1,7,7.74,5,0,1,No
S13608,0,0,1,1,0,1,1,1,0,0,4,3,4,1,6.01,1,0,3,No
S13609,1,1,0,1,0,0,1,1,1,0,2,10,7,5,6.47,4,1,6,Yes
S13610,1,1,0,1,1,1,0,0,1,0,7,9,7,6,8.48,3,0,5,Yes
S13611,0,1,0,1,1,0,1,1,1,0,2,7,2,6,5.27,1,1,7,No
S13612,0,1,0,0,1,0,1,0,0,1,10,4,8,6,7.78,2,1,8,Yes
S13613,1,1,0,1,0,0,1,0,0,0,8,10,5,5,8.44,4,1,0,Yes
S13614,1,1,0,1,0,0,0,1,0,0,10,3,6,9,5.56,5,0,1,No
S13615,1,0,0,0,0,0,1,0,0,1,2,6,6,3,6.39,4,0,5,No
S13616,0,1,1,0,1,0,0,0,0,1,3,4,10,4,9.82,3,3,3,Yes
S13617,1,1,1,0,0,0,1,0,0,1,7,6,2,7,9.56,8,0,8,Yes
S13618,1,1,0,1,1,1,1,0,0,0,2,8,10,1,5.95,7,3,7,Yes
S13619,1,1,0,0,0,1,1,0,0,1,9,1,9,4,5.12,6,1,4,Yes
S13620,1,1,0,0,1,0,0,1,1,0,5,5,4,5,7.89,4,3,6,Yes
S13621,1,1,1,1,0,1,0,0,1,0,10,2,10,1,8.8,4,1,5,Yes
S13622,1,1,0,1,1,1,1,1,0,0,8,3,2,2,7.39,5,1,8,Yes
S13623,0,1,0,0,1,0,1,0,0,1,2,5,9,1,7.94,1,1,1,No
S13624,0,1,1,0,1,1,1,0,0,0,8,7,3,5,6.62,3,2,2,No
S13625,1,1,0,0,1,1,1,0,0,1,2,5,6,5,9.07,8,3,6,Yes
S13626,1,0,0,0,1,0,0,0,1,1,10,10,3,9,9.6,5,0,7,Yes
S13627,1,1,1,0,1,0,1,0,1,1,2,3,1,6,6.86,0,1,7,No
S13628,1,1,0,1,1,1,1,0,0,0,3,5,10,7,5.43,8,3,1,Yes
S13629,0,0,1,1,1,1,0,0,0,1,7,10,10,8,8.25,3,1,6,Yes
S13630,0,1,1,1,0,1,0,1,1,1,1,10,1,4,9.03,1,1,8,No
S13631,1,1,0,1,1,0,1,1,0,0,7,8,10,3,9.67,1,2,2,Yes
S13632,1,1,1,0,1,1,1,0,0,0,1,6,10,6,5.32,5,3,8,Yes
S13633,1,0,0,1,0,1,1,0,1,0,4,6,6,9,8.22,2,1,4,Yes
S13634,0,0,1,0,1,0,1,0,0,0,9,4,6,5,7.59,0,1,2,No
S13635,0,1,0,0,0,0,1,1,0,1,4,10,3,1,8.43,2,0,6,No
S13636,0,0,1,1,0,0,1,0,1,0,10,6,9,4,9.74,2,2,7,Yes
S13637,0,1,1,1,0,1,1,0,0,1,2,2,1,2,9.15,6,2,8,Yes
S13638,1,0,1,1,0,1,1,0,0,0,9,7,1,2,8.29,5,0,4,No
S13639,0,1,1,1,1,1,0,0,0,0,5,5,7,7,9.32,5,2,7,Yes
S13640,0,0,0,1,0,0,1,1,1,0,2,5,7,10,9.5,4,1,0,Yes
S13641,1,1,0,1,0,1,0,0,1,1,6,1,8,10,6.41,6,3,5,Yes
S13642,1,1,0,0,1,1,1,0,0,0,5,6,5,7,5.5,4,2,4,Yes
S13643,0,1,0,1,0,0,1,0,0,0,4,5,8,6,6.8,2,3,4,No
S13644,0,0,1,1,1,1,1,0,0,0,10,6,9,3,5.07,8,2,4,Yes
S13645,0,0,1,0,1,0,1,0,1,1,9,4,8,3,6.91,4,2,2,Yes
S13646,0,1,0,1,0,0,1,0,1,0,1,6,6,9,6.46,2,3,3,No
S13647,0,0,0,1,1,1,1,1,1,0,5,1,1,3,8.03,7,1,8,No
S13648,0,1,1,0,1,0,1,0,1,0,6,10,10,4,7.78,5,0,3,No
S13649,1,0,0,1,0,1,0,0,0,1,6,6,1,5,6.8,5,0,2,No
S13650,0,1,1,1,1,1,0,0,0,0,4,1,6,8,5.62,5,2,2,No
S13651,1,1,0,0,0,1,1,1,1,0,8,9,10,3,9.81,0,3,8,Yes
S13652,1,1,0,1,1,0,1,1,1,0,7,2,8,10,9.84,1,2,2,Yes
S13653,1,1,1,0,1,0,1,0,0,0,7,8,4,3,5.82,7,1,2,No
S13654,0,0,0,1,0,1,1,0,0,0,9,7,1,9,6.79,3,2,5,Yes
S13655,0,0,0,0,0,0,0,0,0,1,8,9,6,5,7.28,4,3,1,No
S13656,0,0,1,0,1,0,0,0,1,0,7,10,10,10,7.77,4,2,5,Yes
S13657,1,1,0,1,1,1,1,0,0,0,2,7,8,6,6.75,3,1,2,No
S13658,1,0,1,0,0,1,1,0,1,0,9,8,3,4,9.37,8,1,8,Yes
S13659,1,1,1,0,0,1,0,0,0,1,5,1,2,10,7.11,4,2,4,No
S13660,1,0,1,0,0,1,1,0,0,1,3,5,4,7,5.7,2,1,4,No
S13661,0,1,1,0,0,1,1,0,1,0,3,1,7,10,7.15,8,1,3,Yes
S13662,1,1,0,1,1,0,1,0,1,1,3,2,7,7,9.65,7,2,6,Yes
S13663,0,0,1,1,0,0,1,0,1,0,9,8,3,8,6.21,0,2,8,Yes
S13664,0,0,0,1,0,1,1,0,0,0,4,9,2,10,8.46,6,0,3,No
S13665,1,1,1,0,1,1,1,0,0,0,4,2,8,5,9.37,2,2,7,Yes
S13666,0,1,0,1,0,1,1,0,0,0,5,4,7,1,6.38,7,1,5,No
S13667,1,1,0,0,1,1,0,1,0,0,1,2,1,1,6.39,5,0,7,No
S13668,1,1,1,1,1,0,1,0,0,0,7,4,7,4,6.14,5,0,6,No
S13669,0,0,1,1,0,1,0,1,0,0,5,7,10,10,9.25,6,0,5,Yes
S13670,0,0,0,1,0,1,1,1,1,0,1,9,8,6,9.2,3,2,7,Yes
S13671,1,1,0,1,0,1,0,0,0,0,2,10,6,8,6.07,6,2,6,Yes
S13672,1,1,0,1,0,1,1,0,0,0,9,1,3,4,7.12,1,2,2,No
S13673,1,0,1,1,0,0,1,1,0,0,2,6,8,9,5.17,0,3,1,No
S13674,1,1,0,1,0,0,0,1,1,1,7,4,5,8,6.48,7,1,2,Yes
S13675,0,1,0,1,0,0,1,1,0,1,6,2,7,4,6.02,8,0,2,Yes
S13676,0,0,0,1,0,0,1,1,1,0,8,1,1,4,7.37,3,1,1,No
S13677,1,0,0,1,1,1,0,0,0,1,4,4,2,9,8.5,5,3,6,Yes
S13678,0,1,0,0,1,0,0,0,1,0,7,10,2,5,9.18,6,3,3,Yes
S13679,1,1,0,1,0,1,0,0,0,1,4,8,3,10,8.94,3,0,5,Yes
S13680,1,1,0,1,0,1,0,0,1,0,9,5,7,6,7.91,7,2,5,Yes
S13681,0,1,1,1,1,1,0,0,0,0,5,2,9,2,9.38,2,0,7,Yes
S13682,0,1,1,1,0,0,1,0,1,0,8,9,6,2,9.48,4,3,0,Yes
S13683,0,1,1,1,0,1,1,0,1,1,5,6,2,3,7.8,0,2,2,No
S13684,1,0,1,0,0,0,1,0,1,0,6,10,8,3,7.81,6,2,5,Yes
S13685,0,0,1,1,1,1,1,0,0,0,4,2,1,6,7.28,4,3,4,No
S13686,1,0,0,1,0,1,1,0,1,1,10,8,6,4,9.2,0,3,1,Yes
S13687,0,1,0,1,1,0,1,0,1,0,10,6,7,1,6.96,2,3,0,No
S13688,0,1,1,1,0,1,1,0,0,1,7,3,8,2,8.24,1,2,7,Yes
S13689,1,0,1,1,1,0,1,0,1,0,1,7,8,7,6.07,6,0,3,No
S13690,0,0,0,1,1,1,1,1,1,1,2,3,2,9,8.13,0,0,3,No
S13691,1,0,0,1,1,1,0,0,1,1,4,10,5,6,9.29,8,0,1,Yes
S13692,1,0,1,1,0,0,0,1,0,0,6,10,5,4,7.88,7,3,2,Yes
S13693,0,0,0,1,0,1,0,1,1,1,7,3,7,6,6.08,3,0,4,No
S13694,1,1,0,0,0,1,1,0,0,0,3,1,7,8,8.07,7,3,7,Yes
S13695,0,1,0,0,0,0,0,0,1,1,10,7,4,3,8.25,6,2,4,Yes
S13696,1,1,0,1,1,1,0,0,0,0,3,3,5,9,5.48,2,0,8,No
S13697,0,1,1,1,1,0,1,0,1,0,10,7,9,10,6.29,8,3,8,Yes
S13698,1,1,0,1,0,0,1,0,0,0,7,4,6,4,8.82,7,3,0,Yes
S13699,1,0,0,1,1,1,1,1,0,0,5,10,3,10,5.53,2,2,5,Yes
S13700,1,1,0,0,0,0,0,1,0,1,2,3,3,5,8.19,1,0,6,No
S13701,0,0,1,1,0,0,1,0,0,1,4,9,9,9,9.92,2,0,8,Yes
S13702,0,1,0,0,1,1,1,0,0,0,4,2,8,2,7.24,5,1,0,No
S13703,0,1,0,1,0,0,1,1,1,0,4,4,1,5,7.03,3,2,3,No
S13704,1,0,1,1,0,0,1,0,1,0,5,1,1,10,7.39,2,2,5,No
S13705,1,1,0,0,0,1,0,0,1,1,2,2,2,3,8.29,2,0,4,No
S13706,1,1,1,1,1,1,1,0,0,0,6,2,4,1,8.15,4,2,1,No
S13707,0,1,1,1,0,1,0,0,0,0,1,3,2,9,6.64,6,3,5,No
S13708,1,0,0,0,1,0,1,0,0,0,2,2,10,7,7.68,7,2,4,Yes
S13709,0,0,0,0,1,1,0,0,0,0,1,3,8,1,7.84,8,3,7,Yes
S13710,0,0,0,0,1,1,0,1,0,0,7,6,4,4,6.58,6,2,5,Yes
S13711,1,0,0,1,0,1,0,0,0,0,10,4,1,1,7.71,3,2,6,No
S13712,1,0,1,1,0,1,0,0,1,1,6,2,8,8,6.42,2,2,3,No
S13713,0,1,0,1,1,1,1,0,0,1,1,6,2,1,9.3,0,3,2,No
S13714,1,1,1,0,0,1,1,0,0,0,4,2,8,3,6.22,7,1,4,No
S13715,1,1,1,1,0,0,1,0,1,1,3,3,7,10,7.2,6,1,7,Yes
S13716,1,1,1,1,1,0,0,0,1,0,5,10,5,8,8.41,7,3,5,Yes
S13717,0,0,0,0,1,1,1,1,0,1,2,8,2,3,6.23,0,1,3,No
S13718,0,1,0,0,0,1,0,0,1,0,4,9,8,4,5.41,4,2,4,No
S13719,1,1,0,0,1,1,1,0,0,0,5,8,8,7,8.9,6,3,1,Yes
S13720,1,1,1,1,1,1,1,0,1,1,8,9,8,6,9.06,8,0,3,Yes
S13721,1,1,0,1,0,1,1,1,0,0,6,7,7,6,9.02,2,0,2,No
S13722,0,0,1,0,0,1,1,0,1,0,7,8,2,1,7.17,3,2,7,No
S13723,1,1,0,0,0,1,0,0,0,0,6,2,7,1,5.41,5,1,3,No
S13724,1,0,1,1,1,1,0,0,0,0,7,6,3,3,6.16,8,1,7,Yes
S13725,0,1,0,1,1,1,0,0,1,0,9,9,7,10,9.99,8,3,8,Yes
S13726,0,0,0,1,0,1,1,0,1,0,4,2,10,9,5.51,4,1,8,Yes
S13727,0,1,0,1,1,1,0,0,0,1,7,1,9,6,7.39,4,0,3,Yes
S13728,0,1,0,1,1,1,1,1,0,1,5,1,6,7,7.36,6,0,8,Yes
S13729,1,0,0,1,1,0,0,0,0,0,6,4,5,1,9.23,5,1,2,No
S13730,1,1,1,1,0,1,1,0,0,0,1,9,6,1,5.4,6,3,3,No
S13731,1,1,0,1,0,1,0,0,1,1,4,10,7,10,7.21,6,1,8,Yes
S13732,1,1,1,1,0,0,0,0,0,0,10,4,9,3,5.26,7,3,7,Yes
S13733,0,1,1,1,0,1,1,0,1,0,5,6,6,3,9.36,1,3,2,Yes
S13734,0,0,0,0,0,1,0,0,0,0,3,7,9,8,6.53,0,2,2,No
S13735,0,1,1,1,0,1,1,0,0,0,10,4,3,2,8.54,5,3,2,Yes
S13736,1,1,0,0,0,0,0,0,0,0,10,3,3,6,8.53,5,0,4,No
S13737,0,1,0,0,1,1,1,0,0,0,3,10,3,9,5.3,1,1,7,No
S13738,0,1,1,1,0,0,1,0,1,0,3,2,7,1,7.07,5,0,4,No
S13739,1,1,1,1,0,0,0,1,0,0,4,8,8,1,6.32,7,3,1,Yes
S13740,0,0,1,1,1,0,0,0,0,0,4,1,3,10,8.39,0,0,3,No
S13741,1,1,1,1,1,0,1,1,1,1,4,5,1,3,7.82,8,1,5,Yes
S13742,1,0,1,1,0,1,0,0,1,0,8,3,10,4,7.32,0,3,0,Yes
S13743,0,1,1,1,1,0,1,1,0,0,3,7,2,4,7.92,8,0,4,Yes
S13744,0,0,0,1,0,0,0,0,0,0,5,7,6,1,5.15,8,0,7,No
S13745,1,0,0,0,0,0,0,1,1,1,2,2,8,4,9.49,6,1,2,Yes
S13746,1,1,0,1,0,0,0,1,0,0,6,1,6,7,9.92,2,2,6,Yes
S13747,0,0,0,0,1,1,0,0,0,0,10,5,9,8,8.82,3,3,1,Yes
S13748,0,1,1,1,1,1,1,1,1,0,5,4,5,4,9.41,5,1,5,Yes
S13749,0,1,0,0,0,0,0,0,0,0,1,8,7,8,8.02,5,3,6,Yes
S13750,1,1,1,1,0,0,1,0,0,1,1,7,9,7,9.7,3,0,4,Yes
S13751,1,0,0,1,0,1,1,1,0,1,2,10,3,4,7.59,1,0,0,No
S13752,1,1,0,1,1,0,1,0,0,0,9,4,10,8,7.26,5,3,3,Yes
S13753,1,1,0,1,1,1,1,0,0,1,5,10,2,8,6.64,4,0,8,Yes
S13754,1,0,0,1,0,1,1,0,0,0,8,2,8,1,6.99,1,2,7,No
S13755,1,1,1,1,0,0,1,0,0,0,1,4,3,5,6.5,5,2,8,No
S13756,0,1,1,1,0,0,1,1,0,0,2,8,3,7,5.19,7,1,1,No
S13757,1,0,0,0,0,0,1,0,0,0,9,4,8,9,5.92,6,0,5,No
S13758,0,1,1,1,0,0,0,1,0,0,1,6,9,8,7.28,3,0,2,No
S13759,1,1,0,0,1,0,1,0,0,1,5,8,2,9,7.21,3,3,1,No
S13760,1,0,0,1,0,0,1,0,1,0,9,1,5,9,8.4,4,3,2,Yes
S13761,1,1,1,1,1,0,1,0,0,1,9,1,1,9,5.19,5,2,2,No
S13762,1,1,1,1,0,1,1,0,0,0,2,7,9,9,7.94,7,1,0,Yes
S13763,1,1,1,1,0,0,1,0,1,0,4,6,2,5,8.67,1,0,5,No
S13764,0,0,1,0,0,0,0,1,0,0,5,7,9,2,6.0,0,2,6,No
S13765,0,1,0,1,0,0,0,0,0,0,2,10,7,7,9.6,7,3,6,Yes
S13766,1,1,0,1,0,1,0,0,1,0,5,6,1,9,7.04,2,0,1,No
S13767,1,1,0,0,0,1,0,0,0,0,4,7,4,7,6.52,3,0,4,No
S13768,0,1,1,0,1,1,0,0,0,0,10,10,1,7,7.26,4,2,6,Yes
S13769,0,0,1,1,0,0,0,0,1,0,9,7,10,2,8.94,0,3,2,Yes
S13770,1,1,1,0,0,0,0,0,1,1,10,9,9,4,7.5,5,2,1,Yes
S13771,0,1,0,1,0,1,1,0,1,0,2,6,8,1,5.92,6,3,4,Yes
S13772,0,1,1,1,0,0,1,1,0,0,3,6,9,8,8.74,1,3,8,Yes
S13773,0,1,1,0,0,1,0,0,0,1,8,3,8,7,7.85,4,1,6,Yes
S13774,0,1,0,0,0,0,1,0,1,1,3,3,8,7,8.98,1,2,1,No
S13775,0,1,0,0,0,1,1,1,0,0,5,4,10,2,8.72,1,0,7,No
S13776,0,1,1,1,1,0,1,0,0,0,5,7,4,9,9.82,8,0,0,Yes
S13777,1,1,1,1,1,1,1,1,0,1,9,4,3,9,8.62,0,1,5,Yes
S13778,0,0,1,0,1,0,1,0,0,0,10,8,1,10,5.38,7,1,6,Yes
S13779,0,1,0,1,0,1,1,1,0,0,6,4,8,3,9.97,4,2,1,Yes
S13780,0,1,0,0,1,0,0,0,1,0,9,2,1,6,7.41,0,3,8,No
S13781,0,0,1,1,0,0,1,0,0,1,3,5,8,3,7.39,3,0,6,No
S13782,1,1,1,1,1,1,0,0,0,1,9,6,8,9,9.05,0,1,1,Yes
S13783,1,1,1,1,0,1,1,0,1,1,7,8,10,4,6.26,1,1,7,Yes
S13784,1,0,0,0,0,0,1,1,0,1,2,3,3,4,9.23,7,0,6,No
S13785,1,1,1,1,1,1,1,1,1,0,10,6,7,9,8.27,6,0,4,Yes
S13786,1,0,0,1,1,0,1,0,0,0,7,6,3,5,5.42,8,0,8,No
S13787,0,0,1,1,1,0,1,0,0,0,10,2,9,7,9.92,8,0,3,Yes
S13788,1,1,0,1,0,1,0,0,0,0,5,4,5,10,9.3,7,0,4,No
S13789,0,0,1,0,0,0,1,1,1,1,2,4,3,6,8.71,2,3,1,Yes
S13790,0,1,0,0,0,1,1,0,1,0,3,3,3,8,8.63,0,0,3,No
S13791,1,1,1,0,0,0,1,0,1,0,7,10,5,4,8.81,2,0,2,No
S13792,1,1,1,1,1,1,1,0,1,0,3,6,4,7,5.44,2,2,2,Yes
S13793,0,1,0,1,0,0,1,0,0,0,3,5,3,6,6.87,2,3,1,No
S13794,0,1,0,0,1,0,0,0,0,0,4,6,4,9,9.97,7,2,4,Yes
S13795,0,1,0,0,0,0,0,1,0,0,5,1,9,10,8.41,7,2,3,Yes
S13796,0,0,0,0,0,0,1,1,0,1,5,2,4,5,7.79,2,3,5,No
S13797,0,1,0,1,1,0,1,0,1,0,8,10,5,8,6.13,0,2,0,Yes
S13798,0,1,0,1,0,0,1,1,1,0,2,8,5,10,8.41,7,2,0,Yes
S13799,0,1,1,0,1,0,0,0,1,1,4,5,5,8,9.4,4,1,7,Yes
S13800,0,1,1,0,0,1,1,0,0,0,9,1,3,7,8.78,3,3,3,No
S13801,0,1,0,0,0,0,0,0,1,0,10,1,5,9,9.15,4,2,6,Yes
S13802,1,0,0,0,0,1,1,0,0,0,3,1,9,1,5.14,5,1,7,No
S13803,0,1,0,1,0,1,1,0,0,1,3,1,10,8,6.33,8,0,8,Yes
S13804,1,1,0,1,1,1,0,1,0,1,3,4,7,1,9.74,6,2,8,Yes
S13805,0,1,1,0,1,1,1,0,0,1,3,3,7,10,9.21,8,3,1,Yes
S13806,1,0,0,1,0,0,0,0,0,0,8,1,10,7,5.14,5,0,3,No
S13807,1,1,1,0,0,1,1,0,1,1,4,6,8,6,5.89,6,0,6,Yes
S13808,1,1,0,1,1,0,0,0,0,0,5,3,4,9,6.74,8,3,4,Yes
S13809,1,0,1,1,1,1,1,0,0,0,4,2,4,5,9.15,1,2,7,Yes
S13810,1,1,1,1,0,0,1,0,0,0,8,1,5,10,5.28,5,3,2,Yes
S13811,0,0,0,1,0,1,0,0,1,1,6,2,6,8,8.35,3,2,2,Yes
S13812,1,0,1,0,1,0,1,0,0,0,3,6,1,6,6.21,7,3,2,No
S13813,1,1,0,0,1,0,1,1,0,0,6,6,1,5,8.95,6,1,3,No
S13814,1,0,0,1,1,1,0,0,0,0,8,3,9,8,6.93,1,0,6,No
S13815,0,0,1,0,1,0,1,0,1,1,3,9,10,1,5.87,7,1,6,Yes
S13816,1,1,1,1,0,1,0,0,1,1,7,3,7,1,6.75,6,0,0,No
S13817,1,1,0,1,0,1,0,0,1,0,7,7,6,6,9.89,1,2,4,Yes
S13818,1,1,0,1,0,1,1,1,0,0,3,4,1,4,8.67,6,2,2,Yes
S13819,0,1,0,0,0,0,1,0,0,1,9,7,5,4,9.88,8,3,0,Yes
S13820,1,1,1,0,1,1,1,1,1,0,1,4,2,10,5.45,0,3,4,No
S13821,1,1,1,1,0,1,0,0,0,0,8,1,2,7,5.97,7,0,1,No
S13822,1,1,0,1,0,1,1,1,1,1,6,7,1,4,6.59,7,3,6,Yes
S13823,0,0,1,0,1,0,1,0,0,0,6,9,6,2,7.84,4,2,1,No
S13824,1,0,0,1,0,0,1,1,0,0,2,9,1,2,9.25,5,0,4,No
S13825,0,1,1,1,1,1,1,1,0,0,10,10,6,1,9.51,3,0,1,Yes
S13826,1,1,0,0,1,0,0,0,0,0,7,6,5,8,7.29,6,1,6,Yes
S13827,1,1,0,1,0,0,1,1,0,0,2,6,2,1,5.32,8,0,4,No
S13828,1,1,0,1,0,0,1,1,0,0,1,6,3,5,5.65,7,0,1,No
S13829,1,0,0,1,0,1,1,0,0,0,4,1,7,7,7.22,1,0,1,No
S13830,1,1,0,0,1,0,1,1,0,0,8,9,6,1,7.07,6,2,2,Yes
S13831,1,1,0,0,1,0,1,1,0,1,1,10,1,9,5.52,2,2,5,No
S13832,1,1,0,1,0,0,1,0,1,0,10,1,10,7,8.6,3,2,7,Yes
S13833,0,1,0,1,0,1,1,0,0,0,10,8,8,9,8.59,5,1,3,Yes
S13834,0,1,1,0,0,1,1,1,0,0,2,9,3,7,7.92,0,2,4,No
S13835,1,1,0,1,0,1,1,0,1,0,6,2,4,5,5.21,6,1,8,No
S13836,0,1,0,1,0,1,0,1,0,0,4,7,4,1,6.25,4,2,1,No
S13837,0,1,1,1,1,0,0,0,0,1,8,1,2,10,9.86,0,0,5,No
S13838,0,1,0,0,1,0,0,1,0,1,8,8,8,7,7.8,2,1,3,Yes
S13839,1,1,0,0,0,0,0,1,1,0,9,4,6,1,6.27,6,2,7,Yes
S13840,0,0,1,1,1,0,1,1,0,0,4,8,10,6,6.79,8,2,5,Yes
S13841,1,1,0,1,1,1,1,0,0,1,4,8,6,7,5.16,3,2,5,No
S13842,1,1,1,0,1,0,0,0,0,0,2,1,6,4,7.58,3,0,2,No
S13843,1,0,0,1,0,1,1,0,0,0,3,10,5,10,8.5,3,0,4,Yes
S13844,1,0,0,1,0,0,0,1,0,0,2,7,7,1,5.63,6,1,4,No
S13845,1,1,1,0,0,0,1,0,0,0,5,6,6,6,7.84,1,1,1,No
S13846,1,1,0,1,1,1,0,0,0,1,2,10,9,3,6.52,7,2,5,Yes
S13847,0,1,0,0,0,1,0,0,1,0,4,10,1,6,7.53,8,0,8,No
S13848,1,1,0,1,1,1,0,0,1,0,9,3,2,8,9.64,8,2,6,Yes
S13849,1,1,0,1,1,1,0,0,1,1,1,8,1,4,7.98,4,0,6,No
S13850,1,0,0,1,0,1,0,1,1,0,10,1,4,2,9.54,3,3,3,Yes
S13851,1,0,0,0,0,1,0,0,0,0,5,8,8,5,7.76,1,1,6,No
S13852,0,0,1,0,0,1,1,0,1,0,5,10,7,3,7.27,6,1,7,Yes
S13853,0,1,1,0,0,0,1,0,0,0,10,5,3,4,6.05,7,0,7,Yes
S13854,1,0,0,1,1,1,0,0,1,1,8,8,10,10,6.47,7,2,0,Yes
S13855,1,1,1,0,1,0,1,0,1,0,10,8,10,3,8.92,2,1,1,Yes
S13856,0,1,1,1,1,0,0,0,0,0,1,9,6,6,8.8,7,0,5,Yes
S13857,1,0,1,0,0,1,0,1,0,0,7,6,6,1,8.38,8,2,7,Yes
S13858,0,1,0,1,1,0,0,0,0,0,8,7,5,9,5.2,5,3,2,No
S13859,1,1,1,1,0,1,0,1,0,0,6,1,5,7,9.71,4,0,2,Yes
S13860,1,0,0,1,1,1,1,1,0,1,6,7,6,1,7.0,2,2,2,No
S13861,1,1,1,1,0,1,1,1,0,0,5,7,5,6,5.66,4,3,5,Yes
S13862,1,1,1,1,1,1,0,1,0,0,6,4,9,6,9.35,2,3,0,Yes
S13863,1,1,1,1,1,1,1,1,0,0,3,4,4,8,9.68,2,2,7,Yes
S13864,0,0,0,1,0,0,1,0,0,0,1,2,10,8,6.92,1,2,1,No
S13865,0,1,1,1,1,1,1,0,1,1,7,3,8,9,5.98,6,3,0,Yes
S13866,0,1,0,1,1,1,1,0,0,0,10,6,5,3,5.74,3,0,0,No
S13867,0,1,1,1,0,1,1,1,0,0,9,1,5,2,9.34,6,1,4,Yes
S13868,1,0,1,1,0,0,0,1,1,1,1,7,9,3,6.16,4,0,1,No
S13869,0,1,0,0,1,1,0,0,0,0,7,3,8,3,5.58,8,0,4,No
S13870,1,1,0,0,1,1,0,0,1,0,9,1,4,10,7.11,7,0,7,Yes
S13871,0,1,0,1,0,1,0,0,0,0,8,7,2,3,9.87,5,1,8,Yes
S13872,1,1,0,0,1,1,0,1,0,1,2,3,2,1,6.18,1,1,7,No
S13873,0,1,1,1,0,0,1,0,0,0,8,2,9,9,9.66,0,2,6,Yes
S13874,0,1,0,0,1,0,0,0,0,1,5,3,2,4,9.37,0,2,1,No
S13875,1,1,0,0,1,0,1,1,1,0,6,2,5,8,8.94,6,0,2,Yes
S13876,1,0,1,1,0,1,1,0,1,0,1,1,9,7,9.62,0,1,6,No
S13877,1,0,1,0,1,1,1,0,0,0,4,8,4,7,6.58,1,1,1,No
S13878,1,1,0,0,0,1,0,1,0,0,3,9,7,5,8.96,8,1,1,Yes
S13879,0,1,0,0,1,0,1,1,1,0,10,2,6,8,6.49,7,0,3,Yes
S13880,0,1,1,0,1,1,1,0,0,0,5,1,5,2,8.94,3,1,5,No
S13881,1,1,0,0,1,1,1,1,0,0,10,8,6,5,5.33,2,0,2,No
S13882,1,1,0,1,1,1,0,1,0,0,10,6,6,2,9.13,6,2,1,Yes
S13883,0,1,0,1,1,0,0,0,0,0,6,4,3,1,9.72,8,0,1,No
S13884,1,1,1,1,1,1,1,1,1,1,8,4,3,4,6.01,8,1,6,Yes
S13885,1,1,0,1,1,0,1,0,0,1,1,9,6,1,6.0,8,0,1,No
S13886,0,1,1,1,1,1,1,0,0,0,2,3,5,5,8.72,0,2,7,No
S13887,0,1,1,0,0,1,1,0,0,0,8,10,2,8,5.14,8,2,7,Yes
S13888,1,1,0,1,0,1,1,0,0,0,3,3,5,1,5.53,7,0,1,No
S13889,1,1,1,0,0,1,0,0,0,1,4,10,6,6,6.9,8,2,6,Yes
S13890,0,0,0,0,1,1,1,0,0,0,5,6,2,4,5.16,2,2,2,No
S13891,0,1,1,0,0,1,1,0,1,0,4,6,9,7,8.08,0,3,4,Yes
S13892,0,1,1,0,0,0,1,0,0,0,7,1,10,9,9.29,1,0,0,No
S13893,1,0,0,0,1,1,1,0,0,0,10,8,7,1,5.11,8,2,0,No
S13894,0,0,1,0,1,0,0,0,0,1,5,2,7,7,6.52,8,2,6,Yes
S13895,0,0,0,1,0,0,0,1,0,0,5,7,6,4,8.0,7,3,7,Yes
S13896,0,1,0,0,1,0,0,0,0,1,2,8,7,5,6.59,4,2,0,No
S13897,0,0,0,1,0,0,1,0,0,1,3,7,4,2,6.0,6,3,8,Yes
S13898,1,0,1,0,0,0,0,1,0,0,7,4,3,1,7.69,0,2,5,No
S13899,0,0,0,1,1,1,1,1,1,1,10,2,4,3,5.16,7,3,7,Yes
S13900,1,1,0,0,1,0,1,1,1,0,5,8,6,2,9.11,6,3,5,Yes
S13901,1,1,1,0,1,1,1,0,0,1,9,6,1,8,5.58,7,1,4,Yes
S13902,0,0,1,1,1,1,0,0,1,1,5,4,9,9,6.12,6,1,0,Yes
S13903,0,0,1,1,0,0,0,0,0,0,7,4,5,10,5.29,7,2,0,No
S13904,0,0,0,0,1,0,0,0,0,0,5,7,5,6,7.31,4,2,3,No
S13905,1,0,1,1,0,1,1,0,0,0,3,9,2,7,8.39,3,2,0,No
S13906,1,1,1,1,1,0,1,0,1,0,4,8,1,7,8.44,5,0,2,Yes
S13907,0,1,0,1,0,1,0,0,0,1,3,3,9,8,10.0,0,3,4,Yes
S13908,1,0,1,0,1,1,0,0,1,0,1,7,5,4,8.66,0,1,3,Yes
S13909,0,0,0,1,1,1,1,0,0,0,6,7,8,6,6.65,8,2,3,Yes
S13910,1,0,1,1,0,0,1,1,1,0,6,1,4,2,8.45,1,2,6,No
S13911,0,0,1,1,0,1,0,1,0,1,2,4,4,6,6.76,7,1,2,No
S13912,1,1,1,1,1,1,0,1,0,0,9,8,6,8,7.93,3,2,7,Yes
S13913,0,1,0,0,1,1,0,0,0,1,2,4,9,5,9.81,3,0,0,No
S13914,0,0,1,1,1,1,0,0,0,0,7,4,5,6,7.4,4,1,7,Yes
S13915,1,1,0,1,0,1,0,0,0,0,4,8,10,2,7.87,1,3,1,No
S13916,0,0,0,0,1,1,1,0,0,1,7,10,3,8,9.88,3,1,5,Yes
S13917,0,0,0,0,1,0,1,1,0,0,3,10,3,8,5.77,2,3,8,No
S13918,0,1,0,0,0,1,1,0,1,0,9,4,10,6,9.9,4,2,2,Yes
S13919,0,0,0,1,0,0,0,0,0,1,1,1,8,9,9.06,7,1,4,No
S13920,1,1,1,1,0,0,0,0,0,1,2,8,10,4,7.27,7,2,4,Yes
S13921,1,0,0,0,0,1,0,0,1,0,7,7,10,4,7.41,5,3,7,Yes
S13922,1,1,0,1,1,0,1,1,0,0,8,4,9,10,5.45,7,0,6,Yes
S13923,1,0,1,0,0,1,1,1,0,1,4,2,4,5,6.64,0,3,4,No
S13924,1,0,0,1,1,1,1,0,0,0,6,10,1,6,9.12,0,3,3,Yes
S13925,0,1,1,1,1,1,1,1,0,0,8,7,8,9,6.76,7,2,5,Yes
S13926,1,0,0,0,0,1,1,0,0,0,1,5,5,7,5.6,4,0,4,No
S13927,1,0,0,1,0,1,1,0,1,0,3,8,3,4,8.42,7,3,5,Yes
S13928,1,0,0,1,0,1,1,1,0,0,3,9,1,4,8.04,7,1,7,Yes
S13929,0,0,0,1,1,0,1,0,0,0,6,1,7,3,9.12,4,1,6,No
S13930,0,1,1,1,1,0,0,0,0,1,8,1,9,5,6.42,6,0,2,No
S13931,1,1,1,1,1,0,1,1,0,0,8,3,1,7,8.73,2,1,0,No
S13932,0,1,1,0,0,1,1,0,0,1,6,3,10,2,5.15,4,0,0,No
S13933,1,0,0,0,0,0,1,0,1,1,6,2,2,1,6.98,6,0,0,No
S13934,0,1,0,1,0,0,1,0,1,0,3,5,8,10,8.46,0,2,6,Yes
S13935,0,1,1,1,1,0,1,0,0,1,5,10,9,6,7.7,2,2,1,Yes
S13936,1,1,0,0,1,0,1,0,0,0,9,10,5,5,8.41,0,0,2,Yes
S13937,0,1,1,1,1,1,1,1,1,0,10,2,2,3,6.49,7,1,2,Yes
S13938,0,0,0,1,1,0,1,0,1,1,3,3,9,10,6.13,8,1,1,No
S13939,1,1,1,1,1,0,0,0,0,0,4,3,6,6,9.41,3,1,6,No
S13940,0,0,0,1,0,1,0,0,0,1,8,8,6,7,6.05,8,3,3,Yes
S13941,1,1,0,1,0,0,1,1,1,0,9,5,9,5,8.17,8,1,2,Yes
S13942,1,0,0,0,0,1,0,0,1,0,4,4,4,5,5.9,3,2,4,No
S13943,1,1,0,1,0,1,1,0,1,0,2,1,10,9,8.31,1,0,2,No
S13944,1,1,1,0,0,0,0,1,1,0,10,1,10,1,5.91,3,1,5,No
S13945,1,1,1,0,1,1,1,0,0,0,10,10,6,2,5.2,5,0,3,No
S13946,0,1,0,1,1,1,1,0,0,0,5,1,3,2,9.67,4,3,3,Yes
S13947,1,1,0,0,0,0,1,0,0,0,4,7,6,7,5.05,5,1,2,No
S13948,1,1,0,1,0,1,1,0,0,0,2,8,6,6,6.84,3,3,1,No
S13949,1,1,0,0,0,1,1,0,1,1,4,7,10,2,7.5,8,0,7,Yes
S13950,0,1,0,1,0,1,0,1,0,1,3,1,2,3,5.01,3,2,0,No
S13951,0,1,1,0,0,1,0,0,0,0,3,10,4,4,7.13,0,0,8,No
S13952,0,1,1,0,0,1,0,0,1,1,1,6,6,3,5.27,6,0,0,No
S13953,0,0,1,1,0,1,1,0,0,0,8,7,1,7,8.79,2,3,5,No
S13954,0,0,1,1,1,1,1,0,1,0,2,3,9,5,9.14,8,3,1,Yes
S13955,0,1,1,1,1,1,1,0,1,1,4,6,8,8,5.64,8,2,2,Yes
S13956,0,1,0,1,0,1,1,0,1,0,1,3,9,9,5.73,4,2,3,Yes
S13957,1,1,0,0,1,1,1,0,0,0,4,4,2,1,7.98,3,1,0,No
S13958,1,1,0,1,0,0,1,1,1,0,10,7,6,3,9.85,5,1,8,Yes
S13959,0,0,0,0,1,1,0,0,0,0,8,3,7,5,9.16,4,0,8,No
S13960,1,1,0,1,0,1,0,1,0,0,9,3,2,7,5.05,1,2,8,No
S13961,1,1,0,1,0,0,1,0,0,0,1,9,9,4,7.35,8,0,6,Yes
S13962,0,1,0,0,0,0,0,1,1,0,4,10,8,1,9.25,5,2,1,Yes
S13963,0,0,1,0,0,1,1,0,0,0,9,3,8,9,8.82,8,0,2,Yes
S13964,1,1,1,1,1,0,1,0,0,1,2,5,10,8,8.12,0,1,0,No
S13965,0,0,0,1,0,1,1,0,0,0,3,9,1,9,9.75,3,3,5,Yes
S13966,0,0,1,1,0,0,0,1,0,0,10,9,10,5,8.78,8,3,7,Yes
S13967,0,1,1,1,0,0,0,0,0,0,5,9,2,5,6.99,0,1,1,No
S13968,0,1,0,0,1,0,1,0,0,1,9,6,2,6,8.76,5,2,4,No
S13969,0,1,1,1,1,1,1,1,1,0,6,1,5,6,6.74,7,3,3,Yes
S13970,1,1,0,0,1,1,1,1,0,1,7,8,1,4,6.95,4,0,2,No
S13971,1,1,1,1,1,0,0,1,1,0,5,8,8,3,5.01,8,2,3,Yes
S13972,1,1,1,1,0,1,0,0,0,1,4,2,3,7,7.32,2,2,0,No
S13973,0,1,1,1,0,0,1,0,1,0,10,7,8,7,7.12,6,2,0,Yes
S13974,0,1,1,1,0,1,1,1,0,0,3,3,1,10,9.16,8,3,6,Yes
S13975,0,0,1,0,1,0,1,0,1,0,2,1,1,2,6.92,1,1,8,No
S13976,1,0,0,0,1,0,1,1,1,0,7,8,10,4,8.7,7,3,2,Yes
S13977,0,1,0,1,1,1,0,0,1,0,7,6,5,9,6.17,1,2,1,No
S13978,1,1,1,1,0,0,0,0,1,1,6,5,5,5,9.93,7,3,1,Yes
S13979,1,1,1,0,0,1,1,1,0,0,6,9,4,2,7.7,5,1,1,Yes
S13980,1,0,1,1,1,0,0,1,0,1,4,1,5,9,6.59,6,0,6,Yes
S13981,1,0,1,0,1,0,0,0,0,1,4,3,2,2,5.32,4,1,1,No
S13982,0,1,0,1,1,1,1,0,0,0,4,7,2,10,5.56,7,0,5,No
S13983,1,1,1,1,1,1,1,0,0,1,1,5,9,3,9.19,5,2,4,Yes
S13984,1,1,1,1,0,0,1,1,0,1,3,1,9,9,9.03,2,0,1,Yes
S13985,0,1,0,0,1,1,1,0,0,0,1,1,2,2,6.85,4,1,4,No
S13986,1,0,1,0,0,0,1,0,1,0,8,4,7,2,5.83,1,3,5,No
S13987,1,1,0,1,1,0,1,0,1,1,8,7,3,3,8.37,4,3,5,Yes
S13988,1,0,1,1,0,1,0,0,0,1,1,7,3,6,5.55,5,3,4,No
S13989,1,1,1,0,1,1,0,0,0,0,9,7,4,5,9.06,3,2,6,Yes
S13990,1,0,0,1,0,1,1,0,0,1,5,3,5,9,9.29,0,1,6,No
S13991,1,1,0,0,1,1,1,0,0,0,3,4,2,4,5.61,5,2,4,No
S13992,0,1,0,1,1,0,0,0,1,1,10,2,6,8,7.66,4,2,4,Yes
S13993,1,0,0,0,1,0,1,0,0,0,5,1,5,8,8.87,8,1,4,Yes
S13994,1,0,0,1,0,1,1,0,0,0,1,2,3,4,5.38,4,2,0,No
S13995,0,0,0,1,0,0,1,0,1,0,9,2,2,4,7.52,3,3,2,No
S13996,1,0,0,1,1,1,1,0,0,0,1,2,2,10,5.44,7,3,2,No
S13997,0,0,0,0,1,0,1,1,1,0,9,7,1,5,8.44,8,3,4,Yes
S13998,1,1,1,1,1,1,0,0,1,0,3,6,10,4,5.15,1,1,2,No
S13999,1,0,0,0,0,1,1,1,1,0,10,5,3,3,8.66,4,0,2,No
S14000,0,0,1,1,0,1,0,0,0,0,8,7,3,3,6.52,1,1,8,No
S14001,1,1,0,0,0,1,0,1,0,0,5,8,5,3,6.84,2,0,6,No
S14002,1,1,1,0,1,0,0,0,0,0,4,5,5,1,5.41,2,0,4,No
S14003,0,0,1,1,0,0,1,0,0,0,5,8,1,1,8.2,7,0,8,No
S14004,1,0,0,0,1,0,0,0,1,0,6,4,4,10,8.52,8,1,2,No
S14005,0,1,0,0,0,0,1,0,1,1,9,9,8,10,8.33,5,0,2,Yes
S14006,0,0,1,1,1,1,1,1,0,0,3,2,10,7,8.53,0,2,0,No
S14007,1,0,0,0,1,0,1,0,0,0,6,8,5,1,6.18,2,1,0,No
S14008,0,1,0,0,1,1,0,0,1,1,4,3,6,6,8.24,7,2,7,Yes
S14009,1,0,0,1,1,0,1,0,0,1,6,7,1,7,8.38,8,3,6,Yes
S14010,0,1,0,1,0,0,1,0,1,0,9,4,3,6,7.0,5,1,8,Yes
S14011,0,1,1,1,1,1,0,1,1,1,1,5,3,10,8.46,5,3,5,Yes
S14012,0,1,1,1,1,0,0,0,0,0,4,10,4,1,6.33,2,0,8,No
S14013,1,0,1,1,1,1,1,0,0,0,9,8,8,4,7.58,6,2,3,Yes
S14014,0,1,0,0,0,0,1,0,0,1,8,9,4,2,8.0,4,3,0,Yes
S14015,1,0,0,1,1,1,1,1,1,0,10,10,1,2,9.33,3,1,0,Yes
S14016,1,1,1,0,0,0,0,1,0,0,10,9,4,5,6.92,2,2,6,Yes
S14017,0,0,1,1,0,0,1,0,0,1,5,1,3,1,5.06,1,3,1,No
S14018,1,0,0,1,0,0,0,0,0,1,1,7,10,2,5.67,4,2,5,No
S14019,0,0,1,1,1,0,0,0,1,0,7,8,8,10,8.37,7,3,4,Yes
S14020,1,0,1,0,0,1,0,0,1,0,4,2,8,2,5.76,0,1,3,No
S14021,0,0,0,0,0,1,1,0,0,0,4,3,7,7,6.92,6,0,8,No
S14022,1,1,1,1,0,1,1,0,0,0,2,4,3,3,7.7,6,1,6,No
S14023,1,1,1,1,0,0,0,0,0,0,10,7,6,1,6.01,3,1,0,No
S14024,1,1,0,0,1,0,0,0,0,0,7,6,3,10,5.95,6,1,8,Yes
S14025,0,0,0,1,0,1,0,0,1,0,1,4,5,4,8.57,0,1,8,No
S14026,1,1,0,0,1,0,1,0,0,0,6,5,9,8,9.11,6,2,4,Yes
S14027,0,1,1,1,0,0,0,0,0,0,5,5,3,4,8.9,7,2,7,Yes
S14028,1,0,1,0,1,0,0,0,0,1,6,4,8,5,9.11,1,3,3,Yes
S14029,1,0,0,0,0,1,1,0,0,0,5,4,8,8,5.42,3,2,0,No
S14030,1,0,0,1,1,0,0,0,1,0,4,8,7,10,8.38,3,1,4,Yes
S14031,1,1,0,0,0,0,1,0,0,0,9,6,5,8,5.0,1,1,0,No
S14032,0,1,0,0,0,1,1,0,1,0,7,7,3,7,7.02,3,2,5,No
S14033,0,1,1,1,1,1,1,0,0,0,4,6,8,9,6.72,2,2,7,Yes
S14034,1,1,0,0,1,0,0,0,1,1,8,4,6,7,8.37,3,3,0,Yes
S14035,0,1,0,0,0,1,1,0,0,0,1,7,4,10,8.33,1,2,0,No
S14036,0,1,0,1,1,1,1,0,1,0,6,6,2,7,8.07,7,3,1,Yes
S14037,1,1,1,1,1,0,1,0,0,1,6,3,3,1,9.61,5,0,5,Yes
S14038,1,1,1,1,0,1,1,1,1,0,5,2,5,4,5.34,1,3,1,No
S14039,1,1,0,1,1,1,1,0,1,0,9,5,2,7,6.63,1,0,0,No
S14040,1,1,1,1,0,0,1,0,0,1,3,1,2,2,8.39,3,2,1,No
S14041,1,0,1,0,1,1,1,0,1,0,4,2,1,4,6.58,4,0,2,No
S14042,1,0,0,0,1,1,1,1,0,0,3,5,3,5,5.48,5,2,5,No
S14043,0,0,1,0,1,1,0,1,0,0,8,1,3,3,6.94,1,1,4,No
S14044,1,1,0,1,1,1,1,0,0,0,9,1,7,9,7.61,0,2,4,Yes
S14045,1,0,1,1,1,1,1,1,0,0,10,1,5,3,5.91,0,1,4,No
S14046,1,0,0,1,1,0,0,0,0,1,5,6,8,5,5.76,4,2,7,No
S14047,1,1,0,0,1,0,0,0,0,1,5,4,8,6,7.9,7,0,1,Yes
S14048,1,1,0,1,0,1,1,0,0,0,4,2,10,10,7.12,4,2,6,Yes
S14049,0,1,0,1,0,1,1,0,0,0,7,2,2,10,6.2,3,0,7,No
S14050,1,0,1,0,1,0,0,0,0,0,3,3,7,5,8.37,6,1,2,No
S14051,0,1,0,0,1,0,1,0,0,0,6,1,2,9,8.54,5,3,5,Yes
S14052,1,0,1,0,0,1,1,0,1,1,8,3,6,8,8.76,7,1,6,Yes
S14053,0,1,1,1,1,1,0,0,1,0,4,2,8,10,5.57,1,1,6,No
S14054,0,0,0,1,1,1,0,0,0,1,8,7,3,9,9.21,4,0,7,No
S14055,1,0,1,1,1,0,0,0,0,0,6,4,3,9,9.47,3,0,5,Yes
S14056,0,0,0,0,1,0,0,0,0,0,10,7,8,1,8.77,7,2,4,Yes
S14057,1,1,1,1,0,1,0,0,1,0,3,7,5,2,5.98,3,3,5,No
S14058,0,1,1,0,1,1,1,0,1,0,7,1,8,4,9.19,7,1,4,Yes
S14059,1,0,1,1,1,1,1,1,1,0,3,2,10,9,6.88,8,1,3,Yes
S14060,0,0,0,0,0,1,1,1,1,0,1,1,9,4,5.89,6,1,3,No
S14061,0,1,1,1,1,0,1,0,0,0,4,7,6,5,7.46,4,2,6,No
S14062,0,0,0,1,1,1,0,0,0,0,2,1,2,8,7.04,2,0,5,No
S14063,1,1,1,1,0,1,1,0,0,0,10,6,3,2,6.84,0,1,8,No
S14064,1,1,0,1,0,1,0,0,0,0,3,6,9,8,6.45,3,1,8,Yes
S14065,0,1,0,1,1,0,0,0,0,1,3,4,1,5,8.24,8,3,3,No
S14066,0,0,0,1,0,1,1,0,1,0,6,9,4,7,5.22,8,1,8,No
S14067,0,1,1,1,0,1,1,0,1,0,10,4,4,3,6.15,3,3,3,Yes
S14068,1,0,1,1,0,0,0,1,0,0,3,8,8,3,8.95,1,2,7,Yes
S14069,0,1,1,1,1,1,1,0,1,0,8,8,6,5,7.2,4,2,0,Yes
S14070,1,0,1,1,0,1,1,0,0,1,3,2,9,2,6.37,7,2,7,Yes
S14071,1,0,1,1,0,1,1,0,0,1,3,9,8,10,8.67,8,3,6,Yes
S14072,1,1,0,0,1,0,1,1,0,0,8,9,3,5,8.23,0,3,0,Yes
S14073,1,1,1,1,0,0,0,0,0,0,2,2,7,4,6.46,2,2,1,No
S14074,0,1,1,1,1,1,0,0,0,0,10,9,10,5,9.67,4,2,3,Yes
S14075,1,0,0,0,1,1,1,0,0,0,7,7,1,2,5.37,3,1,7,No
S14076,0,1,1,1,1,1,0,0,0,1,2,4,6,9,7.43,1,3,6,Yes
S14077,0,1,1,1,0,0,1,0,1,1,10,6,9,3,7.99,3,3,1,Yes
S14078,1,1,0,0,0,1,0,1,0,0,9,8,8,8,8.5,6,0,0,Yes
S14079,1,1,1,1,0,1,0,0,1,0,10,8,8,2,6.56,0,0,6,No
S14080,0,1,0,1,1,0,0,0,0,1,3,1,3,9,9.91,6,1,2,No
S14081,1,0,0,0,0,1,1,1,0,0,9,2,2,1,8.31,4,0,6,No
S14082,0,1,1,0,0,0,0,1,0,0,6,9,8,2,6.52,6,0,6,Yes
S14083,0,1,1,1,1,1,0,0,1,1,8,6,2,7,8.82,1,0,5,No
S14084,1,0,0,1,1,0,0,0,0,0,4,1,3,9,5.25,5,3,2,No
S14085,1,1,0,1,0,0,1,1,0,0,1,3,4,3,8.92,6,2,8,Yes
S14086,1,0,1,1,0,1,0,0,0,0,9,5,1,5,9.6,1,2,4,No
S14087,0,0,0,1,1,1,0,0,1,1,7,6,8,4,5.98,1,2,2,No
S14088,1,1,0,1,0,0,1,1,0,1,8,9,5,10,9.36,0,2,2,Yes
S14089,1,1,0,1,1,1,0,0,0,1,1,6,2,8,6.16,2,3,1,No
S14090,1,1,1,0,1,1,0,0,1,0,8,9,4,3,9.8,8,0,2,Yes
S14091,0,1,1,1,0,1,1,1,0,0,10,3,6,9,6.47,1,2,2,Yes
S14092,1,1,1,1,1,1,1,0,1,1,6,4,6,5,9.61,4,2,7,Yes
S14093,1,0,1,0,1,1,0,0,1,1,1,2,9,9,9.52,3,0,8,Yes
S14094,0,1,1,1,1,1,1,0,0,0,5,1,9,2,5.76,6,1,1,Yes
S14095,0,0,1,0,0,1,1,0,0,0,6,6,5,3,5.6,2,0,2,No
S14096,0,1,1,1,1,1,1,1,1,0,4,5,6,4,9.77,4,1,8,Yes
S14097,0,0,1,1,0,1,1,1,0,1,3,9,6,10,8.66,3,1,5,Yes
S14098,0,0,0,0,0,1,0,0,1,0,3,3,7,2,9.71,1,3,2,No
S14099,0,0,0,1,1,0,0,0,1,0,5,1,3,3,9.34,3,2,2,No
S14100,0,1,1,1,0,1,1,0,0,1,6,3,5,2,8.36,6,3,3,Yes
S14101,0,1,1,0,0,1,0,1,0,0,3,10,8,6,7.48,3,2,2,Yes
S14102,0,1,1,1,0,1,1,0,0,1,3,6,8,6,7.93,2,0,4,No
S14103,1,0,0,1,0,1,0,1,0,0,7,8,4,8,6.91,8,3,3,Yes
S14104,1,0,1,0,0,1,0,0,1,1,6,2,2,9,5.62,4,3,2,No
S14105,0,1,1,0,0,1,1,0,1,0,8,6,1,8,7.2,6,2,7,Yes
S14106,1,0,1,1,1,0,1,1,0,0,9,2,6,5,6.91,2,0,6,No
S14107,0,0,0,1,1,0,1,0,1,0,10,5,4,6,9.51,3,0,5,Yes
S14108,1,1,1,1,0,1,1,0,1,0,7,6,3,1,8.63,2,1,1,No
S14109,0,1,0,1,1,1,1,1,0,1,10,8,5,5,8.47,5,2,7,Yes
S14110,1,0,1,1,1,0,0,0,0,0,1,5,10,1,6.07,4,1,4,No
S14111,0,1,1,1,1,1,1,1,1,0,1,2,2,2,7.23,5,2,6,No
S14112,0,0,0,1,0,0,1,1,0,1,1,10,7,2,7.24,7,1,4,Yes
S14113,1,0,1,0,1,0,1,1,0,0,3,4,1,4,8.67,6,3,8,Yes
S14114,1,1,1,1,0,1,0,0,0,1,5,10,7,4,6.39,8,3,0,Yes
S14115,1,1,0,0,0,1,1,0,0,1,10,7,8,3,6.39,0,0,3,No
S14116,1,1,1,0,0,0,0,1,0,0,10,9,7,6,8.32,4,0,7,Yes
S14117,1,0,0,0,1,1,1,0,0,0,9,2,8,7,7.72,4,1,4,Yes
S14118,1,1,1,1,0,1,0,0,0,1,1,9,10,7,6.74,6,2,6,Yes
S14119,0,1,0,0,0,0,0,1,0,0,8,2,5,3,8.05,4,0,6,No
S14120,1,0,0,1,0,1,1,0,1,1,2,4,5,4,8.64,7,1,7,Yes
S14121,0,1,1,1,1,1,1,1,0,0,1,10,1,7,9.37,5,1,8,Yes
S14122,1,0,0,1,1,1,0,0,1,0,2,6,8,6,6.19,5,1,3,Yes
S14123,0,1,0,1,1,0,1,0,0,0,9,2,4,2,7.62,7,1,0,No
S14124,1,1,1,1,0,0,1,0,1,1,4,6,1,8,8.44,2,3,8,Yes
S14125,0,1,1,1,0,1,1,1,0,0,10,8,4,3,7.73,1,1,3,No
S14126,0,1,1,1,0,1,0,0,1,1,3,1,7,3,5.69,5,2,2,No
S14127,0,0,1,0,1,0,1,1,0,0,8,7,3,2,5.9,2,1,5,No
S14128,1,1,1,0,0,0,1,0,0,0,1,6,8,10,5.54,5,1,8,No
S14129,0,1,0,1,0,1,0,0,0,0,8,6,9,4,7.1,0,2,8,Yes
S14130,1,1,0,1,1,0,1,0,0,1,3,7,7,3,7.37,4,1,5,Yes
S14131,1,1,0,0,0,1,0,0,0,0,10,1,4,3,5.95,6,0,2,No
S14132,1,1,1,0,0,0,1,0,0,0,6,2,1,1,5.7,7,2,8,No
S14133,1,1,0,1,0,1,1,0,0,0,6,6,2,5,6.55,7,0,5,No
S14134,1,0,1,0,0,1,1,0,1,0,4,9,4,3,5.2,5,2,7,No
S14135,0,1,0,0,0,0,0,0,0,0,4,5,1,6,9.9,6,2,8,Yes
S14136,1,1,1,1,0,1,1,0,0,0,8,1,9,6,9.79,5,1,1,Yes
S14137,1,1,1,0,0,1,1,0,0,0,10,1,6,9,6.53,3,0,8,No
S14138,1,1,0,0,0,0,1,0,0,1,8,7,8,2,8.98,5,0,2,Yes
S14139,0,1,0,0,0,0,0,0,1,1,8,4,1,8,8.77,6,1,0,No
S14140,0,1,1,0,0,0,0,1,0,1,8,8,2,5,7.57,1,0,8,No
S14141,1,1,1,1,1,1,1,1,0,1,7,6,9,3,6.84,0,0,2,No
S14142,0,1,1,0,0,1,1,1,0,0,9,3,3,10,7.71,3,3,2,Yes
S14143,1,1,0,1,0,1,0,0,0,1,3,8,7,2,9.47,3,3,1,Yes
S14144,1,1,1,1,0,1,1,0,0,0,3,5,6,6,9.05,0,2,2,No
S14145,1,1,1,0,0,1,0,0,0,0,5,10,6,1,7.06,0,3,3,No
S14146,0,1,0,0,1,1,1,0,0,0,8,10,2,9,8.9,6,2,0,Yes
S14147,0,0,0,0,0,1,0,1,0,0,8,2,6,7,8.98,0,2,7,Yes
S14148,1,0,1,1,1,1,1,1,0,0,6,9,8,9,6.6,8,2,8,Yes
S14149,1,0,0,1,0,0,0,0,0,0,5,4,3,3,9.52,8,1,2,Yes
S14150,1,1,1,0,1,1,1,0,1,0,4,7,1,6,6.01,4,0,0,No
S14151,0,0,1,1,0,1,0,0,0,0,4,4,3,3,9.05,0,0,0,No
S14152,0,1,0,0,1,1,1,0,0,0,5,3,6,10,8.06,2,0,5,No
S14153,1,0,1,0,0,1,1,1,1,0,3,6,8,8,7.62,4,2,7,Yes
S14154,1,1,0,1,0,1,1,0,1,0,2,8,5,8,8.52,6,3,3,Yes
S14155,0,1,0,1,0,0,0,0,1,1,10,10,8,1,9.13,8,1,5,Yes
S14156,0,1,1,1,0,0,1,0,0,0,7,3,9,7,7.95,4,0,0,No
S14157,0,1,1,0,0,1,0,0,0,1,3,9,6,5,6.73,3,3,3,Yes
S14158,0,1,0,1,0,0,0,0,0,0,6,4,9,5,5.02,2,0,6,No
S14159,0,1,0,0,1,1,0,0,1,0,3,8,7,9,6.25,6,2,7,Yes
S14160,1,1,0,0,1,1,0,0,1,0,3,4,1,4,6.72,0,3,3,No
S14161,1,0,1,1,0,0,0,0,1,1,2,2,1,3,6.93,8,1,5,No
S14162,1,0,1,1,1,0,1,1,0,1,10,7,5,5,5.23,8,1,3,Yes
S14163,0,1,1,0,1,1,0,0,0,0,2,1,6,10,6.43,3,2,2,No
S14164,1,1,1,1,0,0,0,1,0,0,8,5,3,6,7.62,4,0,1,No
S14165,1,1,0,1,0,1,1,1,0,1,2,5,8,1,8.44,3,3,1,Yes
S14166,1,1,1,0,1,1,1,0,0,1,2,2,7,3,9.35,0,1,6,No
S14167,1,1,0,0,1,1,0,0,1,0,6,10,1,10,8.15,3,2,8,Yes
S14168,0,1,0,1,0,0,1,0,0,0,4,6,7,1,9.84,6,2,4,Yes
S14169,1,0,1,0,0,0,0,0,0,1,8,6,5,6,9.07,3,2,4,No
S14170,1,1,0,1,1,0,1,0,0,0,1,1,7,9,7.36,6,1,6,Yes
S14171,0,1,0,0,0,1,1,0,1,0,2,5,7,1,8.36,8,0,2,No
S14172,1,1,0,0,1,1,1,1,0,0,7,7,9,6,8.79,4,3,6,Yes
S14173,0,1,0,1,0,0,0,0,0,1,10,5,4,10,9.42,3,1,6,Yes
S14174,0,0,0,0,1,0,0,0,0,1,4,10,10,9,6.39,4,2,6,Yes
S14175,0,1,0,0,1,0,0,0,0,0,3,4,6,7,9.86,8,1,7,Yes
S14176,0,1,0,1,1,1,1,0,1,1,4,6,5,6,6.8,7,2,4,Yes
S14177,1,0,0,1,0,1,0,0,0,0,1,6,4,2,9.59,4,1,0,No
S14178,0,1,0,0,1,0,1,1,1,0,2,6,10,8,9.33,4,3,0,Yes
S14179,1,1,0,1,0,1,1,1,0,1,7,1,6,10,7.69,6,0,2,Yes
S14180,1,1,1,1,0,0,0,0,0,0,2,6,10,7,5.61,7,3,3,Yes
S14181,1,1,0,1,0,1,1,0,0,0,3,5,2,9,9.87,2,3,4,Yes
S14182,1,1,1,1,1,1,0,1,1,0,3,6,8,4,8.81,3,0,5,Yes
S14183,0,0,0,1,1,1,1,1,1,0,7,8,2,6,6.36,6,2,0,Yes
S14184,1,1,0,0,0,1,0,0,0,0,3,7,7,9,8.93,8,0,7,Yes
S14185,0,1,0,0,1,1,1,0,1,0,7,3,4,10,5.84,8,3,5,Yes
S14186,1,0,0,1,0,0,0,0,1,0,9,3,1,2,9.38,3,1,1,No
S14187,1,1,0,1,1,0,1,1,1,0,3,7,8,7,6.98,3,0,0,No
S14188,0,0,0,0,1,0,0,1,0,0,1,1,10,6,9.73,1,3,3,No
S14189,1,1,0,0,0,0,1,0,0,0,8,10,2,1,7.02,7,0,2,No
S14190,0,0,1,0,0,1,0,0,1,0,5,2,1,6,5.71,3,0,5,No
S14191,1,0,0,1,0,1,0,1,1,1,4,10,8,1,7.14,5,2,3,Yes
S14192,1,0,0,1,1,0,1,0,0,0,9,2,7,9,5.37,3,1,4,No
S14193,1,1,1,0,1,0,0,0,1,1,4,3,8,3,8.19,7,1,7,Yes
S14194,0,1,0,0,0,0,0,1,1,0,5,8,2,4,6.24,5,0,6,No
S14195,1,1,0,0,1,1,1,1,1,1,10,6,9,9,9.96,4,1,5,Yes
S14196,1,0,0,0,0,1,0,1,1,0,2,8,2,9,9.49,4,2,3,No
S14197,1,1,0,1,0,1,0,0,0,0,10,1,10,2,9.75,5,2,4,Yes
S14198,0,0,0,1,1,0,0,0,0,0,6,6,10,8,6.62,1,0,6,No
S14199,0,1,1,1,0,0,1,0,0,1,4,3,2,7,6.57,2,1,3,No
S14200,0,1,1,1,1,0,1,0,1,0,1,7,1,10,8.91,2,0,1,No
S14201,1,1,0,0,1,1,1,0,0,1,3,9,8,6,6.02,4,2,5,Yes
S14202,0,1,0,0,1,0,1,1,0,0,7,9,6,8,5.62,1,0,4,No
S14203,0,0,0,1,1,0,1,0,0,0,7,2,3,2,6.87,0,3,4,No
S14204,0,1,0,1,0,1,0,1,0,0,3,8,2,3,9.79,8,0,1,No
S14205,0,0,1,0,1,1,1,1,1,1,3,9,6,4,7.61,7,3,8,Yes
S14206,0,1,0,1,0,1,0,0,0,0,5,8,7,1,8.79,8,3,0,Yes
S14207,1,0,0,0,0,0,0,0,1,0,1,1,1,2,9.6,0,2,3,No
S14208,0,0,0,0,1,1,1,1,0,0,6,7,9,9,6.34,2,3,1,Yes
S14209,0,1,1,1,1,1,0,0,0,0,3,5,8,2,7.88,4,0,6,No
S14210,1,1,0,1,1,1,1,1,0,1,7,8,3,1,8.15,4,2,3,Yes
S14211,1,1,1,0,0,1,0,1,0,0,5,3,3,1,6.07,4,0,6,No
S14212,0,1,1,0,1,1,1,1,1,1,5,6,10,8,6.63,8,0,0,Yes
S14213,1,0,0,1,0,1,0,0,1,0,4,8,4,4,5.97,6,3,0,Yes
S14214,0,0,0,1,1,0,1,0,0,1,10,5,1,6,7.32,7,2,1,No
S14215,1,0,0,1,1,0,0,0,1,0,2,3,9,5,8.26,8,3,5,Yes
S14216,1,0,0,0,0,1,1,0,1,1,2,8,7,10,9.44,8,2,0,Yes
S14217,1,1,1,1,1,0,1,0,0,0,1,4,6,6,7.76,6,3,1,Yes
S14218,1,1,1,0,0,1,1,0,1,0,9,7,4,10,6.61,0,3,1,No
S14219,1,0,0,0,1,0,0,1,0,0,5,1,9,10,6.76,7,0,7,Yes
S14220,1,1,0,1,0,1,0,1,0,0,7,3,1,9,9.88,4,1,6,Yes
S14221,0,0,1,1,0,1,1,0,0,1,8,4,2,6,9.83,4,3,0,Yes
S14222,0,0,1,1,1,0,1,1,1,1,3,7,1,5,8.77,6,0,0,No
S14223,1,1,1,1,1,1,1,0,0,0,10,4,5,7,8.0,8,3,6,Yes
S14224,1,1,1,1,0,1,1,0,0,1,8,8,3,7,8.21,2,2,2,Yes
S14225,1,0,0,1,1,1,0,0,1,0,2,10,4,5,9.89,4,1,4,Yes
S14226,1,1,0,1,0,0,0,0,1,0,1,8,6,10,7.96,4,2,5,Yes
S14227,1,0,0,1,1,0,0,1,0,0,1,3,6,8,8.96,6,0,4,No
S14228,1,1,1,1,1,0,0,0,0,1,7,4,10,5,8.91,2,0,7,Yes
S14229,1,1,0,0,0,0,1,0,0,1,9,5,9,5,5.7,1,1,4,No
S14230,1,1,1,1,0,0,0,0,1,0,6,6,1,2,8.78,7,2,2,Yes
S14231,1,0,1,0,1,1,1,1,0,1,9,4,1,10,5.58,8,3,3,Yes
S14232,0,1,0,1,1,1,0,0,0,0,9,3,6,9,7.11,6,0,7,Yes
S14233,1,1,1,1,0,1,0,0,1,0,2,4,4,5,5.02,8,3,8,Yes
S14234,0,1,0,0,0,0,0,0,0,0,4,5,4,9,9.18,6,3,6,Yes
S14235,0,1,0,1,0,1,0,0,0,0,3,10,9,6,5.21,3,3,7,Yes
S14236,0,1,1,0,0,1,1,0,0,0,6,2,1,2,8.19,8,1,0,No
S14237,0,1,1,0,1,1,1,1,1,0,7,9,1,10,9.1,3,2,2,Yes
S14238,1,1,1,1,0,0,1,1,0,0,6,6,6,5,7.76,2,0,8,Yes
S14239,1,1,1,1,0,0,1,0,1,0,4,2,5,3,6.1,1,0,1,No
S14240,1,1,1,0,0,1,0,1,1,0,9,8,10,4,8.76,8,0,7,Yes
S14241,0,1,0,0,1,0,1,0,1,0,6,6,1,10,5.46,0,2,1,No
S14242,0,1,1,1,1,0,1,1,0,0,9,9,10,5,8.48,8,1,7,Yes
S14243,0,1,0,0,1,0,1,1,0,1,9,4,6,1,5.05,6,2,4,Yes
S14244,1,1,0,0,1,1,1,1,0,0,7,6,9,8,8.04,6,1,1,Yes
S14245,0,0,1,0,1,1,0,1,1,1,6,5,7,7,9.41,1,0,7,Yes
S14246,1,1,1,0,0,1,0,0,1,0,10,8,5,2,5.51,3,3,0,No
S14247,1,1,0,1,0,1,1,0,0,0,4,2,7,7,5.37,3,1,8,Yes
S14248,0,1,0,0,1,0,0,0,1,0,9,6,1,7,8.59,8,2,7,Yes
S14249,1,0,1,0,1,1,1,0,0,0,4,9,2,6,5.65,2,1,0,No
S14250,0,0,0,1,1,0,1,1,0,0,4,4,4,9,6.11,2,2,5,No
S14251,1,1,1,1,0,0,1,0,1,0,4,10,7,4,7.52,0,0,5,No
S14252,0,0,1,1,1,1,0,0,0,1,2,8,2,3,8.2,3,1,3,No
S14253,1,1,1,1,0,1,1,0,1,0,10,2,10,7,9.83,1,1,3,Yes
S14254,0,1,0,0,1,1,0,0,1,1,9,10,2,2,6.52,4,0,1,No
S14255,0,1,0,1,0,1,0,1,0,0,1,4,2,5,8.89,6,3,1,No
S14256,0,1,0,0,0,0,1,0,0,0,8,1,5,2,6.35,5,1,8,No
S14257,1,1,1,1,1,0,0,0,1,1,3,10,6,7,9.03,2,2,7,Yes
S14258,0,1,0,1,1,0,0,0,1,0,10,5,5,4,6.44,7,3,2,No
S14259,1,1,1,1,0,0,1,0,0,0,8,5,7,6,9.18,6,0,4,Yes
S14260,1,0,1,0,0,0,1,0,0,1,5,2,8,6,5.72,5,1,1,No
S14261,1,1,0,1,1,1,0,1,0,1,3,7,3,3,7.33,7,3,4,Yes
S14262,0,1,1,0,0,1,0,0,0,1,9,4,10,2,7.05,6,1,1,Yes
S14263,1,1,0,0,0,1,0,0,0,1,1,10,2,2,9.6,0,2,3,No
S14264,0,1,0,1,1,0,1,0,0,0,1,1,10,10,9.4,3,2,0,Yes
S14265,0,1,0,1,1,0,1,0,0,0,2,2,3,9,6.86,5,0,8,No
S14266,1,1,0,1,1,0,0,1,0,0,6,6,1,9,5.35,7,0,3,No
S14267,0,1,1,0,0,0,1,0,0,0,4,1,8,6,6.67,7,1,1,No
S14268,1,1,1,1,1,0,1,0,0,1,9,7,1,6,6.33,8,2,8,Yes
S14269,0,0,1,1,0,0,1,1,1,1,3,8,4,8,7.61,5,3,8,Yes
S14270,1,1,1,0,1,0,1,0,0,0,2,5,5,3,9.48,2,2,2,No
S14271,1,1,1,1,0,1,1,1,0,0,3,1,7,9,6.05,8,2,3,Yes
S14272,1,1,1,1,0,1,1,0,0,0,4,4,2,4,5.59,4,0,5,No
S14273,1,0,1,0,0,0,1,0,0,0,8,7,7,5,5.95,1,3,5,Yes
S14274,1,1,0,1,1,0,1,0,0,0,6,2,8,10,9.86,2,2,3,Yes
S14275,1,1,1,1,0,0,0,0,1,0,9,6,9,4,9.08,5,0,5,Yes
S14276,1,1,1,0,0,1,0,0,0,1,1,6,6,8,9.87,2,2,3,Yes
S14277,1,1,0,0,0,0,1,0,1,1,10,5,1,4,5.92,0,3,8,No
S14278,1,1,0,1,1,1,1,0,0,1,6,1,3,7,8.18,0,0,6,No
S14279,0,1,1,1,1,1,0,1,1,0,2,2,7,8,6.93,3,1,0,No
S14280,0,1,1,0,0,1,0,0,0,0,5,1,7,8,6.32,5,2,7,No
S14281,0,1,0,0,0,1,1,1,1,0,5,3,10,1,7.53,2,0,1,No
S14282,0,1,0,1,1,0,1,1,0,1,5,9,10,4,9.74,8,0,3,Yes
S14283,0,0,0,1,1,1,1,0,1,0,4,10,2,10,9.76,6,2,0,Yes
S14284,0,1,0,1,0,0,1,0,0,0,3,1,10,2,9.05,7,1,3,No
S14285,1,0,0,1,0,0,1,1,0,0,4,8,5,5,6.67,8,3,7,Yes
S14286,0,1,0,0,0,1,0,0,0,0,6,8,1,7,7.09,5,2,3,No
S14287,1,0,0,1,0,0,1,0,0,0,4,10,9,2,6.65,1,3,0,No
S14288,0,1,0,1,1,0,0,0,0,0,6,1,4,6,5.92,0,0,7,No
S14289,0,1,1,1,0,0,1,0,0,0,7,10,1,1,9.28,4,0,5,No
S14290,1,0,0,1,1,1,0,1,0,1,10,8,1,6,7.85,4,2,5,Yes
S14291,0,0,1,1,0,1,0,0,0,1,1,6,3,9,6.91,1,3,2,No
S14292,1,1,1,0,0,1,1,0,0,1,10,4,1,10,9.82,8,3,7,Yes
S14293,1,0,1,1,0,0,1,1,0,0,2,9,2,4,5.41,3,2,3,No
S14294,1,0,0,0,0,1,1,1,1,0,4,5,1,4,8.7,4,0,7,No
S14295,0,1,0,0,1,0,1,0,1,0,6,3,6,4,5.76,6,3,1,No
S14296,0,0,1,0,1,1,1,0,0,1,3,4,7,7,5.04,7,3,4,Yes
S14297,0,1,1,1,0,0,0,1,0,1,1,7,1,8,7.85,6,3,6,Yes
S14298,1,1,1,1,1,1,1,0,0,0,10,5,1,6,5.11,0,3,0,No
S14299,1,1,0,1,1,0,1,0,0,1,1,6,10,4,9.6,2,0,4,Yes
S14300,0,1,0,1,0,1,1,1,0,0,4,6,2,6,8.79,0,0,7,No
S14301,1,0,0,1,0,1,0,0,0,0,8,6,1,7,5.01,4,2,1,No
S14302,0,1,0,1,0,0,1,0,0,0,10,1,7,10,6.39,2,0,6,No
S14303,1,1,0,1,0,1,1,0,0,0,10,2,7,7,5.31,6,2,1,No
S14304,1,0,0,1,0,1,1,1,0,1,7,2,1,7,9.25,2,0,6,No
S14305,1,0,0,1,0,0,1,0,1,0,6,1,2,5,7.19,2,0,7,No
S14306,0,1,1,1,0,0,1,0,0,0,2,10,5,5,9.85,1,0,4,No
S14307,1,1,1,1,1,1,1,1,0,1,3,3,3,4,8.13,6,3,5,Yes
S14308,1,0,0,0,0,0,1,0,1,0,10,8,10,9,9.44,3,3,3,Yes
S14309,1,1,1,1,1,1,0,1,0,0,2,1,8,4,9.94,5,1,2,Yes
S14310,1,1,1,0,1,0,1,0,0,0,5,6,10,1,7.34,4,1,0,No
S14311,1,1,0,1,1,1,1,1,0,0,5,7,3,4,8.41,7,3,4,Yes
S14312,1,1,0,0,0,1,1,0,0,0,9,5,1,2,8.53,5,2,1,No
S14313,0,1,0,1,1,1,1,1,0,1,1,7,8,7,5.94,2,3,3,Yes
S14314,1,1,1,0,0,0,1,0,1,1,6,1,10,1,5.33,1,1,0,No
S14315,0,0,0,1,1,1,1,1,1,0,3,1,9,4,5.47,4,0,1,No
S14316,0,1,0,0,0,1,1,0,1,0,5,2,2,4,7.25,3,2,1,No
S14317,1,1,0,1,0,1,0,0,1,1,8,1,6,7,7.25,3,2,5,Yes
S14318,1,1,1,0,1,0,1,1,0,0,8,3,2,4,7.94,5,0,4,No
S14319,0,1,0,1,1,0,0,1,0,0,8,1,6,7,8.89,2,0,8,No
S14320,1,1,0,1,1,1,1,0,1,0,4,1,3,1,5.95,5,2,2,No
S14321,1,1,0,1,1,0,1,1,0,0,6,9,5,9,7.08,4,1,2,Yes
S14322,1,1,0,0,1,0,0,0,1,0,2,9,8,6,6.59,6,1,7,Yes
S14323,0,0,0,1,0,0,1,0,1,0,3,8,9,4,9.0,4,0,3,Yes
S14324,0,0,0,1,1,1,1,0,0,0,3,6,3,9,8.8,8,2,1,Yes
S14325,0,1,0,0,1,0,1,1,0,0,3,9,1,3,8.22,7,0,5,No
S14326,0,1,0,1,0,0,1,0,1,0,7,1,2,7,5.91,1,3,2,No
S14327,1,0,0,1,0,1,1,0,0,0,9,7,1,1,9.94,4,1,2,Yes
S14328,1,0,0,0,1,0,1,0,1,0,3,5,9,8,5.43,0,0,3,No
S14329,1,0,0,1,0,0,0,0,0,0,2,8,8,8,9.37,5,0,3,No
S14330,1,1,0,0,1,0,1,1,1,0,4,3,10,9,7.19,3,0,8,Yes
S14331,1,0,0,1,1,0,0,0,1,0,5,2,5,2,7.43,2,0,7,No
S14332,1,1,0,1,0,0,0,0,0,0,8,5,8,10,7.62,7,1,1,Yes
S14333,1,1,0,1,1,0,0,0,1,0,1,3,7,6,8.7,1,1,0,No
S14334,1,1,1,0,1,0,1,0,1,0,10,7,3,2,7.17,8,3,6,Yes
S14335,1,1,1,0,1,1,0,0,1,0,2,9,9,3,5.5,1,0,0,No
S14336,0,1,0,1,0,1,0,1,1,0,5,4,3,9,6.71,6,0,1,No
S14337,0,1,0,1,1,1,1,1,0,1,3,10,9,2,6.9,7,3,3,Yes
S14338,0,0,1,0,0,1,0,0,1,1,10,1,3,2,9.87,3,0,4,No
S14339,1,1,0,0,1,0,1,1,1,0,3,9,3,4,9.16,3,3,7,Yes
S14340,1,0,1,1,0,1,1,0,0,0,3,7,2,8,7.2,1,1,3,No
S14341,1,1,1,1,0,1,0,0,0,1,9,9,9,6,9.01,8,0,8,Yes
S14342,1,1,1,0,0,0,0,0,0,0,9,8,10,3,6.36,0,3,7,Yes
S14343,1,1,0,0,1,1,0,0,1,0,3,9,2,1,8.92,2,1,5,No
S14344,0,1,0,1,1,1,1,0,0,1,6,10,1,9,7.34,8,1,4,Yes
S14345,0,0,0,1,0,1,0,0,1,0,2,1,3,7,8.93,1,2,8,No
S14346,1,1,1,0,1,0,0,1,0,0,3,3,10,2,6.05,1,3,2,No
S14347,1,1,0,1,0,0,1,0,0,0,3,8,5,1,7.73,4,3,4,Yes
S14348,1,0,0,1,0,1,1,1,0,0,3,3,10,4,7.05,4,3,6,Yes
S14349,1,1,0,0,0,1,0,0,0,0,6,7,10,4,8.16,1,0,0,No
S14350,1,1,1,1,1,1,1,1,1,0,4,5,3,10,6.51,7,2,4,Yes
S14351,1,1,0,1,1,0,1,0,1,0,10,4,5,4,7.42,3,1,2,No
S14352,1,1,1,0,0,0,1,0,1,1,8,3,9,5,8.82,6,2,2,Yes
S14353,1,0,1,1,1,1,0,1,1,1,5,9,5,5,7.43,4,2,2,Yes
S14354,1,1,0,1,1,0,1,0,1,0,2,4,4,10,6.75,8,1,4,Yes
S14355,1,1,0,1,0,1,1,0,0,1,8,3,1,7,5.33,8,0,3,No
S14356,1,1,1,1,1,1,0,1,1,0,2,1,4,1,8.15,7,1,8,Yes
S14357,0,0,0,1,1,0,1,0,0,1,7,7,3,7,7.65,5,0,1,No
S14358,1,0,1,0,0,1,0,0,0,0,5,2,7,9,9.11,6,0,4,Yes
S14359,0,1,1,1,1,0,0,1,0,1,10,9,5,4,6.93,6,3,6,Yes
S14360,0,1,1,0,0,1,1,0,0,0,8,4,3,5,7.23,0,0,3,No
S14361,0,1,1,0,0,0,1,0,1,0,5,8,1,10,8.82,8,2,0,Yes
S14362,0,1,0,1,1,0,0,1,0,0,6,1,2,7,5.76,2,3,2,No
S14363,0,1,1,1,1,1,0,0,0,0,8,4,7,7,9.48,1,2,4,Yes
S14364,0,0,0,1,0,0,1,1,1,0,8,7,6,3,7.08,8,1,8,Yes
S14365,1,0,1,1,0,1,1,0,0,1,2,10,10,1,7.65,7,0,3,Yes
S14366,1,1,0,1,0,0,0,0,0,0,6,1,4,8,9.82,2,0,4,No
S14367,0,1,1,0,0,1,1,0,1,1,8,10,7,1,5.33,2,1,5,No
S14368,0,1,1,0,0,0,1,0,0,0,3,3,5,6,9.69,0,0,2,No
S14369,0,0,1,1,0,1,1,1,1,0,4,7,2,10,8.71,3,3,3,Yes
S14370,0,0,0,1,1,1,1,0,1,1,10,8,8,2,5.13,5,0,5,Yes
S14371,0,1,0,1,1,0,1,1,0,0,9,2,2,8,9.6,6,2,1,Yes
S14372,0,1,0,1,1,0,0,0,1,0,8,7,8,7,8.12,7,1,4,Yes
S14373,0,1,1,1,0,1,1,0,1,1,9,5,4,8,9.46,3,1,3,Yes
S14374,1,1,1,1,1,0,1,0,0,1,5,5,4,4,9.01,5,1,0,Yes
S14375,0,1,0,1,1,0,1,1,0,0,8,1,1,7,7.31,7,3,3,Yes
S14376,0,1,1,1,1,1,1,0,0,0,7,9,2,3,9.44,2,0,0,No
S14377,0,1,0,1,1,1,1,0,0,0,4,5,10,10,8.55,7,1,7,Yes
S14378,0,1,1,0,0,1,1,0,0,0,10,6,8,6,8.33,1,0,1,No
S14379,1,1,0,1,0,1,1,0,0,0,10,8,1,4,7.67,6,1,6,Yes
S14380,1,1,0,0,0,1,1,0,0,1,7,3,5,9,7.04,4,3,5,Yes
S14381,0,0,1,0,1,1,1,1,1,1,1,5,4,7,6.25,3,1,2,No
S14382,0,1,1,1,1,1,1,1,0,1,7,1,5,6,5.47,1,1,7,Yes
S14383,1,0,0,1,1,1,0,1,0,0,10,8,6,1,6.11,6,1,4,Yes
S14384,1,1,0,0,0,0,1,0,0,0,10,8,6,5,6.94,5,3,4,Yes
S14385,0,1,1,1,0,1,0,1,0,0,1,4,3,9,8.37,4,2,5,No
S14386,0,1,1,0,0,1,0,0,0,0,8,7,3,1,9.23,6,0,1,No
S14387,0,1,1,0,0,1,1,0,0,1,5,6,10,4,6.8,0,0,3,No
S14388,0,1,0,0,0,0,1,0,1,0,9,2,9,2,6.82,8,0,6,No
S14389,1,1,1,1,0,0,1,0,0,1,7,8,3,6,7.21,1,0,8,No
S14390,1,0,1,0,0,0,0,0,1,0,2,10,10,10,6.31,3,2,3,Yes
S14391,1,0,0,0,1,0,1,0,1,1,8,3,3,3,6.52,0,3,4,No
S14392,0,0,0,1,1,1,1,0,1,1,10,7,3,4,9.47,4,3,7,Yes
S14393,1,1,1,0,0,1,1,0,1,0,8,3,8,2,8.96,8,1,5,Yes
S14394,0,1,0,1,1,1,0,0,0,0,5,10,9,7,5.76,7,1,3,Yes
S14395,1,1,0,1,0,1,0,0,0,1,6,6,3,2,7.74,3,3,2,No
S14396,1,0,0,1,0,1,1,0,0,1,10,3,3,9,9.66,1,3,5,Yes
S14397,0,0,1,0,0,0,0,0,0,0,5,3,10,9,7.63,3,2,3,No
S14398,1,0,0,1,1,1,1,1,0,1,5,7,5,10,9.0,8,2,4,Yes
S14399,0,1,1,0,1,1,0,0,0,0,3,8,7,3,9.05,2,0,1,No
S14400,1,1,0,0,1,1,0,0,0,0,2,9,6,2,8.14,3,1,5,No
S14401,1,1,0,1,0,1,0,1,0,0,2,2,10,5,7.26,0,1,2,No
S14402,1,1,1,0,1,0,1,1,0,0,8,1,9,4,8.37,4,0,6,Yes
S14403,1,1,1,1,0,0,1,0,0,0,7,7,1,4,8.39,7,0,3,Yes
S14404,0,1,0,1,0,0,1,1,0,1,4,3,6,2,8.06,6,3,5,Yes
S14405,1,1,1,1,1,0,0,1,0,0,4,10,4,9,9.05,7,1,0,Yes
S14406,1,1,1,1,1,1,1,0,0,0,1,2,4,7,6.15,2,3,3,No
S14407,1,1,1,0,1,1,0,1,0,0,4,1,3,10,8.93,7,1,2,Yes
S14408,0,0,1,1,1,1,1,1,1,0,1,8,8,8,6.06,5,1,8,Yes
S14409,0,1,0,1,0,1,0,0,0,1,9,7,7,5,5.36,4,0,6,No
S14410,1,1,0,0,1,0,1,1,0,1,8,3,1,4,7.13,1,1,5,No
S14411,0,1,1,0,1,1,0,0,0,0,8,5,4,6,6.07,5,1,1,No
S14412,0,1,0,1,0,0,0,0,0,1,5,6,2,8,5.01,7,2,2,No
S14413,0,1,1,1,1,0,1,0,0,0,5,2,1,1,5.6,0,0,8,No
S14414,1,0,0,1,1,0,0,1,1,0,6,10,4,2,7.18,8,3,2,Yes
S14415,0,1,0,1,0,0,0,0,0,0,6,8,7,2,9.46,1,1,5,No
S14416,0,1,0,1,1,0,0,0,0,0,4,9,4,10,5.25,1,1,1,No
S14417,0,1,1,1,1,1,0,0,0,0,10,2,6,2,6.92,6,0,4,No
S14418,0,1,0,1,1,1,1,0,0,0,1,9,1,6,6.39,2,0,8,No
S14419,0,1,0,0,0,1,1,0,0,0,1,6,5,3,9.66,1,2,0,No
S14420,1,1,1,0,1,1,1,0,0,0,6,7,6,1,9.25,4,1,4,Yes
S14421,0,1,1,0,0,1,0,0,1,0,4,7,6,5,5.03,5,2,0,No
S14422,1,0,0,1,0,0,1,1,0,0,6,4,5,2,6.79,4,0,6,No
S14423,0,1,0,0,1,0,0,0,0,1,5,2,1,7,5.69,5,1,5,No
S14424,1,0,0,1,0,1,1,0,0,1,3,9,3,7,6.58,6,3,6,Yes
S14425,1,1,1,1,0,0,1,0,0,0,10,3,9,5,9.72,7,2,1,Yes
S14426,0,1,1,1,0,1,1,0,0,0,5,6,5,9,7.85,7,3,2,Yes
S14427,0,1,1,1,1,1,0,1,0,0,7,4,1,3,5.67,7,0,7,No
S14428,1,0,1,0,0,0,1,0,1,0,10,9,5,2,7.56,4,1,5,Yes
S14429,1,0,1,0,0,1,1,0,1,0,5,5,4,2,5.48,8,3,7,Yes
S14430,1,1,0,0,0,0,1,0,0,1,1,5,2,3,5.02,5,0,8,No
S14431,0,1,0,1,0,1,1,1,1,1,7,7,1,4,8.66,0,0,4,No
S14432,0,0,1,0,1,1,0,0,0,0,3,3,8,6,5.11,3,1,0,No
S14433,1,0,1,0,1,1,0,0,0,0,1,3,9,10,8.03,6,3,3,Yes
S14434,0,1,1,0,1,0,0,1,0,0,3,3,2,6,5.33,5,3,0,No
S14435,0,1,1,0,0,1,1,1,0,1,6,4,2,4,9.41,2,2,4,Yes
S14436,1,0,0,0,0,1,0,0,1,0,2,4,2,7,6.81,4,2,7,No
S14437,0,1,0,1,0,1,1,0,0,0,1,5,5,9,6.36,1,2,6,No
S14438,1,0,1,0,1,0,0,0,0,0,5,10,1,3,9.06,6,3,4,Yes
S14439,0,1,0,1,0,0,0,0,0,0,4,2,10,3,6.11,6,3,6,No
S14440,1,0,0,1,0,1,0,0,0,1,1,9,2,5,8.91,5,3,3,Yes
S14441,1,1,0,0,1,1,1,0,1,1,4,9,10,10,5.83,8,0,0,Yes
S14442,1,1,1,1,1,1,1,0,1,0,7,6,1,10,9.14,0,1,5,Yes
S14443,1,1,1,0,0,1,0,0,0,0,8,7,7,9,7.09,3,0,4,No
S14444,0,0,0,1,0,0,1,0,0,0,6,2,10,6,7.92,4,1,2,No
S14445,1,0,1,1,1,0,1,0,1,1,7,5,3,2,7.64,2,2,2,Yes
S14446,1,0,1,1,0,0,1,0,1,1,3,10,7,8,6.11,5,2,6,Yes
S14447,0,0,1,0,0,1,1,1,1,0,9,4,6,9,6.35,2,2,1,Yes
S14448,1,1,1,1,1,0,1,0,0,1,2,6,10,4,8.41,7,2,5,Yes
S14449,1,1,0,0,0,0,0,0,0,1,3,2,1,2,9.0,1,2,7,No
S14450,0,1,0,0,1,1,1,0,1,0,8,1,6,2,6.98,4,1,4,No
S14451,0,0,0,1,0,1,1,0,0,0,3,6,5,3,5.21,8,2,8,Yes
S14452,1,1,1,1,1,0,0,1,0,0,9,5,4,1,9.62,2,3,3,Yes
S14453,1,1,0,1,0,1,1,1,0,1,4,3,8,4,5.39,6,3,7,Yes
S14454,0,1,1,1,1,0,1,1,1,0,4,8,4,1,8.11,3,3,0,Yes
S14455,1,1,0,1,0,1,1,0,1,0,6,2,4,2,9.16,4,0,3,No
S14456,1,0,1,1,1,0,0,0,0,0,2,4,7,7,5.95,5,2,2,No
S14457,1,0,1,0,0,0,0,1,1,0,1,10,9,9,8.38,5,2,3,Yes
S14458,1,1,1,0,0,1,0,0,1,0,2,7,3,9,5.48,4,1,8,No
S14459,0,0,0,1,1,1,1,0,0,0,9,1,7,4,7.99,5,3,1,Yes
S14460,0,1,0,0,1,0,1,0,0,0,5,5,4,5,6.77,0,3,4,No
S14461,0,1,0,1,0,0,1,0,1,1,5,4,1,5,6.48,5,0,5,No
S14462,0,0,1,0,0,1,0,0,1,0,1,1,1,6,8.2,1,0,3,No
S14463,1,1,1,1,0,0,0,0,0,0,3,4,4,6,6.84,8,2,7,Yes
S14464,1,1,0,1,1,1,1,0,0,1,1,5,5,7,5.42,2,2,2,No
S14465,0,0,0,1,1,0,1,0,0,0,2,5,6,10,8.86,7,3,5,Yes
S14466,1,0,0,1,0,1,0,0,1,0,10,7,7,10,8.21,8,0,8,Yes
S14467,1,0,0,0,0,1,1,1,0,0,3,9,9,3,5.48,4,2,8,Yes
S14468,0,0,0,1,1,1,1,0,0,1,5,1,2,7,8.71,7,3,7,Yes
S14469,0,1,1,1,0,1,1,0,0,1,8,4,1,1,6.03,0,3,8,Yes
S14470,1,1,1,1,1,0,1,0,0,1,1,5,1,6,6.03,3,0,3,No
S14471,0,0,0,1,1,1,1,0,0,0,1,9,7,7,6.67,7,2,1,Yes
S14472,0,1,0,1,1,0,0,0,0,0,4,8,5,1,6.94,5,3,3,Yes
S14473,1,1,0,0,0,1,1,0,1,0,1,1,8,10,7.58,2,3,1,Yes
S14474,0,1,0,1,0,0,1,0,0,1,4,5,1,9,5.09,3,1,3,No
S14475,1,0,1,0,1,0,1,0,0,0,5,9,8,1,5.07,4,1,3,No
S14476,1,1,0,1,1,0,0,0,1,0,7,3,2,4,5.91,7,2,7,No
S14477,0,0,0,1,0,0,1,0,0,1,3,1,6,4,9.09,3,3,6,No
S14478,0,1,0,1,1,1,0,0,0,1,7,9,7,8,7.22,2,0,1,No
S14479,1,1,0,1,0,1,0,0,0,1,8,9,10,6,5.93,0,3,4,Yes
S14480,1,0,0,1,1,0,1,1,0,0,3,1,10,5,5.37,3,3,2,No
S14481,1,1,1,1,0,1,0,0,0,0,9,1,4,10,5.76,8,0,1,No
S14482,0,1,1,1,1,0,1,0,1,0,8,1,10,7,6.14,5,0,6,No
S14483,1,0,0,0,1,1,0,0,0,0,2,6,9,3,9.55,0,3,2,No
S14484,1,0,1,0,0,0,1,1,1,1,9,8,1,9,5.0,5,2,0,No
S14485,1,1,1,1,1,0,1,0,0,0,1,4,6,5,6.68,3,0,5,No
S14486,1,1,1,1,1,1,1,1,0,0,1,10,3,8,5.72,1,0,0,No
S14487,1,1,1,1,0,1,0,0,0,0,9,2,2,9,9.78,2,2,3,Yes
S14488,0,1,1,0,1,0,1,1,1,0,3,3,2,10,9.35,4,1,6,Yes
S14489,1,1,0,1,0,0,1,1,1,0,8,6,6,5,9.34,7,0,3,Yes
S14490,1,1,0,0,0,1,1,0,0,0,3,6,8,8,6.09,1,2,6,No
S14491,0,1,1,1,1,0,0,0,1,1,8,1,3,8,7.27,5,1,3,Yes
S14492,0,1,1,0,1,1,1,0,0,1,8,5,5,2,7.08,0,2,0,No
S14493,1,1,0,0,0,0,1,0,1,1,8,3,1,8,7.73,3,1,7,No
S14494,1,1,1,1,1,1,1,1,1,0,6,1,5,3,9.91,1,2,4,Yes
S14495,0,0,0,0,0,1,1,0,1,0,10,2,1,1,5.32,2,3,2,No
S14496,1,0,1,0,1,1,0,0,0,0,2,9,10,10,5.59,3,2,2,Yes
S14497,0,1,1,1,0,1,1,0,0,0,3,4,6,2,9.35,5,3,4,Yes
S14498,1,0,0,1,0,0,0,0,0,0,6,10,5,7,9.66,4,0,8,Yes
S14499,1,0,1,0,1,1,1,1,1,0,7,6,3,10,8.23,5,2,8,Yes
S14500,1,1,0,0,0,0,0,1,1,1,9,10,1,8,8.25,8,1,7,Yes
S14501,0,1,0,0,0,0,1,1,1,0,8,10,7,7,8.29,8,1,5,Yes
S14502,0,1,1,0,1,1,1,1,0,0,1,3,6,10,7.0,6,0,7,Yes
S14503,1,1,0,0,1,1,1,0,0,0,4,4,3,5,9.21,5,3,5,Yes
S14504,1,1,0,1,1,1,0,1,0,1,6,2,2,9,9.49,7,1,6,Yes
S14505,1,0,1,1,1,0,1,0,1,1,8,1,1,8,8.33,8,3,0,Yes
S14506,1,0,1,1,0,0,0,0,1,0,10,6,5,7,9.46,5,2,4,Yes
S14507,0,0,0,1,1,1,0,0,0,0,5,6,6,1,8.61,0,1,4,No
S14508,1,0,1,0,1,1,1,0,0,0,7,4,9,3,9.41,3,3,6,Yes
S14509,0,0,0,0,1,0,1,0,0,0,6,5,3,1,7.16,0,1,7,No
S14510,0,1,1,0,1,1,1,0,1,0,6,2,7,7,9.67,5,3,3,Yes
S14511,0,1,0,1,0,1,0,0,0,0,2,6,4,9,9.83,0,2,8,Yes
S14512,0,1,1,0,0,1,1,0,1,0,7,6,2,4,5.27,1,0,3,No
S14513,1,0,1,1,1,0,1,0,1,1,6,7,2,5,6.42,4,2,8,Yes
S14514,1,1,0,0,1,0,1,0,0,0,10,6,9,4,7.84,5,0,3,No
S14515,1,0,0,1,0,1,1,0,0,0,3,9,4,10,7.11,0,0,8,No
S14516,1,0,0,1,0,0,0,0,0,0,5,8,8,9,7.95,7,0,4,No
S14517,1,1,1,1,0,0,0,1,1,0,7,8,2,5,5.45,7,1,3,No
S14518,1,1,0,1,0,0,1,1,1,1,10,7,1,8,9.39,6,1,6,Yes
S14519,0,0,1,0,0,0,1,0,0,0,8,3,1,2,9.08,1,3,0,No
S14520,1,1,0,0,0,0,0,0,0,0,8,1,7,4,9.41,4,0,2,No
S14521,0,1,0,0,0,1,0,0,1,0,5,1,8,8,7.87,3,2,4,No
S14522,0,0,1,1,1,0,1,0,1,0,10,9,9,4,9.37,0,0,0,Yes
S14523,0,0,1,1,1,0,0,0,1,0,1,2,7,7,9.02,5,1,6,Yes
S14524,1,1,1,1,1,1,0,0,1,0,6,2,10,3,6.66,7,2,8,Yes
S14525,1,0,1,0,0,1,0,1,1,0,10,6,4,8,9.56,5,1,5,Yes
S14526,1,1,1,1,0,1,1,0,0,0,9,10,3,5,6.08,0,2,3,No
S14527,1,1,0,1,0,0,1,0,0,1,1,5,1,2,6.51,2,2,6,No
S14528,1,1,0,1,1,1,0,1,1,1,1,1,7,10,6.57,1,0,4,No
S14529,0,1,0,1,0,1,0,0,0,1,10,4,3,8,8.64,6,3,4,Yes
S14530,1,1,1,0,0,0,1,0,0,1,1,8,7,3,8.43,0,1,4,No
S14531,1,0,0,1,0,0,1,0,0,1,9,9,6,7,8.35,1,3,5,Yes
S14532,0,1,1,1,0,0,1,0,0,1,3,6,7,3,5.83,4,2,4,No
S14533,1,1,1,1,1,0,0,1,0,1,9,1,1,7,7.71,0,2,1,No
S14534,1,1,1,1,1,1,1,0,0,1,5,5,5,6,5.5,4,0,0,No
S14535,0,1,0,1,0,0,1,0,1,0,5,6,8,10,6.49,1,2,6,Yes
S14536,1,0,0,1,1,0,0,0,1,1,6,10,8,10,9.73,2,3,1,Yes
S14537,0,1,0,1,0,1,0,1,0,0,9,5,9,3,6.38,5,0,4,No
S14538,1,1,0,0,1,1,0,1,0,1,2,2,1,2,5.57,4,1,0,No
S14539,0,1,0,1,1,0,1,0,0,1,6,1,9,4,5.35,2,3,0,No
S14540,1,0,0,1,0,1,1,0,0,1,2,1,8,8,9.97,6,1,2,Yes
S14541,1,1,1,1,1,1,1,0,0,0,4,9,10,10,9.67,1,0,3,Yes
S14542,0,1,1,1,0,0,0,0,0,1,5,1,1,4,9.12,1,1,7,No
S14543,1,0,1,1,1,1,1,0,0,0,3,10,3,9,5.26,4,0,1,No
S14544,1,1,0,1,0,1,0,0,0,0,3,9,4,9,8.41,4,0,2,No
S14545,1,1,1,1,0,0,1,0,0,1,3,10,7,1,8.53,6,3,7,Yes
S14546,1,0,1,0,1,1,1,1,0,1,6,6,7,2,8.91,2,2,6,Yes
S14547,1,0,1,1,0,1,1,0,1,0,2,2,8,7,7.24,0,1,5,No
S14548,0,0,1,1,0,1,1,0,0,1,3,3,3,9,9.7,7,0,4,No
S14549,0,1,1,0,1,0,0,0,0,0,1,7,2,9,9.24,3,1,6,Yes
S14550,0,1,0,0,0,1,0,0,0,0,9,4,3,8,7.9,7,2,5,Yes
S14551,1,1,1,1,1,0,1,1,0,1,5,1,5,6,5.75,3,3,3,Yes
S14552,1,0,1,0,0,1,1,0,0,1,2,7,7,9,8.34,3,2,2,Yes
S14553,0,0,0,1,1,1,0,1,1,0,1,10,1,1,7.02,7,3,2,No
S14554,0,1,0,1,0,1,1,0,0,1,3,10,7,1,8.9,7,1,8,Yes
S14555,1,1,0,1,1,1,0,0,0,1,9,10,8,7,7.13,3,3,8,Yes
S14556,1,1,1,0,1,0,1,0,0,0,9,3,3,6,7.51,4,3,1,No
S14557,1,1,1,0,1,0,1,1,1,0,10,2,10,5,9.48,8,3,5,Yes
S14558,1,1,1,1,0,1,1,1,1,0,8,5,10,2,9.99,3,2,0,Yes
S14559,0,0,0,1,1,1,1,1,1,1,10,4,5,4,6.84,6,2,0,No
S14560,1,0,0,0,0,1,0,1,0,0,3,10,8,5,8.49,6,1,0,No
S14561,0,0,1,1,0,0,0,0,1,0,5,3,2,4,8.94,1,2,0,No
S14562,1,1,0,1,1,0,0,0,1,1,1,4,5,6,6.98,0,0,7,No
S14563,1,0,0,1,1,0,1,0,0,0,7,4,7,9,6.3,0,1,4,No
S14564,0,0,1,1,0,0,0,0,0,1,2,3,7,3,6.63,3,1,2,No
S14565,1,1,1,1,0,0,1,0,0,0,4,8,3,4,7.03,4,1,0,No
S14566,1,1,1,0,1,1,1,1,1,0,9,1,8,1,9.21,7,0,2,Yes
S14567,0,1,0,1,1,1,1,0,0,0,2,10,5,9,7.38,5,3,4,Yes
S14568,0,0,0,0,1,0,1,1,1,1,9,3,5,2,7.85,4,1,6,Yes
S14569,0,0,1,1,1,0,0,1,0,1,1,8,9,8,5.68,5,1,4,Yes
S14570,1,1,0,0,1,1,0,0,0,1,10,1,5,5,5.77,8,2,0,Yes
S14571,1,0,0,0,0,0,0,0,0,0,3,4,6,8,6.14,0,3,4,No
S14572,0,1,0,1,0,0,1,1,0,0,1,4,1,9,6.37,1,0,4,No
S14573,1,0,0,0,1,1,0,0,0,1,2,5,2,6,9.64,7,3,2,Yes
S14574,0,0,0,0,1,0,1,1,0,0,9,6,5,9,7.88,0,0,3,No
S14575,1,1,0,0,1,1,0,0,1,0,8,1,9,9,8.01,3,1,3,No
S14576,1,0,0,1,1,1,1,0,0,1,7,6,10,8,9.83,8,1,3,Yes
S14577,0,1,0,1,1,0,1,0,0,1,2,1,3,5,6.43,1,2,8,No
S14578,1,1,0,1,1,0,1,0,0,0,5,7,4,1,7.89,5,2,1,No
S14579,1,1,1,1,1,1,1,0,1,0,3,3,4,6,9.22,2,3,8,Yes
S14580,1,1,0,0,0,0,1,1,0,0,9,2,7,3,7.33,0,0,5,No
S14581,1,0,0,1,1,1,0,0,0,0,1,10,10,1,8.11,6,1,7,Yes
S14582,1,1,0,0,1,1,0,0,1,0,7,2,2,6,7.68,8,2,0,No
S14583,1,1,0,0,0,1,1,0,0,0,3,9,3,4,5.17,3,3,1,No
S14584,1,0,0,1,0,0,1,0,0,0,3,2,10,8,6.21,2,0,6,No
S14585,0,1,0,0,1,0,0,0,1,0,9,10,7,6,9.56,3,1,6,Yes
S14586,1,1,0,0,0,1,1,0,0,1,1,5,8,7,5.24,2,0,6,No
S14587,0,1,0,1,0,1,1,0,0,0,9,1,9,4,7.19,8,1,3,No
S14588,1,1,0,1,1,0,1,0,1,0,6,4,4,9,9.99,6,0,2,Yes
S14589,0,1,0,1,1,1,1,1,0,0,7,3,2,8,7.16,5,0,8,No
S14590,1,1,0,1,1,0,0,0,0,0,8,10,9,10,5.12,2,1,1,No
S14591,0,1,0,1,1,0,0,0,0,0,7,1,2,7,7.21,0,0,5,No
S14592,0,1,1,0,1,0,1,1,1,0,2,9,5,2,9.92,6,0,2,No
S14593,0,0,0,1,1,0,1,0,1,0,7,3,10,7,6.15,4,3,0,Yes
S14594,0,0,1,0,0,1,1,0,0,1,10,10,2,5,5.6,0,0,7,No
S14595,1,1,1,1,0,1,1,0,0,1,1,4,8,8,8.67,2,1,0,Yes
S14596,0,0,0,1,0,1,1,1,0,0,7,1,6,2,5.54,3,1,8,No
S14597,0,0,1,1,1,0,1,0,0,0,8,10,6,2,6.5,0,3,5,Yes
S14598,0,0,1,0,1,1,1,0,1,0,6,9,2,6,5.46,2,3,5,No
S14599,1,1,0,1,1,1,0,0,1,1,5,6,4,4,5.55,8,2,8,Yes
S14600,0,0,0,0,0,1,0,0,0,0,7,8,7,10,8.15,8,2,0,Yes
S14601,1,0,0,1,1,0,0,0,0,0,1,6,4,7,9.26,3,1,7,No
S14602,1,1,1,1,1,0,0,0,0,1,2,6,8,6,9.27,2,3,0,Yes
S14603,1,1,0,0,1,0,1,0,0,1,4,8,9,1,8.4,7,2,5,Yes
S14604,1,0,1,0,1,1,1,0,1,0,4,9,2,8,8.92,7,2,6,Yes
S14605,0,1,0,0,0,1,0,1,0,0,9,8,9,9,5.91,2,3,0,Yes
S14606,0,1,1,0,1,0,1,0,0,0,9,10,6,10,6.1,7,0,4,Yes
S14607,0,1,0,1,0,1,1,0,0,1,9,8,9,1,6.07,5,3,0,Yes
S14608,0,0,1,1,0,0,1,0,0,0,8,5,8,7,9.38,6,3,1,Yes
S14609,1,0,1,1,1,0,0,0,1,0,3,6,10,1,6.78,5,3,7,Yes
S14610,0,1,0,1,1,1,1,0,0,0,6,8,6,8,5.94,0,0,2,No
S14611,1,0,1,1,1,0,0,0,0,0,9,9,4,3,5.29,1,2,8,No
S14612,0,1,0,1,1,0,1,0,1,0,5,3,4,2,9.9,8,3,1,Yes
S14613,0,0,0,1,1,0,0,0,1,0,8,10,8,2,7.16,1,3,2,Yes
S14614,0,1,1,0,0,0,1,1,0,0,3,1,9,8,5.16,2,0,3,No
S14615,1,0,0,1,1,0,0,0,1,1,2,10,2,5,5.98,1,0,2,No
S14616,0,1,0,1,1,0,0,1,0,0,8,2,6,10,6.68,8,3,8,Yes
S14617,1,1,0,1,1,1,1,1,0,1,3,5,2,4,5.98,6,2,7,Yes
S14618,1,1,1,0,0,1,0,0,1,0,5,1,10,9,7.98,8,1,5,Yes
S14619,0,0,0,1,1,1,1,0,1,0,4,2,9,5,6.03,4,3,3,No
S14620,1,0,1,1,0,0,1,1,0,0,2,2,4,9,6.36,2,3,6,No
S14621,0,1,1,1,0,1,1,0,0,0,1,4,5,8,7.78,2,2,3,No
S14622,1,1,0,1,1,1,0,0,0,0,10,10,3,9,9.88,0,1,3,Yes
S14623,1,0,0,1,0,1,1,0,0,0,9,5,6,6,8.79,7,0,4,Yes
S14624,0,0,1,1,0,0,1,0,1,1,7,1,2,5,6.9,5,0,5,No
S14625,1,1,1,1,0,1,1,1,0,0,9,2,9,5,6.04,8,0,4,Yes
S14626,1,1,0,1,1,1,1,0,0,1,1,3,7,4,7.18,8,2,2,Yes
S14627,1,1,0,1,1,0,1,0,0,1,9,5,8,3,6.59,2,2,4,Yes
S14628,1,1,1,1,1,0,1,1,0,0,9,5,8,9,9.64,7,3,8,Yes
S14629,0,1,1,1,0,1,1,0,0,0,2,10,10,4,6.28,4,3,5,Yes
S14630,1,1,1,1,0,1,1,1,0,0,10,8,4,3,8.12,6,3,7,Yes
S14631,0,1,0,1,1,0,1,0,1,0,5,2,5,8,7.22,5,2,8,Yes
S14632,0,0,1,0,1,1,1,0,0,0,8,5,8,10,5.31,6,2,1,Yes
S14633,1,0,0,0,0,1,1,0,1,1,5,2,10,9,9.04,7,0,5,Yes
S14634,0,0,1,1,0,0,1,1,0,0,7,3,8,1,6.12,4,1,2,No
S14635,0,0,1,1,0,0,1,0,1,0,9,7,1,1,5.72,5,1,5,No
S14636,1,0,0,0,0,1,1,0,1,0,9,5,5,3,5.19,7,2,4,Yes
S14637,1,1,0,0,0,1,1,0,1,0,10,5,9,8,7.12,1,3,0,Yes
S14638,1,1,1,1,0,1,0,1,0,1,6,6,10,1,9.48,7,2,6,Yes
S14639,0,1,1,1,0,0,0,0,0,0,3,8,3,2,9.26,7,3,3,Yes
S14640,0,0,1,0,1,0,0,0,1,0,8,3,2,6,7.08,8,0,0,No
S14641,1,0,1,1,0,1,1,1,1,1,4,9,3,7,7.02,1,3,3,Yes
S14642,0,0,0,1,1,0,1,1,0,0,7,2,2,9,9.26,3,1,6,No
S14643,0,1,1,0,0,0,1,0,1,1,4,7,5,6,8.29,0,1,4,No
S14644,0,0,1,1,1,1,0,0,0,0,10,1,4,4,9.35,3,3,3,Yes
S14645,0,0,0,1,1,1,1,1,1,1,9,4,1,5,8.18,7,0,2,Yes
S14646,1,1,1,1,0,1,0,0,0,0,8,9,7,9,8.58,1,1,7,Yes
S14647,0,0,1,0,0,0,0,1,0,1,5,8,1,2,6.68,5,0,6,No
S14648,0,1,1,1,1,1,0,1,0,0,6,5,10,9,8.13,0,2,0,Yes
S14649,0,0,0,0,0,1,1,1,1,0,2,3,1,6,8.02,7,1,1,No
S14650,1,1,0,1,1,1,1,0,0,0,4,1,1,10,8.12,4,2,7,Yes
S14651,1,1,1,0,0,0,1,0,1,1,1,8,1,5,5.51,2,0,3,No
S14652,1,0,0,1,0,0,1,1,0,0,1,9,6,3,9.71,5,2,8,Yes
S14653,1,1,0,0,1,1,0,1,1,0,6,5,4,10,9.16,1,0,4,Yes
S14654,0,1,1,1,1,1,0,1,0,0,10,6,9,4,6.71,5,1,7,Yes
S14655,1,1,0,1,0,0,1,0,1,0,5,3,4,6,8.73,0,3,2,No
S14656,0,0,0,0,1,1,1,1,0,0,3,10,3,7,6.85,0,1,8,No
S14657,0,1,0,0,0,1,0,1,1,0,10,3,10,7,9.44,6,1,6,Yes
S14658,0,0,1,1,0,0,1,0,0,1,6,10,10,9,8.9,7,2,0,Yes
S14659,1,0,0,0,0,1,0,0,0,0,4,9,2,8,6.49,2,3,8,No
S14660,0,1,1,0,0,1,0,0,1,0,8,1,3,9,7.32,1,3,2,No
S14661,0,1,1,1,0,1,1,0,0,1,4,9,9,4,7.21,7,0,5,Yes
S14662,0,1,0,0,0,0,1,0,0,0,4,9,6,7,9.83,2,0,6,Yes
S14663,1,1,0,1,1,1,0,0,0,1,6,10,1,5,9.67,7,0,8,Yes
S14664,1,1,0,1,1,0,0,1,0,0,10,6,10,8,9.42,7,2,6,Yes
S14665,1,1,1,1,1,1,1,0,1,1,9,7,1,7,9.17,4,2,0,Yes
S14666,1,1,1,0,0,0,1,0,0,0,6,1,2,9,8.66,0,2,8,No
S14667,1,1,1,1,0,0,1,0,1,0,9,9,8,7,5.36,3,0,5,No
S14668,0,0,0,0,1,1,1,0,1,0,6,7,1,7,9.69,8,1,6,Yes
S14669,0,1,0,0,0,0,1,0,1,0,8,2,5,4,5.92,4,0,0,No
S14670,1,0,0,1,0,0,0,0,0,0,9,9,8,9,8.08,7,2,3,Yes
S14671,1,1,1,1,1,0,1,0,0,1,1,10,5,1,7.1,5,1,2,No
S14672,0,1,1,1,0,1,0,0,0,0,1,8,4,9,7.0,2,3,0,No
S14673,1,1,1,1,0,0,1,1,1,1,3,3,3,2,6.49,2,0,4,No
S14674,0,1,1,0,1,1,0,0,1,1,10,8,7,7,6.64,1,0,0,No
S14675,1,0,0,0,1,1,1,1,1,0,9,8,3,8,8.35,1,0,3,Yes
S14676,1,1,1,0,1,0,0,1,1,1,2,1,5,7,5.22,5,3,3,No
S14677,1,1,1,1,0,1,0,0,0,1,4,6,5,9,8.12,3,1,1,No
S14678,0,1,0,0,0,1,1,1,1,0,7,10,9,10,7.76,3,1,3,Yes
S14679,1,1,1,0,1,1,1,1,1,0,4,8,7,5,9.51,5,2,0,Yes
S14680,0,1,1,0,0,1,0,0,0,0,7,9,6,9,7.49,8,2,3,Yes
S14681,1,1,0,1,1,0,1,1,0,0,6,6,4,8,6.84,7,1,2,No
S14682,1,1,0,1,0,0,1,1,0,0,1,3,1,9,6.42,3,0,6,No
S14683,0,1,0,0,1,1,1,0,0,0,9,5,7,10,9.08,2,2,6,Yes
S14684,1,1,1,0,1,1,1,1,1,0,1,2,2,3,6.14,5,1,7,No
S14685,0,0,1,0,1,1,0,0,0,0,3,9,5,7,5.7,6,3,0,No
S14686,1,1,0,1,0,0,1,1,0,0,2,10,5,7,9.4,0,0,0,No
S14687,1,1,1,1,1,1,1,0,0,0,2,9,7,9,5.71,6,1,6,Yes
S14688,0,1,0,0,0,0,1,0,1,0,9,10,3,1,7.18,3,2,1,No
S14689,0,1,0,1,1,1,0,1,0,1,2,2,3,1,8.19,1,3,8,No
S14690,1,1,0,1,0,0,0,1,0,0,4,5,1,7,7.19,5,2,1,No
S14691,0,1,0,1,0,0,0,1,1,0,2,5,3,5,9.03,4,2,4,No
S14692,1,1,0,1,1,1,1,0,0,0,8,1,5,3,6.08,0,3,6,No
S14693,0,1,1,1,0,1,0,0,0,1,5,4,2,10,8.03,2,1,2,No
S14694,0,0,1,1,1,0,0,0,0,0,2,9,4,5,6.32,3,3,2,No
S14695,1,0,0,1,0,0,1,0,0,0,3,3,3,1,9.82,7,2,8,Yes
S14696,1,1,0,1,1,0,0,1,0,1,7,2,1,7,8.05,4,1,4,No
S14697,1,1,0,0,0,0,1,0,1,0,9,3,5,8,8.27,2,2,3,No
S14698,1,1,0,0,0,1,0,0,0,0,9,6,2,2,9.12,8,0,2,Yes
S14699,1,0,0,1,1,0,1,0,0,0,2,6,5,5,8.7,1,0,4,No
S14700,0,0,1,1,1,1,1,1,0,0,4,1,5,4,6.55,2,1,5,No
S14701,0,1,0,0,0,1,0,0,0,1,1,8,4,6,8.22,3,3,6,Yes
S14702,1,1,0,1,0,0,1,1,1,0,9,4,7,5,9.96,1,2,8,Yes
S14703,1,0,0,1,1,1,1,1,1,0,2,7,9,5,5.1,5,3,8,Yes
S14704,0,0,1,0,0,1,0,0,0,0,5,5,9,7,9.0,3,0,4,No
S14705,0,1,0,1,1,0,0,0,0,0,9,6,3,8,8.1,4,3,0,Yes
S14706,1,0,0,0,0,0,1,0,0,1,5,4,9,9,6.89,4,0,3,No
S14707,1,1,0,1,1,0,0,1,0,1,1,8,5,10,9.27,0,0,6,No
S14708,1,1,0,1,0,0,1,1,0,1,10,5,6,9,7.25,1,0,8,Yes
S14709,1,1,1,1,1,0,1,1,0,1,8,5,4,1,9.54,7,0,0,Yes
S14710,1,1,0,0,1,0,1,0,0,1,9,3,2,7,6.43,0,0,0,No
S14711,1,0,1,1,1,1,1,0,0,1,3,4,1,3,7.21,8,3,8,Yes
S14712,1,0,0,0,1,0,1,1,0,0,4,1,3,2,7.86,0,2,7,No
S14713,0,0,0,0,1,1,0,1,0,0,1,4,3,10,7.08,5,2,2,No
S14714,1,1,1,1,0,1,1,0,0,0,3,2,5,10,6.5,7,0,8,No
S14715,1,1,1,0,1,1,0,0,1,1,6,4,6,7,9.94,4,2,2,Yes
S14716,1,1,0,0,0,0,1,0,1,0,2,2,6,4,8.74,2,2,5,No
S14717,0,1,1,1,0,1,0,0,0,0,8,7,7,5,5.8,6,3,1,Yes
S14718,0,0,0,1,1,1,0,0,1,0,1,3,9,3,9.17,2,2,8,Yes
S14719,1,1,1,1,1,0,1,1,0,1,5,5,7,6,8.66,1,3,5,Yes
S14720,1,1,1,1,1,0,1,1,0,0,6,4,10,5,9.93,5,1,6,Yes
S14721,0,1,0,0,1,0,1,0,0,1,7,6,10,8,5.12,6,3,1,Yes
S14722,1,1,0,0,1,1,0,1,0,0,4,6,6,1,7.47,3,2,8,Yes
S14723,1,1,0,1,1,1,1,0,0,0,10,10,2,6,8.44,7,3,0,Yes
S14724,1,1,1,0,0,0,1,1,0,1,3,5,4,9,6.17,8,0,3,No
S14725,0,0,0,0,0,0,0,1,1,0,7,8,2,2,5.25,4,0,3,No
S14726,0,0,0,1,0,1,1,0,0,0,8,3,4,7,5.05,8,2,2,No
S14727,0,1,1,0,1,0,0,0,1,0,3,2,7,8,6.41,2,1,8,No
S14728,1,1,0,1,0,1,1,0,1,1,2,1,1,4,8.48,5,3,7,Yes
S14729,0,0,0,1,0,0,1,0,0,0,9,6,5,5,9.81,2,1,3,No
S14730,0,1,0,0,0,1,1,0,1,0,3,8,5,4,8.95,7,3,3,Yes
S14731,0,0,0,1,1,0,1,0,1,0,9,2,9,8,7.66,5,1,6,Yes
S14732,1,1,1,1,0,1,1,1,0,0,4,10,6,7,5.87,5,2,6,Yes
S14733,1,1,1,1,0,1,0,0,0,0,3,2,5,3,8.46,6,3,4,No
S14734,0,0,0,0,1,0,1,0,0,1,2,2,3,3,7.08,1,3,4,No
S14735,1,1,0,1,1,1,1,0,0,1,9,1,4,3,7.06,2,1,5,No
S14736,1,1,0,1,1,0,0,0,0,1,7,3,5,8,7.16,4,1,1,No
S14737,1,1,0,0,0,1,0,0,0,0,8,10,5,10,9.91,0,2,8,Yes
S14738,0,1,0,0,0,0,1,0,1,0,6,8,10,4,9.61,5,2,8,Yes
S14739,0,1,0,1,1,1,1,0,0,0,4,6,9,1,9.92,4,2,7,Yes
S14740,1,1,0,1,0,1,1,1,0,0,2,7,8,2,9.74,2,3,4,Yes
S14741,0,1,1,1,1,0,0,1,0,0,6,5,2,4,6.75,5,0,2,No
S14742,0,0,0,1,0,1,1,0,0,1,3,7,6,8,6.78,0,3,2,No
S14743,0,1,1,0,1,1,1,1,1,1,8,10,2,2,5.62,7,3,7,Yes
S14744,1,1,0,1,1,0,0,1,0,0,3,5,9,6,8.11,6,1,1,No
S14745,1,1,1,1,1,1,1,0,0,1,10,3,6,7,5.55,2,2,4,Yes
S14746,1,1,1,0,1,1,0,0,1,0,5,5,1,10,8.09,1,2,3,No
S14747,1,1,1,0,1,0,0,0,1,1,8,1,5,7,6.16,8,2,2,Yes
S14748,0,1,0,0,0,0,1,1,0,0,3,1,5,5,8.96,3,0,4,No
S14749,1,0,0,0,1,1,0,0,1,0,1,2,3,8,5.25,2,3,2,No
S14750,0,1,1,0,1,0,0,1,0,0,3,6,3,2,5.95,1,2,8,No
S14751,1,1,0,1,0,1,0,1,1,0,5,5,5,10,8.28,2,2,4,Yes
S14752,1,0,0,1,1,0,1,1,0,0,2,5,10,7,8.74,2,3,1,Yes
S14753,1,1,1,0,0,0,1,0,0,0,6,5,10,1,7.53,2,0,7,No
S14754,1,0,1,1,0,1,1,0,0,0,8,6,7,1,6.28,8,0,8,Yes
S14755,1,1,1,0,1,1,1,0,1,1,8,8,7,7,9.59,3,2,4,Yes
S14756,0,0,0,1,0,1,1,0,0,1,6,7,3,9,9.08,4,3,1,Yes
S14757,1,0,0,1,1,1,1,0,1,0,2,9,3,2,7.06,2,1,1,No
S14758,0,0,0,0,1,0,0,0,0,0,4,5,2,8,9.38,3,2,0,No
S14759,0,1,1,1,1,1,1,0,1,0,1,5,7,6,6.18,7,3,3,Yes
S14760,1,0,0,0,0,1,1,0,0,1,1,3,7,5,5.47,1,0,0,No
S14761,0,1,0,1,1,1,0,0,1,0,6,4,1,5,8.24,3,1,3,No
S14762,0,0,1,1,1,0,1,0,0,0,6,2,5,2,7.95,1,2,5,No
S14763,1,1,0,1,0,1,1,0,1,1,1,7,2,10,5.64,5,1,7,No
S14764,1,1,1,1,0,1,0,0,0,1,3,7,4,3,5.65,8,0,0,No
S14765,0,1,0,1,0,1,1,0,0,0,9,1,2,6,6.1,7,0,3,No
S14766,1,1,0,1,1,0,1,0,0,0,2,2,2,1,7.25,7,0,5,No
S14767,1,1,0,1,1,1,1,0,0,1,9,8,8,5,9.32,5,1,4,Yes
S14768,0,1,1,1,1,1,1,0,0,0,1,8,8,7,8.71,3,1,5,Yes
S14769,1,1,0,0,1,0,1,0,1,0,2,2,4,9,8.18,7,3,7,Yes
S14770,1,0,1,0,0,1,1,1,0,1,8,10,4,7,9.91,6,0,4,Yes
S14771,0,1,1,0,0,1,1,0,1,1,1,5,2,6,7.22,2,0,0,No
S14772,0,1,1,0,0,0,1,0,0,1,7,2,2,8,6.43,8,2,7,Yes
S14773,1,1,1,1,0,1,0,1,0,0,6,3,8,8,7.31,4,3,7,Yes
S14774,1,1,0,0,1,1,0,0,0,0,9,7,2,2,9.57,2,3,7,Yes
S14775,0,1,0,1,1,0,1,0,0,1,8,1,1,9,8.23,3,0,8,No
S14776,0,0,0,1,1,0,0,0,1,1,2,5,3,7,8.95,7,0,7,Yes
S14777,1,1,1,1,0,0,1,0,1,1,5,1,5,5,9.02,5,3,0,Yes
S14778,1,0,1,0,0,1,1,0,0,0,7,9,4,10,5.06,0,0,5,No
S14779,1,1,1,0,0,0,1,0,0,1,9,7,7,9,8.58,8,2,6,Yes
S14780,0,0,0,1,0,1,1,0,0,1,3,2,3,2,5.98,4,3,6,No
S14781,0,1,0,1,0,0,1,1,0,0,9,3,9,4,6.13,0,2,8,No
S14782,0,0,0,1,1,1,1,0,0,0,8,1,9,4,5.87,4,3,2,No
S14783,0,1,1,0,1,0,1,0,1,0,8,5,8,5,7.63,6,2,3,Yes
S14784,0,1,0,1,0,1,1,0,1,0,2,1,6,5,7.74,4,0,1,No
S14785,1,1,0,1,0,1,1,0,0,1,5,10,5,3,5.77,0,1,5,No
S14786,0,1,1,1,0,1,1,0,0,0,2,10,8,2,7.41,1,0,3,No
S14787,0,1,1,1,0,0,0,0,1,0,10,4,3,6,6.17,8,1,8,Yes
S14788,1,1,0,1,1,0,1,0,0,1,3,4,9,5,9.0,7,3,6,Yes
S14789,1,0,1,1,1,0,0,0,1,0,2,7,6,10,9.73,5,1,1,Yes
S14790,0,1,0,1,1,1,1,0,0,1,3,10,7,8,9.78,1,2,7,Yes
S14791,1,1,0,1,0,0,1,0,0,0,2,8,8,8,5.9,0,0,1,No
S14792,1,1,1,1,1,0,0,1,0,0,1,6,4,3,5.83,0,2,4,No
S14793,0,0,0,1,1,0,1,1,0,0,9,4,10,6,6.42,4,2,6,Yes
S14794,0,1,1,1,0,1,0,0,1,0,8,2,4,5,9.65,5,0,0,No
S14795,1,1,0,1,0,0,1,0,0,0,1,2,3,10,6.98,7,3,8,Yes
S14796,0,1,1,0,1,1,1,0,1,0,1,6,9,7,5.28,8,0,6,Yes
S14797,1,1,0,0,1,0,1,0,0,0,6,1,1,2,8.09,2,3,0,No
S14798,1,1,1,1,0,1,1,0,0,0,5,8,3,1,5.21,6,1,4,No
S14799,1,0,1,1,0,0,1,1,0,1,3,7,9,5,6.98,7,0,5,Yes
S14800,0,1,0,1,1,1,0,0,1,0,9,8,8,1,6.53,5,3,4,Yes
S14801,0,1,0,0,1,1,1,0,0,0,9,8,10,10,9.27,0,3,0,Yes
S14802,0,0,0,0,0,0,1,1,1,0,1,3,7,7,8.51,2,1,3,No
S14803,0,1,1,1,1,0,1,0,0,0,5,4,6,9,6.43,5,1,1,Yes
S14804,1,1,0,0,1,0,1,0,0,0,5,8,1,4,5.26,1,0,6,No
S14805,1,0,0,1,0,0,1,1,0,0,8,7,8,4,6.56,0,1,7,No
S14806,0,0,1,0,0,1,0,0,0,0,1,10,3,9,5.56,5,2,2,No
S14807,1,1,1,1,0,0,0,1,1,1,1,2,6,8,5.32,2,2,6,No
S14808,0,1,0,1,0,0,1,1,1,0,8,10,2,10,6.08,5,3,4,Yes
S14809,0,0,1,1,0,1,0,0,1,0,9,4,7,4,6.39,3,0,4,No
S14810,0,1,0,1,1,0,0,0,1,0,5,5,5,2,6.32,7,3,4,No
S14811,1,1,1,1,0,0,1,1,0,0,7,10,1,10,9.42,5,3,7,Yes
S14812,1,1,0,1,0,1,1,0,0,1,6,8,8,4,7.6,8,2,4,Yes
S14813,1,1,0,1,0,0,0,0,0,0,7,5,7,10,6.39,7,2,6,Yes
S14814,1,0,1,1,0,0,1,0,1,0,10,8,8,10,7.92,4,1,2,Yes
S14815,0,0,0,1,0,1,0,0,1,0,8,1,1,5,6.24,6,0,0,No
S14816,1,1,0,0,0,0,0,0,1,0,3,9,8,5,7.74,0,1,1,No
S14817,1,0,1,1,0,0,0,1,0,0,8,9,2,3,8.13,1,2,5,No
S14818,1,1,1,0,0,0,1,0,0,0,4,6,6,9,7.49,8,0,3,Yes
S14819,1,0,0,1,1,1,0,0,1,0,9,4,2,7,8.04,0,2,7,Yes
S14820,1,1,1,1,0,1,0,0,0,1,5,5,2,3,7.82,4,2,6,Yes
S14821,1,1,1,1,1,0,1,0,0,1,6,5,2,2,8.25,7,0,7,Yes
S14822,1,1,1,1,0,1,1,0,1,0,3,10,3,1,7.25,3,0,8,No
S14823,1,1,0,0,0,0,1,0,1,0,7,1,4,10,9.29,5,3,7,Yes
S14824,1,1,0,1,1,0,0,0,0,0,7,6,10,2,6.89,7,0,4,No
S14825,1,1,0,1,0,1,1,0,1,0,1,4,4,7,5.92,7,2,8,Yes
S14826,1,0,0,1,1,1,1,1,0,0,3,10,3,4,5.74,2,0,3,No
S14827,1,0,0,0,0,1,1,1,1,1,7,1,2,6,6.35,3,2,6,No
S14828,0,1,0,0,0,1,1,1,0,0,7,8,7,8,6.05,4,3,8,Yes
S14829,0,0,1,0,1,1,0,1,0,0,1,4,3,10,6.28,2,3,6,No
S14830,0,0,1,1,0,0,0,0,0,1,6,1,7,8,8.89,5,3,6,Yes
S14831,1,0,0,0,0,1,0,0,0,0,7,3,10,5,5.87,4,0,7,No
S14832,1,1,0,0,1,1,1,1,1,0,2,8,6,6,8.43,1,0,2,No
S14833,0,0,0,1,0,1,0,1,0,0,3,1,4,10,8.03,2,2,0,No
S14834,1,1,0,1,0,0,0,1,0,0,4,8,1,1,9.06,4,3,8,No
S14835,0,1,1,0,0,0,1,0,1,1,2,7,9,8,5.61,2,0,6,No
S14836,1,1,0,0,0,1,1,0,0,0,8,3,8,7,6.42,8,1,6,Yes
S14837,1,1,1,1,1,1,1,0,1,0,3,2,7,5,8.98,2,2,1,No
S14838,0,0,0,1,1,0,0,1,0,0,5,3,9,10,6.37,5,1,8,Yes
S14839,1,0,1,1,0,0,1,0,1,1,2,3,10,6,6.74,5,2,0,No
S14840,1,0,1,0,0,1,1,0,0,0,5,7,2,7,7.03,2,1,5,No
S14841,1,0,0,0,1,1,1,0,1,0,10,1,9,2,6.65,2,0,6,No
S14842,1,1,0,1,0,0,1,1,1,0,1,6,10,6,6.09,4,3,5,Yes
S14843,1,0,1,0,0,0,0,1,0,0,2,8,5,1,5.26,2,3,1,No
S14844,0,1,0,0,1,0,0,0,0,0,9,1,6,1,7.33,7,1,1,No
S14845,0,1,0,1,0,1,0,1,0,1,10,1,2,5,8.9,6,0,4,No
S14846,0,0,0,1,0,1,0,1,0,1,7,8,4,1,5.05,4,1,7,No
S14847,1,1,0,1,0,0,1,1,1,1,1,6,5,2,8.03,0,0,4,No
S14848,0,0,0,1,1,1,1,0,0,0,1,5,9,3,7.38,3,3,0,No
S14849,0,1,0,0,0,0,1,0,1,0,3,4,8,7,8.99,2,1,2,No
S14850,1,0,1,1,1,0,1,1,0,0,8,8,3,3,5.14,1,3,1,No
S14851,0,1,0,0,0,1,1,0,0,0,7,1,5,4,7.6,3,3,8,Yes
S14852,0,1,0,1,1,0,1,0,1,0,1,8,2,8,7.81,4,1,6,No
S14853,0,1,0,1,0,0,0,0,0,0,1,6,2,3,8.19,0,2,7,No
S14854,1,1,0,1,1,1,1,0,0,1,5,9,4,6,7.85,5,3,0,Yes
S14855,1,1,1,1,0,1,1,0,1,0,2,8,2,4,9.6,1,3,3,Yes
S14856,0,1,1,1,0,1,1,1,1,0,6,3,7,10,6.88,4,1,6,Yes
S14857,1,0,1,1,0,0,1,1,0,0,3,3,7,6,8.06,6,2,3,Yes
S14858,0,1,0,1,0,0,0,0,0,0,6,10,6,9,6.65,3,1,8,No
S14859,0,1,0,1,1,0,1,0,0,0,7,5,6,5,8.93,3,3,3,Yes
S14860,0,1,0,0,1,0,1,1,1,1,6,4,9,7,5.81,5,3,8,Yes
S14861,1,0,0,1,1,0,1,0,0,0,4,5,2,6,9.35,3,0,1,No
S14862,0,0,0,0,1,1,0,0,0,0,3,6,1,3,5.67,3,1,8,No
S14863,1,1,1,1,1,1,0,1,0,1,9,2,10,5,5.71,2,2,3,Yes
S14864,0,1,0,1,0,1,0,0,0,0,3,1,5,2,9.22,7,1,0,No
S14865,0,1,0,0,0,1,0,0,0,0,6,1,5,3,7.26,7,0,1,No
S14866,1,1,1,1,1,1,0,0,1,0,5,2,3,4,8.76,3,2,1,Yes
S14867,0,1,1,0,0,1,1,0,0,0,5,1,9,7,9.09,3,0,8,Yes
S14868,1,1,0,1,0,1,1,1,0,0,4,10,6,6,9.52,7,0,0,Yes
S14869,1,1,0,1,0,1,1,0,0,0,6,8,7,7,6.97,5,1,3,Yes
S14870,1,1,1,0,0,1,1,1,0,0,4,7,1,3,8.38,6,2,4,Yes
S14871,1,1,0,0,1,1,1,1,0,1,6,1,3,3,9.01,0,0,1,No
S14872,1,1,1,0,1,1,0,0,1,0,10,1,8,7,7.8,8,0,7,Yes
S14873,1,0,0,1,1,0,0,0,1,0,8,9,5,2,5.32,1,2,2,No
S14874,0,0,0,1,0,1,0,1,0,0,2,9,1,5,5.37,6,2,4,No
S14875,0,0,0,1,0,1,0,0,1,0,9,9,1,9,9.32,0,3,2,Yes
S14876,0,1,1,0,1,1,1,0,0,0,1,6,6,2,8.16,1,0,1,No
S14877,1,1,1,0,0,0,1,0,0,0,4,8,3,8,6.82,7,3,0,Yes
S14878,0,1,1,1,0,1,1,0,0,0,6,6,5,10,7.79,0,0,0,No
S14879,0,1,1,1,1,1,0,0,0,0,1,1,9,1,5.54,0,0,2,No
S14880,1,1,0,1,0,1,0,1,0,0,7,10,8,10,9.25,0,0,6,Yes
S14881,0,0,1,0,0,1,1,0,0,0,6,5,8,8,9.9,0,2,5,Yes
S14882,1,0,1,0,0,0,1,0,1,0,3,5,4,6,6.65,6,0,4,No
S14883,0,0,1,1,0,0,0,0,1,0,6,8,9,6,7.63,3,3,5,Yes
S14884,1,0,0,1,1,1,1,0,0,0,2,9,6,8,9.66,7,2,2,Yes
S14885,1,1,1,1,0,1,1,0,0,0,5,9,1,4,5.52,4,3,4,Yes
S14886,0,0,1,1,1,0,1,0,0,1,5,1,5,3,6.6,2,2,1,No
S14887,1,0,1,1,1,0,1,1,0,0,1,5,9,5,9.93,4,1,0,Yes
S14888,1,1,0,1,1,1,1,0,0,0,1,6,7,3,9.01,6,2,6,Yes
S14889,0,1,1,1,0,0,0,0,0,0,8,7,8,6,8.57,5,3,8,Yes
S14890,0,1,1,0,1,1,1,0,1,0,3,2,3,3,5.94,7,3,0,No
S14891,0,1,0,1,1,0,0,1,0,1,3,3,4,7,8.19,4,3,7,Yes
S14892,1,1,0,0,0,1,1,1,1,0,5,6,9,6,6.58,2,0,1,Yes
S14893,1,0,0,1,0,1,1,1,0,1,3,7,7,5,6.82,6,1,7,Yes
S14894,0,1,1,1,1,1,0,0,0,0,8,6,1,10,5.74,1,0,7,No
S14895,1,0,1,1,1,1,0,1,1,0,7,5,3,3,5.84,4,1,3,No
S14896,1,1,0,1,1,1,1,0,0,0,5,2,1,7,8.2,2,2,4,No
S14897,1,1,1,1,0,1,0,0,1,1,6,5,6,3,9.95,1,1,5,Yes
S14898,1,1,0,0,0,0,0,1,0,0,2,7,9,1,8.04,1,3,2,Yes
S14899,1,0,0,0,0,1,1,0,1,1,7,4,4,3,5.86,0,0,7,No
S14900,1,1,0,1,1,0,1,0,1,0,3,9,7,8,8.74,0,3,8,Yes
S14901,1,0,0,1,0,1,1,0,1,0,10,1,6,10,7.29,3,0,2,No
S14902,1,0,1,0,0,0,0,0,0,0,6,10,1,4,5.51,3,0,7,No
S14903,1,0,1,1,0,1,0,1,1,1,4,6,3,1,7.92,7,1,6,Yes
S14904,1,0,0,1,1,0,0,0,1,1,9,1,3,1,7.17,3,0,5,No
S14905,0,0,1,1,1,1,1,0,0,0,5,4,4,2,9.44,2,3,1,No
S14906,0,1,1,1,0,1,1,1,0,0,6,7,7,3,8.09,0,0,7,Yes
S14907,1,0,0,1,0,1,1,0,1,0,8,4,5,3,9.8,7,0,7,Yes
S14908,1,1,0,1,0,0,1,0,1,1,6,2,4,7,7.0,2,0,0,No
S14909,1,1,1,1,0,1,0,0,0,1,2,3,8,4,6.13,4,0,7,No
S14910,1,1,1,1,0,1,1,1,1,1,1,10,7,4,8.39,3,3,6,Yes
S14911,1,1,0,1,1,0,0,0,0,0,7,7,10,10,9.93,6,0,0,Yes
S14912,1,1,0,1,1,1,1,0,0,0,6,5,5,1,5.1,0,1,4,No
S14913,0,1,1,0,1,0,1,0,1,0,2,5,1,7,6.03,4,1,2,No
S14914,0,0,0,0,0,0,1,0,1,1,9,2,10,1,9.1,3,2,8,Yes
S14915,1,1,1,0,0,1,1,0,0,0,5,2,7,10,7.39,5,2,3,Yes
S14916,1,1,0,1,1,1,0,1,0,0,9,3,5,1,6.31,6,2,5,Yes
S14917,0,0,0,0,1,1,1,1,0,1,3,5,5,8,8.65,7,3,6,Yes
S14918,1,1,0,0,0,1,1,0,1,1,4,10,9,9,7.18,4,1,8,Yes
S14919,0,1,0,0,0,0,1,1,0,0,3,7,2,10,6.21,0,2,3,No
S14920,1,0,0,0,0,1,1,1,1,0,1,10,9,5,5.07,4,2,8,Yes
S14921,0,1,0,1,1,0,0,0,1,0,2,1,4,5,6.87,3,0,5,No
S14922,0,1,1,1,0,1,1,1,0,1,8,2,5,5,8.75,0,1,1,No
S14923,0,0,0,1,0,0,1,0,0,0,5,3,10,1,8.27,5,0,1,No
S14924,1,1,1,0,1,0,0,0,0,0,8,9,7,2,9.41,6,1,7,Yes
S14925,1,1,1,1,0,1,1,0,0,0,2,2,10,4,8.17,1,1,4,Yes
S14926,1,0,1,0,1,1,1,0,1,1,6,10,9,6,5.07,2,3,8,Yes
S14927,0,1,0,0,0,1,0,0,1,0,6,8,3,3,9.28,1,2,1,No
S14928,1,1,1,1,0,0,1,0,0,1,8,8,9,10,9.48,4,0,1,Yes
S14929,1,1,1,0,0,0,0,1,1,0,7,7,8,9,9.91,6,0,8,Yes
S14930,1,0,0,0,1,1,1,0,0,1,6,7,7,1,9.37,2,0,3,No
S14931,1,0,0,0,0,1,0,0,0,0,1,10,6,5,6.4,4,2,7,No
S14932,1,0,0,0,1,1,1,0,0,0,9,9,3,6,8.55,4,3,8,Yes
S14933,0,1,0,1,1,0,0,0,0,0,6,8,8,6,6.06,1,1,3,No
S14934,1,0,1,1,0,0,0,0,0,0,8,2,7,3,8.17,7,0,4,No
S14935,1,0,1,1,0,1,1,1,0,0,1,9,3,2,5.11,3,0,0,No
S14936,0,1,1,0,1,0,1,1,1,0,4,5,1,4,8.17,6,1,3,Yes
S14937,0,0,0,0,0,1,0,0,0,0,3,2,6,1,7.41,7,3,7,No
S14938,0,0,1,1,1,0,1,0,0,0,1,10,8,3,7.84,2,1,0,No
S14939,1,1,1,0,1,1,1,0,1,0,10,6,6,3,8.77,2,0,2,No
S14940,0,0,0,1,0,0,0,0,1,0,9,6,4,10,5.38,7,3,4,Yes
S14941,1,0,1,0,0,1,1,0,1,0,8,7,1,5,6.44,3,3,4,No
S14942,1,1,0,0,1,1,1,0,0,1,9,8,1,5,8.16,1,3,4,Yes
S14943,1,0,0,1,1,0,1,0,1,0,6,7,4,8,6.79,7,3,7,Yes
S14944,1,0,1,1,0,0,1,0,0,0,6,6,6,9,8.26,6,1,0,No
S14945,1,0,1,1,1,1,0,0,0,0,9,1,7,6,5.26,6,2,3,No
S14946,0,1,0,0,0,1,0,1,0,1,9,6,7,3,7.93,5,0,6,No
S14947,1,1,1,1,0,1,0,0,0,0,9,9,6,10,5.15,8,3,6,Yes
S14948,1,1,0,1,0,0,1,0,0,0,7,1,2,6,7.6,6,1,8,Yes
S14949,1,0,1,0,0,1,0,1,0,1,6,9,8,10,7.26,3,0,6,Yes
S14950,1,1,0,1,1,1,0,1,0,1,6,10,8,6,9.93,2,2,2,Yes
S14951,0,1,1,0,0,1,1,0,0,1,4,3,9,3,9.57,5,1,7,Yes
S14952,1,1,1,1,0,0,0,0,0,0,3,2,7,3,8.12,7,0,7,No
S14953,0,1,0,1,1,0,1,0,0,0,10,10,2,5,7.63,7,2,4,Yes
S14954,1,0,1,0,1,0,1,1,0,0,1,10,10,5,6.38,0,2,7,No
S14955,0,0,1,1,0,0,1,0,0,0,7,6,4,4,7.17,7,1,1,No
S14956,0,1,0,1,1,1,1,0,1,0,1,6,8,5,7.57,6,3,5,Yes
S14957,0,1,1,1,1,1,1,1,0,0,6,8,8,1,8.05,6,2,4,Yes
S14958,0,1,1,1,0,0,1,0,1,0,9,3,6,6,6.75,4,2,3,No
S14959,0,1,0,0,0,0,0,1,0,0,5,5,9,4,9.2,7,0,8,Yes
S14960,1,0,0,1,1,0,0,0,0,1,7,2,7,2,9.34,2,1,0,No
S14961,1,1,0,1,1,1,1,1,0,1,9,8,6,10,8.36,2,0,6,Yes
S14962,0,1,0,0,0,0,0,1,0,0,2,4,4,10,9.27,7,2,5,Yes
S14963,0,0,0,1,1,0,1,0,1,1,5,8,9,2,8.34,3,3,1,Yes
S14964,1,0,0,0,1,1,0,1,1,0,1,2,10,6,7.02,8,2,1,Yes
S14965,1,0,1,0,0,0,0,1,1,0,5,6,2,6,8.64,6,1,7,Yes
S14966,0,0,1,1,1,1,1,1,0,0,2,8,10,6,8.45,1,2,4,Yes
S14967,1,0,1,1,1,1,1,1,0,0,7,6,1,4,7.93,7,0,7,Yes
S14968,1,0,1,0,0,1,1,0,0,0,3,5,9,8,6.54,7,2,4,Yes
S14969,1,0,0,1,1,0,1,0,0,0,6,6,7,1,5.35,4,0,8,No
S14970,0,0,1,1,0,1,1,1,0,1,1,5,7,3,6.01,6,0,6,No
S14971,0,0,0,0,1,1,1,1,0,0,8,2,6,10,7.31,4,3,1,No
S14972,1,1,1,0,1,1,0,0,0,1,8,3,10,3,8.55,0,2,1,Yes
S14973,1,1,0,0,1,0,0,1,0,0,2,3,8,5,6.22,4,0,0,No
S14974,1,1,0,1,0,0,1,0,0,0,7,1,10,4,9.76,5,3,4,Yes
S14975,1,0,0,1,0,1,0,0,0,1,3,8,2,6,7.74,7,2,7,Yes
S14976,0,0,1,0,0,1,1,1,0,0,2,1,3,2,8.66,8,0,5,No
S14977,1,0,1,0,0,1,1,0,0,1,3,4,10,3,6.32,7,0,6,No
S14978,1,1,0,0,1,1,0,0,0,0,10,4,1,7,7.06,0,2,3,No
S14979,0,1,0,1,0,1,0,0,0,0,9,4,4,1,6.42,6,3,0,No
S14980,0,0,1,1,0,0,0,1,0,0,9,4,3,2,5.32,2,2,3,No
S14981,1,1,0,1,0,1,1,0,0,1,5,4,7,5,5.27,7,2,2,No
S14982,1,1,1,0,1,1,1,0,0,0,9,2,7,8,6.23,2,2,3,No
S14983,0,0,0,0,0,0,1,1,0,0,9,4,1,10,7.75,3,1,5,No
S14984,1,1,0,0,0,1,0,1,0,0,5,8,4,7,6.13,2,2,0,No
S14985,0,1,0,1,0,0,1,0,1,0,2,5,10,10,6.7,4,2,7,Yes
S14986,1,1,1,1,1,1,0,0,1,1,8,8,4,4,6.53,2,2,8,Yes
S14987,0,1,0,0,0,0,1,1,1,1,3,6,1,3,9.68,3,0,5,No
S14988,0,1,0,0,1,1,0,0,0,0,4,8,6,4,5.33,5,0,3,No
S14989,0,1,1,1,0,0,0,0,1,1,2,7,4,9,5.39,3,1,2,No
S14990,0,1,0,1,1,1,0,1,1,0,5,9,10,7,9.23,2,1,7,Yes
S14991,0,1,0,1,1,0,1,1,0,1,8,5,2,3,7.55,2,0,3,No
S14992,0,0,1,1,1,1,1,0,0,1,5,6,9,3,5.87,8,3,5,Yes
S14993,1,1,1,0,1,0,0,0,0,0,2,9,4,9,6.14,5,0,6,No
S14994,1,1,0,0,1,1,0,0,0,1,9,4,8,8,9.71,4,3,7,Yes
S14995,0,1,0,0,0,0,0,0,0,0,4,8,5,7,9.75,0,0,1,No
S14996,0,1,0,1,1,0,0,0,0,0,10,1,5,10,9.24,7,1,5,Yes
S14997,1,1,1,0,0,1,0,1,1,0,1,1,3,9,6.17,6,0,5,No
S14998,1,1,1,0,1,0,1,1,0,0,6,10,5,5,9.82,8,0,1,Yes
S14999,0,0,1,0,0,1,0,1,0,0,3,2,7,1,6.16,4,2,2,No
S15000,1,0,1,1,1,0,1,0,1,0,4,1,1,5,7.64,8,2,0,No
S15001,1,1,0,1,1,1,0,1,0,0,1,9,9,6,8.87,2,0,4,Yes
S15002,0,1,0,0,0,0,1,0,1,0,6,7,1,2,5.06,8,0,4,No
S15003,0,1,1,1,0,1,1,0,0,0,9,4,6,5,8.37,1,3,6,Yes
S15004,1,1,0,0,1,0,1,1,1,0,5,5,3,7,6.85,6,1,6,Yes
S15005,1,0,1,0,1,1,1,1,0,1,9,8,1,4,5.33,2,1,5,No
S15006,1,1,0,1,1,0,1,0,0,0,4,4,7,2,8.3,4,1,6,Yes
S15007,1,0,0,1,0,1,1,0,1,0,8,10,7,5,5.75,7,1,6,Yes
S15008,0,0,1,1,1,0,1,1,0,0,6,3,7,2,6.99,0,2,6,No
S15009,1,1,1,0,1,0,1,0,0,0,5,2,4,7,8.11,2,2,1,No
S15010,1,1,1,0,1,0,0,0,1,1,8,8,8,10,9.48,3,3,0,Yes
S15011,1,1,1,1,0,1,1,0,0,0,3,2,10,8,5.65,5,0,3,No
S15012,1,1,0,1,1,1,0,0,0,0,6,3,2,6,9.4,8,3,4,Yes
S15013,0,0,1,1,1,1,1,0,1,0,7,1,5,9,9.5,2,2,2,Yes
S15014,1,1,1,1,1,1,1,0,0,1,5,1,3,1,6.66,7,0,6,No
S15015,0,1,0,1,0,0,1,0,0,1,3,10,10,4,8.8,6,2,1,Yes
S15016,0,0,1,1,1,0,0,1,1,0,10,10,1,5,8.06,2,2,7,Yes
S15017,1,1,1,1,0,1,1,0,1,0,10,8,5,6,6.81,4,3,4,Yes
S15018,0,1,1,0,1,1,1,0,0,1,3,3,8,1,7.66,6,3,3,Yes
S15019,1,1,1,1,1,1,0,1,0,0,2,1,10,8,8.55,6,1,4,Yes
S15020,0,0,1,0,1,1,0,0,1,0,4,5,10,2,5.27,3,0,3,No
S15021,1,1,0,1,0,0,1,0,0,1,1,4,4,10,7.02,0,1,3,No
S15022,0,0,0,1,0,1,0,0,1,0,2,5,2,1,5.72,8,1,0,No
S15023,1,1,1,1,1,0,1,1,0,0,3,7,1,1,5.68,2,3,7,Yes
S15024,0,1,1,0,1,1,1,0,1,0,9,8,6,2,5.16,3,3,3,No
S15025,1,1,0,1,0,0,1,0,1,0,8,6,2,3,8.04,2,0,0,No
S15026,0,0,0,0,0,0,1,0,0,0,5,9,4,2,6.04,5,3,1,No
S15027,1,1,0,1,0,0,0,1,1,0,1,2,7,5,9.73,1,3,5,Yes
S15028,0,1,1,0,1,1,1,0,0,0,2,2,4,9,9.33,5,0,1,No
S15029,1,0,0,1,1,0,1,0,0,1,5,1,9,2,6.03,7,1,3,Yes
S15030,1,0,1,0,1,0,0,0,1,1,9,5,7,10,7.93,6,1,2,Yes
S15031,0,0,0,0,1,1,1,1,1,0,6,10,4,6,9.06,2,1,0,No
S15032,0,1,1,0,0,0,0,1,0,0,3,9,1,9,8.44,5,1,6,No
S15033,1,1,1,0,1,1,0,0,1,0,4,2,4,4,8.1,1,3,7,Yes
S15034,0,1,1,1,1,0,1,0,1,0,4,10,7,5,5.98,4,2,8,Yes
S15035,0,0,0,0,1,0,1,0,0,0,9,5,2,10,5.67,1,1,8,No
S15036,0,1,1,1,0,1,0,1,1,1,6,10,5,10,8.91,0,2,2,Yes
S15037,1,1,0,1,0,0,0,0,0,1,3,5,9,8,7.81,2,1,4,No
S15038,1,1,0,1,1,1,0,0,0,0,9,2,8,6,9.3,8,0,7,Yes
S15039,0,1,0,0,1,1,1,0,0,1,1,8,5,5,7.0,5,0,6,Yes
S15040,1,0,0,1,0,1,1,0,0,0,5,4,4,1,7.18,5,2,0,No
S15041,1,0,0,1,0,0,0,0,1,1,8,5,8,8,7.09,5,2,5,Yes
S15042,1,0,1,1,1,1,1,0,0,0,2,3,2,2,7.78,3,0,6,No
S15043,1,1,0,0,0,1,1,0,0,1,7,8,4,6,5.25,8,1,7,Yes
S15044,0,0,1,0,0,1,0,0,0,0,10,7,7,10,7.71,5,1,1,Yes
S15045,0,1,0,1,1,1,0,0,1,0,1,4,6,9,9.44,8,0,1,Yes
S15046,0,1,1,1,1,0,1,1,0,0,4,1,1,6,9.28,0,2,0,No
S15047,1,1,0,0,0,1,1,1,0,0,9,5,10,5,9.48,0,1,6,Yes
S15048,1,1,0,1,1,1,1,1,0,1,1,6,8,6,8.85,8,0,1,Yes
S15049,1,1,0,1,0,0,1,0,0,0,2,10,4,10,8.92,2,1,5,Yes
S15050,1,1,1,1,0,0,0,0,0,0,7,5,9,5,9.52,0,0,3,No
S15051,0,0,1,0,0,0,1,1,0,1,10,4,4,5,9.59,5,0,8,Yes
S15052,0,0,1,1,0,0,1,1,0,1,8,6,1,10,8.58,6,1,2,Yes
S15053,1,1,0,1,0,0,1,0,0,0,9,2,5,7,9.63,0,2,4,Yes
S15054,0,1,0,1,0,0,1,0,0,1,7,6,8,5,5.76,3,3,0,Yes
S15055,1,1,0,0,0,1,1,0,0,0,4,3,2,6,5.89,3,2,3,No
S15056,0,1,0,0,0,1,0,1,0,0,3,7,5,8,8.0,0,0,7,No
S15057,1,1,1,1,1,1,1,0,1,0,1,2,4,5,7.67,3,2,7,No
S15058,0,1,0,0,0,1,0,0,0,1,10,6,9,7,5.7,1,3,1,No
S15059,1,0,0,1,1,1,0,0,1,0,6,4,3,1,8.85,7,0,1,No
S15060,1,1,0,1,1,1,0,0,0,1,1,3,8,9,5.36,0,0,2,No
S15061,1,1,0,1,1,0,0,1,1,0,2,2,8,9,6.59,5,1,5,Yes
S15062,1,0,1,0,1,1,0,0,0,1,2,10,10,6,8.52,3,0,2,No
S15063,1,0,0,1,1,1,1,0,0,0,6,5,5,6,5.76,4,0,8,Yes
S15064,1,1,0,1,0,1,1,1,0,0,9,8,7,3,8.16,1,2,2,Yes
S15065,1,1,1,0,0,1,1,0,0,0,9,5,3,9,5.21,4,2,5,No
S15066,0,0,0,0,1,0,0,0,0,1,6,10,9,7,9.7,8,0,2,Yes
S15067,1,0,0,1,0,0,1,0,0,0,4,2,3,4,9.31,4,3,3,No
S15068,0,1,1,1,0,0,1,0,0,0,4,1,5,1,6.28,5,1,8,No
S15069,1,1,1,0,0,0,0,0,1,0,10,8,9,5,5.36,3,3,1,Yes
S15070,0,1,1,1,1,1,1,1,0,0,8,9,7,5,7.33,2,1,2,Yes
S15071,0,1,1,1,1,1,1,0,1,1,8,8,3,9,8.56,2,2,7,Yes
S15072,1,1,1,1,1,1,1,0,0,1,10,6,5,4,8.12,7,1,8,Yes
S15073,0,1,0,1,0,0,1,0,0,0,7,4,3,3,7.24,1,3,5,No
S15074,1,0,0,1,1,0,0,0,0,0,2,8,6,6,6.81,4,2,0,No
S15075,0,1,1,0,0,1,1,0,1,1,6,7,4,7,5.98,5,1,5,No
S15076,1,1,0,1,0,0,1,0,0,1,5,1,6,5,5.01,8,2,2,No
S15077,1,1,0,0,1,0,1,0,1,0,1,2,6,10,8.98,3,2,0,No
S15078,1,1,1,0,1,1,1,0,0,0,1,7,10,7,6.08,8,2,8,Yes
S15079,1,1,0,1,1,0,0,0,0,1,1,1,1,7,8.93,2,3,2,No
S15080,1,1,0,1,0,0,0,0,0,0,1,7,6,1,6.51,8,3,1,No
S15081,0,0,1,1,0,1,1,0,0,0,5,8,4,6,9.89,4,1,1,Yes
S15082,1,1,1,1,0,0,1,1,1,0,10,9,5,6,6.98,0,0,2,No
S15083,1,0,0,1,0,0,0,0,0,0,3,2,10,7,9.28,2,2,8,Yes
S15084,1,0,0,1,1,1,0,1,0,0,2,2,1,5,6.5,4,1,7,No
S15085,1,1,0,1,0,1,1,0,0,0,7,10,8,7,8.25,8,0,2,Yes
S15086,1,0,0,1,1,0,1,0,0,0,8,1,3,9,8.36,6,0,1,No
S15087,0,0,1,0,0,0,0,1,1,1,10,8,4,6,7.89,3,2,1,No
S15088,1,1,1,1,0,0,1,0,1,1,9,4,3,7,6.91,5,0,7,Yes
S15089,0,0,0,1,1,0,1,0,1,0,8,9,8,7,8.94,2,2,3,Yes
S15090,1,1,1,1,1,1,1,0,1,0,8,5,10,7,5.08,8,2,5,Yes
S15091,1,1,1,1,1,1,1,0,1,1,1,6,4,1,5.56,1,1,0,No
S15092,0,1,1,0,0,1,0,0,0,0,6,6,7,8,8.95,6,3,6,Yes
S15093,1,0,0,1,1,0,0,1,0,0,6,2,2,10,7.08,7,2,7,Yes
S15094,1,1,0,1,1,1,0,1,1,1,2,3,7,8,6.93,1,3,7,Yes
S15095,0,0,1,0,1,0,0,0,1,1,8,1,7,7,7.14,6,2,2,Yes
S15096,1,0,1,1,0,1,1,0,0,0,8,1,4,5,6.51,5,1,7,No
S15097,1,1,0,1,0,0,1,1,0,0,7,3,2,3,8.43,5,1,2,No
S15098,0,1,1,1,1,1,1,0,0,0,9,4,10,3,6.6,3,3,7,Yes
S15099,0,1,1,1,1,0,1,0,1,0,8,8,4,4,5.75,7,0,2,No
S15100,1,1,1,0,1,1,1,1,0,0,1,2,10,3,6.18,5,0,2,No
S15101,1,0,0,1,1,1,1,0,1,1,8,1,10,2,9.95,8,1,7,Yes
S15102,1,1,1,0,0,0,0,0,0,1,2,4,2,2,9.06,1,3,5,No
S15103,1,1,1,1,0,1,1,0,0,1,7,4,4,3,5.92,0,3,7,Yes
S15104,0,1,1,1,1,1,1,0,0,0,10,9,9,9,8.86,5,1,0,Yes
S15105,0,0,1,0,1,1,1,1,1,0,10,1,8,4,7.64,0,3,5,Yes
S15106,0,1,0,1,0,1,1,0,0,0,5,7,6,1,6.38,8,2,2,No
S15107,1,0,0,1,1,1,1,0,1,0,9,10,1,10,6.81,1,0,3,No
S15108,1,0,0,0,0,1,1,0,0,1,1,10,4,7,8.15,6,0,0,No
S15109,0,0,0,1,1,1,0,0,1,0,1,8,3,10,9.19,2,3,5,Yes
S15110,1,1,0,1,0,1,0,0,0,0,8,2,8,8,5.38,7,0,6,No
S15111,0,1,0,1,0,0,1,0,0,1,4,7,10,3,5.44,1,0,4,No
S15112,0,1,1,1,0,0,1,1,1,0,3,4,2,1,9.83,6,3,7,Yes
S15113,0,1,1,0,1,0,0,0,0,1,9,6,4,2,8.29,3,3,4,Yes
S15114,1,0,0,0,1,1,1,0,0,1,7,1,2,6,5.59,5,1,6,No
S15115,1,1,1,0,1,1,1,1,0,0,2,4,6,4,9.41,5,2,7,Yes
S15116,0,1,0,0,0,0,1,1,0,0,5,1,7,4,8.15,5,3,4,Yes
S15117,0,1,0,1,1,1,0,1,0,0,1,5,3,4,5.53,7,2,5,No
S15118,0,1,1,0,1,0,1,1,0,0,5,2,3,6,9.28,0,2,2,No
S15119,1,1,0,0,0,0,1,1,0,0,7,2,2,7,7.67,0,2,3,No
S15120,0,1,1,1,1,1,0,1,0,0,10,9,4,2,6.91,8,2,6,Yes
S15121,0,0,0,1,0,1,0,0,0,0,9,9,9,4,7.05,6,2,5,Yes
S15122,1,1,1,0,1,1,1,0,1,0,9,6,3,1,8.61,1,2,7,Yes
S15123,1,1,0,1,1,0,0,0,1,0,1,10,5,4,5.19,4,3,2,Yes
S15124,0,1,0,0,1,0,0,1,1,0,8,4,6,6,5.9,4,1,8,No
S15125,1,1,0,1,0,1,0,0,1,1,5,3,3,8,6.91,0,1,5,No
S15126,1,0,1,0,1,1,0,1,1,0,5,9,7,6,9.93,7,2,7,Yes
S15127,0,0,0,1,1,1,1,0,0,0,5,10,2,3,5.66,3,1,1,No
S15128,1,1,0,0,0,1,1,0,0,0,7,7,6,8,5.2,3,3,7,Yes
S15129,0,1,0,0,0,0,1,0,1,1,4,9,7,5,6.09,8,3,3,Yes
S15130,1,1,0,1,0,1,1,1,0,0,7,2,5,8,5.43,1,1,2,No
S15131,1,0,0,1,0,1,1,0,1,0,8,9,7,8,8.9,4,1,1,Yes
S15132,0,0,0,1,0,0,0,0,0,1,1,2,4,10,8.37,2,1,1,No
S15133,0,1,1,1,1,1,1,0,0,0,2,3,5,10,9.02,0,2,4,Yes
S15134,1,0,0,1,0,0,0,1,0,1,9,8,5,6,9.24,5,2,6,Yes
S15135,0,1,0,1,1,1,1,0,0,0,6,9,3,4,7.65,8,0,0,No
S15136,1,0,1,0,0,0,1,0,0,0,10,3,9,2,7.84,5,1,0,No
S15137,1,0,0,1,1,1,1,0,0,1,7,8,3,9,5.87,8,0,4,No
S15138,1,1,1,1,1,0,0,0,0,0,5,8,9,9,7.86,6,1,0,Yes
S15139,1,1,0,0,1,0,1,1,0,1,3,4,10,7,8.68,0,2,0,No
S15140,0,0,1,0,1,1,1,1,0,1,5,7,9,2,9.97,7,0,3,Yes
S15141,0,1,1,1,1,0,0,0,1,0,8,8,1,8,5.46,3,3,1,Yes
S15142,0,0,0,1,0,1,1,1,0,0,9,5,9,10,6.26,4,2,5,Yes
S15143,0,1,0,1,1,0,1,0,0,1,4,3,3,10,6.43,4,3,1,Yes
S15144,1,0,0,0,0,0,0,1,0,1,8,9,7,6,6.48,6,2,3,No
S15145,0,1,1,0,0,1,0,0,1,0,10,8,8,5,5.64,6,2,1,Yes
S15146,0,1,0,0,0,1,1,1,1,0,9,3,2,3,7.96,3,0,7,No
S15147,0,0,1,0,0,1,1,0,0,0,8,10,4,9,5.92,0,0,4,No
S15148,0,0,1,0,0,1,0,0,0,0,7,3,8,10,6.12,7,3,7,Yes
S15149,0,1,0,1,1,1,0,0,1,0,10,5,3,9,5.05,5,2,1,No
S15150,1,1,1,1,0,1,1,0,1,1,6,2,1,1,5.24,3,1,4,No
S15151,0,0,0,0,1,0,0,0,0,1,5,8,6,9,7.97,6,2,5,Yes
S15152,0,0,0,1,1,1,1,0,1,0,8,9,6,3,6.99,1,1,4,Yes
S15153,0,0,0,1,0,0,1,1,0,1,3,2,2,1,8.6,3,3,4,No
S15154,1,1,0,1,0,1,1,0,1,0,1,6,5,9,8.48,3,1,2,Yes
S15155,1,1,0,1,1,1,1,1,1,0,9,4,6,6,7.77,2,2,5,Yes
S15156,0,0,0,1,1,1,1,0,1,0,9,2,10,6,9.2,1,2,7,Yes
S15157,1,0,1,1,0,0,1,0,0,0,1,7,5,3,7.84,6,3,6,Yes
S15158,0,1,1,0,0,0,0,0,0,0,5,3,3,4,5.18,6,0,7,No
S15159,1,1,1,0,1,1,0,0,1,0,6,7,2,1,5.47,8,3,6,Yes
S15160,1,1,1,0,0,1,0,0,0,0,3,3,8,6,7.8,1,0,8,No
S15161,1,0,1,1,0,1,1,0,0,0,8,7,5,10,6.31,4,1,0,Yes
S15162,1,0,0,1,0,0,1,0,0,0,3,9,5,4,6.24,1,2,3,No
S15163,1,0,0,1,0,1,1,0,0,1,4,9,5,6,5.25,4,0,8,No
S15164,1,1,0,1,1,1,0,0,1,0,2,6,9,7,9.59,7,3,6,Yes
S15165,1,1,0,1,1,1,1,0,1,0,4,4,1,1,8.17,7,1,0,No
S15166,1,0,1,1,0,1,1,0,1,0,4,8,3,3,7.82,0,0,0,No
S15167,1,1,1,1,1,1,0,1,0,0,2,8,8,1,6.9,4,1,8,Yes
S15168,1,1,1,0,1,0,0,0,0,0,1,10,4,6,7.68,6,0,7,Yes
S15169,0,1,0,1,0,1,1,0,0,1,9,4,1,5,6.7,7,0,5,No
S15170,0,0,1,1,1,0,1,1,1,0,2,5,6,4,5.83,7,0,4,No
S15171,1,1,1,1,1,0,0,1,0,0,9,9,1,5,5.7,0,3,1,No
S15172,1,1,0,1,1,0,1,1,0,0,5,5,9,4,8.36,0,2,0,No
S15173,0,1,0,1,1,0,0,0,0,1,10,2,6,1,9.01,0,3,8,Yes
S15174,1,1,1,1,1,1,1,1,0,0,10,10,8,7,7.84,6,0,1,Yes
S15175,0,1,1,0,0,0,1,1,1,0,7,6,8,3,9.39,2,0,5,No
S15176,0,1,1,0,1,0,1,0,1,0,9,7,3,3,5.2,4,3,1,No
S15177,1,0,1,1,1,0,1,0,0,0,5,8,3,4,8.76,2,2,4,Yes
S15178,1,1,1,0,0,1,0,0,0,1,5,8,10,4,6.77,1,2,6,No
S15179,1,1,0,1,0,1,1,0,0,0,5,8,6,1,5.44,6,3,0,No
S15180,1,0,1,0,1,1,0,1,0,0,8,3,7,1,5.47,8,1,4,Yes
S15181,1,1,1,0,1,0,0,1,0,0,5,5,9,6,8.86,0,0,1,No
S15182,1,1,0,0,0,1,0,0,1,0,5,2,2,6,8.95,8,1,7,Yes
S15183,0,1,0,0,0,1,1,0,0,1,7,6,3,3,5.78,6,3,5,No
S15184,1,0,0,0,1,1,1,0,0,0,5,5,4,1,8.41,2,2,8,No
S15185,1,0,1,1,1,1,0,0,0,1,3,6,8,1,8.36,8,2,1,Yes
S15186,0,1,0,1,1,0,1,0,0,0,9,4,4,7,7.39,8,2,8,Yes
S15187,1,1,0,1,0,0,0,0,0,0,3,7,7,2,8.51,8,3,0,No
S15188,1,0,1,1,0,1,0,0,1,0,9,5,8,2,7.89,1,3,7,Yes
S15189,1,1,0,1,0,0,1,1,0,0,4,9,3,10,5.58,2,0,4,No
S15190,0,0,1,1,0,1,1,1,0,0,2,4,10,7,6.39,6,2,3,Yes
S15191,0,1,1,0,1,0,1,0,0,1,6,9,2,6,9.49,3,2,5,Yes
S15192,1,1,0,0,1,1,1,0,1,0,1,7,3,3,6.83,7,1,5,No
S15193,1,1,0,0,0,0,1,1,1,1,7,7,10,8,6.8,8,2,1,Yes
S15194,1,1,0,1,0,0,1,0,0,0,1,8,10,4,5.6,3,0,8,No
S15195,1,1,0,1,1,1,1,1,0,0,2,7,3,2,9.73,3,2,8,Yes
S15196,1,1,1,0,1,0,0,1,0,1,5,2,5,5,6.41,1,3,6,No
S15197,0,1,0,0,0,0,0,1,1,0,3,8,3,9,7.54,6,3,3,Yes
S15198,0,1,0,1,1,0,0,0,0,0,10,8,4,1,5.78,2,1,8,No
S15199,1,1,0,0,1,0,0,0,0,0,2,10,10,4,7.41,0,0,0,No
S15200,1,1,0,1,0,1,1,1,0,1,2,9,1,2,7.51,3,3,1,No
S15201,0,0,0,0,1,1,1,1,0,0,6,8,1,2,8.8,0,3,5,No
S15202,1,0,1,1,1,1,1,0,0,1,10,3,7,4,8.77,2,0,5,Yes
S15203,1,1,0,0,0,1,1,0,0,0,7,2,5,6,8.85,6,3,7,Yes
S15204,1,1,0,0,0,0,1,0,0,0,2,10,7,1,6.54,1,2,2,No
S15205,1,1,1,1,0,1,1,0,0,0,2,1,10,3,8.78,5,1,5,Yes
S15206,1,1,1,1,0,0,1,0,0,0,8,8,10,6,7.65,3,1,4,Yes
S15207,0,0,0,0,0,1,0,0,0,0,3,1,2,4,5.36,7,2,4,No
S15208,0,1,0,1,0,0,1,1,1,0,10,5,9,8,7.62,2,1,0,Yes
S15209,1,0,0,1,0,1,1,1,1,0,3,2,1,2,7.53,3,2,1,No
S15210,1,1,0,1,0,0,0,1,0,0,6,2,10,3,7.28,7,1,5,Yes
S15211,0,1,1,0,0,1,1,1,1,1,2,7,9,9,6.82,0,3,5,Yes
S15212,1,0,0,1,1,0,0,0,1,1,4,1,8,1,7.89,4,2,8,Yes
S15213,0,1,1,0,1,1,1,0,1,1,7,1,1,4,5.65,6,0,0,No
S15214,1,1,1,1,0,1,1,0,0,1,1,5,7,10,8.73,5,2,6,Yes
S15215,1,1,1,1,1,1,0,0,1,0,2,10,9,10,5.82,0,1,1,No
S15216,1,0,0,1,0,1,1,0,0,0,3,10,9,8,9.37,5,2,7,Yes
S15217,0,1,0,1,0,1,0,1,1,1,10,4,8,9,6.02,5,3,6,Yes
S15218,1,1,0,1,0,1,0,1,0,0,5,7,2,3,7.82,0,0,6,No
S15219,1,0,1,0,1,1,0,0,0,0,9,8,6,3,5.69,2,1,6,No
S15220,1,1,0,0,1,0,1,1,1,0,10,1,4,1,7.61,0,2,7,Yes
S15221,0,0,0,1,1,1,1,0,1,0,3,8,6,10,5.94,4,0,8,Yes
S15222,0,1,0,0,1,0,1,0,0,0,1,6,1,2,8.73,7,2,2,No
S15223,0,0,0,1,0,1,1,0,0,0,10,10,7,5,7.08,3,1,7,Yes
S15224,0,0,1,0,0,0,1,1,1,0,9,2,9,1,9.58,6,3,2,Yes
S15225,1,1,1,1,1,1,0,0,0,0,2,6,3,7,6.75,0,3,8,No
S15226,1,1,1,1,1,1,1,1,0,0,10,9,6,4,9.3,2,0,7,Yes
S15227,1,0,1,0,1,1,0,1,0,0,3,6,3,7,5.19,2,2,0,No
S15228,1,0,0,1,0,0,1,0,0,0,7,6,5,5,7.54,8,2,4,Yes
S15229,0,1,0,0,0,0,1,0,0,0,9,9,5,8,5.22,4,1,6,No
S15230,0,0,0,1,1,0,1,0,0,1,2,1,9,2,7.52,6,2,6,No
S15231,1,1,0,0,1,0,1,1,0,0,1,10,5,4,5.05,7,1,3,No
S15232,0,1,1,0,1,0,0,0,0,1,8,2,7,1,6.87,2,1,6,No
S15233,0,1,1,1,1,0,0,0,0,0,4,9,8,10,7.1,2,2,6,Yes
S15234,1,1,1,0,1,0,0,0,0,0,2,3,6,1,8.4,7,2,6,No
S15235,1,1,1,1,1,0,1,0,0,0,10,10,4,2,9.29,1,3,3,Yes
S15236,1,1,0,1,1,1,1,0,1,0,2,7,6,5,6.29,3,3,6,Yes
S15237,1,0,0,0,0,1,0,0,0,0,2,6,1,2,9.35,3,2,2,No
S15238,0,1,1,1,1,1,1,0,1,1,5,6,4,3,6.61,6,3,5,Yes
S15239,1,1,1,1,1,1,0,1,0,0,2,7,4,10,8.85,5,1,1,Yes
S15240,1,0,0,0,0,1,1,1,0,0,7,6,10,3,7.88,3,3,0,No
S15241,0,1,0,1,1,1,1,0,1,1,2,7,5,7,5.21,1,0,4,No
S15242,1,1,0,0,0,1,0,1,1,0,9,10,1,7,9.09,0,3,1,Yes
S15243,1,0,1,0,0,1,1,1,1,0,1,3,1,7,6.48,1,3,8,No
S15244,0,0,0,0,0,1,0,1,0,0,1,6,4,1,6.28,6,0,2,No
S15245,1,1,0,1,1,1,1,1,0,0,7,7,9,2,6.61,2,2,4,Yes
S15246,1,1,1,1,1,1,0,0,0,0,1,10,5,1,6.52,1,2,0,No
S15247,0,1,1,1,0,0,0,0,1,1,6,9,5,10,9.85,8,2,3,Yes
S15248,1,0,0,1,1,1,0,0,0,0,4,8,3,5,7.65,2,2,8,Yes
S15249,0,1,0,1,0,1,1,0,0,0,2,1,8,10,6.78,8,2,0,No
S15250,1,1,1,1,0,0,1,0,0,0,4,4,10,2,5.1,8,2,5,Yes
S15251,1,0,0,1,1,1,0,0,0,0,6,8,6,2,7.0,1,3,3,Yes
S15252,1,1,0,0,1,1,1,0,0,0,10,9,10,1,6.46,8,2,5,Yes
S15253,1,1,1,0,1,0,0,1,1,1,4,2,4,3,7.71,2,3,5,No
S15254,0,1,1,0,1,1,1,1,0,0,9,10,8,2,8.75,7,1,3,Yes
S15255,0,1,1,0,0,0,1,1,0,0,8,3,10,2,7.2,2,1,3,No
S15256,0,0,1,1,0,0,1,0,0,0,10,1,10,3,7.82,3,0,0,No
S15257,0,1,0,1,1,0,0,1,1,1,6,7,9,4,9.42,0,2,8,Yes
S15258,1,1,1,1,0,0,0,0,0,0,6,6,2,2,6.6,1,3,1,No
S15259,0,1,1,1,0,1,0,1,0,0,6,6,8,3,6.05,2,1,3,No
S15260,0,1,1,1,1,1,1,1,1,1,5,8,10,4,6.25,0,1,6,No
S15261,0,0,1,0,1,0,0,0,0,0,2,4,6,5,5.58,5,2,5,No
S15262,0,0,1,1,0,0,1,0,0,0,6,5,1,2,9.21,5,0,0,No
S15263,0,1,1,1,0,1,1,1,1,0,9,10,3,4,6.3,0,1,4,No
S15264,1,1,0,0,0,1,1,1,0,1,4,4,5,2,5.31,8,1,7,No
S15265,0,1,0,0,0,1,1,0,0,0,8,9,9,2,7.38,3,2,8,Yes
S15266,1,1,0,1,1,1,0,1,0,0,5,1,1,3,5.14,8,0,7,No
S15267,1,0,0,1,0,1,0,0,1,0,10,8,1,4,8.09,4,3,6,Yes
S15268,0,0,0,0,1,0,1,0,0,1,4,4,8,2,5.81,7,3,5,No
S15269,1,1,0,1,0,1,1,0,1,1,7,5,7,10,8.74,5,2,7,Yes
S15270,1,1,1,1,0,0,1,0,0,0,7,4,2,10,5.31,8,0,3,Yes
S15271,1,1,0,0,0,1,0,0,0,1,10,8,6,8,5.42,5,0,4,Yes
S15272,0,1,1,1,0,0,1,0,0,0,2,4,2,10,5.58,2,3,6,No
S15273,1,1,0,1,1,0,0,0,0,1,10,4,4,6,7.14,5,2,5,Yes
S15274,0,1,0,1,1,1,1,1,0,0,4,9,3,6,6.29,5,3,1,No
S15275,1,1,1,1,0,1,0,1,1,0,10,10,7,2,7.71,2,1,5,Yes
S15276,1,1,0,1,0,1,1,0,0,0,1,3,1,5,9.22,0,2,4,No
S15277,1,1,1,0,1,1,0,0,0,1,5,6,10,3,6.79,6,0,8,Yes
S15278,0,0,1,0,1,0,1,0,0,1,8,3,4,4,7.25,7,0,4,No
S15279,1,0,0,0,0,0,0,0,1,0,5,3,2,2,5.83,3,2,3,No
S15280,0,1,0,0,0,1,1,0,0,1,1,4,8,9,8.94,7,2,2,Yes
S15281,0,1,0,1,0,1,0,0,1,1,4,1,3,10,8.99,7,1,2,Yes
S15282,0,1,1,0,0,1,1,0,0,1,10,5,7,2,8.75,0,0,2,No
S15283,0,0,1,0,0,1,1,1,0,0,6,7,10,2,5.45,0,0,6,No
S15284,1,0,1,0,0,0,1,0,1,0,1,1,7,1,8.27,4,2,6,No
S15285,1,0,0,0,1,1,1,0,0,1,6,2,2,4,9.69,7,0,5,No
S15286,0,0,0,1,1,1,1,0,0,1,3,3,3,5,9.76,6,1,5,Yes
S15287,0,1,0,1,0,1,1,1,1,1,10,1,10,6,6.21,1,0,3,No
S15288,0,1,0,1,1,1,0,0,0,0,6,7,6,4,7.7,4,3,7,Yes
S15289,0,1,0,1,0,0,1,0,0,0,3,8,10,1,5.21,7,1,1,No
S15290,0,1,0,1,0,1,0,0,1,0,4,6,2,10,5.91,4,1,3,No
S15291,1,1,1,1,1,0,0,1,1,1,3,2,3,9,6.27,8,2,6,Yes
S15292,0,0,1,0,1,1,1,0,0,0,2,6,9,9,5.74,1,1,0,No
S15293,0,0,0,1,0,0,1,0,1,1,10,3,3,1,8.64,0,3,2,No
S15294,0,1,1,0,1,1,0,1,0,0,4,1,7,2,9.97,7,2,4,Yes
S15295,1,0,1,0,1,0,1,0,1,0,5,1,7,1,9.2,0,0,8,No
S15296,0,1,1,0,0,0,1,0,0,1,8,9,5,2,5.55,2,3,2,No
S15297,0,0,0,0,1,0,1,0,0,0,8,8,4,6,5.89,3,2,2,No
S15298,1,0,1,1,0,0,1,0,0,1,8,8,6,9,6.34,1,3,1,No
S15299,0,1,1,1,1,0,1,0,1,0,1,3,10,2,6.42,7,2,8,Yes
S15300,1,1,1,0,0,0,1,0,0,0,8,3,2,10,5.93,7,2,4,Yes
S15301,0,1,1,1,0,1,1,1,1,0,7,1,1,3,9.82,2,1,5,Yes
S15302,1,0,0,1,1,1,0,0,1,0,6,8,8,10,7.91,6,1,5,Yes
S15303,1,1,0,1,1,1,0,0,1,0,3,5,10,4,6.01,5,3,5,Yes
S15304,1,0,1,1,1,1,0,1,1,0,8,9,4,6,8.97,4,0,3,Yes
S15305,0,1,0,0,0,1,1,0,0,1,3,10,1,2,8.08,2,2,2,No
S15306,1,0,0,1,0,0,0,0,0,0,5,1,5,2,8.92,6,0,3,No
S15307,0,0,0,1,1,1,1,0,1,0,6,8,6,10,6.72,2,3,2,No
S15308,0,0,1,1,1,0,0,0,1,1,9,4,5,6,7.84,2,1,8,Yes
S15309,0,1,1,0,0,1,1,0,0,0,4,10,3,8,9.38,5,2,0,Yes
S15310,1,1,1,0,1,1,0,0,0,0,10,4,8,3,5.89,1,3,3,Yes
S15311,0,1,1,1,0,0,0,0,0,1,3,9,10,6,9.12,2,3,6,Yes
S15312,0,1,0,1,1,1,1,0,1,0,3,7,9,8,9.73,0,2,6,Yes
S15313,1,1,1,1,0,0,0,0,0,0,2,3,7,2,6.48,2,1,7,No
S15314,1,1,0,1,0,0,1,1,1,0,10,6,3,7,7.54,8,3,1,Yes
S15315,1,0,0,0,1,1,0,1,1,0,9,1,10,5,6.39,6,2,3,Yes
S15316,0,1,1,1,0,0,1,0,0,0,9,7,1,7,9.77,1,0,6,No
S15317,1,0,0,0,1,0,1,0,0,0,4,10,9,4,9.41,0,0,1,No
S15318,1,1,0,1,1,1,1,0,0,1,3,2,2,6,6.9,1,0,4,No
S15319,0,1,0,1,0,0,0,0,0,0,2,8,10,7,7.11,3,0,5,No
S15320,0,1,1,0,1,1,1,0,1,0,9,8,6,10,9.85,7,2,8,Yes
S15321,0,1,0,1,1,0,0,1,0,1,1,5,7,2,8.05,8,3,0,Yes
S15322,0,1,0,0,0,1,1,0,0,0,10,4,3,9,7.01,3,0,5,No
S15323,1,1,1,1,0,1,1,0,0,1,3,1,4,8,5.9,8,2,4,Yes
S15324,0,0,0,0,0,1,1,1,0,0,5,9,5,10,6.7,5,2,5,Yes
S15325,1,1,0,0,0,1,1,0,0,1,5,8,6,7,6.13,7,2,7,Yes
S15326,0,1,1,0,0,0,1,0,1,0,10,6,4,8,6.09,7,0,1,No
S15327,0,1,1,1,0,1,1,0,0,1,9,8,2,8,6.63,3,3,5,Yes
S15328,1,0,1,0,0,1,0,1,0,0,8,5,4,2,7.35,8,0,0,No
S15329,0,0,1,1,0,1,0,0,0,1,1,10,6,5,9.7,5,2,1,Yes
S15330,1,0,0,0,0,1,0,1,0,0,10,4,1,2,8.89,8,3,4,Yes
S15331,1,1,1,1,0,1,0,1,1,1,10,9,7,9,7.22,2,2,6,Yes
S15332,0,1,0,1,1,0,0,0,1,0,2,8,4,4,8.63,2,2,1,No
S15333,0,1,0,0,0,1,0,1,0,0,1,7,2,3,6.33,4,2,7,No
S15334,0,0,0,0,0,0,1,0,1,0,9,10,4,4,6.51,2,2,2,No
S15335,1,1,1,0,1,0,1,1,0,0,7,10,8,2,5.03,2,1,8,Yes
S15336,0,1,0,1,1,0,1,1,1,0,3,2,5,2,8.13,6,3,3,Yes
S15337,1,1,0,1,0,0,0,1,0,1,7,10,1,3,6.87,4,1,8,Yes
S15338,1,1,0,1,1,0,0,0,0,1,1,7,8,7,5.66,5,1,5,No
S15339,1,1,0,1,0,1,0,1,0,1,10,9,10,1,8.53,7,1,0,Yes
S15340,1,1,1,1,0,0,0,0,0,0,4,8,6,5,8.95,7,1,1,Yes
S15341,0,1,0,0,0,1,0,1,0,0,9,5,5,9,8.65,4,0,0,No
S15342,1,0,1,1,1,1,1,0,0,1,6,4,4,3,8.39,0,3,2,Yes
S15343,1,1,1,1,1,0,1,0,0,0,8,10,2,3,6.01,2,2,2,No
S15344,1,1,1,0,0,0,1,0,0,0,6,9,1,10,7.75,3,1,7,No
S15345,0,1,1,0,0,1,0,1,0,0,8,2,5,9,9.65,8,3,1,Yes
S15346,0,0,0,0,0,1,0,1,1,0,7,4,6,3,5.33,4,2,6,No
S15347,1,1,0,0,1,0,0,0,0,0,1,8,1,5,8.8,6,2,7,No
S15348,0,1,1,1,1,1,1,1,0,0,7,1,5,6,9.5,3,3,2,Yes
S15349,1,1,1,1,0,1,1,0,1,0,5,5,6,5,7.9,2,2,0,Yes
S15350,0,1,0,1,0,1,0,1,1,0,5,9,5,5,5.49,6,0,6,No
S15351,1,1,1,1,0,0,1,0,0,0,8,5,8,5,6.83,5,2,6,Yes
S15352,1,1,0,0,0,0,1,1,0,0,7,3,1,9,6.93,8,3,3,Yes
S15353,0,0,0,0,1,1,1,0,0,1,7,10,2,2,9.56,8,2,2,Yes
S15354,0,0,0,0,1,1,0,0,0,0,9,6,8,5,9.72,5,3,3,Yes
S15355,1,0,0,1,0,1,1,0,1,0,9,6,6,10,6.82,5,1,6,Yes
S15356,0,1,0,1,0,1,0,1,0,1,4,10,9,1,7.11,5,3,6,Yes
S15357,0,1,0,1,0,0,0,0,0,0,6,9,10,6,9.42,1,0,7,No
S15358,0,0,0,1,0,1,1,0,1,0,5,6,8,2,9.22,1,3,0,Yes
S15359,1,0,1,0,1,1,0,0,0,0,8,5,7,8,5.53,8,0,5,Yes
S15360,1,1,0,1,1,1,1,0,0,0,8,9,5,1,5.51,3,2,2,No
S15361,0,1,0,0,1,0,0,1,0,0,4,10,6,8,5.68,1,0,8,No
S15362,1,0,1,1,1,1,0,0,0,0,1,8,5,8,8.09,8,3,0,Yes
S15363,1,1,1,0,1,0,0,1,1,1,9,2,9,7,5.26,0,3,0,No
S15364,1,0,1,1,0,1,1,1,0,1,5,3,5,10,6.79,3,3,7,Yes
S15365,0,1,1,1,1,1,0,0,1,0,7,3,8,2,6.84,5,1,4,Yes
S15366,1,1,0,0,1,0,1,0,1,1,9,9,5,4,6.87,7,1,1,Yes
S15367,0,1,0,1,1,1,0,0,1,0,5,9,8,6,7.29,4,1,7,Yes
S15368,1,1,0,0,1,1,1,0,0,0,4,3,6,2,5.75,0,2,8,No
S15369,1,1,1,1,1,0,0,1,0,0,9,6,7,5,9.35,8,3,1,Yes
S15370,1,0,1,0,0,1,1,0,0,0,2,7,6,5,9.31,5,3,0,Yes
S15371,1,0,0,0,1,1,1,0,0,1,10,6,3,6,9.41,5,1,7,Yes
S15372,0,0,0,0,0,0,1,0,1,0,1,5,7,4,9.91,5,0,5,No
S15373,0,1,0,1,1,1,1,0,0,1,2,7,8,8,6.45,6,0,6,Yes
S15374,1,1,1,1,1,0,0,0,1,0,4,5,10,8,5.32,6,1,7,Yes
S15375,1,1,0,1,0,1,0,0,0,1,6,7,9,7,5.02,8,2,5,Yes
S15376,0,0,1,1,0,0,1,0,0,1,8,5,8,3,7.61,6,1,3,Yes
S15377,0,1,1,1,0,1,1,1,0,1,9,6,3,7,8.67,7,2,8,Yes
S15378,0,1,1,1,1,0,1,0,0,1,3,8,2,9,8.45,3,1,4,Yes
S15379,0,0,1,1,1,1,1,1,0,1,10,2,6,6,7.19,4,0,0,Yes
S15380,1,1,0,1,0,0,0,0,0,1,6,2,7,9,9.04,4,2,4,Yes
S15381,0,0,1,0,1,1,0,0,0,0,10,8,10,1,8.31,3,2,5,Yes
S15382,1,0,1,1,0,1,1,1,0,0,4,4,3,3,5.16,5,1,0,No
S15383,1,1,0,0,1,0,0,0,0,0,4,8,7,10,6.38,6,3,3,Yes
S15384,0,1,0,1,0,0,1,0,1,1,9,10,3,6,9.45,7,1,0,Yes
S15385,0,0,0,1,0,0,0,0,1,1,3,7,9,4,9.13,0,3,8,Yes
S15386,0,1,1,1,1,0,1,1,0,1,2,9,4,3,6.62,7,0,0,No
S15387,1,1,1,0,0,0,0,0,1,1,8,2,8,8,7.09,1,0,7,Yes
S15388,1,1,1,1,0,1,1,0,1,0,7,1,5,8,8.41,5,1,4,Yes
S15389,1,1,1,1,0,0,1,1,1,0,6,5,1,6,6.67,2,1,6,No
S15390,0,0,0,1,1,1,1,0,1,1,2,9,7,1,9.36,2,0,5,No
S15391,1,0,1,0,0,0,1,0,0,0,7,7,9,1,9.54,5,3,6,Yes
S15392,0,0,1,1,0,1,1,0,1,1,2,7,4,10,7.43,3,2,4,Yes
S15393,1,0,0,1,0,0,0,0,0,0,4,8,7,3,8.82,5,0,3,No
S15394,0,1,1,0,0,0,0,0,0,1,8,1,8,1,9.87,7,1,5,Yes
S15395,0,0,0,1,0,0,1,0,1,1,4,10,9,1,8.08,1,3,7,Yes
S15396,1,1,1,1,1,1,1,0,0,0,3,2,3,2,8.34,1,2,1,No
S15397,1,1,0,1,1,0,0,0,0,0,6,9,10,8,7.31,8,2,1,Yes
S15398,0,0,1,1,1,0,0,1,1,1,10,1,6,10,7.62,8,2,4,Yes
S15399,1,1,0,1,0,0,1,0,1,1,3,2,8,8,7.29,6,0,7,Yes
S15400,0,0,0,1,1,1,1,1,0,0,7,5,4,2,8.99,8,3,5,Yes
S15401,0,1,0,0,1,0,1,0,1,0,8,4,5,3,9.47,8,3,2,Yes
S15402,1,0,0,1,0,1,1,0,0,1,10,1,6,4,8.7,7,2,3,Yes
S15403,0,1,0,0,0,1,0,0,1,1,5,3,2,10,5.04,8,1,2,No
S15404,1,1,0,1,1,0,1,0,1,0,10,2,2,3,7.84,5,3,8,Yes
S15405,0,1,1,0,0,0,1,1,0,0,10,9,9,4,8.18,2,0,5,Yes
S15406,1,1,0,1,0,0,1,0,0,0,1,8,6,1,7.92,4,2,2,No
S15407,0,1,1,0,0,0,0,0,1,0,4,6,8,1,5.71,6,3,7,No
S15408,1,0,1,0,0,1,0,0,0,0,1,8,10,2,6.78,1,2,5,No
S15409,1,0,1,1,1,1,1,0,0,0,10,7,10,1,8.97,6,3,1,Yes
S15410,1,1,0,0,0,0,1,0,1,0,2,10,7,2,9.09,4,1,0,Yes
S15411,0,1,0,1,1,1,0,0,1,1,4,10,3,2,5.49,0,2,7,No
S15412,0,1,0,1,1,1,0,0,1,0,4,8,9,1,7.42,6,2,6,Yes
S15413,0,1,0,0,0,1,1,0,0,0,4,6,6,5,5.87,3,2,6,No
S15414,1,1,0,1,0,1,1,1,0,1,6,4,4,6,8.71,2,3,3,Yes
S15415,0,1,1,0,1,1,0,0,1,0,2,8,1,10,6.05,4,0,7,No
S15416,0,0,0,1,0,0,1,0,0,0,10,4,10,5,9.05,5,2,5,Yes
S15417,1,1,0,0,1,0,0,0,0,1,8,7,6,4,9.85,8,1,3,Yes
S15418,1,1,0,0,0,0,1,1,1,1,9,1,5,7,9.88,6,1,0,Yes
S15419,1,1,1,1,0,1,1,0,0,1,7,8,1,1,7.59,3,0,3,No
S15420,1,1,1,1,1,1,0,0,1,0,9,5,9,2,6.31,4,3,4,Yes
S15421,1,0,1,1,0,1,1,1,1,1,7,8,7,9,6.35,2,1,4,Yes
S15422,0,1,1,0,0,1,0,1,0,0,1,3,1,7,7.67,5,0,5,No
S15423,1,1,0,1,0,0,0,0,0,0,10,7,9,10,9.73,5,2,6,Yes
S15424,0,1,1,1,0,1,0,0,0,1,4,9,6,5,5.96,8,2,4,Yes
S15425,0,0,1,1,0,0,1,1,0,0,4,8,4,6,5.42,4,2,1,No
S15426,0,0,0,1,0,0,1,1,0,1,2,1,7,8,9.1,2,0,7,No
S15427,0,1,1,1,0,0,0,1,0,1,7,1,4,2,6.0,1,1,0,No
S15428,1,1,0,0,0,1,1,0,0,1,7,2,5,4,9.85,6,0,5,Yes
S15429,0,1,1,1,1,1,0,0,0,0,6,10,7,6,9.29,3,1,6,Yes
S15430,1,1,0,1,0,1,1,1,1,1,3,4,2,8,5.41,7,0,8,Yes
S15431,0,0,0,1,0,0,0,0,1,0,3,2,10,6,8.79,1,1,8,No
S15432,0,1,0,1,0,1,0,0,0,0,9,10,1,6,9.07,2,2,0,No
S15433,0,0,1,1,0,0,1,0,0,0,9,6,1,9,7.56,6,0,4,Yes
S15434,0,1,0,1,0,1,0,0,1,0,8,4,4,1,7.41,8,3,0,No
S15435,1,1,0,1,0,1,0,0,0,1,10,9,10,10,5.86,6,2,3,Yes
S15436,1,0,1,0,1,0,1,0,0,0,5,10,4,4,5.84,7,0,6,Yes
S15437,0,1,1,1,1,1,1,1,0,0,10,3,5,8,8.4,6,3,0,Yes
S15438,1,1,0,0,1,0,1,0,0,0,4,10,7,1,9.48,3,1,4,No
S15439,0,0,0,1,1,1,0,0,1,0,3,3,6,10,7.3,3,2,2,No
S15440,1,0,1,0,0,0,0,1,1,0,8,3,3,1,7.91,1,2,7,No
S15441,0,0,1,1,0,1,1,1,1,1,2,10,3,9,6.43,1,2,7,Yes
S15442,1,0,1,1,0,1,0,0,0,0,9,4,8,5,9.4,3,3,0,Yes
S15443,1,0,1,0,1,0,1,0,0,0,4,6,8,7,8.55,8,3,1,Yes
S15444,0,1,0,1,0,0,1,0,0,0,1,2,2,10,8.55,1,0,5,No
S15445,1,0,1,0,0,0,0,1,1,0,4,4,6,6,8.05,6,1,3,Yes
S15446,1,0,0,0,0,1,0,0,1,0,1,10,6,5,5.95,6,2,8,Yes
S15447,1,1,0,1,0,0,1,0,0,0,10,10,6,9,8.85,8,1,8,Yes
S15448,1,1,0,1,1,1,1,1,0,0,8,10,6,3,7.01,7,1,4,Yes
S15449,1,1,1,0,0,1,1,0,1,0,8,9,10,2,7.41,0,0,1,No
S15450,1,0,0,1,0,1,1,1,1,0,10,6,5,10,6.14,1,3,7,Yes
S15451,0,1,1,1,1,1,1,1,1,0,6,1,2,5,8.73,8,0,2,Yes
S15452,1,0,0,0,0,1,0,1,1,1,1,9,2,10,9.79,0,3,7,Yes
S15453,0,1,1,1,1,1,1,0,0,0,9,1,8,4,7.83,4,1,8,Yes
S15454,1,1,0,1,1,1,1,1,1,1,5,10,2,8,9.89,4,0,6,Yes
S15455,1,1,1,1,1,0,0,0,0,0,6,10,8,1,8.07,2,2,8,Yes
S15456,1,1,1,1,0,0,1,0,0,1,1,3,9,9,8.92,4,3,6,Yes
S15457,0,1,0,1,0,1,0,1,0,1,6,4,8,9,6.36,8,1,0,Yes
S15458,1,1,1,0,0,1,1,1,0,0,8,3,3,1,5.33,5,2,5,No
S15459,0,1,1,1,1,0,1,0,0,0,6,4,5,9,8.44,7,0,0,Yes
S15460,1,1,0,0,0,0,0,0,0,0,6,9,5,10,5.44,7,0,2,No
S15461,1,1,0,0,0,0,0,0,0,0,5,2,9,9,7.98,3,3,2,No
S15462,0,1,1,1,0,0,1,1,1,0,7,9,8,10,7.71,5,1,4,Yes
S15463,1,0,0,0,1,0,0,0,1,0,10,2,10,4,5.96,7,1,3,No
S15464,1,0,0,1,0,1,0,0,1,1,8,4,5,3,9.57,6,2,0,Yes
S15465,0,0,1,1,0,1,1,0,0,0,5,5,8,3,6.15,4,1,7,No
S15466,0,1,0,1,0,1,1,1,0,1,9,4,2,8,8.31,6,2,0,Yes
S15467,0,1,1,1,0,1,1,0,0,0,10,8,8,4,9.73,4,3,8,Yes
S15468,0,1,0,1,1,1,0,0,1,0,9,1,2,5,7.61,4,1,5,No
S15469,0,0,0,0,1,1,1,0,0,0,8,1,6,4,7.31,5,3,7,Yes
S15470,0,1,1,1,0,0,0,1,0,1,10,7,4,1,9.19,5,0,0,Yes
S15471,1,0,1,0,0,1,1,0,1,1,9,10,8,1,6.87,8,1,4,Yes
S15472,0,1,0,1,1,0,1,0,1,0,3,1,8,10,8.19,3,2,5,Yes
S15473,0,1,0,1,1,1,1,1,0,0,8,6,4,8,7.18,4,0,7,No
S15474,1,1,0,0,0,1,1,1,0,0,2,6,1,1,5.77,5,0,6,No
S15475,1,0,1,0,1,0,1,0,0,0,1,10,7,5,6.57,1,3,3,No
S15476,1,1,0,0,0,1,0,0,0,0,6,7,3,5,9.44,5,1,3,No
S15477,0,1,0,0,0,0,1,1,0,1,8,5,3,2,6.77,6,1,0,No
S15478,1,0,1,0,1,0,1,0,0,0,9,7,4,7,7.34,8,2,7,Yes
S15479,0,0,1,1,0,1,1,0,0,0,8,5,2,6,7.64,7,3,6,Yes
S15480,1,1,1,1,1,1,1,0,0,0,7,9,8,5,7.51,4,0,0,No
S15481,0,1,0,0,0,1,0,0,0,0,4,5,9,8,8.37,8,0,3,Yes
S15482,1,1,0,1,1,1,1,1,0,1,7,7,5,2,7.22,7,3,7,Yes
S15483,0,1,0,0,0,1,0,0,1,1,6,6,3,7,9.85,2,1,0,No
S15484,0,0,1,0,0,0,0,0,1,0,1,6,5,5,7.55,8,3,6,Yes
S15485,0,1,0,1,1,0,0,0,1,0,10,8,9,9,9.54,7,3,4,Yes
S15486,0,0,0,1,1,1,0,1,0,0,7,8,9,8,8.43,1,3,6,Yes
S15487,0,1,0,1,0,0,1,0,1,0,8,10,4,4,5.26,0,0,1,No
S15488,1,1,1,0,1,0,0,1,0,0,7,4,2,4,8.42,4,0,2,No
S15489,1,0,1,1,1,1,1,1,0,0,8,9,9,10,5.05,2,3,4,Yes
S15490,0,1,1,1,0,0,0,0,1,0,7,3,2,7,8.37,2,0,6,No
S15491,1,0,0,1,0,1,1,0,0,0,3,2,2,4,9.22,2,3,2,No
S15492,1,0,1,1,1,0,1,1,0,0,7,7,3,7,5.56,3,1,6,No
S15493,0,1,0,0,1,1,1,0,1,0,3,4,4,9,8.76,8,2,7,Yes
S15494,1,1,0,0,1,0,1,0,0,0,4,2,2,1,8.45,6,0,1,No
S15495,1,1,1,1,0,0,0,1,1,0,8,7,7,10,6.97,3,0,7,Yes
S15496,0,0,0,0,1,1,1,0,0,0,4,10,3,6,6.0,5,0,2,No
S15497,1,1,1,1,1,1,1,0,1,0,1,4,4,9,8.45,2,1,3,Yes
S15498,1,1,1,0,1,1,1,1,1,0,10,10,10,6,5.21,3,3,2,Yes
S15499,1,1,0,0,1,1,0,0,0,0,6,3,8,2,7.97,7,3,2,Yes
S15500,0,1,0,1,1,0,1,1,0,0,1,2,2,9,7.61,6,3,2,Yes
S15501,0,1,1,1,1,0,0,0,0,1,6,4,3,1,9.37,2,3,8,Yes
S15502,0,1,0,1,1,1,0,0,0,0,4,7,4,8,5.2,3,3,0,No
S15503,1,0,0,1,0,0,0,0,1,0,10,5,2,3,9.26,2,0,3,No
S15504,0,1,1,1,0,0,0,1,1,0,6,5,6,10,6.71,6,3,3,Yes
S15505,0,1,0,0,1,0,0,0,1,0,9,9,1,9,8.83,3,3,3,Yes
S15506,0,0,0,1,0,0,0,1,1,1,8,6,3,5,7.25,3,3,7,No
S15507,0,0,0,0,1,0,1,0,0,0,4,10,9,4,5.61,6,1,6,Yes
S15508,1,1,0,1,1,0,1,1,0,1,3,3,8,9,6.32,2,3,8,Yes
S15509,1,1,1,1,1,1,0,0,1,1,6,1,8,2,8.7,7,2,1,Yes
S15510,1,1,1,0,0,1,0,0,0,1,2,2,8,4,9.1,3,2,4,Yes
S15511,1,1,0,1,1,0,1,1,0,0,10,4,8,9,8.3,7,0,8,Yes
S15512,0,0,0,1,1,0,1,0,0,0,7,4,4,1,6.65,3,0,8,No
S15513,0,1,0,1,0,1,1,1,1,1,3,6,2,9,6.82,3,2,1,No
S15514,0,0,0,1,0,1,1,0,1,0,2,9,3,5,8.9,2,1,0,No
S15515,1,1,1,1,1,1,1,0,0,0,3,2,8,2,9.23,4,1,8,Yes
S15516,1,0,0,0,1,0,1,0,0,0,6,1,7,5,6.04,1,2,3,No
S15517,1,1,1,1,0,0,1,0,0,0,1,6,4,1,8.23,0,1,6,No
S15518,1,0,0,0,0,0,1,0,0,0,2,6,7,5,5.17,3,0,1,No
S15519,1,1,1,0,1,1,1,1,0,0,6,3,8,1,8.16,6,3,0,Yes
S15520,0,0,0,1,0,1,1,0,0,1,1,3,1,10,8.84,1,2,1,No
S15521,1,1,1,1,1,1,0,0,1,0,5,7,7,10,8.52,0,1,5,Yes
S15522,0,1,1,0,0,1,0,0,1,0,10,2,4,3,9.95,3,3,7,Yes
S15523,1,0,0,0,0,0,1,1,0,1,9,7,5,10,8.15,0,3,0,Yes
S15524,0,1,1,1,0,0,1,0,0,1,2,8,4,5,8.2,2,2,6,Yes
S15525,1,1,1,1,1,1,0,0,1,0,2,4,3,2,9.19,5,3,2,Yes
S15526,1,0,0,1,1,0,0,0,1,1,7,6,10,9,9.02,1,0,5,Yes
S15527,0,0,0,1,0,1,1,0,1,0,4,3,6,7,9.04,3,0,1,No
S15528,0,1,0,1,1,1,1,1,1,0,7,8,1,5,5.82,5,0,5,No
S15529,1,1,0,0,1,0,0,1,1,0,9,7,10,9,9.74,4,0,4,Yes
S15530,1,1,0,1,1,1,1,1,0,0,7,9,10,4,7.44,7,1,6,Yes
S15531,1,0,0,0,0,0,0,1,1,1,1,4,9,9,7.48,8,0,8,Yes
S15532,0,1,1,0,1,0,1,0,1,0,4,9,4,1,8.03,0,2,7,No
S15533,0,0,1,0,0,0,1,1,0,0,8,5,10,6,8.19,3,0,8,Yes
S15534,1,1,0,0,1,1,1,0,1,1,4,2,10,1,7.17,0,0,5,No
S15535,1,1,0,1,1,1,0,0,1,0,8,7,4,6,8.29,3,2,6,Yes
S15536,0,1,1,1,1,1,0,1,0,0,7,2,6,8,9.49,1,0,7,Yes
S15537,1,0,0,1,0,0,0,0,0,0,10,8,3,2,7.7,1,2,0,No
S15538,0,1,1,0,1,1,0,0,1,0,6,6,3,6,6.33,8,1,5,Yes
S15539,1,1,0,1,1,0,1,0,1,1,2,8,3,3,8.66,6,1,1,No
S15540,0,1,1,1,0,1,1,0,1,0,6,9,5,2,5.35,4,3,7,Yes
S15541,1,1,0,0,0,0,0,0,1,0,3,10,4,4,9.26,4,1,1,No
S15542,1,1,1,1,0,0,0,1,0,0,6,9,2,10,6.55,8,1,2,Yes
S15543,1,1,0,1,1,1,0,0,0,1,2,6,4,9,5.02,5,3,8,Yes
S15544,0,0,0,0,1,1,0,0,0,0,1,9,6,7,5.62,5,0,1,No
S15545,0,1,0,1,0,1,1,0,0,0,8,10,9,7,6.84,7,0,1,Yes
S15546,0,1,0,1,1,0,0,1,0,0,1,5,7,7,9.73,7,3,2,Yes
S15547,0,0,0,0,1,0,1,0,0,0,10,7,4,4,5.51,7,2,6,Yes
S15548,1,1,0,1,1,1,0,0,0,0,5,1,3,2,6.35,3,1,7,No
S15549,1,0,0,1,0,1,0,0,0,0,3,6,9,7,6.2,7,2,7,Yes
S15550,0,1,1,1,1,1,1,0,1,0,6,8,6,6,6.15,3,0,1,Yes
S15551,1,1,1,0,0,0,0,0,1,0,5,6,6,8,5.48,4,3,1,No
S15552,1,1,1,1,1,1,0,1,1,0,10,1,4,3,7.2,3,0,1,No
S15553,1,1,0,1,1,0,0,0,1,0,5,1,9,10,7.56,6,1,8,Yes
S15554,1,1,0,1,0,0,0,1,0,0,3,9,6,4,6.7,2,3,0,No
S15555,1,1,1,1,1,0,1,1,1,0,10,2,3,7,8.13,8,3,0,Yes
S15556,0,0,0,1,1,0,1,0,1,0,4,5,4,3,7.37,1,1,5,No
S15557,0,1,1,1,0,1,0,0,0,0,7,7,9,3,6.22,7,3,7,Yes
S15558,0,1,1,0,0,0,0,1,1,0,4,4,1,2,6.68,3,1,6,No
S15559,0,1,0,1,1,0,0,0,0,1,8,5,3,2,9.94,2,3,0,No
S15560,0,0,0,1,1,0,1,1,1,0,6,3,6,6,5.0,0,0,8,No
S15561,1,1,1,1,1,1,0,0,0,1,3,8,8,9,5.94,1,2,4,Yes
S15562,1,1,1,1,0,1,1,0,0,0,10,8,2,3,6.49,2,2,1,No
S15563,0,0,0,1,0,0,1,1,0,1,8,10,10,3,7.77,8,2,6,Yes
S15564,1,0,0,1,1,0,1,0,1,0,4,7,8,7,5.68,3,2,8,Yes
S15565,1,1,1,0,1,0,1,0,1,0,5,8,4,4,6.19,1,3,3,No
S15566,1,0,0,1,0,0,1,1,0,0,8,6,2,4,8.54,6,1,3,Yes
S15567,1,1,0,1,1,1,1,0,1,0,5,10,3,4,6.56,7,3,7,Yes
S15568,1,0,1,1,0,0,0,0,1,1,8,1,6,3,6.14,5,1,6,No
S15569,1,1,1,1,1,1,1,1,1,0,8,1,2,5,6.04,1,2,6,Yes
S15570,1,0,0,0,0,1,1,0,0,1,10,5,2,6,6.74,7,0,0,No
S15571,0,0,0,1,0,1,1,0,0,0,8,1,10,8,10.0,2,2,6,Yes
S15572,0,1,1,0,1,1,1,0,0,0,6,7,8,10,7.49,4,0,5,Yes
S15573,0,1,0,0,1,1,1,1,0,0,7,7,4,5,9.92,8,1,6,Yes
S15574,1,1,0,1,0,0,1,0,0,0,1,5,4,6,9.93,7,2,8,Yes
S15575,1,1,1,0,0,1,0,0,0,0,7,9,7,8,6.75,8,3,5,Yes
S15576,0,1,1,1,0,0,1,0,1,0,9,6,7,3,9.66,2,2,7,Yes
S15577,1,0,1,0,1,0,0,0,0,1,9,4,8,4,8.37,2,0,3,No
S15578,0,1,1,1,0,1,0,0,0,0,7,3,5,1,6.41,3,0,1,No
S15579,0,1,1,1,0,0,0,1,1,0,7,6,4,3,5.06,1,2,1,No
S15580,0,1,1,1,0,1,0,0,1,1,2,1,7,4,9.93,7,2,1,Yes
S15581,0,1,0,1,1,1,0,0,1,0,4,1,6,4,7.86,8,2,1,Yes
S15582,1,1,1,0,0,1,0,0,1,0,5,10,8,10,6.25,7,2,0,Yes
S15583,1,1,1,1,1,1,1,0,1,0,4,6,8,8,8.38,6,3,7,Yes
S15584,0,0,1,0,1,1,0,0,1,1,10,10,1,3,5.45,8,0,2,No
S15585,1,0,1,0,1,0,0,1,0,0,8,9,3,5,5.23,5,0,1,No
S15586,1,0,1,1,1,1,1,1,0,1,5,8,2,2,9.97,2,0,2,Yes
S15587,1,0,0,1,1,0,1,1,1,0,2,1,9,10,6.59,2,3,4,Yes
S15588,1,1,0,1,0,0,0,0,1,0,7,8,6,6,5.06,0,2,7,No
S15589,1,0,0,0,0,0,0,0,1,1,9,10,5,9,8.02,4,1,5,Yes
S15590,1,1,0,1,0,1,1,0,1,1,5,5,7,3,7.24,0,3,6,Yes
S15591,0,1,0,1,1,0,1,1,1,0,8,8,2,10,6.44,0,1,0,No
S15592,0,1,0,1,1,0,0,0,0,0,4,7,9,6,5.95,5,1,5,No
S15593,0,1,1,0,1,1,1,0,0,1,7,10,5,8,5.15,4,2,3,Yes
S15594,0,1,0,1,1,0,0,0,0,0,7,10,9,3,5.59,4,3,4,Yes
S15595,1,1,0,0,1,1,0,0,0,0,4,2,8,3,6.94,4,0,6,No
S15596,1,1,1,1,0,0,1,0,0,0,1,8,2,10,9.75,0,2,3,Yes
S15597,1,1,0,0,0,0,1,1,0,0,8,4,7,2,5.18,7,3,6,Yes
S15598,0,0,0,0,0,1,0,0,0,0,4,4,8,6,5.71,0,1,4,No
S15599,0,1,0,1,1,1,1,0,0,1,2,3,2,6,9.17,4,0,0,No
S15600,1,0,0,1,0,0,1,0,1,0,7,10,4,4,9.55,4,3,7,Yes
S15601,1,1,1,0,1,1,0,1,1,0,2,4,7,9,5.95,2,1,8,Yes
S15602,0,0,1,0,1,1,0,0,0,1,9,2,2,4,5.68,2,2,0,No
S15603,0,0,1,0,0,1,1,1,1,0,1,9,10,6,5.17,1,1,4,No
S15604,0,0,1,0,0,0,1,1,0,0,10,2,6,9,6.16,7,1,7,Yes
S15605,1,1,0,0,1,1,1,1,1,1,7,9,8,1,9.23,2,3,8,Yes
S15606,1,1,1,1,1,0,1,1,0,1,1,1,8,7,7.44,2,1,1,Yes
S15607,0,1,1,0,1,1,0,1,0,1,1,4,9,9,5.89,8,0,4,Yes
S15608,0,1,1,1,0,1,0,1,0,0,3,2,1,1,5.14,5,3,8,No
S15609,0,1,0,1,0,0,1,0,0,0,1,6,5,8,9.24,5,0,4,No
S15610,0,0,0,1,1,1,1,1,0,0,8,3,9,6,8.95,5,2,0,Yes
S15611,0,1,0,0,1,1,1,0,1,0,4,3,3,2,5.34,8,1,7,No
S15612,0,1,0,0,1,0,0,0,0,0,9,10,5,4,8.88,6,3,5,Yes
S15613,1,1,1,1,0,0,1,0,1,0,3,4,1,5,8.69,0,1,5,No
S15614,1,1,0,0,0,0,1,0,1,0,8,3,5,9,9.93,4,2,6,Yes
S15615,0,0,0,0,0,1,1,0,1,0,7,7,6,8,5.44,2,0,2,No
S15616,1,0,1,1,1,0,1,0,1,1,8,2,4,4,6.26,4,3,5,Yes
S15617,1,1,0,1,1,0,1,0,1,1,3,10,4,4,8.05,2,0,8,Yes
S15618,0,1,0,1,0,0,0,0,0,1,2,8,7,6,6.36,3,2,4,Yes
S15619,0,0,1,1,0,1,1,0,0,0,6,4,2,10,5.39,2,0,1,No
S15620,1,1,1,0,1,1,1,0,0,1,5,6,7,8,8.04,3,1,7,Yes
S15621,1,1,1,1,1,1,1,0,0,1,3,5,7,4,8.23,0,0,1,No
S15622,0,0,1,1,1,0,1,0,1,0,2,10,8,9,9.39,6,0,3,Yes
S15623,0,1,0,1,1,1,0,1,1,1,7,7,9,10,5.87,6,3,2,Yes
S15624,0,1,0,1,0,1,1,0,0,0,10,10,9,9,6.55,0,0,4,Yes
S15625,1,1,0,1,0,0,1,0,1,0,7,8,2,8,7.73,8,3,4,Yes
S15626,1,0,0,1,1,0,1,1,0,0,7,1,8,6,9.64,3,3,8,Yes
S15627,0,1,1,0,1,1,0,0,0,1,2,3,5,8,7.66,1,3,3,No
S15628,0,1,0,1,0,0,1,0,1,0,5,4,6,6,8.26,3,2,8,Yes
S15629,0,0,0,1,1,1,1,0,0,0,5,5,9,3,9.61,5,0,1,Yes
S15630,1,0,1,0,0,0,0,1,0,0,3,9,5,10,7.16,4,0,4,No
S15631,1,1,0,0,1,0,0,0,1,1,9,4,5,8,8.44,8,3,1,Yes
S15632,1,1,1,0,0,0,0,0,0,0,6,3,2,3,5.24,0,2,3,No
S15633,0,1,0,0,0,0,1,1,0,0,5,4,4,7,5.56,6,1,4,No
S15634,0,1,1,0,0,1,0,0,1,0,3,10,10,9,6.9,5,3,0,Yes
S15635,1,1,1,0,0,0,1,0,0,0,4,9,4,5,9.03,7,0,7,Yes
S15636,1,0,1,0,0,1,1,0,0,0,5,6,4,4,9.06,8,2,0,Yes
S15637,0,1,0,0,0,1,1,1,1,1,10,1,5,2,5.28,1,3,1,No
S15638,1,1,0,0,0,1,0,0,0,0,5,2,1,5,5.6,7,0,1,No
S15639,0,1,0,1,1,0,0,0,1,1,9,9,8,2,6.8,3,0,5,Yes
S15640,0,1,1,1,1,0,0,0,1,0,4,8,7,2,6.04,7,3,0,Yes
S15641,1,0,0,0,0,1,0,1,0,1,2,7,8,2,5.73,5,1,7,No
S15642,1,0,1,1,1,0,0,0,1,0,6,8,5,8,5.29,2,0,1,No
S15643,0,0,0,0,0,1,0,1,0,1,3,1,8,4,7.62,0,1,4,No
S15644,1,1,0,1,1,0,1,0,1,0,7,6,9,6,9.94,2,1,7,Yes
S15645,1,0,0,1,0,0,1,0,0,0,3,9,3,8,5.79,6,0,1,No
S15646,0,1,1,0,0,1,0,0,0,0,3,4,5,6,6.58,4,2,5,No
S15647,0,1,1,1,1,0,0,0,0,0,1,6,3,3,5.36,4,2,2,No
S15648,0,1,0,0,0,0,1,1,0,0,8,8,6,1,8.35,0,1,0,No
S15649,1,1,1,1,0,0,0,0,0,0,1,2,2,1,6.46,0,3,7,No
S15650,1,1,0,0,0,1,1,1,0,0,7,4,1,7,9.46,6,2,1,Yes
S15651,1,1,1,0,0,1,1,1,0,0,3,9,6,4,5.73,1,3,6,Yes
S15652,1,1,0,1,1,1,1,1,0,1,10,2,9,8,6.5,7,3,2,Yes
S15653,0,1,1,1,1,0,1,0,0,0,8,4,3,5,6.32,0,3,2,No
S15654,1,0,1,1,0,0,1,0,1,1,4,8,3,1,5.52,5,1,8,No
S15655,0,1,0,0,0,0,0,1,1,1,2,6,9,9,8.96,0,3,1,Yes
S15656,1,0,0,1,1,0,1,1,1,0,1,5,4,6,8.53,5,2,2,Yes
S15657,1,1,0,1,0,1,1,0,1,1,10,2,8,6,7.51,1,2,4,Yes
S15658,0,1,0,0,1,1,0,0,1,0,10,9,10,3,7.44,5,0,2,Yes
S15659,1,1,1,0,0,1,1,0,0,1,10,4,4,9,7.17,0,3,4,No
S15660,1,1,0,0,1,0,1,0,1,1,5,7,3,10,9.73,0,0,4,Yes
S15661,1,0,0,0,1,1,0,0,0,0,8,7,7,10,8.85,6,2,7,Yes
S15662,1,1,1,1,0,1,1,1,0,1,9,8,3,2,9.73,5,0,1,Yes
S15663,1,1,0,1,0,0,1,1,0,0,2,4,3,5,5.48,5,0,0,No
S15664,1,1,0,0,0,1,1,1,1,0,5,9,8,6,5.64,8,1,7,Yes
S15665,0,1,0,1,0,1,0,1,0,1,10,3,9,4,7.61,6,3,5,Yes
S15666,0,1,1,1,1,1,0,1,1,0,1,3,4,1,7.62,2,1,7,No
S15667,1,1,1,1,1,1,1,0,0,0,9,1,7,9,5.42,8,1,3,Yes
S15668,1,1,1,1,1,0,1,0,1,0,6,5,6,3,6.09,8,0,5,No
S15669,0,0,0,0,1,0,0,1,0,0,6,10,3,8,8.35,0,0,1,No
S15670,1,0,0,1,1,0,1,1,0,1,8,8,4,8,8.03,1,0,6,Yes
S15671,0,1,1,0,0,1,0,0,0,0,5,10,9,3,7.88,8,2,2,Yes
S15672,0,1,1,0,1,1,1,1,1,1,3,7,9,2,7.79,2,0,8,Yes
S15673,1,0,1,0,1,0,0,0,0,0,5,4,3,9,9.17,1,0,6,No
S15674,0,0,0,1,0,1,1,0,1,0,4,3,3,4,8.66,7,3,7,Yes
S15675,0,1,0,1,0,0,0,0,0,0,3,10,1,8,7.22,0,2,4,No
S15676,0,1,0,0,1,0,0,0,0,0,4,1,2,2,8.9,2,0,8,No
S15677,1,1,0,0,1,0,1,1,0,1,8,7,7,3,8.7,0,3,2,Yes
S15678,0,1,0,1,0,1,1,0,0,0,7,3,1,8,5.79,3,0,3,No
S15679,0,1,0,1,1,1,1,1,1,1,5,6,9,5,8.86,7,0,2,Yes
S15680,1,1,0,1,0,1,1,0,0,0,4,8,9,3,7.96,2,2,3,No
S15681,0,0,1,1,0,0,1,0,1,0,6,6,3,7,9.75,3,1,4,Yes
S15682,1,1,0,0,1,1,0,1,0,0,8,1,3,2,5.61,2,1,5,No
S15683,1,1,0,1,1,0,0,1,0,0,8,3,10,9,7.58,5,0,8,Yes
S15684,0,1,1,1,1,1,0,0,1,0,3,9,2,9,8.94,2,0,5,Yes
S15685,0,0,0,1,1,1,0,0,0,0,1,2,6,2,8.45,4,2,4,No
S15686,0,1,0,0,0,0,0,0,0,0,3,1,5,1,9.69,2,1,0,No
S15687,0,1,1,0,1,1,1,0,0,0,2,9,7,8,7.0,2,3,6,Yes
S15688,1,1,0,1,0,0,1,0,0,0,9,10,10,1,8.28,1,3,1,Yes
S15689,1,1,1,1,1,1,1,0,0,1,9,7,8,4,9.5,1,0,3,Yes
S15690,0,1,1,0,0,1,1,0,0,0,8,2,4,1,7.72,4,3,8,Yes
S15691,1,1,0,1,1,1,0,1,1,1,4,10,8,9,6.98,6,3,8,Yes
S15692,0,1,1,0,0,1,1,0,1,0,7,5,2,3,6.79,7,0,2,No
S15693,1,1,1,0,1,1,1,0,0,0,9,2,10,5,9.33,6,3,1,Yes
S15694,1,1,1,1,0,1,0,0,1,0,10,1,9,7,9.22,6,3,6,Yes
S15695,1,1,0,1,0,1,1,0,1,0,2,5,10,8,9.09,6,2,6,Yes
S15696,1,1,0,1,0,1,1,1,0,0,9,5,3,2,5.28,5,1,0,No
S15697,0,1,0,0,0,1,1,0,1,0,2,2,4,3,6.57,8,1,8,No
S15698,0,0,0,0,0,1,1,0,1,0,3,6,1,2,8.4,2,2,5,No
S15699,0,0,0,0,0,1,1,0,0,0,8,7,4,3,7.36,2,3,1,No
S15700,1,0,0,1,0,1,1,0,0,1,7,10,6,1,8.79,7,0,8,Yes
S15701,1,1,0,1,0,0,1,0,1,1,8,8,1,9,8.14,0,0,0,No
S15702,1,1,0,0,1,1,1,0,1,0,5,3,7,5,7.38,2,1,1,No
S15703,1,1,0,1,1,0,1,0,0,0,6,5,9,6,7.15,3,1,0,No
S15704,1,1,1,0,0,1,0,1,0,0,5,7,6,10,5.62,5,0,0,No
S15705,1,1,0,0,0,0,0,0,0,0,6,8,1,10,7.98,7,3,7,Yes
S15706,1,1,0,0,1,0,0,0,1,1,1,6,1,2,6.64,2,3,5,No
S15707,1,1,0,1,0,1,1,1,1,0,5,6,4,9,9.98,6,2,2,Yes
S15708,1,1,1,0,0,1,1,0,0,1,2,5,1,9,9.86,7,0,8,Yes
S15709,0,0,1,0,0,1,1,0,0,0,7,2,9,10,5.33,7,0,5,No
S15710,1,1,1,0,0,1,1,0,0,1,5,10,1,7,7.25,7,0,8,Yes
S15711,1,1,1,1,0,1,1,0,0,1,3,4,9,4,7.27,6,2,8,Yes
S15712,0,1,0,1,1,0,1,1,0,0,7,6,2,10,5.88,2,2,1,No
S15713,1,0,0,0,0,0,0,0,1,1,5,2,4,8,5.64,4,0,7,No
S15714,0,0,1,1,0,0,1,1,0,0,5,4,3,4,6.69,7,3,2,Yes
S15715,1,1,0,0,1,1,0,0,0,0,5,10,7,3,7.53,0,2,5,Yes
S15716,0,1,0,1,1,0,1,1,0,0,3,9,1,3,8.39,7,0,5,No
S15717,1,0,1,0,0,1,1,0,0,1,7,3,3,10,8.19,6,0,0,Yes
S15718,0,1,0,1,1,0,0,1,0,0,3,8,1,9,6.43,6,1,0,No
S15719,1,0,1,0,1,0,0,1,0,0,4,9,7,6,6.42,4,1,8,Yes
S15720,0,1,0,1,0,0,1,0,0,1,7,9,8,4,9.13,8,1,0,Yes
S15721,1,1,1,0,1,1,0,0,1,0,5,9,4,1,8.62,8,0,3,Yes
S15722,1,0,1,1,0,1,1,1,0,1,4,1,8,9,8.11,0,2,5,Yes
S15723,0,1,1,1,1,1,1,0,1,1,1,9,1,10,8.86,3,3,3,Yes
S15724,1,1,0,0,1,0,1,0,0,1,9,6,1,9,6.67,3,2,5,Yes
S15725,0,1,1,1,1,0,0,1,0,0,2,5,4,10,5.9,0,0,8,No
S15726,1,0,1,0,0,1,1,1,0,0,2,6,8,9,9.61,6,3,6,Yes
S15727,1,1,0,1,0,0,0,0,0,0,8,7,4,7,6.49,1,1,6,Yes
S15728,0,1,1,1,1,1,0,1,0,0,10,2,4,8,6.12,3,3,5,Yes
S15729,1,1,0,1,1,1,1,0,0,1,8,6,3,10,5.86,8,3,4,Yes
S15730,1,0,0,1,0,0,0,1,0,1,5,8,3,10,5.6,5,3,2,Yes
S15731,0,1,0,1,0,0,1,1,0,0,5,4,7,8,8.09,2,3,5,Yes
S15732,0,1,1,1,0,0,1,0,0,0,1,2,4,2,7.29,6,2,6,No
S15733,0,1,0,1,1,0,0,0,1,1,6,9,7,6,5.42,1,0,8,No
S15734,1,0,1,1,1,0,1,0,0,1,10,2,9,3,5.57,3,0,5,No
S15735,1,0,0,0,0,0,1,0,0,0,1,6,7,7,8.9,6,3,5,Yes
S15736,1,1,0,0,0,0,0,0,0,1,7,6,2,6,6.14,0,3,0,No
S15737,1,0,1,1,1,0,1,1,1,0,7,5,2,4,9.63,5,1,0,Yes
S15738,0,1,0,0,0,0,0,0,0,0,5,1,7,3,8.27,7,3,8,Yes
S15739,1,1,0,1,1,0,0,1,1,1,8,3,5,2,7.34,6,1,6,No
S15740,1,0,0,1,0,1,1,0,1,0,6,8,1,4,8.42,7,2,4,Yes
S15741,1,1,1,0,0,1,1,0,1,0,9,6,8,2,8.47,1,1,3,Yes
S15742,0,1,1,1,0,0,1,0,0,0,7,2,7,10,8.36,2,3,4,Yes
S15743,0,0,1,1,1,0,0,0,0,0,7,7,9,9,8.33,7,2,8,Yes
S15744,0,1,0,1,0,1,0,0,0,1,8,10,5,7,7.01,6,2,8,Yes
S15745,1,1,0,0,0,1,1,0,0,1,3,2,2,5,9.49,3,1,2,No
S15746,0,0,1,1,1,1,0,0,0,0,9,1,9,5,9.97,5,3,2,Yes
S15747,0,1,1,1,1,0,0,1,1,0,5,6,3,3,9.74,5,3,7,Yes
S15748,1,1,1,1,1,0,1,0,1,1,2,9,3,1,8.23,1,2,0,No
S15749,1,1,1,1,1,1,0,0,1,0,7,2,3,5,6.29,1,3,8,No
S15750,1,1,0,0,0,1,1,0,0,1,6,3,7,1,9.15,2,3,6,Yes
S15751,1,0,0,0,0,1,1,1,1,0,2,1,2,7,5.18,1,2,3,No
S15752,0,1,1,1,1,1,0,1,1,0,4,6,7,1,8.71,0,1,2,No
S15753,1,1,0,1,1,1,1,1,0,0,2,6,4,6,6.79,1,0,2,No
S15754,1,0,0,1,1,1,1,0,0,1,1,6,9,7,7.61,7,2,8,Yes
S15755,0,1,0,0,0,1,0,0,0,0,1,7,1,1,9.94,8,0,7,No
S15756,0,1,0,1,1,0,0,0,0,0,3,6,8,8,8.38,0,2,3,No
S15757,0,0,1,0,0,0,0,0,0,1,7,9,2,7,5.78,8,1,2,No
S15758,1,0,0,1,1,0,1,0,1,1,5,9,1,9,6.1,8,1,4,No
S15759,1,1,1,1,0,1,1,1,0,1,10,1,10,5,6.87,4,2,1,Yes
S15760,1,1,0,0,1,0,0,0,0,0,9,10,6,3,6.02,2,1,7,Yes
S15761,1,1,1,1,0,0,1,1,0,0,8,9,6,9,7.28,5,0,3,Yes
S15762,1,1,1,0,0,1,1,0,1,0,1,10,8,2,6.53,5,2,8,Yes
S15763,0,1,1,0,0,1,1,0,1,0,1,1,2,3,5.07,1,2,0,No
S15764,1,0,0,1,1,1,1,1,0,1,9,7,4,6,7.3,0,0,3,Yes
S15765,1,1,0,1,0,0,1,1,0,0,1,8,1,7,9.63,8,0,3,Yes
S15766,1,0,0,1,0,1,0,0,0,1,10,5,10,6,8.17,6,2,1,Yes
S15767,0,0,0,0,1,0,1,1,0,1,8,1,9,4,5.72,7,3,0,No
S15768,0,1,0,0,1,0,0,0,1,0,6,8,4,6,8.66,7,1,8,Yes
S15769,0,1,1,0,1,1,0,0,0,1,2,5,6,10,6.36,5,0,6,No
S15770,1,0,1,1,0,0,0,0,0,0,3,6,5,10,5.33,2,3,7,No
S15771,1,0,0,1,0,1,0,1,1,0,4,9,7,6,9.71,3,1,2,Yes
S15772,1,0,0,0,0,0,1,1,1,1,9,2,7,9,9.28,2,3,0,Yes
S15773,1,1,1,0,1,0,0,0,1,0,6,7,1,5,6.48,7,0,2,No
S15774,0,1,1,1,0,0,1,1,0,0,4,5,4,2,8.85,6,3,1,Yes
S15775,0,0,0,0,1,1,1,1,0,0,6,8,4,2,9.07,2,1,8,Yes
S15776,0,1,1,0,1,1,0,0,1,0,3,4,1,9,7.04,1,2,0,No
S15777,0,0,1,0,1,1,1,0,0,0,3,8,7,7,7.76,7,1,5,Yes
S15778,0,1,1,1,1,0,1,0,0,1,2,8,3,5,9.8,6,1,8,Yes
S15779,1,0,1,1,1,1,1,0,0,0,9,3,7,3,9.54,5,1,4,Yes
S15780,0,1,0,1,0,1,1,0,0,1,2,5,9,5,8.39,0,0,3,No
S15781,1,0,0,0,1,0,0,0,0,1,6,6,1,6,8.97,6,3,0,Yes
S15782,0,1,0,1,1,0,0,0,0,0,5,5,8,6,8.95,0,0,8,Yes
S15783,1,0,0,1,0,0,1,0,0,0,9,5,4,4,6.59,2,2,5,No
S15784,1,1,0,0,1,1,1,0,1,1,6,2,7,9,5.56,7,1,6,Yes
S15785,0,1,0,0,1,1,0,0,0,1,9,10,10,2,8.13,3,3,7,Yes
S15786,1,1,0,1,0,0,0,0,0,1,4,2,7,6,7.77,0,2,5,No
S15787,1,0,0,1,1,0,0,0,1,0,6,9,10,3,7.12,2,2,5,Yes
S15788,1,1,0,0,0,1,1,0,1,1,3,8,2,8,5.12,0,3,0,No
S15789,1,1,1,0,0,0,1,0,0,1,3,2,4,10,6.5,3,2,8,No
S15790,0,1,0,0,0,1,0,0,0,0,9,7,8,4,5.93,2,1,1,No
S15791,0,1,1,1,0,0,1,0,1,1,8,4,7,8,7.1,3,3,1,Yes
S15792,1,1,1,1,1,1,1,1,1,0,8,10,5,1,9.85,5,2,3,Yes
S15793,1,1,0,0,1,0,1,0,0,0,3,5,3,7,6.18,4,2,3,No
S15794,0,0,0,0,1,1,0,0,0,0,3,5,2,2,5.23,0,1,2,No
S15795,1,1,1,1,1,0,1,0,1,0,7,5,10,4,5.19,5,2,2,Yes
S15796,1,1,0,0,0,1,1,0,0,1,7,8,2,4,6.62,7,0,0,No
S15797,1,0,1,0,0,0,0,0,0,0,6,9,9,8,5.06,3,3,2,No
S15798,0,0,1,1,0,0,0,0,0,1,9,7,7,5,6.53,6,0,2,No
S15799,1,0,1,0,0,1,0,1,0,0,7,3,9,3,7.86,0,0,3,No
S15800,1,1,1,1,1,1,1,0,0,0,10,7,10,9,7.71,3,0,4,Yes
S15801,1,1,0,1,1,1,0,0,0,0,3,2,2,9,7.09,3,2,4,No
S15802,1,1,1,1,1,0,1,0,1,1,3,9,9,6,6.64,5,1,1,Yes
S15803,0,1,0,1,0,0,0,0,1,0,8,5,7,7,9.85,4,0,3,Yes
S15804,1,1,0,1,1,0,1,0,0,0,4,7,7,7,5.21,5,3,3,Yes
S15805,1,0,0,0,0,0,1,1,1,1,2,3,3,10,7.28,5,2,8,Yes
S15806,1,1,1,0,1,0,0,1,0,0,9,2,1,6,8.74,1,1,1,No
S15807,1,1,1,1,0,1,0,0,1,0,9,7,4,9,7.07,5,2,5,Yes
S15808,0,1,0,1,1,0,1,0,0,0,4,1,7,1,7.24,6,2,4,No
S15809,0,1,1,1,1,0,1,0,0,0,1,1,1,8,6.45,8,0,1,No
S15810,1,1,0,1,1,1,0,0,0,0,8,8,5,9,6.38,2,0,8,No
S15811,1,1,0,0,0,1,0,0,0,0,7,1,9,5,6.39,2,2,5,No
S15812,1,1,1,1,0,0,1,0,0,1,6,4,9,1,8.86,0,1,1,No
S15813,0,1,0,1,0,1,0,0,1,1,10,8,1,7,8.93,4,3,8,Yes
S15814,0,0,0,0,0,0,1,0,1,0,4,1,10,4,7.74,3,3,3,No
S15815,1,0,0,0,1,0,0,0,0,0,2,1,1,8,8.0,2,1,2,No
S15816,0,0,0,1,0,1,1,0,1,0,5,10,9,3,6.38,0,2,8,Yes
S15817,0,1,0,1,0,0,1,0,1,0,4,3,3,5,7.8,7,2,2,No
S15818,0,0,0,0,1,1,0,0,0,0,8,8,7,5,5.38,2,1,6,No
S15819,1,1,0,0,1,0,1,0,1,0,7,8,10,7,7.41,5,0,7,Yes
S15820,1,0,0,0,0,1,0,1,0,1,1,10,9,3,8.39,8,3,1,Yes
S15821,1,1,1,1,0,1,1,0,1,1,10,1,7,1,7.33,0,2,1,No
S15822,0,1,1,0,0,0,0,0,0,0,10,6,4,1,9.6,0,2,1,No
S15823,0,1,0,0,0,0,1,1,0,0,5,1,2,10,9.3,0,3,6,No
S15824,0,1,0,0,1,0,1,0,0,0,8,9,4,5,8.88,5,1,8,Yes
S15825,1,1,0,1,1,0,1,0,0,1,1,3,6,3,6.42,2,0,2,No
S15826,1,0,0,0,1,1,0,0,0,1,7,3,10,2,8.49,5,0,3,No
S15827,1,1,1,1,0,1,1,0,0,0,7,5,3,6,8.39,0,2,3,No
S15828,0,1,1,1,1,0,0,0,0,1,2,4,8,5,7.73,5,1,4,No
S15829,1,1,0,1,0,1,0,0,1,0,8,4,2,4,8.95,4,0,4,Yes
S15830,1,1,0,1,0,1,1,1,0,0,8,9,3,4,6.15,5,2,5,Yes
S15831,0,0,0,1,0,1,1,1,0,0,6,2,6,9,6.3,6,2,0,No
S15832,1,1,1,0,1,0,1,0,0,0,3,2,2,1,9.78,6,1,1,No
S15833,1,0,1,0,1,1,0,0,0,1,1,4,7,6,5.99,6,1,6,No
S15834,1,1,0,1,1,1,0,0,0,1,3,8,4,6,9.81,2,1,2,No
S15835,0,0,0,0,0,0,0,0,1,1,3,7,6,2,6.0,2,2,8,No
S15836,0,1,0,1,1,0,1,0,0,0,7,7,1,7,7.11,7,2,4,Yes
S15837,0,0,1,0,1,1,0,0,1,0,5,2,10,10,5.52,1,0,8,No
S15838,1,1,0,1,1,1,1,0,0,1,7,5,8,6,6.91,3,0,5,Yes
S15839,0,0,0,1,0,0,0,0,1,1,9,8,8,1,5.41,7,2,8,Yes
S15840,0,1,0,0,1,1,1,0,0,0,4,2,8,6,9.61,2,3,2,Yes
S15841,0,1,0,1,1,0,1,1,0,1,9,9,8,1,6.48,0,2,1,Yes
S15842,0,1,0,1,1,1,0,0,0,0,10,4,9,9,5.62,8,3,3,Yes
S15843,1,1,1,1,1,1,1,0,0,0,6,3,6,9,7.35,4,0,4,No
S15844,1,1,0,0,0,1,1,0,1,0,7,2,7,9,9.02,5,2,0,Yes
S15845,1,1,1,1,0,0,1,0,0,1,3,8,1,5,8.47,2,1,3,No
S15846,0,1,1,1,1,0,1,0,0,0,2,2,6,5,5.21,2,0,5,No
S15847,0,0,0,1,1,0,0,1,1,1,6,6,4,1,6.64,3,3,5,No
S15848,0,0,1,1,1,0,1,0,0,0,1,1,3,7,5.93,8,2,3,No
S15849,1,1,0,1,0,1,1,0,0,0,3,5,3,8,5.01,1,1,2,No
S15850,1,1,0,0,1,0,1,0,0,0,7,9,4,9,7.42,6,1,7,Yes
S15851,1,1,1,1,0,1,0,0,0,1,2,2,4,8,7.36,8,2,1,Yes
S15852,0,0,1,1,1,1,1,1,0,0,1,7,5,10,7.52,8,2,4,Yes
S15853,1,0,0,1,0,0,0,0,0,0,4,3,7,7,7.61,4,1,1,No
S15854,0,0,0,0,0,0,1,0,0,0,9,5,3,5,5.44,4,3,4,No
S15855,1,0,0,1,0,0,0,0,0,1,1,2,1,8,9.67,6,0,6,No
S15856,1,0,0,0,1,1,1,0,0,0,7,8,8,6,5.24,7,2,2,Yes
S15857,0,0,0,1,0,1,0,1,1,1,7,5,5,2,7.07,7,3,2,Yes
S15858,1,1,0,0,0,0,0,0,0,0,4,5,9,9,9.73,7,3,7,Yes
S15859,1,0,1,1,1,0,1,1,0,0,3,8,9,6,5.92,7,3,5,Yes
S15860,1,0,1,1,1,0,1,0,1,0,4,5,5,8,5.99,6,2,7,Yes
S15861,1,1,0,0,1,1,0,1,1,0,8,8,10,4,9.56,1,0,7,Yes
S15862,0,1,0,0,0,0,0,0,1,0,9,9,6,6,9.17,1,1,6,No
S15863,0,1,0,0,0,0,0,0,0,0,3,1,5,4,9.81,4,3,3,No
S15864,1,0,0,1,0,0,0,0,1,1,2,2,1,6,6.19,5,3,7,No
S15865,0,1,1,1,0,1,1,1,0,1,9,6,9,7,9.62,6,0,2,Yes
S15866,1,1,1,0,0,1,0,1,1,0,9,4,4,10,8.5,1,1,5,Yes
S15867,0,0,0,1,1,0,0,0,0,0,4,1,9,10,6.88,7,1,7,No
S15868,0,1,0,1,0,1,1,0,1,1,7,1,4,9,9.93,2,2,1,Yes
S15869,0,0,1,0,0,1,1,0,0,1,1,4,7,1,8.92,5,1,0,Yes
S15870,1,0,1,1,1,0,0,0,0,0,4,7,5,5,9.34,0,0,7,No
S15871,1,0,0,1,0,1,1,1,0,0,6,6,6,9,8.92,1,1,6,Yes
S15872,1,1,0,0,1,1,0,0,0,0,3,8,9,5,5.57,7,0,4,No
S15873,0,0,1,0,1,0,0,0,1,0,2,7,10,10,6.73,3,0,4,No
S15874,1,1,0,1,0,1,0,0,1,0,1,5,1,3,5.63,4,3,4,No
S15875,1,1,0,1,0,1,0,0,0,0,7,1,10,5,8.24,1,0,7,No
S15876,0,1,0,1,0,0,1,1,1,1,5,3,3,6,9.2,0,0,1,No
S15877,1,1,0,1,1,1,1,0,0,0,10,10,6,2,8.28,7,3,5,Yes
S15878,1,0,0,0,1,1,1,0,1,1,9,7,4,9,5.83,2,2,0,Yes
S15879,1,1,1,1,0,0,1,0,0,0,3,6,9,6,8.63,8,0,4,Yes
S15880,1,0,0,1,1,0,1,0,1,0,8,2,9,6,9.67,8,0,8,Yes
S15881,1,1,1,1,0,1,0,0,0,0,6,7,3,2,7.3,6,3,7,Yes
S15882,1,1,0,1,1,1,0,0,1,1,7,8,8,1,8.0,2,0,8,Yes
S15883,1,1,0,1,1,0,1,1,1,0,9,10,10,3,7.99,4,2,8,Yes
S15884,1,1,1,1,1,0,1,0,0,0,10,2,7,6,5.48,1,3,6,Yes
S15885,0,0,1,0,0,0,1,0,0,1,10,8,4,6,8.01,7,1,6,Yes
S15886,1,0,1,1,1,0,1,0,0,1,2,1,5,9,7.89,7,0,3,Yes
S15887,0,1,0,1,1,1,1,0,0,1,2,10,3,2,5.29,8,3,1,No
S15888,1,0,0,1,1,0,1,0,0,0,1,10,4,4,8.14,5,1,0,No
S15889,1,1,1,0,1,0,1,0,0,1,4,2,4,5,8.85,0,0,4,No
S15890,0,1,1,1,0,0,0,0,0,0,1,5,1,6,8.84,4,1,6,No
S15891,1,1,1,1,0,0,1,1,0,1,10,8,1,6,5.4,8,0,6,Yes
S15892,1,1,1,1,1,1,1,0,1,0,3,6,3,9,5.36,4,1,6,Yes
S15893,0,0,0,0,1,0,0,1,1,0,1,4,4,2,5.99,4,3,3,No
S15894,0,1,1,1,1,1,1,1,0,0,2,9,1,3,8.78,8,0,5,Yes
S15895,1,1,0,1,0,1,0,0,0,0,5,5,7,7,8.9,1,1,1,No
S15896,1,1,1,1,1,1,1,0,1,0,3,10,9,4,8.42,4,1,6,Yes
S15897,0,1,1,1,0,0,1,0,0,0,4,6,1,1,6.31,2,0,0,No
S15898,0,1,0,1,1,1,1,0,0,0,8,8,4,8,7.12,7,1,5,Yes
S15899,1,1,1,0,0,0,1,1,1,0,8,2,7,9,8.54,8,1,3,Yes
S15900,1,0,1,0,0,1,0,0,0,0,7,5,3,8,8.42,5,1,4,Yes
S15901,1,1,1,0,0,1,0,0,0,0,5,3,8,2,5.12,0,0,8,No
S15902,1,1,1,0,0,1,1,1,1,0,7,5,10,7,7.68,3,0,0,Yes
S15903,1,1,0,1,1,0,1,0,0,0,7,9,2,2,5.21,4,3,3,No
S15904,1,1,1,1,0,0,0,1,0,1,3,10,2,8,8.33,6,0,5,Yes
S15905,1,0,0,0,0,0,1,0,1,1,3,1,9,10,8.48,4,3,8,Yes
S15906,1,1,0,1,0,1,1,0,1,1,10,3,7,3,5.24,4,3,7,Yes
S15907,0,1,0,0,0,1,0,0,0,0,1,6,3,10,8.4,7,2,5,No
S15908,1,1,0,0,1,0,1,0,0,0,6,9,4,7,6.65,2,0,8,Yes
S15909,1,0,1,1,1,0,1,0,0,1,10,9,5,1,7.34,6,0,4,Yes
S15910,1,0,0,0,0,0,1,1,1,1,10,4,1,9,5.24,0,1,6,No
S15911,0,1,1,1,0,0,0,0,1,1,4,6,1,8,6.08,5,2,0,No
S15912,0,1,0,1,1,0,0,0,0,0,1,3,4,5,8.78,5,2,2,No
S15913,0,1,0,0,0,1,1,0,0,0,7,6,3,5,8.64,5,3,5,No
S15914,1,0,1,1,0,0,1,1,0,0,4,1,3,6,7.32,8,0,4,No
S15915,0,1,1,1,1,1,0,0,1,1,6,5,6,4,7.58,1,3,4,Yes
S15916,1,1,1,1,1,0,0,0,0,0,5,7,4,6,5.27,1,1,2,No
S15917,1,1,0,1,0,0,1,1,0,1,3,1,7,2,9.54,6,3,4,Yes
S15918,0,1,1,1,0,1,1,0,0,1,7,2,4,5,7.32,5,3,4,No
S15919,0,1,0,0,1,1,1,1,0,1,8,4,3,9,9.36,4,0,0,Yes
S15920,0,1,1,0,0,1,1,0,1,0,3,3,2,5,9.08,7,1,3,No
S15921,0,1,1,0,1,1,1,0,0,0,5,3,4,1,9.95,3,1,5,No
S15922,0,1,1,1,0,1,1,0,0,1,5,9,2,10,5.75,0,1,7,No
S15923,1,1,1,1,1,0,0,0,0,1,3,1,2,4,7.46,0,3,3,No
S15924,1,1,1,1,0,0,0,0,0,0,9,6,9,4,5.39,6,1,8,No
S15925,1,1,1,0,0,1,0,1,0,0,5,5,10,5,5.74,2,2,2,No
S15926,0,0,1,1,1,0,0,0,1,0,1,4,5,4,8.39,5,3,0,No
S15927,1,1,0,1,0,0,0,0,0,0,6,4,8,5,6.51,0,2,7,No
S15928,0,1,0,1,0,1,1,1,0,0,4,10,9,9,7.74,1,0,0,No
S15929,1,0,0,1,1,1,1,0,0,0,8,3,9,2,8.11,6,3,8,Yes
S15930,1,1,1,0,0,1,1,0,1,0,9,3,8,8,7.81,0,3,7,Yes
S15931,1,1,1,1,0,1,1,1,0,0,6,2,1,7,9.03,3,0,5,No
S15932,1,1,1,0,0,1,1,1,0,0,1,6,1,10,7.41,1,1,8,No
S15933,0,1,1,0,0,0,1,0,1,1,4,7,6,7,8.81,2,2,4,Yes
S15934,1,1,0,0,1,1,1,1,0,1,7,10,9,9,6.26,3,2,5,Yes
S15935,1,1,0,1,1,1,0,0,0,0,3,8,1,8,9.3,2,1,8,No
S15936,1,0,0,1,0,1,1,1,0,1,3,4,6,4,9.95,3,1,6,Yes
S15937,1,0,0,0,1,0,0,0,0,1,4,7,7,8,7.41,5,1,3,No
S15938,1,1,0,0,0,0,1,1,0,0,10,5,10,1,8.08,7,2,3,Yes
S15939,1,0,0,0,1,1,0,1,0,0,5,3,5,6,6.89,6,1,6,No
S15940,0,1,1,1,0,1,1,1,1,0,2,4,7,7,5.3,5,2,7,Yes
S15941,1,0,0,1,1,0,0,1,1,1,10,5,10,6,5.56,0,3,4,Yes
S15942,1,1,0,1,1,1,1,0,1,1,9,1,9,10,8.78,1,1,4,Yes
S15943,0,0,1,1,0,1,0,1,1,0,3,4,4,10,8.46,2,1,0,No
S15944,1,1,1,1,0,0,0,0,0,1,6,1,9,3,8.74,6,1,7,Yes
S15945,1,1,1,0,0,0,1,1,0,0,9,6,3,3,7.51,4,1,2,No
S15946,1,1,0,1,1,1,0,1,0,0,3,10,2,9,9.28,8,0,4,Yes
S15947,1,0,1,1,0,0,1,0,1,0,1,6,10,1,8.7,6,0,7,Yes
S15948,0,1,0,1,1,1,0,0,1,1,4,9,4,6,9.4,7,3,2,Yes
S15949,1,1,0,1,1,1,1,0,0,1,10,6,4,1,8.72,0,2,5,Yes
S15950,0,1,1,1,0,1,1,1,0,0,1,3,4,5,7.88,7,1,1,Yes
S15951,0,1,0,0,1,0,1,0,1,0,9,10,3,10,7.44,7,0,6,Yes
S15952,1,0,1,0,1,1,1,0,0,0,6,8,2,9,9.73,8,3,6,Yes
S15953,1,0,1,1,1,1,0,0,0,1,4,7,5,4,6.83,0,0,5,No
S15954,1,0,0,0,0,1,1,1,0,0,5,4,6,1,5.81,2,1,5,No
S15955,1,0,0,1,0,1,0,0,0,0,2,8,9,10,7.21,2,1,4,No
S15956,0,1,0,0,0,0,1,0,0,0,5,10,3,7,7.56,0,3,3,No
S15957,0,1,1,1,1,1,1,0,1,0,6,9,8,3,9.0,7,0,0,Yes
S15958,1,1,0,1,0,1,0,1,1,0,2,8,9,6,9.03,0,0,5,No
S15959,1,0,0,1,1,0,1,0,0,0,6,4,9,3,5.34,1,1,0,No
S15960,1,0,0,1,0,1,0,1,1,0,10,6,2,1,6.86,0,0,6,No
S15961,0,1,0,1,1,0,0,0,0,0,8,7,10,4,6.33,1,0,1,No
S15962,0,1,1,0,1,1,0,1,1,0,2,6,5,8,9.63,6,2,4,Yes
S15963,0,1,1,1,0,1,0,0,0,0,5,1,1,7,9.68,6,1,3,No
S15964,1,1,0,1,0,1,1,1,0,0,9,2,1,1,7.46,2,0,2,No
S15965,0,0,0,0,1,0,1,1,0,0,4,10,1,3,8.82,1,0,0,No
S15966,1,1,0,0,1,1,1,1,0,0,6,5,6,2,7.33,7,0,6,Yes
S15967,1,0,1,1,0,0,1,0,1,1,6,6,5,6,5.19,5,1,4,No
S15968,1,0,0,1,0,0,0,1,1,0,6,6,5,2,7.69,0,0,0,No
S15969,1,0,0,0,0,0,1,0,0,0,2,1,4,2,7.53,3,3,5,No
S15970,0,0,0,0,1,1,1,1,0,1,5,7,2,9,7.13,4,1,5,No
S15971,0,1,0,0,1,0,0,0,1,0,5,3,9,7,6.72,1,1,7,No
S15972,1,0,1,1,0,0,0,0,0,0,3,5,7,4,6.46,8,3,8,No
S15973,0,1,0,1,0,1,1,0,1,1,3,4,4,4,8.19,8,3,5,Yes
S15974,1,0,0,1,1,0,0,0,1,0,5,9,7,6,8.0,3,3,2,Yes
S15975,0,1,1,1,0,1,0,0,0,0,4,6,9,6,7.74,1,2,4,No
S15976,0,1,1,0,0,1,1,0,0,1,4,8,10,2,5.11,3,1,5,No
S15977,1,1,0,0,1,1,1,1,1,0,2,4,1,9,5.8,6,1,5,No
S15978,0,1,0,0,0,1,1,0,0,0,5,7,1,5,8.35,2,2,0,No
S15979,1,0,1,1,0,0,1,0,0,0,7,1,4,1,7.51,0,0,8,No
S15980,1,0,0,1,0,0,0,0,0,0,5,8,3,7,9.45,2,1,2,No
S15981,0,1,1,0,0,0,0,0,0,1,9,1,9,7,7.28,8,0,8,Yes
S15982,0,1,0,0,0,1,0,0,0,0,7,2,10,10,9.75,8,3,4,Yes
S15983,0,0,0,1,0,1,0,0,0,1,2,7,1,8,7.71,8,2,7,Yes
S15984,0,1,0,0,1,1,1,0,0,0,3,4,4,2,6.96,6,0,6,No
S15985,1,0,0,1,1,0,0,0,1,0,7,8,1,9,8.63,0,3,7,Yes
S15986,1,1,0,1,0,0,0,0,0,0,2,9,9,1,7.87,4,1,2,No
S15987,0,1,1,1,1,1,0,0,0,0,6,7,1,4,7.44,0,1,2,No
S15988,1,0,0,1,1,1,0,1,0,1,4,5,5,5,6.5,8,1,8,Yes
S15989,0,1,1,1,1,1,1,1,0,0,3,7,6,2,8.35,6,3,5,Yes
S15990,1,1,1,0,1,0,1,0,0,0,7,8,1,4,6.86,0,2,0,No
S15991,0,0,0,0,1,0,1,1,0,0,4,10,6,4,7.41,6,3,6,Yes
S15992,1,0,1,1,1,1,0,0,1,0,8,7,7,1,9.96,3,3,0,Yes
S15993,0,0,1,0,0,1,0,0,1,0,3,1,10,10,6.53,7,0,4,No
S15994,0,1,0,1,1,0,1,0,1,1,8,7,4,5,7.89,7,3,0,Yes
S15995,0,1,0,0,1,1,1,1,0,0,2,4,5,7,6.43,3,2,6,No
S15996,1,1,1,1,1,1,1,1,0,0,5,2,5,1,6.96,8,1,8,Yes
S15997,0,1,1,1,1,0,0,0,0,1,4,6,5,8,6.01,6,1,6,No
S15998,0,0,1,0,0,1,1,0,1,0,10,3,6,1,9.08,6,2,1,Yes
S15999,0,1,1,0,0,1,0,0,0,0,9,6,3,9,6.6,7,1,6,No
S16000,0,1,1,1,1,1,0,1,0,0,4,2,3,1,7.19,2,0,3,No
S16001,1,0,0,0,0,0,1,0,0,1,4,3,9,3,8.65,3,1,6,No
S16002,1,0,1,1,0,1,1,1,1,0,7,9,2,9,7.24,8,2,6,Yes
S16003,1,1,1,0,0,0,1,0,1,0,10,8,7,6,7.77,5,3,6,Yes
S16004,1,1,1,0,1,1,1,0,0,0,5,6,7,6,5.93,1,0,3,No
S16005,0,0,0,1,0,1,0,0,1,1,9,4,4,5,7.62,0,3,1,No
S16006,1,1,1,0,1,1,0,0,0,0,6,8,6,6,7.82,4,2,5,Yes
S16007,1,0,1,1,0,0,1,1,0,1,9,6,4,4,6.02,2,1,3,No
S16008,1,0,1,1,1,0,1,0,0,1,5,10,5,4,6.03,8,3,3,Yes
S16009,1,1,0,1,0,1,0,1,0,0,7,6,7,3,8.73,8,2,2,Yes
S16010,1,1,1,0,1,1,0,1,0,0,5,1,2,2,6.26,1,0,0,No
S16011,1,1,0,1,0,0,0,1,0,1,6,2,4,6,7.85,2,3,5,Yes
S16012,1,0,1,1,1,1,1,1,1,1,3,10,4,6,6.96,1,0,3,Yes
S16013,1,1,1,0,0,0,0,0,1,1,3,5,4,4,9.58,2,0,1,No
S16014,0,0,0,0,0,1,0,1,1,1,7,3,1,9,5.49,2,0,5,No
S16015,1,0,0,0,1,0,0,1,0,1,5,4,10,8,6.14,5,1,7,Yes
S16016,1,1,0,0,1,1,0,1,0,1,8,9,10,10,6.74,2,2,7,Yes
S16017,0,0,1,1,0,0,0,1,0,1,9,9,4,2,7.74,0,1,8,No
S16018,0,1,0,0,1,1,1,0,0,0,1,3,3,4,5.78,7,2,5,No
S16019,0,0,0,0,0,1,1,1,0,0,8,3,8,6,6.06,2,1,3,No
S16020,0,1,1,0,1,1,0,0,0,1,8,10,7,4,9.08,6,3,6,Yes
S16021,1,1,1,1,0,1,1,1,0,0,9,6,3,10,8.31,4,0,8,Yes
S16022,0,1,1,1,1,1,0,0,0,0,4,1,7,9,5.66,3,2,1,No
S16023,1,1,0,1,0,0,1,1,1,0,6,7,7,2,6.17,7,3,5,Yes
S16024,1,1,1,0,0,1,0,1,0,0,8,8,10,5,7.86,2,3,1,Yes
S16025,0,0,0,1,1,1,1,1,1,1,2,6,8,7,7.25,8,2,2,Yes
S16026,1,1,1,1,1,1,1,0,0,1,7,1,8,10,6.08,8,2,1,Yes
S16027,0,0,1,0,1,1,1,0,0,1,9,7,4,5,9.87,7,2,7,Yes
S16028,0,1,1,0,0,1,1,0,0,0,1,3,1,9,7.65,0,3,1,No
S16029,1,1,0,1,1,1,1,0,0,0,7,2,10,5,7.51,0,1,3,No
S16030,0,1,1,1,0,1,1,1,1,0,7,6,10,4,6.65,1,2,7,Yes
S16031,1,0,1,0,0,0,1,0,1,0,10,8,7,4,8.2,2,1,1,Yes
S16032,1,1,0,1,1,1,1,0,1,1,9,4,1,10,9.34,3,0,8,Yes
S16033,0,1,1,0,0,1,1,0,0,0,1,9,7,10,9.61,5,1,0,Yes
S16034,1,0,1,0,0,1,0,0,1,0,3,9,9,2,6.78,4,1,3,No
S16035,0,1,0,0,0,1,1,1,1,1,8,7,3,1,9.0,2,1,7,Yes
S16036,1,0,1,1,1,1,1,1,0,0,9,7,3,9,9.47,8,2,1,Yes
S16037,1,1,1,1,1,1,1,1,0,0,3,3,8,6,8.96,6,2,1,Yes
S16038,0,1,1,0,1,1,0,0,0,0,10,10,1,10,9.62,6,3,2,Yes
S16039,0,1,1,1,0,0,0,1,0,1,2,3,7,2,5.92,7,0,2,No
S16040,1,0,0,0,1,1,0,0,0,0,6,9,4,1,6.64,1,3,1,No
S16041,1,0,0,1,1,1,1,0,0,0,5,1,5,10,5.89,2,2,6,No
S16042,0,1,1,0,0,0,1,1,0,0,9,8,8,8,5.04,2,2,8,Yes
S16043,1,1,1,1,0,0,0,0,0,0,3,2,4,7,8.64,6,0,8,No
S16044,0,1,1,1,1,0,0,0,0,0,4,4,10,6,6.69,0,3,5,No
S16045,1,1,0,0,1,0,1,0,1,0,3,5,7,6,9.23,4,0,3,No
S16046,0,1,1,0,0,0,1,0,0,0,8,10,1,10,7.38,0,0,4,No
S16047,0,1,0,0,0,1,0,0,0,0,2,3,1,2,8.34,8,1,5,No
S16048,1,1,1,1,1,0,0,1,0,0,5,6,7,2,9.91,4,0,4,Yes
S16049,0,1,1,1,0,0,1,0,1,0,10,2,2,5,5.51,2,2,7,No
S16050,0,0,0,0,0,1,1,0,0,1,3,6,6,2,6.2,8,0,8,Yes
S16051,0,0,0,1,1,1,0,0,1,1,3,2,10,3,6.02,3,3,1,No
S16052,1,1,1,0,1,0,1,0,0,0,4,8,9,3,5.2,8,1,7,Yes
S16053,0,0,1,0,0,1,0,0,0,1,10,2,1,5,9.09,1,0,1,No
S16054,0,1,0,0,0,1,0,0,0,0,3,8,2,9,7.58,5,3,7,Yes
S16055,0,1,0,1,0,1,1,1,0,0,3,8,3,2,5.06,5,0,0,No
S16056,0,0,0,0,0,1,1,0,0,1,8,9,10,7,9.14,8,2,0,Yes
S16057,1,0,0,1,0,0,1,1,0,1,2,9,7,3,7.83,0,3,5,Yes
S16058,0,1,1,1,0,0,1,1,1,0,10,7,9,1,5.67,2,0,7,Yes
S16059,1,1,0,1,1,1,0,0,0,0,7,6,3,8,5.77,4,3,0,No
S16060,1,0,1,1,0,1,1,0,0,0,3,6,1,5,6.21,0,1,0,No
S16061,1,1,1,0,0,1,0,0,0,0,9,6,6,3,6.01,2,2,2,No
S16062,1,1,0,1,1,0,1,1,1,0,5,10,8,9,8.43,0,0,2,Yes
S16063,1,0,1,1,1,1,1,0,0,0,9,8,7,9,7.71,3,3,5,Yes
S16064,1,1,1,1,0,1,0,0,1,0,10,2,2,1,9.41,2,0,3,No
S16065,1,1,1,0,0,0,1,0,0,1,2,9,6,2,9.07,3,0,2,No
S16066,0,0,0,1,0,0,1,1,0,1,2,1,8,9,9.95,2,2,7,Yes
S16067,1,1,0,1,0,0,1,0,0,0,7,9,8,8,7.91,0,3,1,Yes
S16068,1,1,1,1,0,1,0,0,0,1,2,9,4,10,8.81,5,2,3,Yes
S16069,1,1,0,1,0,0,1,1,1,0,10,4,10,3,9.93,5,3,0,Yes
S16070,1,1,1,1,0,0,1,0,0,0,8,1,3,4,5.42,4,2,7,No
S16071,1,1,0,0,0,1,1,1,1,1,4,6,6,8,8.79,7,0,3,No
S16072,0,1,0,0,0,0,1,0,0,0,3,4,8,7,9.9,0,3,8,Yes
S16073,0,1,1,1,1,0,1,1,1,0,7,1,10,1,6.68,3,1,2,No
S16074,0,1,0,0,1,1,0,1,1,0,9,5,4,7,7.42,5,1,1,Yes
S16075,0,1,0,1,1,1,0,0,1,1,2,7,8,9,6.28,2,1,3,No
S16076,1,1,0,0,0,0,1,0,0,0,4,9,9,7,6.05,3,2,6,No
S16077,1,1,0,1,0,0,1,0,0,0,2,2,1,5,9.93,7,2,2,Yes
S16078,1,1,0,1,1,0,1,1,0,1,6,8,2,8,8.42,5,1,4,Yes
S16079,0,1,1,0,0,0,1,0,0,0,4,3,2,3,7.35,2,2,5,No
S16080,1,1,1,0,0,1,1,1,0,0,8,5,10,3,8.92,5,0,7,Yes
S16081,0,0,0,1,1,1,1,1,0,0,4,3,10,3,8.54,5,1,2,Yes
S16082,1,0,1,1,0,0,0,0,0,1,8,4,4,2,5.65,8,0,3,No
S16083,1,1,1,0,1,0,1,0,0,0,10,8,3,10,8.54,0,2,2,Yes
S16084,0,1,1,1,1,1,0,0,0,1,1,7,9,7,7.22,2,0,0,No
S16085,0,1,1,1,0,1,1,0,0,0,5,7,2,9,5.63,1,2,5,No
S16086,0,1,0,0,1,0,1,0,1,1,3,6,4,10,7.97,7,3,3,Yes
S16087,0,1,0,1,1,1,0,0,0,1,10,7,1,8,7.22,6,2,0,Yes
S16088,0,1,0,1,1,1,0,0,1,0,8,10,8,3,8.28,7,3,6,Yes
S16089,0,1,1,0,1,1,0,1,0,0,6,6,6,3,6.92,4,0,4,No
S16090,0,0,1,1,0,0,1,0,0,0,3,3,8,6,5.38,3,2,6,No
S16091,1,0,1,0,1,1,1,1,0,0,8,6,4,8,6.89,4,0,8,Yes
S16092,0,0,1,0,0,1,1,0,1,0,4,2,9,6,10.0,6,3,1,Yes
S16093,0,1,0,1,0,1,1,1,0,0,4,5,1,5,9.5,4,0,5,No
S16094,1,1,1,1,1,1,1,0,0,0,5,2,8,6,8.08,6,2,2,Yes
S16095,0,1,0,0,0,1,1,0,0,0,1,1,8,1,9.39,7,3,2,No
S16096,0,0,1,1,1,0,1,0,0,0,9,9,5,10,7.04,3,3,3,Yes
S16097,1,1,0,0,1,1,1,1,1,0,6,6,9,7,5.6,5,3,4,Yes
S16098,1,1,0,1,0,0,0,0,1,0,9,7,1,5,5.27,5,3,2,No
S16099,1,1,0,1,0,1,0,0,1,0,4,10,5,3,8.57,8,1,5,Yes
S16100,0,0,1,0,0,0,0,0,0,0,1,10,3,5,5.21,0,2,1,No
S16101,0,1,1,0,1,0,0,0,0,1,8,1,7,1,5.47,8,1,8,No
S16102,1,1,0,0,1,1,1,1,0,0,4,9,9,6,6.47,5,1,6,Yes
S16103,1,0,0,1,1,0,1,1,0,1,3,8,2,7,9.92,6,2,2,Yes
S16104,1,1,0,1,0,0,1,0,0,0,6,6,1,4,5.4,7,0,7,No
S16105,0,1,0,1,1,0,1,0,0,0,8,5,1,3,7.33,2,3,0,No
S16106,1,1,0,1,0,1,0,1,0,1,4,6,9,10,7.01,6,0,1,Yes
S16107,1,0,1,0,0,1,1,0,0,0,5,6,3,2,7.67,2,1,2,No
S16108,0,1,1,0,0,0,0,0,0,1,3,7,2,5,8.45,6,0,7,No
S16109,1,1,1,0,1,0,1,1,0,0,9,5,6,9,9.45,4,3,7,Yes
S16110,1,0,0,1,1,0,1,0,0,1,4,9,10,8,5.12,5,1,8,Yes
S16111,1,1,1,1,0,1,1,0,0,1,10,7,4,9,6.85,5,2,2,Yes
S16112,1,0,0,1,0,1,1,1,0,0,5,3,10,7,8.66,6,3,8,Yes
S16113,1,1,0,0,1,1,0,0,1,1,3,2,5,10,8.44,7,2,0,Yes
S16114,0,1,0,0,1,1,1,0,0,0,4,4,7,3,5.79,7,0,6,No
S16115,0,1,1,0,0,1,0,0,0,0,2,9,8,4,8.09,2,0,6,No
S16116,0,0,1,0,0,0,1,1,1,1,1,1,1,9,5.97,7,0,5,No
S16117,0,0,1,0,0,1,0,1,0,0,7,5,4,9,9.23,6,2,1,Yes
S16118,1,1,0,0,0,0,0,1,0,0,5,9,7,2,7.66,3,2,3,No
S16119,1,1,1,0,0,0,0,0,0,1,7,5,5,2,9.34,7,0,0,No
S16120,1,0,1,1,0,1,0,0,0,1,10,5,10,4,9.2,2,2,4,Yes
S16121,0,1,0,0,1,0,0,0,0,0,5,10,2,10,9.76,7,2,5,Yes
S16122,0,1,0,1,1,0,1,0,0,0,10,8,8,1,7.66,8,0,8,Yes
S16123,1,0,1,0,1,0,0,0,0,1,7,9,10,6,9.15,8,0,1,Yes
S16124,1,0,1,0,1,1,1,0,1,0,2,8,5,7,8.06,6,1,6,Yes
S16125,1,1,1,0,1,1,1,0,0,0,4,10,6,9,5.01,1,3,6,Yes
S16126,1,0,0,0,0,0,0,1,0,0,1,6,8,3,7.11,7,2,8,Yes
S16127,0,1,0,0,0,0,0,0,0,0,2,1,9,4,8.83,2,0,2,No
S16128,1,1,1,0,0,1,1,1,0,1,9,10,2,1,5.69,1,0,6,No
S16129,0,0,1,0,0,0,0,0,0,0,7,2,5,7,9.32,1,0,7,No
S16130,1,1,0,0,1,1,1,0,0,0,5,1,3,9,8.29,5,2,1,No
S16131,0,0,1,1,1,0,1,0,0,0,3,3,6,10,5.54,4,0,5,No
S16132,0,0,0,1,0,0,1,0,0,0,10,5,3,5,5.11,8,3,2,Yes
S16133,0,1,0,1,1,1,1,0,0,0,4,8,6,8,8.12,6,0,3,No
S16134,1,0,0,1,1,0,0,1,1,1,10,4,4,6,7.07,5,2,4,Yes
S16135,1,1,1,1,0,1,1,1,1,0,1,8,2,3,8.92,8,0,6,Yes
S16136,1,1,0,0,0,1,1,1,0,0,1,9,8,9,7.84,6,1,0,Yes
S16137,1,0,1,0,0,0,1,0,0,0,9,2,6,5,5.47,7,3,0,No
S16138,0,0,1,1,0,1,0,0,1,0,4,8,10,8,6.9,7,0,4,Yes
S16139,0,1,1,0,0,1,1,0,1,0,3,5,9,7,5.66,3,2,0,No
S16140,1,1,0,1,0,0,0,0,1,1,9,6,7,4,8.72,3,2,7,Yes
S16141,1,1,1,0,1,1,1,1,1,0,3,4,7,5,7.61,0,3,1,No
S16142,1,1,1,0,1,1,0,0,0,1,8,5,8,3,5.54,7,2,5,Yes
S16143,0,1,0,0,1,0,1,0,1,1,10,5,5,1,9.94,4,0,3,Yes
S16144,0,1,0,1,1,1,1,1,0,0,8,2,4,4,8.02,6,3,2,Yes
S16145,1,1,1,1,1,0,0,0,0,1,7,10,7,5,6.01,4,1,2,No
S16146,1,0,0,0,1,1,1,0,0,0,2,7,2,1,5.77,2,2,7,No
S16147,0,1,0,1,1,1,1,0,0,0,1,8,10,10,8.85,8,1,1,Yes
S16148,0,1,1,1,0,1,1,0,1,1,2,8,2,3,8.24,5,1,7,No
S16149,1,0,1,1,0,1,0,0,1,0,10,3,3,3,8.6,8,3,5,Yes
S16150,0,1,0,0,0,1,1,0,0,0,5,6,4,4,9.22,1,0,3,No
S16151,0,0,0,1,1,1,1,1,0,1,2,2,6,9,9.5,3,2,8,Yes
S16152,0,1,0,0,0,0,0,0,0,0,10,3,5,10,5.08,2,2,1,No
S16153,0,1,0,0,0,0,0,0,1,0,10,7,7,10,6.21,3,1,8,Yes
S16154,1,1,0,0,0,1,1,0,0,1,7,6,8,1,9.42,8,2,6,Yes
S16155,0,1,0,1,0,1,0,1,1,0,3,3,3,9,9.58,5,3,8,Yes
S16156,1,1,0,0,1,0,1,1,0,0,6,7,9,5,6.07,3,0,4,No
S16157,1,1,1,1,0,1,0,1,0,1,9,8,2,6,6.54,1,1,6,Yes
S16158,1,1,0,1,1,0,1,0,0,0,9,5,8,6,5.8,4,1,1,No
S16159,1,1,0,1,0,0,1,0,1,0,10,7,3,2,9.42,8,2,3,Yes
S16160,1,1,1,1,1,0,0,0,0,0,6,6,10,4,6.62,4,3,0,Yes
S16161,1,0,0,0,1,1,1,0,1,0,1,1,9,3,8.61,0,0,7,No
S16162,0,0,1,1,1,0,0,1,0,0,3,1,8,9,9.65,8,3,7,Yes
S16163,0,0,1,0,1,0,1,0,0,1,2,7,10,1,7.18,1,2,1,No
S16164,1,0,1,0,1,0,0,0,0,0,7,5,3,1,5.54,7,0,2,No
S16165,1,1,0,1,1,0,0,0,0,1,1,2,1,2,8.31,3,3,3,No
S16166,0,1,0,1,1,1,1,1,0,0,2,4,8,1,8.48,1,0,5,No
S16167,1,0,0,0,1,0,1,0,0,1,7,7,8,8,8.71,5,0,5,Yes
S16168,0,1,0,1,0,0,1,1,1,0,8,9,6,10,5.78,4,2,3,Yes
S16169,1,1,1,1,0,1,1,0,0,0,9,4,5,9,8.3,8,3,5,Yes
S16170,0,1,1,1,1,1,1,1,0,1,8,10,6,6,8.34,2,3,8,Yes
S16171,1,1,1,1,1,1,1,1,1,0,10,7,1,1,7.93,6,0,2,Yes
S16172,0,1,0,1,1,0,0,0,1,0,2,6,2,10,9.71,2,1,1,Yes
S16173,0,0,1,1,1,0,1,0,0,0,10,8,1,4,9.63,8,2,0,Yes
S16174,0,0,0,0,1,1,0,0,0,0,6,1,9,4,5.96,5,2,0,No
S16175,0,1,1,0,1,0,0,0,0,0,1,10,8,2,6.73,7,3,5,Yes
S16176,1,1,0,1,1,1,1,0,1,0,1,2,2,3,8.06,8,0,7,No
S16177,0,1,1,1,1,0,0,0,1,0,2,10,9,3,5.12,7,0,6,No
S16178,1,1,0,1,0,0,0,1,1,0,9,8,8,6,6.76,0,3,6,Yes
S16179,0,0,0,1,1,1,1,0,0,0,4,5,5,3,7.07,6,2,8,Yes
S16180,1,1,1,1,1,1,0,0,1,1,3,9,9,9,7.23,2,3,1,Yes
S16181,0,0,1,1,0,1,0,0,0,0,9,1,1,5,7.15,0,0,6,No
S16182,0,1,1,0,0,0,1,0,1,1,3,6,1,2,9.29,0,3,6,No
S16183,1,1,0,0,0,0,1,0,0,0,6,10,10,7,9.49,5,2,0,Yes
S16184,1,0,0,1,0,1,0,0,0,1,1,6,7,2,6.41,0,3,4,No
S16185,1,0,0,1,1,1,1,0,1,1,4,5,8,9,6.96,8,0,7,Yes
S16186,0,0,1,1,0,0,0,0,0,0,1,1,3,9,7.43,2,0,2,No
S16187,1,0,0,0,0,1,1,0,0,0,5,3,7,5,5.11,4,2,5,No
S16188,0,0,1,1,1,0,0,0,0,0,10,7,3,1,6.53,6,0,1,No
S16189,0,0,1,1,1,0,1,0,1,1,9,4,2,1,5.02,2,0,3,No
S16190,0,0,1,0,0,1,1,0,1,1,5,7,6,7,7.74,4,3,7,Yes
S16191,0,1,1,0,1,1,0,0,1,0,3,5,8,7,7.9,1,2,4,Yes
S16192,1,1,1,1,1,1,1,0,0,0,8,3,5,6,7.34,1,2,4,No
S16193,0,1,0,0,1,1,1,1,0,0,6,5,9,5,9.27,4,1,2,Yes
S16194,0,1,0,0,0,1,1,1,1,0,1,8,1,10,5.76,8,1,7,Yes
S16195,0,0,0,1,1,0,0,0,0,0,5,8,6,8,9.84,1,0,2,No
S16196,1,1,0,1,0,0,1,1,0,0,4,5,6,6,5.52,8,2,0,Yes
S16197,0,1,0,0,1,1,0,0,0,1,2,5,4,6,7.96,0,3,1,No
S16198,1,0,1,0,1,0,1,1,1,0,10,10,1,9,7.64,8,3,0,Yes
S16199,0,1,0,1,1,1,0,1,0,1,2,2,3,6,5.13,1,3,1,No
S16200,0,1,1,1,1,0,0,1,0,0,5,10,4,7,7.05,4,1,1,No
S16201,0,1,1,1,0,1,1,0,0,0,2,10,4,8,8.09,5,3,4,Yes
S16202,0,0,1,0,0,0,0,0,0,1,2,5,4,2,9.4,1,2,8,No
S16203,1,1,0,1,1,1,0,0,1,1,9,6,6,5,8.12,4,1,5,Yes
S16204,0,0,1,1,0,1,1,0,0,0,6,3,8,2,6.81,5,2,4,Yes
S16205,0,1,1,1,1,1,1,0,1,1,9,10,10,10,6.26,3,3,5,Yes
S16206,1,0,0,0,1,0,1,0,0,0,8,2,5,8,5.19,3,0,2,No
S16207,0,1,1,0,0,0,1,0,0,0,2,4,9,5,8.53,0,2,8,No
S16208,1,1,0,1,0,0,0,0,0,1,5,8,1,5,9.22,5,0,1,No
S16209,0,1,0,1,0,1,1,0,0,0,8,8,1,3,9.73,4,1,0,No
S16210,1,1,0,1,1,1,0,0,0,0,4,8,10,3,8.73,5,0,1,Yes
S16211,0,1,0,1,0,1,1,1,1,0,2,3,6,8,7.77,6,1,6,Yes
S16212,1,1,1,0,1,1,1,0,0,0,9,7,1,9,5.39,5,2,2,Yes
S16213,1,1,0,0,1,0,0,0,1,0,6,4,10,3,8.62,7,2,7,Yes
S16214,1,0,0,1,0,1,0,1,0,1,1,2,9,3,9.35,0,3,1,Yes
S16215,1,1,1,0,0,0,1,0,0,0,6,10,2,2,6.49,8,1,0,No
S16216,0,0,1,0,0,1,1,0,0,0,7,8,8,1,9.46,1,0,2,Yes
S16217,1,0,0,1,1,0,0,0,0,0,5,6,4,5,6.74,6,0,4,No
S16218,0,1,1,0,1,0,1,0,1,0,3,3,1,7,8.79,8,2,2,No
S16219,0,1,0,0,0,0,1,0,0,0,8,8,10,5,8.83,0,2,1,Yes
S16220,0,1,1,1,0,0,0,0,1,0,1,2,4,10,8.53,6,1,4,Yes
S16221,0,0,1,0,1,0,1,0,1,1,10,2,7,3,9.55,4,1,2,Yes
S16222,1,0,0,1,1,0,0,0,0,0,10,2,1,2,9.92,5,0,8,No
S16223,1,1,0,0,1,0,0,1,0,0,6,4,7,9,6.44,8,1,8,Yes
S16224,1,1,1,1,0,1,1,0,1,0,3,10,1,3,8.42,4,0,4,No
S16225,1,1,0,0,1,0,0,1,0,0,1,3,7,1,7.4,7,2,2,No
S16226,0,0,0,1,1,0,1,0,1,1,6,2,8,6,8.7,6,1,5,Yes
S16227,1,0,0,1,1,0,1,0,0,1,8,3,9,7,9.85,2,0,1,Yes
S16228,0,0,0,0,1,1,0,0,0,0,5,8,10,6,7.84,4,3,5,Yes
S16229,1,0,0,0,0,0,1,1,1,0,6,2,3,10,5.81,4,2,3,No
S16230,0,1,0,1,0,1,0,0,0,1,6,1,4,8,8.46,7,1,6,Yes
S16231,1,0,0,1,1,0,1,1,0,0,7,4,9,5,8.38,8,1,3,Yes
S16232,1,0,1,1,1,0,0,1,1,1,4,2,4,9,7.55,2,1,4,No
S16233,0,1,1,1,0,1,1,0,1,0,4,1,9,5,7.54,5,2,5,Yes
S16234,1,1,0,0,0,1,1,1,1,0,8,2,6,10,7.59,3,1,4,Yes
S16235,0,1,0,1,1,0,1,0,1,1,8,4,8,7,6.54,2,2,0,Yes
S16236,0,0,0,1,1,1,0,0,1,1,5,3,7,6,5.69,2,2,4,No
S16237,1,1,1,0,1,1,1,0,0,0,7,10,8,6,6.17,7,2,1,Yes
S16238,0,1,1,0,0,1,1,0,0,1,7,8,8,6,6.74,6,1,0,Yes
S16239,1,1,1,0,0,1,1,0,0,0,5,3,10,6,6.26,7,0,5,Yes
S16240,0,1,0,1,1,1,0,0,1,0,7,10,9,3,5.87,5,0,0,No
S16241,1,1,1,0,1,1,0,1,0,0,7,1,1,5,9.39,6,2,0,Yes
S16242,0,1,1,0,1,1,0,0,0,0,6,5,4,2,9.01,6,3,5,Yes
S16243,1,0,0,1,0,1,0,0,1,0,8,3,3,10,9.2,2,3,5,Yes
S16244,1,1,1,0,1,0,0,0,0,1,7,8,8,10,5.06,3,2,0,Yes
S16245,1,0,0,0,0,1,1,0,0,1,7,2,1,3,9.85,1,1,5,No
S16246,1,0,0,1,1,1,1,0,1,0,3,7,8,10,8.63,7,2,2,Yes
S16247,1,1,0,1,1,0,0,1,0,0,5,9,5,1,9.94,5,3,3,Yes
S16248,0,1,0,0,0,0,1,0,0,0,9,7,5,10,7.04,7,3,7,Yes
S16249,0,1,1,1,0,0,1,1,0,1,10,4,3,9,8.01,6,2,2,Yes
S16250,1,1,1,1,1,1,1,0,0,0,6,3,1,4,5.81,7,1,3,No
S16251,1,0,0,0,1,0,1,0,1,0,1,8,10,5,7.78,8,3,2,Yes
S16252,1,0,0,1,0,1,1,1,1,0,6,8,9,1,6.04,4,1,6,Yes
S16253,1,1,0,0,0,0,1,0,1,0,3,4,4,2,7.49,4,3,3,No
S16254,1,0,1,0,1,0,1,1,0,0,7,4,1,10,7.63,2,3,1,Yes
S16255,1,0,0,1,1,0,1,0,0,0,9,1,6,5,7.27,8,3,3,Yes
S16256,0,0,1,1,1,0,1,1,1,1,7,6,4,10,8.95,2,0,4,Yes
S16257,0,1,1,1,0,1,0,0,0,1,5,9,6,10,7.04,3,2,0,Yes
S16258,1,0,1,1,1,0,0,0,0,1,2,5,6,6,9.71,6,0,4,Yes
S16259,1,1,0,1,0,0,0,0,0,1,1,7,9,6,9.13,3,2,6,Yes
S16260,0,0,0,0,1,1,1,0,1,0,9,10,6,8,9.28,7,2,6,Yes
S16261,1,1,0,0,1,0,0,0,0,1,5,9,10,4,8.81,5,2,1,Yes
S16262,0,0,0,1,1,1,0,0,0,0,6,8,2,8,8.87,6,2,6,Yes
S16263,0,1,1,1,1,1,1,1,1,0,10,3,4,8,5.14,0,3,1,Yes
S16264,0,0,0,0,0,1,0,0,0,0,4,10,6,3,5.65,1,3,1,No
S16265,1,0,0,0,0,1,0,1,0,0,9,5,8,9,9.32,4,0,8,Yes
S16266,0,1,0,1,0,0,1,0,0,0,2,9,6,4,9.46,8,1,0,Yes
S16267,0,1,1,1,1,0,0,0,0,0,3,4,4,3,7.96,6,2,7,Yes
S16268,0,0,0,0,1,1,1,0,0,0,2,7,10,7,9.36,0,1,8,Yes
S16269,0,1,1,1,1,1,1,0,1,0,1,8,4,4,9.39,2,3,6,Yes
S16270,1,1,1,1,1,0,1,0,0,1,4,9,4,2,5.82,3,1,8,Yes
S16271,1,0,1,1,1,1,1,0,0,1,7,7,8,3,5.5,5,3,6,Yes
S16272,0,0,1,1,1,1,0,1,1,1,4,4,2,7,9.59,0,1,5,No
S16273,0,1,0,1,1,0,0,0,0,0,4,9,6,5,7.36,6,1,8,Yes
S16274,0,1,0,0,0,1,0,0,0,0,2,1,5,6,8.82,3,1,7,No
S16275,0,0,1,0,1,0,0,0,1,0,3,4,3,5,8.87,3,0,0,No
S16276,1,0,1,1,0,0,0,1,1,0,1,8,5,8,6.8,6,2,2,No
S16277,1,1,0,1,1,1,1,1,0,0,5,8,3,3,9.26,6,1,3,Yes
S16278,1,1,0,1,0,1,0,1,0,0,1,7,3,10,5.31,4,2,0,No
S16279,1,1,0,1,0,1,1,0,1,1,5,7,8,8,7.49,1,0,6,Yes
S16280,0,0,1,1,1,1,1,0,1,1,3,7,8,1,9.9,4,0,3,Yes
S16281,1,1,1,1,0,0,0,0,0,1,6,3,2,9,7.27,7,2,5,Yes
S16282,0,1,0,1,1,1,1,0,0,0,3,10,1,8,6.87,7,3,6,Yes
S16283,0,1,0,0,1,0,1,0,0,1,1,9,6,9,6.4,5,3,4,Yes
S16284,1,1,0,0,0,1,1,0,0,0,1,2,10,2,8.23,0,3,2,No
S16285,1,0,1,1,0,1,1,0,0,0,6,2,4,6,5.19,4,1,7,No
S16286,0,1,1,1,0,0,0,0,0,0,4,7,3,4,5.88,3,0,8,No
S16287,0,1,1,1,1,1,0,0,0,0,9,2,3,9,6.89,2,2,7,No
S16288,0,1,1,1,1,0,1,0,0,0,3,7,5,2,8.85,6,1,5,Yes
S16289,1,1,0,0,0,0,0,0,0,0,2,4,10,3,7.01,0,3,2,No
S16290,1,0,1,1,1,1,0,0,0,0,7,8,2,1,6.4,2,0,2,No
S16291,1,1,1,1,0,1,1,0,0,0,5,6,7,3,6.67,3,3,1,Yes
S16292,1,0,0,1,1,1,1,0,0,0,6,6,8,2,7.52,2,1,6,Yes
S16293,0,1,1,1,1,1,0,0,0,0,7,4,1,3,9.23,2,0,6,No
S16294,0,1,0,0,0,1,1,0,0,0,2,10,6,4,6.76,1,1,2,No
S16295,1,1,1,0,1,0,1,0,1,0,2,7,5,8,9.92,3,0,8,Yes
S16296,1,0,1,1,1,1,1,0,0,1,10,7,8,8,9.25,8,0,6,Yes
S16297,1,1,0,1,0,0,1,0,0,0,5,4,6,7,9.51,1,2,4,Yes
S16298,0,0,1,1,0,1,1,0,0,0,1,6,3,8,6.48,0,2,0,No
S16299,1,1,1,0,1,0,0,0,1,0,4,3,1,2,7.73,4,2,2,No
S16300,0,1,1,0,0,0,1,0,0,0,1,1,3,6,5.08,1,0,0,No
S16301,1,1,0,1,0,0,0,0,0,0,5,5,3,3,5.04,8,1,8,No
S16302,0,0,1,1,1,0,0,0,1,1,8,6,1,3,5.91,3,2,0,No
S16303,1,1,0,1,1,0,0,0,0,1,3,2,4,7,9.07,1,3,8,Yes
S16304,1,0,0,0,0,1,0,1,1,1,10,4,1,4,5.06,4,3,1,No
S16305,0,0,0,0,1,0,1,1,0,1,3,8,9,7,7.94,3,1,1,Yes
S16306,0,1,0,0,1,1,1,1,1,0,9,4,7,5,8.38,2,1,2,No
S16307,1,1,1,1,0,1,0,0,1,0,1,1,10,5,7.78,4,1,1,No
S16308,1,1,0,0,0,1,0,0,0,1,8,8,6,7,8.59,3,1,3,Yes
S16309,1,1,0,1,1,0,0,1,0,1,5,7,4,7,6.68,2,0,5,Yes
S16310,1,1,0,1,0,1,0,1,0,0,5,4,1,1,6.23,0,1,3,No
S16311,0,1,0,0,1,0,1,1,0,0,9,4,2,6,8.17,7,1,8,Yes
S16312,0,0,0,0,1,0,0,1,0,0,10,5,1,9,7.79,7,3,2,Yes
S16313,1,0,1,1,1,1,0,0,0,0,8,1,6,9,5.7,8,2,5,Yes
S16314,1,0,1,1,0,1,0,1,0,1,10,2,10,3,7.37,7,3,5,Yes
S16315,1,1,1,1,0,1,1,1,0,1,3,9,1,7,6.21,8,2,4,Yes
S16316,1,1,1,0,0,0,1,0,0,0,3,3,1,9,5.24,2,1,1,No
S16317,1,1,1,1,1,1,1,0,1,0,2,5,8,7,8.01,2,3,2,No
S16318,0,1,1,1,0,1,1,0,1,1,7,10,4,8,9.87,6,3,0,Yes
S16319,1,1,1,0,0,1,0,0,0,0,4,7,2,9,5.43,7,0,8,No
S16320,0,1,0,0,1,1,1,1,0,0,1,9,4,7,5.44,0,0,3,No
S16321,0,0,1,1,1,0,1,0,1,0,7,3,2,1,8.89,3,2,1,Yes
S16322,0,0,0,1,1,1,0,0,1,0,2,5,7,5,9.78,4,1,2,No
S16323,0,1,0,1,0,1,1,1,0,0,6,5,6,4,7.1,3,2,4,Yes
S16324,0,0,1,0,0,0,0,0,0,0,7,5,9,5,7.41,4,1,0,No
S16325,0,0,0,0,0,1,0,1,0,1,6,1,1,9,5.34,0,0,2,No
S16326,1,1,0,1,1,1,0,0,1,0,8,4,7,1,6.98,5,0,7,No
S16327,1,1,1,1,0,1,0,0,0,0,6,9,8,10,6.88,5,1,6,Yes
S16328,1,0,0,1,0,1,0,1,0,0,7,6,10,1,5.66,3,2,0,Yes
S16329,0,0,0,1,0,1,1,0,1,0,7,4,7,8,6.12,4,0,5,No
S16330,0,0,1,0,0,0,0,0,1,0,1,6,2,5,6.29,8,1,1,No
S16331,1,1,0,1,1,0,1,0,0,0,3,3,9,8,8.88,2,2,0,Yes
S16332,0,1,0,0,0,0,0,0,1,0,10,5,9,3,5.37,8,2,2,Yes
S16333,0,1,1,0,0,1,0,0,0,0,7,7,3,4,5.2,2,2,1,No
S16334,0,0,1,0,1,0,1,0,0,0,1,8,6,5,8.13,3,1,6,No
S16335,0,1,0,1,0,1,0,0,0,1,7,2,6,5,7.0,4,0,0,No
S16336,0,1,0,1,0,0,1,0,1,0,3,10,5,8,6.53,3,3,8,Yes
S16337,1,1,1,0,1,0,1,0,0,0,5,6,5,2,5.23,6,2,3,No
S16338,1,1,0,1,1,1,0,1,1,0,9,8,2,3,8.91,6,2,7,Yes
S16339,1,1,1,0,1,1,0,0,0,0,2,3,5,6,6.98,5,1,3,Yes
S16340,1,1,0,1,1,1,1,1,0,1,5,7,4,2,8.33,8,0,0,No
S16341,1,1,1,1,1,1,1,0,0,0,2,10,5,6,9.18,6,1,7,Yes
S16342,0,1,0,0,0,1,0,0,1,0,2,6,9,9,5.47,0,2,3,No
S16343,0,1,1,0,0,1,1,0,1,0,5,5,7,2,5.58,8,2,3,No
S16344,0,1,0,1,0,1,1,0,1,0,4,5,8,7,8.57,2,1,5,Yes
S16345,1,1,0,1,0,0,0,0,0,0,10,6,8,7,9.17,1,3,0,Yes
S16346,1,1,0,0,1,1,1,0,0,0,8,6,7,2,6.33,4,0,2,No
S16347,1,0,0,1,1,0,1,0,1,0,5,2,1,1,5.88,7,0,0,No
S16348,1,1,1,1,1,0,1,1,0,1,4,3,3,1,5.76,5,2,0,No
S16349,0,1,1,1,1,1,1,0,1,0,3,7,4,9,5.53,6,1,4,Yes
S16350,1,1,1,0,1,1,0,1,1,1,5,2,4,10,7.25,5,2,2,Yes
S16351,1,1,1,0,1,0,1,0,0,0,10,7,3,10,8.28,5,3,2,Yes
S16352,0,1,0,1,1,1,1,0,0,0,9,5,9,9,6.45,8,3,8,Yes
S16353,1,1,0,1,1,1,1,0,1,0,1,7,5,2,8.77,6,2,8,Yes
S16354,0,0,0,1,0,0,1,0,0,0,4,3,1,3,6.51,3,3,2,No
S16355,1,0,1,0,1,0,1,0,1,1,5,4,5,2,8.14,2,0,1,No
S16356,0,1,0,0,1,1,0,0,1,0,7,4,7,4,6.13,5,3,1,No
S16357,1,1,1,1,1,0,1,0,0,1,2,7,8,8,7.21,1,0,7,Yes
S16358,0,0,1,1,1,0,1,0,0,1,2,1,5,10,5.54,3,0,8,No
S16359,1,1,1,1,1,1,0,0,0,0,9,4,9,2,8.94,5,1,7,Yes
S16360,0,1,0,1,0,1,1,0,0,1,1,2,10,10,5.25,1,2,0,No
S16361,1,0,1,1,0,1,0,1,1,0,4,3,7,7,5.85,2,0,0,No
S16362,1,1,0,0,0,0,0,0,1,0,2,9,5,10,7.61,7,3,3,Yes
S16363,0,0,1,1,0,1,1,0,0,0,4,3,5,2,6.11,3,2,3,No
S16364,1,1,1,0,0,0,1,1,0,0,5,1,7,10,7.19,8,0,8,Yes
S16365,1,1,0,1,1,1,1,0,0,1,5,10,5,8,6.46,8,3,2,Yes
S16366,1,0,0,0,1,1,1,0,0,0,4,6,4,10,6.03,7,0,6,No
S16367,0,1,0,1,1,0,0,0,0,0,2,6,5,9,6.37,4,1,6,No
S16368,1,1,1,1,0,0,1,0,0,0,2,5,4,3,5.45,8,0,5,No
S16369,1,1,0,1,0,1,1,0,0,1,2,7,2,2,5.15,2,1,6,No
S16370,1,1,1,0,1,0,1,0,1,0,2,10,9,4,6.6,2,2,5,Yes
S16371,0,1,0,1,1,1,1,1,1,0,9,10,6,3,5.31,3,3,7,Yes
S16372,0,1,1,0,0,1,1,1,0,0,9,9,5,9,6.49,0,2,0,No
S16373,1,0,0,0,0,1,1,1,0,1,1,2,2,8,9.29,6,2,8,Yes
S16374,1,0,0,1,1,1,1,0,0,0,3,3,5,8,5.22,6,0,6,No
S16375,1,1,1,1,1,1,1,0,1,0,1,4,7,8,7.65,8,2,7,Yes
S16376,1,0,1,1,1,0,1,1,0,0,5,1,10,7,7.28,8,1,3,Yes
S16377,1,1,0,1,0,1,0,0,0,1,9,10,10,4,7.94,1,1,2,Yes
S16378,1,1,1,1,1,0,1,0,1,0,7,9,6,4,6.23,3,3,4,Yes
S16379,1,1,0,1,1,1,1,0,1,0,6,7,2,9,7.91,4,2,2,Yes
S16380,0,0,1,0,0,1,0,1,0,0,9,5,8,9,6.18,1,3,1,Yes
S16381,1,1,0,0,0,1,1,1,1,1,9,9,9,8,6.63,2,0,0,Yes
S16382,0,1,0,0,1,1,1,0,1,0,9,8,8,2,8.82,3,1,1,Yes
S16383,1,0,0,1,0,1,1,0,0,0,10,4,1,7,9.59,5,0,2,Yes
S16384,1,1,0,1,1,1,1,0,0,0,1,7,3,1,6.92,7,1,5,Yes
S16385,0,1,0,1,1,1,1,0,1,1,6,4,3,3,8.91,2,2,2,Yes
S16386,1,1,0,0,0,0,1,0,0,0,8,8,7,8,5.53,2,0,6,No
S16387,1,1,0,1,1,1,0,1,1,0,6,10,10,6,5.09,1,1,8,Yes
S16388,0,1,0,1,1,1,1,1,0,0,10,4,8,4,5.59,0,2,5,Yes
S16389,1,1,0,0,0,1,1,1,0,0,4,3,2,2,9.41,6,0,6,No
S16390,1,1,1,1,0,1,0,0,0,1,2,3,2,7,8.82,1,1,7,No
S16391,1,1,1,1,1,0,1,0,0,0,5,9,5,9,5.32,5,1,1,Yes
S16392,1,1,0,1,0,0,0,0,0,1,9,2,3,4,9.14,0,1,2,No
S16393,0,0,0,0,1,0,1,1,0,0,6,10,1,9,6.64,0,3,8,Yes
S16394,1,1,0,0,1,1,0,0,1,0,1,2,7,7,6.23,0,0,3,No
S16395,1,0,1,0,1,1,1,0,1,0,8,9,1,3,5.53,3,3,2,Yes
S16396,1,0,1,0,1,1,1,1,0,0,9,1,2,3,5.55,8,0,6,Yes
S16397,1,1,0,0,1,1,1,1,0,0,5,7,6,5,8.12,1,3,8,Yes
S16398,0,1,1,1,0,0,1,1,1,0,6,5,7,4,9.66,5,1,1,Yes
S16399,1,1,0,1,1,0,0,0,0,0,4,6,6,8,9.18,1,3,3,Yes
S16400,0,0,0,1,1,1,0,1,0,0,2,7,3,6,7.62,0,2,5,No
S16401,0,1,1,1,1,1,1,0,1,1,2,4,3,2,7.96,4,0,1,No
S16402,0,1,0,1,0,0,0,1,0,0,2,9,3,4,7.51,2,2,8,No
S16403,1,1,1,1,1,0,1,0,0,1,7,9,4,3,9.08,1,0,1,No
S16404,1,1,1,1,1,1,1,0,1,0,10,1,10,10,5.9,2,3,6,Yes
S16405,0,1,1,1,1,1,1,0,0,1,3,9,1,3,8.33,8,3,4,Yes
S16406,0,0,0,0,0,0,1,0,0,1,10,10,1,9,7.5,3,1,2,No
S16407,1,1,0,1,1,1,1,0,0,0,1,10,5,7,5.5,4,2,4,Yes
S16408,1,1,0,0,0,0,1,0,1,1,4,7,8,7,5.56,8,0,8,Yes
S16409,1,0,0,0,1,0,1,0,1,0,10,7,9,6,9.04,5,0,4,Yes
S16410,0,0,1,0,1,1,0,0,1,1,7,1,3,7,7.88,2,1,6,No
S16411,1,1,1,0,1,1,0,0,1,1,8,5,7,9,5.45,0,3,5,Yes
S16412,0,1,0,0,1,1,1,0,0,0,8,5,2,3,8.39,8,1,4,Yes
S16413,0,1,1,1,1,1,0,0,1,0,6,5,6,3,9.59,3,3,0,Yes
S16414,0,1,1,0,0,0,1,1,0,1,1,6,7,9,8.63,8,0,1,No
S16415,0,1,1,0,1,1,0,1,0,0,10,6,6,3,5.38,1,1,5,No
S16416,1,1,1,1,1,0,1,0,0,0,6,5,2,1,5.01,7,0,3,No
S16417,0,1,0,0,1,1,1,1,0,1,9,7,5,10,8.62,4,1,0,Yes
S16418,0,0,0,1,1,1,1,0,1,1,4,2,1,1,8.82,0,1,0,No
S16419,0,1,1,1,0,1,1,0,0,0,7,1,4,1,6.04,3,3,1,No
S16420,1,1,1,1,1,0,1,1,0,1,10,6,9,10,7.74,2,2,1,Yes
S16421,0,0,0,0,1,0,1,0,0,0,9,4,8,3,7.42,1,3,5,No
S16422,1,0,0,0,0,1,1,0,0,1,3,6,5,2,9.3,0,3,3,No
S16423,1,1,0,0,1,0,0,0,1,0,2,5,7,5,9.5,6,2,6,Yes
S16424,0,1,0,1,0,1,0,0,0,0,4,3,6,7,8.06,6,2,1,Yes
S16425,1,0,1,0,0,0,0,1,0,0,10,1,2,3,6.37,1,0,1,No
S16426,0,1,0,1,1,0,1,0,1,1,1,8,5,2,5.3,0,0,4,No
S16427,1,0,1,1,1,0,1,1,0,0,4,5,2,1,9.25,6,1,5,No
S16428,0,0,1,0,0,1,0,1,0,0,9,7,6,10,9.86,4,0,3,Yes
S16429,1,1,1,0,1,0,0,0,1,0,5,8,9,3,8.39,8,3,0,Yes
S16430,0,0,0,0,1,1,0,0,0,1,6,3,2,9,6.07,1,1,5,No
S16431,1,0,1,1,1,0,1,0,1,0,7,10,8,1,9.04,0,1,7,Yes
S16432,0,1,1,1,0,0,1,1,1,0,6,5,1,4,7.65,5,3,0,No
S16433,0,1,0,1,0,1,1,0,0,0,3,8,4,4,5.62,1,2,4,No
S16434,1,0,0,0,0,1,0,0,0,0,3,7,8,1,7.24,8,3,0,Yes
S16435,1,1,1,1,0,0,1,0,1,0,6,3,8,4,5.2,2,3,7,Yes
S16436,0,0,1,1,1,1,0,1,1,0,5,3,10,1,5.04,2,1,7,No
S16437,0,1,1,1,1,0,1,1,1,0,7,10,8,9,6.66,3,1,3,Yes
S16438,0,1,1,0,0,1,1,0,0,1,8,7,4,8,7.52,0,3,7,Yes
S16439,0,1,1,1,1,1,1,0,0,0,8,5,7,2,5.83,0,1,6,No
S16440,1,1,0,0,1,0,1,0,0,0,2,10,2,1,5.39,1,3,0,No
S16441,1,1,0,1,1,1,1,0,1,0,5,7,9,5,6.99,5,2,1,Yes
S16442,1,1,0,0,0,1,0,0,0,1,4,3,5,9,9.71,0,3,8,Yes
S16443,1,1,0,1,1,1,1,0,1,0,10,5,10,2,8.86,8,3,6,Yes
S16444,0,1,0,0,0,1,0,0,0,0,2,7,3,3,5.28,3,3,3,No
S16445,1,0,0,1,0,1,1,0,1,1,10,2,1,5,9.91,0,0,5,Yes
S16446,0,0,1,0,1,0,1,0,1,0,10,5,7,9,9.35,7,3,5,Yes
S16447,0,1,0,1,1,0,1,1,1,0,3,5,7,7,5.1,1,2,6,Yes
S16448,0,1,1,0,1,1,0,0,0,0,3,7,8,10,8.42,3,0,3,Yes
S16449,0,1,1,1,0,1,1,0,0,1,1,5,5,3,8.01,8,1,8,Yes
S16450,1,1,1,1,1,0,0,0,0,0,8,4,7,6,8.66,8,1,0,Yes
S16451,0,1,1,1,0,1,0,1,1,0,4,8,8,10,7.34,1,2,4,Yes
S16452,1,0,0,0,1,1,1,0,0,1,7,7,6,8,5.06,1,3,8,No
S16453,1,1,1,1,0,1,1,1,0,0,3,1,3,4,6.92,8,3,0,Yes
S16454,0,0,0,1,0,0,0,0,1,0,4,5,8,7,9.95,2,0,2,No
S16455,1,0,1,1,1,1,0,0,1,1,7,7,9,9,8.0,6,1,8,Yes
S16456,0,1,1,0,0,1,0,0,1,0,7,2,2,5,8.13,7,3,7,Yes
S16457,0,1,0,1,0,0,1,0,0,0,1,4,2,6,8.06,7,3,6,Yes
S16458,0,1,1,1,1,0,1,0,0,0,5,1,9,1,6.28,8,2,2,Yes
S16459,1,1,1,1,1,1,1,0,1,0,6,10,6,1,6.81,7,3,6,Yes
S16460,0,1,1,1,0,1,0,0,1,0,6,2,1,1,8.81,4,0,6,No
S16461,1,1,0,1,1,0,1,0,0,1,2,6,2,7,5.67,4,2,8,Yes
S16462,0,1,1,0,0,1,1,0,1,0,10,10,9,7,8.52,5,0,4,Yes
S16463,1,1,0,1,0,0,1,0,0,1,6,10,5,7,7.72,4,3,8,Yes
S16464,0,1,0,1,0,0,1,1,0,1,5,2,9,9,8.56,6,0,8,Yes
S16465,1,1,1,0,1,1,0,1,0,1,9,4,1,10,5.52,3,1,6,Yes
S16466,1,1,1,0,0,1,1,0,0,0,10,4,4,5,8.01,0,1,6,No
S16467,1,1,0,1,1,0,0,0,0,0,6,5,5,9,6.31,2,1,5,No
S16468,1,1,0,1,0,1,0,0,0,0,2,6,6,6,9.69,7,2,1,Yes
S16469,0,0,1,0,1,1,1,1,0,0,6,7,4,1,5.45,1,0,7,No
S16470,1,0,0,1,0,0,1,0,0,0,5,8,4,7,6.42,6,2,6,Yes
S16471,1,1,0,0,0,1,1,0,1,0,4,8,1,2,8.13,4,3,8,Yes
S16472,0,1,0,0,1,0,0,1,1,0,6,1,10,6,7.2,1,3,1,No
S16473,1,0,1,1,0,0,1,0,0,0,9,10,10,3,7.95,0,3,7,Yes
S16474,1,1,1,1,0,0,1,1,0,1,4,10,8,7,8.36,5,2,0,Yes
S16475,0,1,1,0,0,1,1,1,0,0,1,5,9,6,8.18,8,1,2,Yes
S16476,1,0,0,0,0,1,0,0,0,0,8,7,8,10,9.67,7,0,1,Yes
S16477,1,1,1,0,0,1,1,0,1,1,1,9,5,10,7.16,1,1,1,Yes
S16478,1,1,1,1,0,1,0,0,0,0,3,10,1,9,6.61,7,1,5,Yes
S16479,1,0,0,0,0,0,1,0,1,0,3,10,2,7,6.67,5,2,0,No
S16480,1,1,0,0,1,1,1,0,0,0,7,9,2,7,6.02,2,3,1,No
S16481,1,0,1,1,1,1,1,0,0,1,7,10,5,5,9.92,7,2,6,Yes
S16482,0,1,0,1,0,0,0,1,0,0,7,9,4,2,9.1,6,3,5,Yes
S16483,1,1,1,1,0,1,0,0,1,0,7,1,10,5,8.11,8,2,8,Yes
S16484,1,1,0,1,0,1,1,0,1,0,4,1,3,1,9.83,2,2,6,No
S16485,1,0,1,0,1,1,1,0,0,0,4,5,7,2,5.06,2,2,1,No
S16486,0,1,0,1,1,0,1,1,1,0,8,7,4,8,9.29,4,2,5,Yes
S16487,0,1,0,1,1,1,1,0,1,1,3,5,5,4,6.22,5,1,7,Yes
S16488,1,0,1,1,1,1,1,1,0,1,6,9,2,10,9.3,7,1,3,Yes
S16489,0,1,1,1,1,1,0,0,0,0,4,5,9,5,9.78,5,0,5,Yes
S16490,1,1,0,0,1,0,0,1,1,1,6,2,8,8,6.61,4,1,8,Yes
S16491,1,1,0,1,1,1,1,0,1,0,4,5,2,8,8.02,7,3,0,Yes
S16492,1,0,1,1,0,0,1,0,0,0,9,3,3,3,5.62,4,3,0,No
S16493,1,0,1,0,1,0,1,1,1,1,10,8,3,6,9.97,1,2,1,Yes
S16494,1,1,0,1,0,1,1,0,0,0,5,2,4,8,7.53,3,0,3,No
S16495,1,1,1,1,1,1,1,0,0,1,10,3,1,6,6.71,2,1,2,No
S16496,1,1,0,0,1,0,1,1,0,0,8,6,10,2,5.07,5,3,0,No
S16497,1,1,1,1,0,1,1,1,0,1,2,3,6,7,9.85,4,0,1,Yes
S16498,1,1,1,1,0,1,1,0,0,1,4,10,10,9,9.77,4,0,4,Yes
S16499,1,0,0,1,0,0,1,1,0,0,10,8,10,1,9.12,5,1,0,Yes
S16500,0,0,0,1,0,1,0,1,0,1,3,4,5,4,9.64,8,1,1,Yes
S16501,1,0,0,1,0,0,1,0,0,0,7,8,2,8,5.36,4,2,2,No
S16502,0,1,1,1,1,1,0,0,0,0,8,6,7,1,5.47,7,0,2,No
S16503,0,1,1,0,0,0,0,1,1,1,9,4,9,5,7.98,1,0,8,Yes
S16504,1,1,0,1,1,0,0,0,0,1,5,10,10,1,7.51,4,3,2,Yes
S16505,1,1,0,1,0,1,1,0,0,0,3,5,9,3,7.35,2,1,1,No
S16506,1,1,1,0,1,1,1,1,1,0,5,2,5,6,5.63,7,3,1,Yes
S16507,0,1,0,0,1,0,1,0,0,1,2,10,2,8,5.04,3,3,2,No
S16508,1,0,1,1,1,0,0,0,1,0,4,4,10,4,7.15,4,3,0,Yes
S16509,1,1,1,1,0,1,0,1,1,0,8,10,2,10,5.82,7,3,0,Yes
S16510,1,0,1,1,0,1,1,1,0,0,4,9,8,5,6.27,7,0,5,Yes
S16511,0,1,1,1,1,0,0,1,0,1,8,9,9,4,5.55,7,2,4,Yes
S16512,1,1,1,0,0,1,1,0,0,1,2,5,5,10,7.79,0,2,1,No
S16513,0,1,1,1,1,1,1,0,0,1,10,5,1,3,8.56,5,3,7,Yes
S16514,1,1,0,1,1,1,0,0,0,0,7,2,2,5,6.4,3,1,1,No
S16515,0,0,1,0,1,1,1,0,1,0,8,1,8,6,9.32,6,2,1,Yes
S16516,1,1,0,1,1,1,0,0,0,0,4,3,7,9,7.09,5,0,6,Yes
S16517,1,0,0,0,1,1,0,1,0,1,9,8,9,10,9.3,8,2,5,Yes
S16518,0,1,1,1,0,0,0,0,0,1,10,8,2,2,5.46,1,3,8,No
S16519,0,1,0,1,0,0,1,0,1,0,2,6,3,8,9.5,5,2,6,Yes
S16520,1,1,1,1,0,1,0,1,0,0,9,1,1,2,5.31,2,0,3,No
S16521,1,0,0,1,0,0,0,0,0,0,10,2,6,1,6.3,1,3,7,No
S16522,0,1,0,1,1,0,0,1,1,1,2,8,10,1,6.97,3,1,6,Yes
S16523,0,0,0,0,1,0,1,1,0,0,6,8,5,4,5.1,5,2,1,No
S16524,1,1,1,1,0,0,0,0,1,0,8,7,5,4,9.2,4,2,0,Yes
S16525,0,1,1,1,0,1,1,0,0,1,8,10,6,1,6.89,7,0,0,Yes
S16526,0,1,1,1,1,0,1,0,1,0,10,6,6,6,6.49,4,3,1,Yes
S16527,1,1,1,0,0,0,0,1,0,0,8,7,6,2,9.57,4,0,2,Yes
S16528,0,1,0,1,0,0,1,0,1,0,7,10,4,8,8.22,4,2,1,Yes
S16529,1,0,0,0,1,1,0,1,0,1,2,10,4,8,6.33,0,2,6,No
S16530,0,1,0,1,0,0,0,0,0,0,5,8,8,6,6.25,6,1,5,Yes
S16531,0,1,0,0,1,1,1,1,0,0,7,10,1,2,8.15,6,3,5,Yes
S16532,0,1,1,1,0,1,0,1,1,1,9,5,8,4,7.61,4,1,8,Yes
S16533,1,1,0,1,0,0,1,0,0,1,4,8,9,5,8.28,7,2,1,Yes
S16534,1,1,1,1,0,0,1,0,0,0,4,7,8,9,7.57,0,0,8,Yes
S16535,1,1,0,1,1,1,1,1,0,1,4,5,5,6,6.91,7,3,1,Yes
S16536,0,0,1,1,0,0,1,1,1,0,5,1,8,8,8.39,8,1,3,Yes
S16537,0,1,0,0,1,0,1,1,0,0,6,7,5,1,7.52,2,3,8,No
S16538,1,0,0,0,1,0,1,0,0,0,4,5,4,1,8.98,6,3,7,Yes
S16539,0,1,1,0,1,0,0,0,0,1,8,8,4,2,9.98,4,0,7,No
S16540,0,1,0,1,1,0,1,0,0,0,5,9,5,6,7.11,3,2,2,No
S16541,1,1,1,1,1,0,1,0,1,0,3,1,3,10,8.58,6,2,4,Yes
S16542,1,0,0,1,1,1,0,0,1,0,10,5,10,2,7.92,7,2,2,Yes
S16543,0,0,1,0,1,1,1,0,0,0,7,6,10,9,9.68,7,3,2,Yes
S16544,1,1,1,0,1,0,0,0,0,1,8,3,3,3,6.67,1,3,2,No
S16545,0,1,1,0,0,1,1,1,0,1,7,9,4,5,9.12,8,1,5,Yes
S16546,1,0,0,1,1,0,0,1,0,0,1,6,5,10,7.47,5,3,1,Yes
S16547,0,0,1,1,0,1,0,0,0,0,8,5,8,2,7.31,3,2,7,Yes
S16548,1,0,0,0,0,1,1,0,1,0,8,2,2,2,7.7,5,0,1,No
S16549,1,1,0,0,1,1,0,0,1,0,6,1,9,10,7.92,0,0,7,No
S16550,1,1,0,1,0,0,0,0,0,0,2,6,5,5,8.9,6,1,0,No
S16551,1,0,1,1,1,1,1,0,0,1,1,4,5,5,9.26,0,3,4,Yes
S16552,1,1,1,1,0,0,1,1,0,1,10,7,2,6,9.1,4,2,1,Yes
S16553,1,1,0,1,1,0,0,0,0,0,10,2,7,2,6.2,4,0,7,No
S16554,0,1,1,1,1,0,1,0,1,0,6,8,8,3,5.05,6,3,4,Yes
S16555,0,1,0,0,1,0,0,1,1,1,8,3,1,9,7.41,6,0,1,No
S16556,1,0,1,1,0,0,0,0,0,0,4,6,4,5,9.25,8,3,1,Yes
S16557,0,0,0,0,0,0,1,0,0,0,5,4,2,7,7.55,5,2,4,No
S16558,1,1,0,1,0,1,1,0,0,0,10,1,8,9,8.01,7,0,2,Yes
S16559,0,1,0,0,0,0,0,0,0,1,9,8,3,2,7.36,3,1,1,No
S16560,0,0,1,1,1,1,1,0,1,0,3,3,2,8,5.92,3,0,3,No
S16561,1,1,0,0,1,0,0,0,0,1,9,5,10,8,6.48,2,0,4,No
S16562,0,1,0,1,0,1,1,0,1,0,9,2,6,9,9.67,4,0,1,Yes
S16563,0,1,1,1,0,1,0,0,1,0,9,2,5,10,8.69,8,2,1,Yes
S16564,1,1,0,0,1,1,0,0,0,0,3,9,2,3,9.91,6,2,1,Yes
S16565,0,1,0,0,0,0,0,0,1,0,8,4,6,7,6.67,7,0,0,No
S16566,0,1,1,1,0,1,0,0,0,0,3,3,4,10,7.15,6,0,7,No
S16567,1,1,1,1,1,1,1,0,0,1,10,5,6,5,9.1,0,3,4,Yes
S16568,0,0,1,1,1,0,0,0,0,0,5,9,8,4,6.3,5,0,1,No
S16569,0,0,0,0,1,0,1,1,0,0,5,2,4,5,8.15,3,3,1,No
S16570,1,0,0,1,1,1,1,0,0,0,3,1,8,2,8.48,6,1,4,Yes
S16571,1,1,1,1,1,0,0,0,0,0,10,1,1,7,9.27,2,1,6,No
S16572,1,1,0,0,0,1,1,0,0,0,7,8,1,1,5.47,8,3,3,No
S16573,0,0,0,0,1,0,1,0,1,0,1,6,10,8,9.14,8,0,6,Yes
S16574,0,0,0,0,1,1,1,0,0,0,7,8,6,8,8.24,6,1,2,Yes
S16575,1,1,1,1,1,1,0,1,0,1,1,7,3,5,9.99,2,0,4,Yes
S16576,0,1,0,1,1,1,0,1,1,0,6,9,4,8,5.26,5,0,0,No
S16577,0,1,1,1,1,1,1,0,0,0,10,2,10,2,8.91,3,3,7,Yes
S16578,0,1,0,0,0,1,0,1,1,0,5,3,2,6,8.71,4,1,1,No
S16579,1,1,1,1,0,0,1,1,1,1,9,5,2,4,8.96,6,1,7,Yes
S16580,1,0,0,1,1,0,0,0,0,1,10,6,10,9,6.75,3,3,5,Yes
S16581,0,1,0,1,1,1,0,1,1,0,5,9,6,1,7.32,8,3,4,Yes
S16582,1,1,1,0,0,0,1,0,0,0,10,5,3,5,6.39,8,1,5,Yes
S16583,0,0,1,0,1,0,1,0,1,0,10,2,9,1,8.42,8,2,7,Yes
S16584,0,1,0,1,0,1,0,0,0,1,4,4,1,3,8.72,7,0,6,No
S16585,1,0,0,1,1,0,1,0,0,0,7,10,4,10,6.67,5,1,7,Yes
S16586,0,1,1,0,1,1,1,1,1,0,9,3,2,2,5.97,1,0,8,No
S16587,1,0,0,0,0,0,1,0,1,1,9,6,1,9,7.39,3,0,3,No
S16588,1,1,1,1,0,1,1,0,1,0,6,3,5,3,5.95,5,1,0,No
S16589,1,0,1,1,1,0,1,0,0,0,4,3,1,4,7.15,5,2,4,No
S16590,1,1,1,1,1,0,1,1,0,0,2,6,2,8,8.23,3,0,8,Yes
S16591,1,1,0,1,1,1,0,0,0,0,2,8,8,5,8.22,2,0,2,No
S16592,0,1,0,0,0,1,1,0,0,0,5,1,1,9,9.87,4,1,6,No
S16593,0,1,0,0,0,1,1,0,1,1,4,4,3,9,8.88,1,3,1,Yes
S16594,1,1,0,0,1,1,0,0,0,0,8,10,5,1,9.41,2,0,2,No
S16595,0,0,0,0,1,1,0,0,0,0,7,6,8,10,6.14,0,1,1,No
S16596,1,1,0,1,0,1,1,1,0,0,9,7,1,10,6.86,2,2,7,Yes
S16597,1,0,0,1,1,0,1,1,0,1,4,10,6,9,5.5,0,0,5,No
S16598,0,1,0,1,0,0,0,1,0,0,4,10,7,7,6.94,2,2,1,No
S16599,0,0,0,0,1,1,1,0,0,0,1,10,1,7,7.14,2,2,1,No
S16600,0,1,1,1,1,1,1,0,1,0,4,5,8,2,9.67,6,1,0,Yes
S16601,1,0,1,1,1,1,1,1,0,0,1,3,7,1,7.86,0,0,3,No
S16602,0,1,1,1,1,0,0,1,0,0,5,4,10,6,6.69,2,3,5,Yes
S16603,0,1,0,0,1,1,1,0,1,0,7,2,5,9,6.75,8,1,0,Yes
S16604,0,1,1,1,0,0,0,1,0,0,6,8,5,9,5.16,1,0,5,No
S16605,1,0,1,1,1,1,1,1,1,0,3,4,3,8,7.52,2,0,4,No
S16606,0,0,1,0,0,1,1,1,0,1,1,7,1,2,8.66,4,3,0,No
S16607,0,0,0,0,0,1,0,1,1,0,1,6,4,5,6.42,6,1,1,No
S16608,0,1,1,1,1,0,1,0,0,1,8,9,2,1,9.44,7,0,8,Yes
S16609,1,1,0,1,1,0,1,0,0,0,4,5,9,3,9.7,3,3,8,Yes
S16610,1,0,0,0,1,1,1,1,1,0,9,6,7,2,7.72,7,2,4,Yes
S16611,1,1,0,1,1,0,1,0,0,0,8,3,3,8,8.87,1,1,8,No
S16612,1,1,0,0,1,1,1,0,0,1,7,2,9,4,8.4,4,1,3,Yes
S16613,1,0,1,1,0,1,1,0,0,1,9,9,5,9,7.87,3,3,7,Yes
S16614,1,1,1,0,0,1,0,1,0,1,4,2,6,2,8.97,1,3,8,Yes
S16615,0,0,1,0,1,0,0,0,0,0,4,5,3,5,7.38,3,0,7,No
S16616,1,1,0,0,0,1,1,0,0,0,5,10,9,10,6.43,3,1,8,Yes
S16617,1,0,1,1,1,0,1,0,0,0,7,10,6,8,9.22,2,2,5,Yes
S16618,1,0,0,1,1,0,1,1,0,0,10,8,7,6,7.65,4,1,6,Yes
S16619,1,0,0,1,1,1,0,0,1,0,3,6,2,8,5.32,2,2,2,No
S16620,0,1,1,1,1,0,1,1,0,0,5,4,8,6,5.74,7,1,0,No
S16621,0,1,1,0,0,0,0,0,1,0,8,5,2,2,7.22,2,1,4,No
S16622,0,0,1,1,0,0,1,0,1,0,5,10,8,1,8.47,1,3,5,Yes
S16623,1,1,0,0,0,0,0,0,0,1,10,8,2,8,7.62,3,1,6,Yes
S16624,0,0,1,0,0,0,1,0,0,0,2,9,8,9,5.62,7,2,3,Yes
S16625,1,1,1,0,1,0,1,0,0,0,1,4,4,2,6.07,3,1,1,No
S16626,0,1,0,0,1,0,1,0,0,1,9,2,1,3,8.88,4,2,5,Yes
S16627,1,1,1,1,0,0,1,0,1,1,3,7,7,2,6.45,3,0,4,No
S16628,0,1,0,1,1,0,0,0,1,1,1,5,7,9,9.27,3,3,6,Yes
S16629,0,0,0,0,1,1,1,1,1,1,8,5,9,2,8.4,3,2,8,Yes
S16630,1,0,1,0,0,1,0,0,0,0,5,1,2,6,5.57,3,1,3,No
S16631,1,1,0,1,0,0,0,0,0,0,3,4,8,8,5.99,2,3,6,Yes
S16632,0,1,0,0,1,1,0,1,1,0,9,10,8,6,8.81,7,0,2,Yes
S16633,1,0,0,1,1,0,1,1,0,1,5,7,5,4,5.64,4,1,3,No
S16634,1,0,0,0,0,0,1,0,0,0,2,4,6,2,6.3,8,1,3,No
S16635,1,1,0,0,0,1,1,0,0,0,7,1,2,5,5.27,3,3,1,No
S16636,1,1,1,1,0,1,1,0,1,0,1,3,8,4,9.01,1,1,2,No
S16637,0,0,0,0,0,0,1,0,0,0,4,8,3,2,8.15,4,1,2,No
S16638,1,1,0,0,1,0,1,0,1,0,2,4,9,8,9.12,2,1,0,No
S16639,1,0,0,1,0,0,1,0,0,0,1,7,8,7,7.03,5,0,0,No
S16640,0,0,1,1,0,1,0,0,0,0,5,3,3,8,6.09,4,2,2,No
S16641,0,0,1,0,0,0,1,1,1,1,4,6,7,6,8.75,2,2,3,Yes
S16642,1,0,1,1,1,1,0,0,1,0,6,8,2,3,8.71,2,1,8,Yes
S16643,0,0,0,0,1,0,1,0,0,1,8,5,9,7,7.26,2,0,6,No
S16644,1,1,0,0,1,1,1,0,1,1,4,6,1,10,6.24,4,1,4,No
S16645,1,1,1,1,1,0,1,1,0,0,3,5,2,8,7.31,1,0,4,No
S16646,0,1,0,1,1,0,1,0,0,0,10,7,3,10,5.81,8,2,7,Yes
S16647,0,1,1,0,1,1,0,1,1,0,4,1,4,9,5.86,0,3,4,No
S16648,1,1,0,0,0,0,1,0,1,1,5,6,10,1,8.18,4,2,3,Yes
S16649,1,1,0,1,1,1,1,1,1,0,2,7,1,6,6.25,6,0,4,No
S16650,1,1,0,1,0,1,0,0,0,0,4,7,7,9,9.05,4,2,0,Yes
S16651,1,1,0,0,1,1,1,0,1,0,1,7,2,7,6.84,1,2,3,No
S16652,1,0,0,0,1,1,1,0,0,1,5,7,3,9,9.53,8,3,7,Yes
S16653,1,0,0,1,1,0,1,1,0,0,6,8,4,8,8.54,5,3,3,Yes
S16654,0,0,1,0,1,0,1,1,0,0,10,1,3,3,5.46,6,0,6,No
S16655,0,1,1,0,1,0,1,0,1,0,3,10,4,7,8.12,7,3,7,Yes
S16656,1,1,1,1,1,0,0,0,0,0,8,2,2,4,5.56,7,2,6,Yes
S16657,0,1,1,1,0,1,1,0,0,1,4,1,4,4,6.05,5,3,6,Yes
S16658,1,1,1,0,1,1,1,0,0,0,3,4,10,8,9.17,3,1,8,Yes
S16659,1,1,0,1,0,0,1,1,0,0,3,5,8,2,6.55,6,0,2,No
S16660,1,1,1,1,0,1,1,0,0,0,5,5,2,5,9.61,8,0,5,No
S16661,0,1,0,0,0,0,0,0,1,0,9,6,3,3,8.37,7,2,4,No
S16662,1,0,1,1,1,0,0,0,1,0,9,9,4,10,7.8,3,1,7,Yes
S16663,0,0,0,0,1,1,0,1,0,0,7,4,5,4,8.14,4,1,6,No
S16664,0,1,1,1,1,0,1,0,0,0,8,4,2,8,8.57,3,1,0,No
S16665,1,1,1,1,0,0,1,1,1,1,1,9,2,10,5.17,0,3,2,No
S16666,1,1,0,1,0,0,1,0,0,0,3,3,5,9,9.8,1,2,8,Yes
S16667,0,1,1,0,0,1,1,0,1,1,7,9,10,5,7.49,2,2,0,Yes
S16668,0,0,1,1,0,0,1,0,0,1,10,6,4,2,5.42,0,2,3,No
S16669,0,0,1,0,1,0,1,0,0,1,10,6,4,10,8.13,3,0,3,Yes
S16670,1,1,1,1,0,0,0,1,0,0,2,2,4,9,9.85,3,0,5,No
S16671,0,1,1,0,1,0,1,0,1,0,2,9,6,4,5.99,2,2,5,No
S16672,1,1,0,1,1,1,0,1,1,1,8,5,4,9,8.61,1,0,2,Yes
S16673,0,1,0,1,0,1,1,0,0,0,4,6,1,6,5.95,6,3,4,Yes
S16674,0,0,0,1,0,1,0,0,1,0,5,7,4,3,9.06,4,1,6,No
S16675,0,0,0,0,0,1,1,1,0,0,2,1,10,1,6.59,2,0,0,No
S16676,1,1,0,0,1,0,1,0,0,1,2,6,6,5,6.38,1,0,6,No
S16677,0,1,1,0,0,1,1,0,0,1,9,5,1,6,5.73,1,2,4,No
S16678,1,0,0,1,1,0,1,1,0,0,6,7,1,6,8.86,0,0,3,No
S16679,1,1,0,0,0,1,0,0,0,1,10,1,2,10,7.05,7,2,1,No
S16680,1,1,1,1,0,0,1,1,0,0,9,5,3,4,9.25,7,1,5,Yes
S16681,0,1,0,0,1,1,1,0,0,1,10,1,3,4,7.85,5,3,2,Yes
S16682,0,1,0,1,0,1,1,0,0,0,4,2,9,9,7.12,2,3,2,Yes
S16683,1,0,0,0,0,1,1,0,0,0,3,6,8,3,5.23,4,0,0,No
S16684,0,1,0,0,0,1,0,0,1,0,1,5,5,6,6.39,2,0,7,No
S16685,1,1,1,1,0,1,1,0,0,0,7,8,8,9,7.27,4,2,3,Yes
S16686,1,1,1,0,1,0,1,1,1,0,1,9,7,5,7.22,3,0,6,No
S16687,1,1,0,0,0,1,0,0,1,1,8,10,10,6,6.98,6,0,2,Yes
S16688,0,0,0,0,0,0,1,0,0,0,9,5,6,8,6.09,4,2,7,No
S16689,1,1,0,0,0,0,1,0,0,0,8,6,10,2,7.73,8,0,7,Yes
S16690,1,0,1,1,0,1,1,1,0,1,8,8,10,2,8.8,0,1,0,Yes
S16691,0,1,1,1,1,0,1,1,0,0,6,6,6,6,6.45,1,3,6,Yes
S16692,1,1,0,0,0,0,0,0,0,1,2,1,4,8,6.09,2,2,5,No
S16693,0,0,1,1,1,0,0,0,0,0,1,3,2,4,8.58,6,2,1,No
S16694,1,0,0,1,1,0,0,0,0,0,1,2,2,7,5.34,1,1,7,No
S16695,0,1,1,1,0,1,1,0,1,0,8,1,8,8,5.36,8,2,7,Yes
S16696,0,1,0,0,1,0,1,0,1,0,2,1,7,7,9.87,4,2,2,Yes
S16697,0,1,0,0,1,0,0,0,0,1,10,4,7,1,8.13,4,2,2,No
S16698,1,0,0,0,1,0,1,0,0,0,4,2,3,10,5.56,7,2,4,No
S16699,0,1,0,0,1,1,1,1,0,0,3,2,1,6,7.57,0,1,2,No
S16700,1,1,1,0,1,1,0,1,0,1,7,3,5,6,5.1,1,0,8,No
S16701,0,1,1,0,0,0,0,0,0,0,10,6,10,8,8.27,7,1,4,Yes
S16702,1,1,0,0,0,1,1,1,0,0,3,3,9,5,9.35,8,3,8,Yes
S16703,1,0,0,1,0,1,1,0,1,0,10,6,10,4,5.84,5,1,8,Yes
S16704,0,1,0,1,0,0,1,0,1,1,2,2,10,1,6.48,8,1,2,Yes
S16705,0,1,0,0,0,1,1,1,0,0,4,2,3,3,5.5,2,2,1,No
S16706,1,1,1,1,1,1,1,0,0,0,4,7,1,2,7.94,5,2,6,Yes
S16707,0,1,0,0,1,1,1,0,0,1,5,8,2,4,5.3,0,2,1,No
S16708,0,1,1,0,1,0,0,0,0,0,2,7,7,10,8.45,6,0,0,No
S16709,0,1,1,0,1,1,1,0,0,0,5,8,4,2,5.83,4,1,6,No
S16710,1,1,0,1,1,1,1,1,0,1,2,2,4,8,7.09,0,0,4,No
S16711,0,0,1,0,0,1,1,1,0,0,9,9,9,5,5.22,5,1,8,Yes
S16712,1,0,1,1,1,0,0,0,0,1,9,9,9,4,8.16,1,0,6,Yes
S16713,1,1,0,1,0,1,0,0,1,0,7,7,9,3,5.06,2,3,0,No
S16714,0,1,1,0,1,1,1,1,0,0,1,3,5,8,6.52,7,2,5,Yes
S16715,0,1,1,1,1,1,1,0,1,1,5,6,1,6,6.39,1,3,2,Yes
S16716,0,1,1,1,0,1,0,1,1,0,2,5,1,10,9.71,1,2,8,Yes
S16717,1,0,0,1,0,0,1,0,0,1,10,4,8,10,8.64,6,1,5,Yes
S16718,1,0,1,1,0,1,1,1,0,0,6,6,8,10,6.78,3,0,0,No
S16719,1,1,0,1,1,0,1,0,1,1,1,7,8,10,7.44,6,2,4,Yes
S16720,1,1,0,1,1,1,1,0,0,1,1,9,5,7,9.09,4,1,7,Yes
S16721,1,0,1,1,1,0,1,0,0,0,7,1,4,6,6.53,4,2,7,Yes
S16722,1,1,1,0,1,1,1,0,0,1,6,5,7,10,7.14,3,2,1,Yes
S16723,0,1,1,0,0,0,0,0,0,0,4,1,3,6,5.21,0,2,0,No
S16724,0,1,1,1,1,0,0,0,1,0,3,8,5,9,8.22,2,3,7,Yes
S16725,0,1,0,1,1,1,1,0,0,0,2,1,6,8,8.2,1,1,7,No
S16726,0,1,0,1,1,0,0,0,0,0,6,2,5,3,8.97,3,0,5,No
S16727,1,1,0,1,1,1,1,0,1,0,9,10,5,9,7.96,5,3,0,Yes
S16728,1,1,0,1,0,1,0,0,0,0,9,10,7,9,7.7,4,1,4,Yes
S16729,0,0,1,1,0,0,1,0,0,0,3,10,5,2,6.52,6,3,0,No
S16730,1,0,0,1,1,1,1,0,0,0,1,7,8,6,8.13,2,1,7,Yes
S16731,0,0,0,1,1,1,0,1,1,1,1,1,6,3,8.41,5,2,8,Yes
S16732,1,1,1,1,0,0,1,0,0,0,9,4,10,3,6.84,6,0,4,Yes
S16733,1,1,0,1,0,1,1,1,0,0,4,9,3,3,5.59,6,1,4,No
S16734,0,1,0,1,0,0,0,1,0,0,3,1,7,4,7.77,5,0,0,No
S16735,0,0,1,0,1,0,1,1,1,0,3,8,6,7,7.28,6,2,5,Yes
S16736,0,1,1,1,0,1,1,0,0,0,2,2,5,10,7.06,2,1,5,No
S16737,1,1,1,1,1,1,1,0,0,1,3,9,4,1,8.6,5,3,0,Yes
S16738,1,1,1,1,1,0,1,1,1,0,7,6,2,1,9.12,6,0,0,Yes
S16739,0,0,0,1,1,0,1,1,0,1,4,10,4,8,6.5,3,3,6,Yes
S16740,1,0,0,0,0,1,1,1,0,0,1,1,1,7,7.15,4,0,2,No
S16741,1,1,0,0,1,1,1,0,0,0,4,10,5,5,6.77,7,3,3,Yes
S16742,0,0,1,1,1,1,1,0,1,0,3,8,7,6,9.18,5,3,7,Yes
S16743,0,1,0,1,0,0,1,0,1,0,4,6,8,3,9.36,4,2,5,Yes
S16744,0,1,1,0,0,1,1,0,1,1,9,8,7,9,6.84,0,3,8,Yes
S16745,1,0,0,1,0,1,1,0,0,0,6,6,10,8,6.22,8,0,8,Yes
S16746,1,1,1,1,0,0,1,1,0,0,10,9,9,7,7.12,8,0,8,Yes
S16747,0,1,0,1,1,1,0,1,0,0,9,2,6,2,9.95,4,3,0,Yes
S16748,1,0,1,1,0,1,1,0,0,1,4,3,7,10,7.82,2,0,8,Yes
S16749,0,1,1,1,1,1,0,0,0,1,8,8,3,5,7.16,3,0,0,No
S16750,1,0,1,1,0,1,1,0,0,0,5,3,10,7,7.85,2,1,6,Yes
S16751,0,1,1,0,0,0,1,0,0,0,10,3,8,1,6.5,7,0,4,No
S16752,0,1,0,0,1,1,1,0,0,0,2,5,10,1,5.7,5,0,5,No
S16753,1,1,1,0,0,1,1,0,0,1,2,6,1,5,7.26,5,2,2,No
S16754,1,0,0,1,1,1,0,0,0,0,6,10,5,3,6.2,8,1,0,No
S16755,0,1,0,0,0,1,1,1,0,0,10,6,10,6,9.54,3,2,1,Yes
S16756,0,1,1,1,1,1,1,1,0,0,4,8,4,7,7.03,1,2,0,Yes
S16757,1,1,1,1,1,1,0,0,1,0,2,5,9,1,5.67,7,2,5,Yes
S16758,0,0,0,1,1,1,1,0,1,0,2,10,9,4,6.47,5,2,0,Yes
S16759,1,1,1,1,0,1,1,0,0,0,9,9,5,2,5.93,2,1,3,Yes
S16760,1,1,1,0,0,0,0,1,0,0,6,7,6,1,7.27,3,1,2,No
S16761,1,1,1,1,1,1,1,1,0,0,9,3,10,3,7.81,6,2,4,Yes
S16762,0,1,1,0,0,1,0,0,0,0,7,9,4,10,6.31,5,3,4,Yes
S16763,1,1,1,0,1,1,0,0,0,0,10,5,1,3,8.14,1,1,2,No
S16764,1,1,0,1,1,1,0,0,0,0,5,1,8,4,6.01,3,2,1,No
S16765,0,0,0,1,1,0,1,0,0,1,10,6,2,5,9.47,8,1,4,Yes
S16766,1,1,0,1,1,0,1,0,0,1,7,5,8,1,7.61,4,1,2,Yes
S16767,1,1,1,0,1,1,1,1,0,1,5,4,3,10,8.63,7,1,5,Yes
S16768,1,1,0,1,0,0,0,0,0,0,6,4,7,7,9.94,2,3,4,Yes
S16769,0,0,0,1,0,1,0,0,1,0,6,9,1,2,5.6,3,3,5,No
S16770,0,1,1,1,1,0,1,0,0,0,5,6,2,3,9.97,8,1,5,Yes
S16771,0,0,1,1,1,0,0,0,0,0,2,6,1,6,8.65,7,3,3,Yes
S16772,0,0,1,0,0,1,1,0,1,1,4,2,9,5,7.75,7,2,6,Yes
S16773,0,1,0,1,0,1,1,0,1,1,5,7,9,5,9.92,6,0,5,Yes
S16774,0,1,0,0,1,0,1,1,0,0,8,1,5,1,8.96,0,2,4,No
S16775,1,0,0,1,1,1,1,0,0,0,4,1,2,10,5.76,3,2,5,No
S16776,1,0,1,0,1,1,1,1,0,0,5,4,8,3,8.88,0,0,3,No
S16777,0,0,0,1,1,1,1,1,1,0,4,5,1,2,8.96,3,2,7,Yes
S16778,0,0,0,1,1,1,0,0,0,1,3,8,10,10,8.92,0,2,1,Yes
S16779,1,1,1,1,1,1,1,0,0,0,6,6,5,7,9.79,3,3,6,Yes
S16780,1,0,0,0,1,0,0,0,0,0,9,8,5,5,7.28,8,2,0,Yes
S16781,1,1,1,1,0,0,1,1,1,0,7,6,6,3,9.5,6,1,4,Yes
S16782,1,1,1,1,1,1,1,0,1,0,3,8,2,1,7.8,8,3,2,Yes
S16783,1,1,1,1,1,0,1,0,1,0,6,4,1,3,5.35,2,3,8,Yes
S16784,1,1,1,1,1,0,1,0,1,0,2,4,7,9,5.74,5,1,1,No
S16785,1,1,0,0,1,1,0,0,0,0,4,5,3,10,8.71,0,1,5,No
S16786,0,1,0,1,1,1,0,0,0,1,1,6,5,6,6.63,5,3,5,Yes
S16787,1,1,0,0,1,0,1,1,0,0,4,8,10,5,8.64,7,2,3,Yes
S16788,0,0,0,1,1,1,1,0,1,0,6,7,8,6,8.52,3,0,1,No
S16789,0,1,1,0,1,1,1,0,1,1,3,5,10,9,7.92,4,2,0,Yes
S16790,0,0,1,1,1,1,0,0,0,0,7,4,7,5,5.23,8,1,2,No
S16791,0,1,1,1,0,1,0,0,0,0,1,3,1,1,5.74,4,0,0,No
S16792,1,1,0,1,1,1,0,1,0,0,5,9,9,1,6.1,0,2,2,No
S16793,0,1,1,1,1,1,0,0,0,0,6,1,10,4,6.09,6,3,7,Yes
S16794,0,1,1,0,1,1,0,0,0,1,2,1,10,5,5.15,6,1,0,No
S16795,1,1,0,1,0,1,1,1,0,0,5,1,10,7,9.34,3,3,7,Yes
S16796,1,0,0,0,0,1,1,0,0,0,6,9,7,7,7.06,2,0,5,No
S16797,1,1,0,1,1,0,0,0,1,1,10,2,10,9,7.11,5,3,3,Yes
S16798,1,1,0,0,1,0,1,0,0,1,6,3,10,8,8.77,0,2,7,Yes
S16799,1,1,0,1,0,1,1,0,0,0,4,7,5,6,8.13,8,3,6,Yes
S16800,0,1,1,1,0,0,0,0,0,0,3,7,3,9,6.35,2,3,1,No
S16801,1,1,1,1,1,1,0,0,0,0,4,1,7,3,5.33,3,1,0,No
S16802,0,0,1,1,1,0,1,0,0,1,4,8,3,3,9.57,6,3,5,Yes
S16803,0,1,0,1,1,1,1,1,0,0,4,6,9,5,7.37,2,2,6,Yes
S16804,0,1,1,1,1,1,0,0,1,1,6,5,1,6,6.36,6,2,0,Yes
S16805,0,1,1,1,0,1,1,1,1,0,6,8,4,9,8.39,0,0,6,Yes
S16806,0,1,0,1,0,1,1,0,1,1,9,9,5,5,7.43,3,3,6,Yes
S16807,1,1,1,0,1,1,0,0,0,0,1,6,8,7,7.86,5,3,6,Yes
S16808,0,1,1,0,1,1,0,1,1,1,8,8,8,8,5.83,3,2,4,Yes
S16809,0,0,1,1,0,0,1,0,0,0,8,6,1,3,8.09,8,0,6,Yes
S16810,1,1,0,1,1,0,1,0,1,0,3,7,5,6,5.86,1,1,6,No
S16811,0,0,0,0,1,1,1,0,0,1,10,6,4,3,8.94,7,2,2,No
S16812,0,1,0,1,1,1,1,1,1,0,7,8,9,2,8.66,1,0,5,Yes
S16813,0,0,1,0,0,1,1,0,0,1,9,1,9,10,5.05,8,0,3,No
S16814,1,0,1,1,0,0,1,0,0,0,3,4,3,8,9.64,0,1,1,No
S16815,0,1,0,0,0,0,0,0,0,0,2,5,6,5,7.68,4,2,3,No
S16816,1,1,1,1,0,0,0,0,0,1,7,7,4,5,6.67,5,0,7,No
S16817,1,1,0,0,1,1,1,1,0,0,8,10,5,8,7.61,3,2,4,Yes
S16818,1,1,1,1,0,0,1,0,1,1,5,1,9,3,8.8,8,2,6,Yes
S16819,1,1,1,1,0,0,1,1,1,0,1,3,5,3,6.33,1,1,4,No
S16820,0,0,1,0,0,1,1,0,0,0,9,6,1,9,8.93,0,3,1,Yes
S16821,1,1,0,1,0,0,0,0,0,0,10,8,7,5,7.62,7,3,5,Yes
S16822,1,1,0,1,0,0,0,0,0,1,4,6,9,10,6.23,2,2,1,Yes
S16823,1,0,0,0,1,0,0,1,0,0,9,8,7,2,8.98,2,0,7,No
S16824,1,0,1,1,1,1,1,1,0,0,5,7,4,2,6.52,0,3,2,No
S16825,1,1,1,1,1,1,1,0,1,0,6,8,7,9,7.07,7,1,7,Yes
S16826,1,0,1,1,0,1,1,0,0,1,5,7,7,5,9.21,1,0,6,Yes
S16827,0,0,0,1,1,0,1,0,0,1,6,9,9,4,8.48,8,3,3,Yes
S16828,1,1,1,1,1,0,0,0,0,1,1,2,2,2,8.39,6,2,8,Yes
S16829,1,1,0,1,1,0,1,0,0,0,7,5,10,10,8.71,8,3,3,Yes
S16830,1,0,0,0,1,0,1,0,0,1,4,10,1,5,9.78,1,3,2,No
S16831,0,0,0,0,0,1,1,1,0,0,8,8,2,8,8.43,7,1,6,Yes
S16832,1,1,0,1,1,1,0,0,1,1,3,9,6,1,7.87,4,0,6,Yes
S16833,0,1,0,1,1,1,1,1,1,0,1,1,5,9,5.21,1,0,4,No
S16834,0,0,0,1,0,0,1,0,0,0,4,1,8,2,9.86,4,1,5,No
S16835,0,0,1,1,0,0,1,0,0,0,7,8,9,1,6.79,8,0,3,No
S16836,1,0,0,1,0,1,1,0,0,0,9,8,5,3,5.12,5,1,0,No
S16837,0,0,0,0,1,0,1,0,0,1,10,8,2,9,6.24,6,1,7,Yes
S16838,0,1,0,0,0,0,1,0,0,0,4,9,8,6,5.64,2,1,1,No
S16839,1,0,0,1,0,0,1,0,1,1,2,5,9,3,9.69,1,2,5,Yes
S16840,0,0,1,1,1,1,0,0,1,0,2,7,9,2,9.53,7,2,4,Yes
S16841,0,0,1,1,1,1,0,0,0,0,8,3,2,2,8.15,2,0,7,No
S16842,0,1,0,1,0,1,0,1,1,0,6,6,7,9,5.36,6,2,0,Yes
S16843,0,0,1,1,1,1,0,1,0,0,9,9,1,4,6.52,8,1,6,Yes
S16844,0,1,0,1,0,0,1,0,0,0,3,10,5,2,9.13,7,1,3,Yes
S16845,0,1,0,1,1,1,1,0,0,0,1,2,10,4,8.75,4,3,6,Yes
S16846,0,1,1,1,1,1,1,0,1,0,10,6,6,10,6.09,6,0,5,Yes
S16847,0,1,1,1,0,1,1,0,0,0,8,6,10,3,8.04,1,3,1,No
S16848,0,1,0,0,1,0,0,0,0,0,6,8,4,9,5.16,3,0,6,No
S16849,1,0,0,0,1,0,1,0,1,0,2,8,10,1,9.52,6,3,7,Yes
S16850,1,0,1,0,1,1,0,1,1,1,9,10,8,1,6.5,8,1,0,Yes
S16851,0,0,1,0,1,1,1,0,0,0,7,10,4,6,9.27,7,1,7,Yes
S16852,1,0,1,0,1,0,1,0,0,0,2,8,9,6,9.93,6,0,1,Yes
S16853,0,1,1,0,0,1,0,1,0,0,3,1,2,8,5.36,3,1,2,No
S16854,0,1,1,0,1,0,1,1,0,0,4,10,3,1,9.4,1,3,0,Yes
S16855,0,1,1,1,1,1,0,0,0,0,9,6,6,4,5.09,5,0,5,No
S16856,0,1,1,1,1,1,1,0,0,0,6,5,7,6,7.41,0,0,6,No
S16857,0,1,1,1,1,0,1,0,0,0,4,2,1,8,8.16,6,3,3,No
S16858,1,1,1,1,1,0,1,0,1,0,1,10,8,8,7.89,3,1,6,Yes
S16859,0,1,1,1,0,1,0,0,0,1,3,8,6,9,9.29,4,1,5,Yes
S16860,1,1,0,0,1,0,0,0,0,0,7,4,9,4,5.2,4,0,0,No
S16861,1,1,1,1,0,1,0,0,0,0,7,6,1,7,5.54,3,1,7,No
S16862,1,1,1,0,0,1,1,0,0,0,1,10,6,8,5.67,7,3,5,Yes
S16863,1,0,0,0,1,0,0,0,0,1,1,7,5,4,5.67,1,1,8,No
S16864,1,1,0,1,0,0,1,0,0,1,5,2,2,1,8.62,8,1,6,No
S16865,1,1,0,1,1,1,1,0,1,0,4,9,1,4,9.93,1,2,2,No
S16866,0,1,1,0,1,1,0,0,0,1,9,5,10,4,5.03,7,2,2,Yes
S16867,0,0,1,1,1,0,0,1,0,0,7,4,8,9,7.11,8,1,4,Yes
S16868,1,1,0,1,0,0,0,0,0,0,10,4,2,6,5.22,2,1,3,No
S16869,1,1,0,1,0,0,1,1,1,1,3,8,4,5,7.01,8,0,4,No
S16870,0,1,1,1,1,1,1,1,0,0,1,2,10,5,7.48,6,2,7,Yes
S16871,0,0,1,0,1,1,0,0,0,1,6,2,3,6,8.78,0,3,0,No
S16872,0,0,0,0,0,0,1,0,0,0,6,4,8,7,5.44,8,1,8,No
S16873,1,1,1,1,0,0,1,0,0,0,5,7,2,3,7.37,0,0,3,No
S16874,0,0,1,1,1,0,1,0,0,0,3,5,5,9,6.78,6,3,1,No
S16875,1,1,1,1,0,1,1,0,0,0,8,10,6,2,7.88,0,2,0,Yes
S16876,0,1,1,1,1,1,0,1,1,1,8,7,1,6,9.81,7,1,3,Yes
S16877,1,1,0,1,1,0,1,0,1,0,3,9,9,4,9.79,5,3,6,Yes
S16878,1,1,1,0,1,0,1,0,0,0,1,6,7,1,8.56,8,1,8,Yes
S16879,1,0,1,1,1,1,0,1,0,0,5,10,9,4,7.01,0,0,5,Yes
S16880,1,0,1,0,0,0,1,0,0,0,2,2,7,7,9.02,2,2,2,No
S16881,1,1,0,0,0,1,1,0,0,1,2,3,4,3,9.24,4,1,0,No
S16882,0,1,1,0,0,1,0,1,0,1,6,6,4,7,6.64,2,0,3,No
S16883,0,1,1,0,0,1,1,0,1,1,3,1,3,4,7.46,2,1,5,No
S16884,0,1,1,1,1,0,1,0,1,1,7,9,10,1,5.58,1,1,1,No
S16885,1,0,1,0,0,0,1,1,0,1,4,8,1,7,5.3,0,2,0,No
S16886,1,0,0,1,0,1,1,1,1,0,1,5,9,10,9.65,0,2,2,Yes
S16887,0,1,0,1,0,1,0,1,0,0,8,10,5,2,8.19,0,3,2,No
S16888,0,1,0,0,0,0,1,0,0,0,7,3,4,3,6.0,4,2,7,No
S16889,1,0,0,0,0,1,1,1,1,0,2,7,3,2,7.39,1,1,3,No
S16890,1,1,1,1,0,1,1,0,0,0,10,8,1,10,8.13,8,0,4,Yes
S16891,0,0,0,1,1,1,0,1,0,1,8,7,10,9,7.3,1,0,8,Yes
S16892,1,1,0,0,1,1,0,0,0,1,5,1,10,10,6.85,5,0,0,No
S16893,1,1,1,0,0,0,0,0,0,1,3,7,6,1,8.13,7,0,7,No
S16894,0,1,1,1,1,0,1,1,0,0,1,8,1,6,7.63,8,2,7,Yes
S16895,0,1,1,0,0,1,1,1,0,1,2,9,7,6,7.31,2,2,4,Yes
S16896,0,1,1,0,0,1,1,0,0,1,2,6,2,5,6.11,2,0,0,No
S16897,1,0,0,1,1,1,1,0,0,1,1,7,5,4,5.55,3,3,3,No
S16898,1,0,0,0,1,1,1,0,0,1,7,6,2,9,7.24,0,2,1,No
S16899,0,1,0,0,0,0,1,0,1,0,10,8,6,5,9.45,5,3,7,Yes
S16900,0,1,0,0,1,1,1,0,1,0,5,9,4,5,5.46,4,1,0,No
S16901,1,0,0,1,1,1,1,0,0,1,6,1,10,10,8.38,1,1,7,Yes
S16902,1,0,0,0,1,1,1,0,0,0,3,1,8,4,8.89,8,0,0,No
S16903,1,1,0,1,1,0,0,0,0,0,5,2,8,9,6.58,4,2,2,Yes
S16904,1,0,0,0,0,0,1,0,0,0,10,7,9,5,6.51,7,3,6,Yes
S16905,0,0,0,1,0,1,1,0,1,0,2,4,9,9,6.43,7,0,4,No
S16906,0,1,1,1,0,1,1,0,0,0,9,8,4,4,8.15,1,1,7,Yes
S16907,1,1,1,0,0,1,1,0,1,1,10,7,8,2,5.78,4,2,2,Yes
S16908,1,1,0,1,0,0,1,0,0,1,6,6,10,3,9.27,5,0,3,Yes
S16909,0,1,0,1,0,1,1,0,0,0,10,1,4,2,7.16,7,2,0,No
S16910,1,0,1,0,0,1,0,0,1,0,4,5,3,1,7.79,5,1,5,No
S16911,0,1,0,1,0,0,1,1,0,0,7,10,1,7,9.42,8,1,0,Yes
S16912,0,0,1,1,1,1,0,0,0,0,9,3,9,4,7.81,6,1,4,Yes
S16913,0,1,0,0,0,0,1,0,0,0,3,2,9,3,8.24,5,0,1,No
S16914,1,1,0,0,1,1,1,0,0,1,3,3,2,5,6.95,8,2,0,No
S16915,1,0,1,1,1,0,1,1,1,1,2,1,3,7,6.23,7,1,2,No
S16916,1,1,0,1,1,1,0,0,0,0,7,10,8,4,5.61,2,1,2,No
S16917,1,1,0,1,0,0,1,0,0,0,3,7,4,4,8.25,0,0,3,No
S16918,1,1,1,1,0,1,0,0,0,0,7,10,5,10,8.97,8,2,5,Yes
S16919,0,1,1,1,1,0,1,0,0,1,1,10,5,9,7.28,1,1,6,Yes
S16920,0,0,1,1,0,0,1,1,0,0,5,5,10,8,5.46,5,3,0,Yes
S16921,0,1,1,1,0,0,0,0,0,0,9,2,6,2,7.82,5,3,4,Yes
S16922,1,0,1,0,0,1,0,1,1,0,7,9,10,5,7.0,3,2,5,Yes
S16923,0,1,0,0,1,1,1,0,0,1,10,5,6,5,9.76,6,3,8,Yes
S16924,0,0,0,1,0,1,1,1,1,0,2,4,1,3,8.11,1,1,6,No
S16925,1,1,0,0,0,1,1,0,1,1,10,2,6,4,6.72,3,1,0,No
S16926,0,1,0,1,1,0,1,0,0,0,10,4,8,8,5.26,7,2,0,Yes
S16927,1,0,1,1,1,0,0,0,0,1,6,3,3,8,9.88,0,2,4,Yes
S16928,1,1,0,0,1,0,1,0,0,0,7,2,4,4,5.17,7,2,3,No
S16929,1,0,0,0,0,1,1,1,1,0,10,8,7,10,7.06,5,2,3,Yes
S16930,0,1,0,1,0,1,1,0,0,1,1,10,3,7,7.97,8,0,4,No
S16931,0,1,0,0,1,0,0,0,1,0,9,6,4,7,9.12,6,1,5,Yes
S16932,1,0,0,0,0,0,1,0,1,0,5,9,7,5,6.45,7,2,5,Yes
S16933,1,0,0,1,1,0,1,0,0,1,4,4,2,9,8.06,0,0,3,No
S16934,1,1,1,1,1,1,0,1,0,0,5,7,7,8,6.08,3,2,4,Yes
S16935,1,0,1,1,0,0,1,0,0,0,4,10,8,6,7.38,5,2,6,Yes
S16936,1,1,1,0,1,0,0,1,0,0,3,8,8,9,5.72,2,0,4,No
S16937,1,1,1,1,1,0,1,0,1,1,9,3,4,3,8.32,0,1,2,No
S16938,1,1,1,1,1,0,0,0,0,1,4,7,6,3,7.01,0,1,3,No
S16939,0,1,0,0,1,1,0,1,0,1,3,9,2,6,8.68,5,3,8,Yes
S16940,1,1,1,1,1,0,0,0,0,0,10,2,9,10,8.14,6,0,8,Yes
S16941,0,1,0,1,1,1,1,0,0,0,4,1,3,6,9.76,0,2,2,No
S16942,1,0,0,0,1,0,1,0,0,0,6,3,3,4,7.2,1,3,0,No
S16943,1,1,1,1,0,1,0,1,1,1,8,3,8,8,5.24,3,0,5,No
S16944,1,1,0,1,0,1,0,1,0,0,1,7,6,9,8.27,4,0,7,Yes
S16945,1,1,0,1,0,0,1,0,0,0,4,2,4,9,8.54,7,2,1,Yes
S16946,1,1,0,0,1,1,0,1,0,0,9,4,7,10,8.17,7,0,5,Yes
S16947,0,1,0,0,1,0,1,0,1,0,6,3,1,4,5.98,4,2,6,No
S16948,0,1,1,0,1,1,1,0,1,1,2,4,7,6,5.36,8,0,3,No
S16949,1,1,0,0,1,0,0,0,0,0,5,5,7,9,6.34,7,0,8,Yes
S16950,1,1,1,1,1,0,0,1,0,0,4,4,2,10,9.8,2,2,0,No
S16951,0,0,0,0,1,0,0,0,0,0,4,7,4,9,9.0,6,0,4,No
S16952,1,0,0,1,0,0,1,1,1,1,6,4,7,2,5.08,2,0,4,No
S16953,0,1,0,0,1,1,0,0,1,0,7,10,4,1,7.49,3,3,2,No
S16954,0,1,1,1,0,1,1,1,0,1,2,1,3,9,7.57,0,1,8,No
S16955,0,1,1,0,1,1,1,0,0,0,4,7,5,1,7.04,2,1,3,No
S16956,1,0,0,0,1,0,1,1,1,0,8,10,4,3,5.4,8,3,6,Yes
S16957,1,0,1,1,0,0,1,0,0,0,1,3,3,3,7.15,8,2,3,No
S16958,1,1,1,0,0,0,0,1,0,0,8,7,4,3,5.77,4,3,5,Yes
S16959,0,1,0,1,1,0,0,0,0,1,1,4,7,7,9.34,7,0,2,No
S16960,0,0,0,1,0,1,0,0,1,1,9,3,8,2,5.47,4,0,6,No
S16961,0,1,1,0,1,0,1,1,0,0,2,9,1,1,9.83,2,3,4,Yes
S16962,0,1,0,1,0,0,0,1,0,0,6,8,4,6,7.15,7,1,6,No
S16963,0,1,0,0,0,1,1,1,1,1,4,7,6,2,8.58,5,2,4,Yes
S16964,0,1,0,1,1,0,1,1,0,0,9,6,2,5,5.23,5,3,6,Yes
S16965,0,0,0,1,0,0,1,0,0,0,7,1,6,10,6.75,6,0,8,No
S16966,0,0,0,0,1,0,1,0,0,0,4,9,10,4,7.78,5,2,8,Yes
S16967,1,0,1,1,0,0,0,0,0,0,6,6,1,9,5.38,1,3,6,No
S16968,1,1,1,1,0,1,0,0,0,0,3,4,9,4,9.93,4,0,3,Yes
S16969,0,0,1,0,1,0,0,0,0,1,8,3,8,7,7.72,1,1,2,No
S16970,1,1,1,0,1,0,0,0,0,0,7,2,3,4,9.42,5,0,3,No
S16971,1,1,0,0,1,0,1,0,0,1,9,2,7,8,5.15,4,2,2,No
S16972,0,0,0,1,0,0,1,0,0,0,6,5,6,1,9.57,7,2,8,Yes
S16973,0,1,1,0,1,1,1,0,0,0,7,7,9,6,6.26,2,3,2,Yes
S16974,0,1,0,0,1,1,0,0,1,0,10,8,9,3,7.5,4,3,5,Yes
S16975,1,0,1,1,1,0,0,0,0,0,10,9,6,8,8.98,1,1,0,No
S16976,0,0,0,0,0,1,1,1,0,1,1,1,1,3,7.77,0,2,2,No
S16977,1,1,0,1,1,1,0,0,0,0,1,1,4,5,7.98,6,2,4,No
S16978,0,1,0,1,1,0,1,0,1,1,8,7,4,8,7.27,2,3,0,Yes
S16979,1,1,1,1,1,1,1,1,0,1,6,1,4,6,9.51,4,2,7,Yes
S16980,0,0,1,1,1,0,1,0,1,1,10,2,9,5,6.14,2,2,1,No
S16981,0,1,1,1,0,0,1,1,1,1,6,7,8,7,5.87,8,2,3,Yes
S16982,1,0,1,1,1,1,1,0,0,1,7,10,5,3,7.62,4,2,0,Yes
S16983,0,1,0,1,1,1,0,0,0,1,3,6,7,2,5.58,3,0,1,No
S16984,0,1,0,1,1,0,1,1,1,0,1,9,5,5,5.84,7,1,1,Yes
S16985,1,1,0,1,0,0,1,0,1,1,7,5,9,10,5.06,0,0,6,No
S16986,1,1,0,1,1,0,1,1,1,0,1,3,2,5,5.33,8,2,1,No
S16987,1,0,1,0,0,1,1,0,1,0,8,6,9,4,6.0,8,3,7,Yes
S16988,1,1,1,1,1,1,1,0,0,0,5,1,3,6,6.37,0,3,6,No
S16989,0,1,1,0,1,0,1,0,1,0,10,7,8,3,7.76,3,1,5,Yes
S16990,0,1,1,1,1,0,0,0,0,0,9,9,1,8,7.86,6,0,0,Yes
S16991,1,0,1,1,1,0,0,0,0,0,2,8,8,10,5.4,1,2,8,Yes
S16992,1,1,1,1,1,0,1,1,0,0,9,9,9,7,7.27,8,3,3,Yes
S16993,1,0,0,0,1,1,1,0,0,0,4,1,6,8,9.53,5,2,8,Yes
S16994,1,1,1,0,0,1,1,0,0,0,4,3,5,5,5.15,8,1,3,No
S16995,1,1,1,1,0,0,1,0,1,1,7,3,3,4,6.9,0,1,8,No
S16996,1,1,1,1,0,1,0,1,1,0,10,5,5,1,5.37,1,3,0,No
S16997,1,1,0,0,0,0,1,0,0,1,8,6,2,4,8.54,6,1,5,No
S16998,0,1,0,1,1,1,1,1,0,0,3,6,2,6,8.47,2,3,8,Yes
S16999,0,0,0,0,0,0,1,0,0,0,4,9,5,4,5.16,0,3,2,No
S17000,1,1,0,0,1,1,0,0,0,0,7,1,1,9,9.07,6,2,0,Yes
S17001,0,1,0,0,1,1,1,0,0,1,8,1,10,7,7.31,0,0,5,No
S17002,0,1,0,1,1,1,0,1,0,1,3,7,7,10,9.64,7,2,6,Yes
S17003,0,1,0,1,1,1,1,0,0,1,3,5,1,8,6.69,5,2,1,Yes
S17004,1,0,0,0,1,1,1,1,0,1,5,1,9,7,8.2,2,3,0,Yes
S17005,0,0,1,1,0,1,1,0,1,1,10,1,3,4,5.21,7,0,6,No
S17006,0,1,0,1,0,1,0,0,0,0,1,5,8,5,6.52,2,1,7,No
S17007,1,0,0,0,0,1,0,1,0,0,5,9,9,3,5.77,8,3,1,Yes
S17008,1,1,0,1,0,1,1,0,0,1,1,4,4,6,9.14,6,3,4,Yes
S17009,0,1,0,0,1,0,0,1,0,1,5,3,3,9,7.47,4,3,0,No
S17010,0,1,1,0,1,1,0,0,0,0,3,5,4,10,9.75,1,0,2,No
S17011,0,0,0,1,0,0,0,0,0,0,9,2,5,3,9.84,2,1,6,No
S17012,0,1,1,1,1,1,1,0,1,0,8,5,5,3,6.58,1,3,6,Yes
S17013,0,1,0,1,1,0,0,0,0,0,8,10,5,3,9.2,2,0,1,No
S17014,1,1,0,1,0,1,0,1,0,0,10,5,10,10,7.05,8,2,1,Yes
S17015,1,1,1,1,0,1,0,0,1,0,9,8,7,1,9.47,5,1,4,Yes
S17016,0,1,1,1,0,0,1,0,0,0,6,7,3,7,8.07,1,2,2,No
S17017,1,1,0,1,1,0,0,0,1,1,2,3,3,1,6.24,2,1,1,No
S17018,1,0,1,1,1,0,0,0,0,1,9,2,1,1,7.86,4,0,7,No
S17019,0,1,1,0,1,1,0,1,0,0,5,7,2,3,8.63,4,2,0,No
S17020,0,1,0,0,1,1,1,0,1,0,8,7,9,9,7.26,2,1,0,Yes
S17021,1,0,1,1,0,1,1,1,0,1,4,5,3,9,6.02,5,0,3,No
S17022,1,0,1,0,1,1,1,0,1,0,3,4,4,3,9.76,6,2,5,Yes
S17023,1,1,0,1,0,1,1,0,0,0,2,6,1,7,8.4,5,3,2,Yes
S17024,1,1,1,1,1,0,1,0,0,1,10,7,1,4,7.26,3,2,1,No
S17025,0,0,0,0,0,0,1,1,1,1,9,10,9,3,7.77,1,3,5,Yes
S17026,1,1,0,1,0,1,1,1,0,1,7,10,5,1,9.64,1,1,4,Yes
S17027,0,1,0,1,1,0,1,0,1,0,1,5,1,8,5.91,7,2,1,No
S17028,0,1,1,1,0,0,1,1,0,0,10,8,8,6,8.33,6,0,5,Yes
S17029,0,0,1,1,1,1,1,0,0,0,8,3,9,1,7.28,8,1,8,Yes
S17030,1,1,0,1,1,0,1,0,0,0,7,10,2,4,5.75,1,0,1,No
S17031,1,1,0,1,1,1,1,0,1,0,7,5,7,9,8.71,6,1,0,Yes
S17032,1,1,0,1,1,0,1,0,0,1,6,5,9,4,8.8,2,0,4,Yes
S17033,1,0,0,1,1,1,1,0,1,1,5,6,6,10,8.91,1,2,8,Yes
S17034,0,1,1,1,0,0,0,0,1,1,7,7,10,1,9.62,1,2,2,Yes
S17035,1,0,1,1,0,0,0,0,0,1,8,7,3,10,7.71,0,2,6,Yes
S17036,0,0,0,0,1,0,1,0,0,0,5,2,5,5,7.47,8,3,2,No
S17037,1,1,0,1,0,0,1,0,1,1,3,2,9,6,9.3,1,3,7,Yes
S17038,1,0,0,0,0,0,0,0,0,0,2,1,9,10,5.26,1,1,0,No
S17039,0,1,0,1,0,1,1,1,0,1,3,9,4,4,7.77,0,0,7,No
S17040,0,0,1,1,0,0,1,0,0,0,6,4,10,10,5.5,3,2,5,No
S17041,1,0,0,1,1,0,0,0,0,0,5,2,6,8,6.57,4,2,4,No
S17042,1,0,0,0,0,0,1,0,1,0,3,8,5,5,9.51,0,0,5,No
S17043,1,0,1,0,0,1,1,1,0,0,3,8,10,1,5.65,2,0,7,No
S17044,0,0,1,0,0,1,0,1,1,1,9,6,8,2,7.55,4,1,3,No
S17045,1,1,0,1,0,0,0,1,0,0,4,2,7,8,5.75,4,0,1,No
S17046,0,1,0,1,0,0,1,0,1,0,6,7,2,10,5.62,7,1,2,No
S17047,0,1,1,0,0,1,1,0,1,0,7,1,4,5,7.18,8,1,6,Yes
S17048,0,1,0,0,1,0,0,0,1,0,4,7,1,10,6.89,1,3,7,No
S17049,1,0,1,1,1,1,0,1,0,0,5,5,8,1,7.99,2,1,0,No
S17050,1,1,1,0,1,0,1,0,1,0,2,2,2,6,5.27,7,0,1,No
S17051,0,1,0,0,0,0,1,0,0,0,2,1,1,10,7.62,4,1,2,No
S17052,1,0,0,1,0,1,0,1,1,0,6,4,2,9,9.06,8,2,1,Yes
S17053,1,0,0,1,0,0,1,0,1,0,9,6,8,8,8.86,8,3,2,Yes
S17054,1,0,1,1,1,1,0,1,0,0,10,8,9,2,7.88,6,0,7,Yes
S17055,1,0,1,0,0,1,1,0,0,0,4,3,2,9,5.26,4,3,5,Yes
S17056,1,1,1,1,0,0,0,0,0,0,5,3,10,3,9.53,7,2,1,Yes
S17057,1,0,0,1,0,1,0,1,1,0,6,3,3,2,6.27,7,2,7,Yes
S17058,0,1,0,1,1,0,0,0,0,0,5,8,5,3,5.33,5,3,1,No
S17059,0,0,0,0,1,0,1,1,0,0,4,2,8,6,6.19,6,2,0,No
S17060,1,1,1,1,1,0,1,0,1,0,9,9,5,8,7.26,8,3,8,Yes
S17061,1,0,1,0,1,1,1,0,0,1,4,6,10,7,5.6,1,2,6,No
S17062,0,1,0,0,0,1,0,0,0,0,2,6,1,10,7.03,5,2,3,No
S17063,0,1,0,0,1,0,0,0,1,0,4,4,3,4,5.16,3,2,2,No
S17064,1,0,1,0,0,1,0,0,0,1,3,7,7,1,5.56,6,2,3,No
S17065,0,0,0,0,1,1,0,0,1,0,8,2,2,8,8.53,8,1,0,No
S17066,0,0,1,1,0,1,1,0,0,0,10,5,7,7,5.04,1,1,5,No
S17067,1,1,0,1,1,1,0,0,0,0,1,9,3,2,6.18,0,3,3,No
S17068,0,1,0,1,0,0,1,0,1,0,3,1,3,7,9.18,0,1,8,No
S17069,0,1,0,1,1,1,0,0,0,0,2,6,9,7,8.25,6,3,4,Yes
S17070,0,1,0,1,1,0,0,0,0,1,6,7,6,1,6.53,5,2,7,No
S17071,1,1,0,1,1,1,0,0,0,1,5,6,7,5,5.82,6,0,3,No
S17072,0,0,0,0,0,0,1,1,1,0,4,3,6,7,8.88,7,1,4,Yes
S17073,0,1,0,1,0,0,1,1,0,1,10,9,3,9,8.62,2,2,0,Yes
S17074,1,0,0,1,1,1,1,1,1,0,2,1,2,8,9.6,4,0,2,No
S17075,0,1,0,0,1,1,0,0,0,0,8,10,5,5,6.02,8,1,0,Yes
S17076,1,1,0,0,0,1,1,0,0,1,4,10,9,3,5.51,7,0,0,No
S17077,1,1,0,1,0,0,1,0,0,1,3,7,10,10,9.7,4,1,5,Yes
S17078,1,0,1,1,0,1,1,0,0,0,9,1,4,2,7.51,5,1,0,No
S17079,0,0,0,1,1,1,1,0,0,1,2,7,7,7,7.3,1,2,0,No
S17080,0,1,0,1,1,1,1,0,0,0,9,5,6,5,5.79,7,0,1,No
S17081,1,1,0,0,1,0,1,1,1,1,8,4,1,4,5.29,5,0,8,No
S17082,0,1,1,1,1,0,1,1,1,0,5,9,9,4,5.65,5,1,1,Yes
S17083,1,0,0,0,1,0,1,0,0,1,10,5,2,9,6.39,1,3,4,No
S17084,0,0,0,1,0,1,1,0,0,0,1,5,6,10,9.12,6,2,6,Yes
S17085,0,1,1,1,0,0,1,1,0,0,7,3,7,5,8.04,5,3,1,No
S17086,0,1,0,1,0,1,0,1,0,0,1,4,9,4,7.0,3,2,8,No
S17087,0,1,1,1,0,1,1,1,0,1,8,6,9,7,6.05,1,1,1,Yes
S17088,1,1,1,1,0,1,0,1,0,0,7,10,5,1,8.93,3,3,0,Yes
S17089,1,1,1,0,0,0,1,0,1,0,10,5,10,4,9.42,1,2,2,Yes
S17090,0,1,1,1,0,1,1,0,0,0,6,8,10,3,8.88,1,0,3,Yes
S17091,1,1,0,0,0,1,1,1,0,1,5,5,4,8,8.89,2,3,1,Yes
S17092,0,1,1,0,1,1,0,0,1,1,3,2,1,4,8.19,2,0,5,No
S17093,0,1,0,1,0,1,0,1,1,0,9,3,3,5,7.22,5,0,4,No
S17094,1,1,0,1,1,0,1,0,1,1,10,5,3,2,9.74,0,0,3,No
S17095,0,1,0,0,1,1,0,0,0,0,3,2,1,3,5.66,0,2,7,No
S17096,0,0,0,1,1,1,0,0,0,0,4,4,5,4,8.39,0,1,3,No
S17097,0,1,0,1,1,1,0,0,0,0,6,6,6,5,7.71,5,3,3,Yes
S17098,1,1,0,0,1,1,1,0,1,1,8,1,2,3,6.61,4,2,2,No
S17099,1,0,0,1,0,1,1,0,1,0,9,2,10,1,8.64,7,1,5,Yes
S17100,1,0,0,1,1,1,0,0,0,0,6,4,7,8,5.98,1,2,3,No
S17101,0,1,1,0,1,0,0,0,0,1,4,4,7,9,7.67,3,1,6,No
S17102,0,1,0,1,0,1,1,0,1,0,1,9,8,2,7.16,5,3,6,Yes
S17103,0,0,0,0,0,1,0,1,1,1,1,9,9,1,7.26,0,0,6,No
S17104,1,0,1,0,1,1,1,0,0,0,5,3,9,5,8.53,6,0,7,Yes
S17105,1,1,1,1,1,1,0,1,0,1,1,6,2,1,5.17,1,0,3,No
S17106,0,1,0,1,1,0,1,1,1,1,5,10,6,9,7.73,3,3,3,Yes
S17107,0,0,1,1,0,0,1,1,0,1,1,9,6,7,7.43,3,1,2,No
S17108,0,1,0,1,1,0,1,1,1,0,10,6,9,10,5.13,0,0,0,No
S17109,0,0,0,1,0,0,1,0,0,0,9,4,5,7,9.75,0,1,4,No
S17110,0,1,1,1,0,1,0,0,0,0,9,7,1,4,8.79,7,1,5,Yes
S17111,0,0,0,1,1,1,0,0,0,0,3,4,9,4,9.45,2,2,3,No
S17112,0,1,1,1,0,0,1,0,1,0,10,6,10,9,7.85,2,3,0,Yes
S17113,1,1,0,0,0,1,1,0,0,0,3,3,1,3,7.89,2,1,3,No
S17114,0,0,1,0,1,1,1,1,0,1,8,8,2,2,9.75,4,0,3,Yes
S17115,0,1,1,1,0,0,0,0,0,1,2,3,3,9,6.09,1,1,2,No
S17116,1,1,0,1,1,0,0,1,0,1,2,3,3,5,7.76,8,2,0,No
S17117,1,0,1,1,0,0,0,1,0,0,4,5,4,8,5.78,7,3,3,Yes
S17118,1,1,1,0,0,1,0,0,0,0,1,4,8,2,9.27,6,0,6,Yes
S17119,1,1,1,1,0,1,1,0,0,0,7,1,7,9,9.02,3,0,4,Yes
S17120,1,1,0,0,0,0,0,0,0,0,5,5,4,2,6.64,1,2,2,No
S17121,1,1,0,0,1,1,1,0,1,1,3,6,2,9,8.71,0,2,4,Yes
S17122,1,0,1,1,0,1,1,0,0,0,3,10,9,2,9.13,8,3,4,Yes
S17123,1,0,0,1,0,0,1,0,0,0,6,2,4,8,7.02,6,3,1,No
S17124,0,1,0,1,1,1,1,0,0,0,1,10,4,2,5.64,2,3,3,No
S17125,1,1,0,1,0,1,1,1,1,0,5,4,5,2,5.51,5,2,4,No
S17126,0,1,1,1,0,1,0,1,0,0,9,9,8,9,8.67,5,3,0,Yes
S17127,1,0,0,1,1,1,1,1,0,0,6,9,2,8,5.24,4,1,7,Yes
S17128,1,0,1,0,0,0,1,0,0,0,4,6,9,10,7.9,4,1,4,Yes
S17129,1,0,0,1,1,1,0,1,0,0,3,3,3,7,8.76,7,0,2,No
S17130,0,0,0,1,0,1,1,1,1,1,7,7,5,1,7.36,4,1,3,Yes
S17131,0,1,1,1,1,1,0,1,0,0,6,1,1,10,9.44,6,1,2,Yes
S17132,1,1,0,1,1,1,1,0,0,0,1,10,6,7,9.96,4,1,2,Yes
S17133,0,1,1,1,0,0,1,0,0,0,6,8,5,8,8.88,4,1,3,Yes
S17134,1,1,0,1,0,0,1,1,0,0,6,7,7,1,8.56,8,1,5,Yes
S17135,0,1,0,1,1,1,0,1,0,0,1,3,9,9,7.92,5,2,4,Yes
S17136,0,0,1,0,1,1,0,0,1,0,3,8,7,9,8.12,3,1,1,No
S17137,0,1,0,0,0,0,0,1,1,0,6,2,2,5,8.7,7,2,6,Yes
S17138,0,1,0,1,0,1,1,1,1,1,5,9,8,3,7.2,0,0,8,No
S17139,0,1,0,1,0,1,0,0,0,0,9,6,8,2,9.46,4,0,2,No
S17140,0,0,1,1,1,1,1,0,0,1,1,2,9,1,9.8,7,3,1,Yes
S17141,0,1,1,1,0,0,0,0,0,0,5,2,9,6,7.47,3,3,1,No
S17142,0,1,1,1,0,1,1,0,1,1,3,1,5,1,7.89,1,1,1,No
S17143,0,1,0,1,1,0,1,1,0,0,9,3,7,4,6.53,1,1,1,No
S17144,0,0,0,1,0,1,1,0,1,1,5,1,2,2,5.61,1,2,5,No
S17145,0,1,0,1,0,1,0,0,0,1,7,3,8,5,8.41,8,3,3,Yes
S17146,0,0,0,0,1,0,1,0,1,0,9,4,7,10,6.31,3,2,2,No
S17147,0,1,0,1,0,1,0,0,0,0,2,6,4,3,8.85,6,2,5,Yes
S17148,1,0,1,0,0,1,1,0,0,0,10,6,9,4,7.96,2,2,2,Yes
S17149,1,0,1,1,1,1,1,1,0,1,4,6,2,1,9.22,3,2,2,Yes
S17150,1,1,1,1,1,1,0,1,1,1,1,7,4,2,7.67,4,2,0,Yes
S17151,1,1,0,0,0,0,1,0,0,0,4,4,9,10,9.63,2,2,2,Yes
S17152,1,1,0,1,1,1,1,0,0,0,9,7,1,4,8.49,4,1,6,Yes
S17153,0,0,0,1,1,1,1,0,1,0,7,10,5,2,8.01,6,3,3,Yes
S17154,0,1,1,1,0,0,1,0,1,0,8,3,10,7,5.15,5,2,2,Yes
S17155,0,1,1,1,1,1,0,0,1,0,1,9,2,1,7.92,2,1,3,No
S17156,1,1,1,0,0,0,0,0,1,1,3,10,6,2,8.33,4,0,8,Yes
S17157,0,0,1,1,0,1,0,0,0,0,4,1,5,7,7.63,3,0,6,No
S17158,0,1,1,0,0,1,1,0,0,1,2,9,4,8,8.27,7,0,3,Yes
S17159,0,1,0,1,1,1,1,0,1,1,6,10,6,3,6.73,3,2,8,Yes
S17160,1,1,0,0,1,1,1,0,0,0,8,7,1,6,9.05,2,2,3,No
S17161,1,1,1,0,0,1,0,0,1,0,2,1,1,1,5.05,6,3,7,No
S17162,0,1,1,1,0,1,1,1,0,0,7,4,6,10,7.0,1,3,7,Yes
S17163,0,0,1,0,0,1,0,0,0,0,5,7,4,8,5.71,8,2,1,Yes
S17164,0,1,0,1,0,0,1,0,1,1,9,4,7,2,7.55,3,2,4,Yes
S17165,0,1,0,1,1,0,1,0,0,0,1,2,3,4,7.67,7,2,8,No
S17166,0,1,0,1,1,0,0,0,0,0,3,1,2,4,7.15,8,3,2,Yes
S17167,0,0,0,0,1,1,0,0,1,0,8,10,2,5,8.33,2,1,0,No
S17168,0,1,1,1,0,1,0,1,0,0,6,3,9,6,7.52,0,0,8,Yes
S17169,0,0,0,0,0,0,1,1,1,0,1,5,5,4,9.66,3,3,8,Yes
S17170,1,1,1,1,0,0,0,1,0,1,2,7,6,3,7.46,1,0,5,No
S17171,1,1,0,0,0,1,0,1,0,0,2,4,10,4,7.68,3,3,4,Yes
S17172,1,0,0,1,1,0,1,0,0,1,7,10,1,4,8.02,1,3,5,Yes
S17173,1,1,0,1,0,1,1,1,1,0,4,6,3,2,9.96,8,0,7,Yes
S17174,1,0,0,0,0,1,0,0,0,1,7,4,5,10,9.76,7,0,2,Yes
S17175,1,0,1,1,0,0,0,1,1,0,4,3,3,2,9.64,6,1,8,Yes
S17176,0,1,0,0,0,1,0,1,1,0,5,9,8,6,9.59,7,3,8,Yes
S17177,1,0,0,0,0,1,0,1,0,0,9,1,2,5,5.04,7,1,2,No
S17178,1,1,1,0,1,1,1,0,1,0,6,9,1,9,6.44,6,1,5,Yes
S17179,0,0,0,0,1,1,0,1,0,1,8,10,4,3,5.41,7,3,8,Yes
S17180,0,1,0,1,0,1,1,0,1,1,2,8,8,5,6.07,6,1,6,Yes
S17181,0,1,0,1,0,0,0,1,0,0,2,2,5,3,7.98,8,2,5,No
S17182,0,1,1,0,1,1,1,1,0,0,5,4,9,6,5.84,6,3,8,Yes
S17183,1,0,1,0,0,0,1,1,0,0,9,4,4,4,7.27,4,1,0,No
S17184,1,1,1,1,0,1,1,1,0,0,10,9,1,3,6.18,8,3,2,Yes
S17185,1,1,1,1,0,1,1,0,0,0,7,7,6,3,8.89,3,2,2,Yes
S17186,1,1,0,1,0,1,1,0,0,1,10,7,1,9,9.09,6,2,2,Yes
S17187,1,0,0,1,1,1,1,0,1,1,2,7,4,4,9.51,2,2,6,Yes
S17188,0,1,1,1,0,1,1,1,0,0,8,10,10,1,5.6,8,1,4,Yes
S17189,1,1,1,1,1,1,0,1,0,1,10,2,5,6,6.48,8,3,3,Yes
S17190,1,1,1,0,0,0,0,0,0,1,6,6,6,3,9.69,4,2,5,Yes
S17191,1,1,0,1,0,1,1,0,1,1,5,9,10,2,9.47,5,2,8,Yes
S17192,0,1,0,1,1,1,0,0,1,1,7,4,5,3,9.81,6,2,3,Yes
S17193,1,1,0,0,1,1,0,0,0,0,10,5,4,5,6.34,8,3,7,Yes
S17194,1,1,0,1,1,1,0,0,0,0,2,8,5,1,7.12,8,3,0,Yes
S17195,1,1,0,1,0,0,1,1,0,1,2,6,7,5,9.44,7,0,1,Yes
S17196,1,1,1,1,1,1,0,0,0,0,2,8,3,2,9.0,5,0,8,Yes
S17197,1,1,0,0,1,0,1,0,0,0,5,3,7,2,9.88,1,0,8,No
S17198,1,0,0,1,0,1,1,1,0,0,9,1,3,5,7.03,3,3,5,Yes
S17199,1,1,1,1,0,1,1,0,0,1,8,5,10,4,7.96,7,2,5,Yes
S17200,0,1,0,0,1,1,1,1,1,0,4,9,3,4,7.84,5,2,1,Yes
S17201,0,1,0,1,0,0,0,1,0,1,1,9,9,1,7.15,7,3,1,Yes
S17202,0,1,1,0,1,1,1,0,0,1,5,7,1,7,5.77,0,1,5,No
S17203,1,0,1,1,1,1,1,0,0,1,5,3,10,7,6.71,1,3,7,Yes
S17204,1,1,0,0,1,0,1,1,1,1,10,4,5,3,7.1,3,1,6,Yes
S17205,1,1,1,1,0,1,1,0,1,0,6,6,1,2,8.65,2,0,1,Yes
S17206,1,0,0,1,0,1,0,0,0,1,10,5,4,4,8.34,4,1,1,No
S17207,1,0,1,0,1,0,0,1,0,0,2,7,4,7,6.9,4,2,2,No
S17208,1,0,0,1,1,1,0,1,1,0,2,5,1,3,7.6,0,3,7,No
S17209,0,0,0,1,0,1,0,0,0,0,3,2,10,1,5.46,8,1,1,No
S17210,0,1,0,0,1,0,1,1,0,0,6,6,4,2,8.87,7,2,1,Yes
S17211,0,0,1,1,0,1,1,0,0,0,10,9,7,9,7.38,3,0,2,Yes
S17212,1,0,1,1,0,1,0,1,1,0,3,7,6,7,9.0,6,2,4,Yes
S17213,0,1,1,1,1,0,1,0,1,0,4,8,5,7,7.8,3,1,0,No
S17214,1,0,0,0,1,0,1,0,1,0,9,2,6,10,5.16,8,1,2,No
S17215,0,1,1,1,1,0,1,1,0,0,8,4,2,9,6.7,8,1,6,Yes
S17216,1,0,0,1,1,1,0,0,1,0,9,8,3,9,5.98,6,3,6,Yes
S17217,1,1,0,1,0,1,1,0,1,0,8,5,2,4,6.88,8,0,2,No
S17218,0,1,0,1,1,1,1,0,1,0,1,4,5,5,8.53,4,1,6,No
S17219,0,1,0,1,1,1,0,0,0,0,10,10,6,9,9.13,6,1,6,Yes
S17220,1,1,0,1,0,0,1,0,1,0,10,9,9,8,9.28,2,3,1,Yes
S17221,1,1,1,1,1,0,1,0,0,0,8,8,9,8,7.19,5,1,8,Yes
S17222,1,1,0,1,1,1,0,0,1,1,6,9,10,3,7.39,1,2,1,Yes
S17223,0,0,0,1,0,1,1,0,1,0,7,5,10,5,9.79,4,2,2,Yes
S17224,0,0,1,1,1,0,0,0,0,0,7,5,7,6,8.12,8,3,7,Yes
S17225,0,1,0,0,1,0,1,0,0,1,9,1,6,10,9.46,8,0,2,Yes
S17226,1,0,0,0,1,0,1,0,1,0,2,6,3,10,6.3,2,3,0,No
S17227,0,1,0,1,0,1,0,0,0,0,8,9,8,3,8.83,8,0,0,Yes
S17228,0,0,0,1,1,0,1,0,1,0,10,8,3,10,6.27,3,1,0,No
S17229,1,1,1,0,1,0,1,1,1,0,9,3,10,9,7.65,6,0,4,Yes
S17230,1,0,1,0,0,1,1,0,0,1,7,7,5,5,5.73,0,0,0,No
S17231,0,0,0,0,1,0,1,0,0,0,8,7,5,8,7.79,0,2,2,No
S17232,0,1,0,1,0,0,0,0,1,1,2,2,6,1,9.04,8,1,7,No
S17233,0,1,0,1,0,1,0,1,1,0,6,2,5,7,7.74,3,2,6,Yes
S17234,0,0,0,1,1,1,1,1,0,0,6,2,9,7,7.64,7,0,0,Yes
S17235,0,0,0,0,1,1,0,0,1,1,4,3,6,5,7.29,8,1,6,Yes
S17236,0,1,0,1,0,0,1,1,0,0,4,6,1,5,9.51,3,0,4,No
S17237,1,1,1,1,1,1,0,0,0,0,8,8,1,10,5.51,4,2,7,Yes
S17238,1,0,0,0,0,0,0,0,0,0,5,6,9,9,9.71,7,1,6,Yes
S17239,0,0,0,0,0,0,0,0,0,1,1,2,6,8,8.15,5,3,2,No
S17240,0,1,0,0,0,0,1,0,0,0,1,5,3,7,8.31,4,2,4,No
S17241,1,0,0,1,0,0,0,0,0,0,9,3,5,9,7.34,3,1,5,No
S17242,1,1,0,0,1,1,1,0,1,1,9,4,4,3,8.07,8,2,8,Yes
S17243,1,0,1,0,1,1,1,1,1,0,4,2,2,7,8.03,8,0,2,Yes
S17244,1,0,0,0,0,0,1,0,0,1,4,1,1,5,5.01,6,3,5,No
S17245,1,1,0,1,0,0,0,1,0,0,8,8,5,8,7.54,2,1,3,No
S17246,0,1,0,0,0,0,0,0,1,0,3,3,6,10,5.08,0,0,1,No
S17247,1,1,0,1,1,1,1,1,0,0,6,3,5,2,7.97,8,1,5,Yes
S17248,0,1,0,1,0,1,0,0,0,0,8,8,9,7,6.93,1,3,8,Yes
S17249,0,0,0,1,0,0,0,1,0,1,5,1,8,2,7.97,2,0,8,No
S17250,0,0,0,0,0,1,1,0,0,0,5,7,5,10,7.19,6,2,8,Yes
S17251,1,1,0,0,0,1,1,1,0,0,10,1,1,10,5.98,0,2,0,No
S17252,0,0,1,0,1,1,0,0,0,1,3,1,1,8,8.88,1,0,1,No
S17253,1,1,0,1,0,0,0,0,0,0,10,5,9,7,7.43,4,3,3,Yes
S17254,1,0,1,1,0,0,1,0,0,0,9,7,9,5,9.23,2,0,3,No
S17255,0,0,1,0,1,1,0,0,0,0,3,9,5,8,8.86,7,1,5,Yes
S17256,0,0,1,1,0,1,1,0,1,1,7,6,6,8,7.54,4,3,0,Yes
S17257,1,1,0,1,0,0,1,1,1,1,3,9,2,6,6.39,4,1,7,No
S17258,0,1,1,1,1,1,1,0,0,0,4,6,6,7,7.2,5,3,0,Yes
S17259,0,1,0,1,0,0,1,0,0,0,4,1,3,6,5.42,8,1,4,No
S17260,0,1,0,0,1,0,1,0,1,1,4,5,9,6,7.47,3,3,7,Yes
S17261,0,1,1,1,0,1,0,0,0,1,2,10,7,2,8.48,5,3,2,Yes
S17262,1,0,0,1,1,0,0,1,0,0,4,6,4,10,6.48,8,3,8,Yes
S17263,0,1,0,1,1,0,1,1,1,1,2,9,2,9,8.74,6,1,5,Yes
S17264,1,1,1,0,1,0,1,0,1,1,4,8,9,5,8.98,3,3,1,Yes
S17265,0,1,0,1,0,1,0,1,0,0,5,5,7,6,7.69,2,2,5,Yes
S17266,1,1,1,0,0,0,0,0,1,0,4,6,8,3,6.22,6,0,4,No
S17267,1,0,0,0,1,0,0,0,0,1,3,3,6,8,7.91,3,1,3,No
S17268,0,1,1,0,1,0,1,1,1,0,6,9,10,9,7.13,4,0,5,Yes
S17269,1,1,1,1,1,1,0,1,0,0,10,1,7,2,6.5,1,3,2,No
S17270,1,1,1,1,1,0,1,0,1,1,4,1,3,8,6.98,0,2,8,Yes
S17271,1,1,1,0,1,0,1,0,0,0,8,7,8,6,5.86,1,3,5,Yes
S17272,0,1,0,0,0,0,0,0,1,0,8,6,2,3,6.48,7,1,4,No
S17273,1,0,0,0,1,0,1,0,0,0,8,7,8,9,6.83,5,0,6,No
S17274,1,0,1,1,0,1,1,0,0,0,10,3,5,5,5.54,0,2,8,No
S17275,1,1,1,1,0,0,1,0,0,0,8,8,5,2,9.95,3,0,3,No
S17276,1,1,0,1,1,1,1,1,1,0,5,2,2,6,9.59,5,0,0,No
S17277,1,0,1,1,1,1,1,1,1,0,6,7,8,4,5.91,3,1,0,Yes
S17278,0,1,0,0,1,1,0,0,0,1,4,2,6,2,9.93,1,2,3,No
S17279,1,1,0,1,0,1,0,0,1,1,8,5,2,1,7.72,5,1,0,No
S17280,1,1,0,0,0,1,0,1,0,0,3,9,9,10,6.79,1,3,5,Yes
S17281,1,0,1,1,1,1,1,1,0,0,2,3,6,9,8.9,4,0,5,Yes
S17282,1,0,1,0,0,1,1,0,0,0,10,10,4,9,6.99,1,0,5,Yes
S17283,1,1,1,0,1,1,1,0,0,0,9,3,9,5,7.72,7,0,0,Yes
S17284,0,1,1,0,1,1,1,0,0,0,6,10,5,6,6.65,4,3,5,Yes
S17285,1,0,0,1,1,0,0,1,0,0,7,4,2,6,8.12,7,3,0,No
S17286,1,0,0,1,0,0,1,0,0,0,1,6,7,10,9.6,7,1,4,Yes
S17287,0,0,1,0,0,0,0,1,0,0,4,4,3,10,9.24,3,2,6,No
S17288,1,0,0,0,0,0,1,0,1,1,1,10,6,3,5.09,8,3,5,No
S17289,0,0,1,1,0,0,1,0,0,0,5,9,3,3,5.84,5,1,1,No
S17290,1,1,0,0,1,0,1,1,0,0,9,10,3,9,6.6,5,0,8,Yes
S17291,1,1,0,1,0,0,1,0,0,1,5,5,7,8,5.61,6,2,3,Yes
S17292,0,1,1,0,0,1,0,0,0,0,10,2,10,2,5.01,0,2,4,No
S17293,1,1,1,1,1,1,1,1,0,0,8,8,8,2,6.24,7,1,2,Yes
S17294,0,1,0,1,0,0,0,0,0,1,4,10,7,8,9.36,1,3,1,Yes
S17295,0,0,0,0,1,0,0,0,1,1,9,1,10,1,9.43,1,1,6,Yes
S17296,0,1,1,1,1,1,1,0,0,0,4,9,4,9,9.78,4,2,6,Yes
S17297,0,0,1,0,0,0,1,0,0,0,6,4,9,9,8.42,0,0,2,No
S17298,0,1,1,0,0,1,0,0,0,0,9,3,9,8,7.17,4,1,3,No
S17299,0,0,0,0,0,1,1,1,0,0,4,9,6,2,6.07,3,3,0,No
S17300,0,1,0,0,1,0,1,0,0,0,9,3,3,4,7.97,5,2,8,No
S17301,1,0,0,1,1,0,0,0,0,1,3,9,10,4,8.9,5,2,5,Yes
S17302,1,1,0,0,0,0,1,0,1,0,8,5,7,5,7.18,6,0,4,Yes
S17303,1,1,0,0,1,0,1,0,0,0,2,10,5,4,7.33,1,1,1,No
S17304,1,1,0,0,0,1,0,0,0,1,6,3,10,3,6.21,5,2,0,No
S17305,0,1,1,1,1,0,1,0,1,1,5,2,3,7,8.7,6,2,3,Yes
S17306,1,1,0,0,1,0,0,0,1,1,10,2,5,6,5.84,3,2,4,Yes
S17307,1,1,1,1,1,0,1,0,0,0,10,5,3,8,9.33,6,3,1,Yes
S17308,0,1,1,0,1,0,1,0,0,0,5,1,2,10,8.65,0,3,1,No
S17309,1,0,0,0,1,0,1,1,0,1,3,7,7,4,8.93,5,0,1,No
S17310,1,0,0,1,0,1,1,0,0,0,5,10,1,10,6.85,8,2,7,Yes
S17311,0,0,0,1,1,0,1,0,0,0,4,4,10,9,7.74,7,2,5,Yes
S17312,0,1,1,1,1,1,0,0,0,0,1,7,8,1,8.12,2,1,7,No
S17313,0,1,1,1,1,1,0,0,0,0,6,2,9,4,9.57,7,1,2,Yes
S17314,1,0,0,1,1,0,1,0,0,0,2,4,6,7,9.27,1,3,8,Yes
S17315,1,1,1,1,1,0,1,0,0,0,1,6,5,1,6.84,0,2,3,No
S17316,0,1,0,0,0,0,1,1,1,0,3,1,9,6,8.24,1,3,8,Yes
S17317,1,0,0,0,0,0,1,0,1,0,10,3,4,7,6.5,4,2,8,Yes
S17318,0,1,1,1,0,1,1,0,0,1,1,4,2,4,9.97,3,1,5,No
S17319,0,1,1,1,0,0,0,1,0,0,4,9,4,10,7.41,0,3,4,Yes
S17320,1,0,0,0,1,1,1,0,0,0,9,1,6,5,8.73,7,2,7,Yes
S17321,1,0,0,1,1,1,1,0,0,1,8,1,7,2,6.26,1,3,3,No
S17322,1,0,0,0,0,1,1,0,1,0,5,1,8,5,7.11,4,0,7,No
S17323,0,1,0,0,1,0,1,0,1,0,6,3,7,8,8.58,2,1,6,No
S17324,1,0,1,1,1,0,0,1,0,0,1,2,9,4,9.36,5,0,7,Yes
S17325,1,0,1,0,0,0,1,1,0,0,2,7,8,7,8.82,8,3,7,Yes
S17326,0,0,0,1,1,0,1,1,0,0,7,1,10,5,5.87,8,2,4,No
S17327,1,0,1,1,0,0,0,1,1,0,6,7,2,1,5.26,5,1,6,No
S17328,1,1,1,0,1,0,1,0,0,0,5,7,2,10,7.78,4,0,5,No
S17329,0,1,0,0,1,1,1,0,1,0,6,1,6,2,6.52,4,3,6,Yes
S17330,1,0,0,0,0,0,0,0,0,1,10,7,5,2,9.45,8,3,6,Yes
S17331,0,0,0,0,0,1,1,0,0,0,10,4,4,4,9.38,1,2,4,No
S17332,0,1,1,0,0,1,1,0,1,1,10,7,9,7,7.53,2,3,5,Yes
S17333,1,0,1,0,1,1,1,0,0,1,6,2,4,4,7.85,3,2,8,Yes
S17334,0,1,0,1,1,1,0,1,1,0,3,9,9,4,6.17,4,1,3,Yes
S17335,1,1,1,0,0,1,0,0,0,1,3,8,4,10,6.65,0,1,1,No
S17336,0,1,0,0,1,1,0,0,0,1,8,9,7,10,5.55,6,0,8,Yes
S17337,1,1,1,0,1,0,1,1,0,1,10,8,9,6,7.53,2,1,5,Yes
S17338,1,1,0,0,0,1,0,1,1,0,5,8,7,9,9.62,2,0,0,Yes
S17339,1,0,0,0,1,0,1,0,0,0,6,4,5,9,6.17,3,0,6,No
S17340,1,1,1,1,0,0,1,1,1,0,10,4,4,7,5.8,4,2,7,Yes
S17341,0,1,0,0,1,0,1,0,1,0,5,5,3,7,6.29,8,1,7,Yes
S17342,0,0,1,1,1,0,0,1,0,1,9,1,7,9,6.28,4,3,1,Yes
S17343,0,1,1,0,0,1,1,1,0,0,8,2,1,8,5.75,8,1,3,No
S17344,1,0,1,0,0,0,1,0,0,1,3,5,9,3,6.45,4,1,3,No
S17345,1,0,1,1,1,1,1,0,1,0,2,4,5,7,6.56,8,0,5,Yes
S17346,0,1,0,0,1,1,1,1,0,1,9,2,5,8,9.17,6,0,7,Yes
S17347,1,0,1,0,0,1,1,0,0,0,7,1,7,4,9.54,1,0,7,Yes
S17348,0,0,1,0,0,0,1,1,1,0,1,4,10,9,5.73,3,0,6,No
S17349,0,0,0,1,0,1,1,0,0,0,7,5,6,8,6.04,2,1,4,No
S17350,1,1,0,0,1,1,1,0,1,1,7,1,7,1,6.11,4,0,1,No
S17351,0,1,1,1,0,1,1,1,0,0,4,1,6,4,7.36,5,0,6,No
S17352,0,1,0,1,0,1,0,1,0,0,2,1,6,4,10.0,5,1,1,No
S17353,0,0,1,0,0,0,0,0,1,1,4,9,2,10,5.51,7,0,3,No
S17354,1,0,0,1,1,1,0,1,0,0,3,4,1,7,8.89,7,2,0,Yes
S17355,1,0,0,0,0,1,1,0,0,0,7,4,2,9,7.52,3,3,5,Yes
S17356,1,1,1,0,0,1,1,0,0,0,10,10,8,9,8.92,2,0,2,Yes
S17357,1,1,0,1,0,1,1,0,0,0,4,8,1,9,5.25,8,1,4,No
S17358,1,1,1,1,0,1,1,1,0,1,2,8,5,7,5.11,6,2,8,Yes
S17359,0,1,0,1,1,0,1,0,0,0,6,10,8,5,6.35,2,2,4,Yes
S17360,0,0,1,1,0,1,1,0,0,0,4,5,7,7,5.95,2,3,6,Yes
S17361,0,1,1,0,0,0,1,0,0,0,2,6,2,2,9.67,7,0,5,No
S17362,1,1,0,0,1,1,1,0,1,0,6,6,9,3,6.51,3,2,6,Yes
S17363,0,0,0,1,1,1,0,0,0,1,8,3,4,5,8.95,5,1,6,Yes
S17364,1,1,0,0,1,1,1,0,1,0,2,8,8,10,8.74,4,1,8,Yes
S17365,0,0,0,1,1,0,0,1,0,0,6,10,9,2,5.81,5,2,6,Yes
S17366,0,1,1,1,0,0,1,0,1,0,5,8,6,9,7.96,3,3,0,Yes
S17367,0,0,0,1,1,1,0,1,0,1,3,10,1,8,7.9,3,0,5,No
S17368,0,1,1,0,0,1,1,0,0,0,7,7,4,1,5.87,8,2,4,Yes
S17369,0,1,0,1,0,1,1,0,0,0,3,3,6,4,7.85,6,0,0,No
S17370,1,0,0,1,1,0,0,0,0,0,9,7,1,9,6.87,4,3,3,Yes
S17371,1,0,0,1,1,1,0,0,1,0,8,2,1,5,8.21,4,2,0,No
S17372,1,1,0,1,0,0,1,0,1,1,9,6,10,7,9.19,7,2,8,Yes
S17373,1,0,0,0,0,1,1,0,0,0,2,2,9,4,8.95,0,3,4,No
S17374,0,0,0,1,1,1,1,0,0,1,2,5,6,7,7.28,0,1,8,No
S17375,1,1,1,0,1,1,1,0,1,1,5,7,3,6,5.66,6,1,8,Yes
S17376,0,0,1,1,1,0,0,0,0,1,6,10,6,5,5.39,4,3,2,Yes
S17377,1,1,0,1,0,0,0,0,0,0,10,6,4,7,7.34,1,3,6,Yes
S17378,1,1,1,0,0,0,0,0,0,0,8,6,10,9,7.76,2,3,3,Yes
S17379,0,1,1,1,0,0,1,1,0,1,4,1,2,1,7.49,1,3,8,Yes
S17380,1,1,1,0,0,1,1,0,1,0,2,9,2,5,8.63,0,2,2,No
S17381,0,1,0,0,0,0,1,0,0,0,5,8,4,8,5.07,0,0,2,No
S17382,0,1,1,0,1,1,0,0,0,1,10,6,10,4,5.19,8,3,5,Yes
S17383,1,1,0,0,1,1,0,0,1,1,1,4,3,1,9.2,2,1,0,No
S17384,1,1,0,0,0,1,1,0,0,1,2,1,3,4,9.09,2,1,7,No
S17385,1,1,0,0,1,1,1,0,0,0,9,5,6,9,8.64,2,1,1,Yes
S17386,0,1,1,1,1,0,1,1,1,1,8,10,8,8,8.51,0,0,7,Yes
S17387,0,1,0,1,1,0,0,1,1,0,5,10,3,9,7.41,2,3,5,Yes
S17388,1,0,0,0,1,1,1,0,0,1,6,1,9,9,9.05,1,0,5,Yes
S17389,0,1,1,1,0,0,1,0,0,1,7,8,2,6,9.48,1,1,5,Yes
S17390,1,1,1,1,0,0,0,0,0,0,1,6,6,6,9.76,2,3,7,Yes
S17391,0,1,0,1,0,1,0,1,0,0,8,8,8,2,6.17,0,3,0,No
S17392,0,0,1,0,0,1,0,0,0,0,10,5,7,4,6.26,6,3,2,Yes
S17393,0,1,1,1,0,1,0,0,1,1,1,8,9,1,6.78,0,2,0,No
S17394,0,1,0,1,0,1,1,0,0,1,8,4,5,7,7.26,1,2,7,Yes
S17395,1,0,0,0,1,0,1,1,1,0,1,5,6,10,5.33,8,2,3,No
S17396,0,1,0,0,1,0,1,0,0,0,5,4,5,8,5.95,5,3,0,No
S17397,1,1,1,1,1,1,0,0,1,0,3,8,1,10,6.22,2,1,1,No
S17398,0,0,1,0,0,1,1,0,0,0,2,3,8,10,6.76,5,1,1,No
S17399,1,1,0,1,1,1,1,1,0,1,2,9,8,4,5.84,2,0,7,No
S17400,0,1,0,0,1,0,0,0,1,1,2,9,9,2,9.3,7,1,8,Yes
S17401,0,1,1,1,0,1,1,1,1,0,2,7,5,9,7.39,3,3,4,Yes
S17402,0,1,1,1,1,0,0,0,1,0,9,10,10,7,10.0,2,3,1,Yes
S17403,1,1,0,0,0,0,0,0,0,0,5,7,10,6,6.04,3,0,0,No
S17404,0,1,0,1,1,1,0,0,0,0,4,9,10,8,8.75,8,3,1,Yes
S17405,0,1,1,1,0,0,1,0,0,0,6,1,5,5,7.05,6,3,3,Yes
S17406,0,1,0,1,0,1,1,1,0,0,2,5,7,9,6.88,0,3,5,No
S17407,1,0,1,1,0,1,0,0,1,0,9,2,2,5,5.37,4,0,8,No
S17408,1,0,1,0,0,0,0,0,0,1,3,4,7,1,9.38,6,2,5,Yes
S17409,1,1,1,0,0,1,1,0,0,0,9,8,10,1,7.74,4,1,0,No
S17410,1,1,0,1,1,0,1,1,0,0,1,1,5,10,9.93,2,3,1,Yes
S17411,1,1,1,0,1,1,0,0,0,0,1,5,3,7,7.93,1,3,3,No
S17412,1,1,0,0,1,1,0,0,0,0,6,3,10,9,9.87,7,3,5,Yes
S17413,1,0,1,0,1,0,1,0,0,0,7,1,1,8,5.4,5,0,6,No
S17414,1,0,0,1,1,0,1,0,0,0,1,9,3,10,8.22,4,3,7,Yes
S17415,1,1,0,1,0,0,1,0,0,0,1,1,2,5,9.22,8,1,4,No
S17416,0,1,0,1,1,1,1,1,0,0,10,5,8,3,5.51,0,3,2,Yes
S17417,1,0,1,1,1,0,1,0,1,0,1,9,10,6,6.57,1,0,5,Yes
S17418,1,0,1,0,1,0,1,0,0,1,4,8,8,6,9.32,8,3,7,Yes
S17419,1,1,1,1,1,0,0,0,0,0,1,6,8,1,7.72,6,0,2,No
S17420,0,1,0,1,1,1,0,1,0,0,4,8,8,5,5.92,5,1,2,Yes
S17421,0,1,0,1,1,1,0,1,1,0,10,1,4,1,5.02,3,3,2,No
S17422,1,0,0,1,0,1,0,0,0,0,2,4,5,9,9.62,8,0,0,No
S17423,1,1,0,0,1,0,1,0,1,0,5,3,6,9,7.84,2,3,0,Yes
S17424,0,0,1,0,1,1,1,0,0,0,1,1,5,2,9.54,3,2,1,No
S17425,1,1,0,1,1,0,0,0,0,0,9,3,7,3,6.33,0,0,0,No
S17426,1,0,0,1,1,1,0,0,0,0,6,9,8,10,8.81,1,3,4,Yes
S17427,1,1,1,0,1,0,0,0,1,0,3,6,7,7,9.41,0,0,2,No
S17428,1,1,1,0,0,1,0,0,0,0,2,6,10,1,9.35,8,0,4,Yes
S17429,0,1,1,1,0,0,1,1,0,0,9,10,10,9,6.47,0,2,2,Yes
S17430,1,1,1,1,0,0,1,0,0,0,8,9,4,7,8.97,0,2,3,Yes
S17431,0,1,0,0,1,1,1,0,0,0,2,5,9,6,7.63,6,1,0,Yes
S17432,0,1,1,0,0,0,0,1,0,0,6,5,1,5,5.64,6,1,0,No
S17433,0,1,0,1,0,1,1,0,0,1,6,5,3,4,9.89,6,2,1,Yes
S17434,1,1,0,1,1,0,0,0,1,1,3,1,9,10,8.43,0,2,5,Yes
S17435,1,1,0,0,1,0,1,1,1,1,4,1,5,10,9.25,2,2,4,Yes
S17436,1,1,0,0,1,0,1,0,1,0,1,7,6,4,9.03,1,2,7,Yes
S17437,1,1,0,1,0,1,1,0,0,0,5,7,7,5,8.77,4,3,3,Yes
S17438,0,1,0,0,0,1,0,0,0,0,5,10,7,2,6.34,2,0,7,No
S17439,1,1,1,1,1,1,1,0,0,0,4,3,10,5,9.78,4,1,1,Yes
S17440,0,1,1,1,1,1,0,1,0,0,6,9,4,7,8.17,0,3,2,Yes
S17441,1,1,1,1,0,1,0,1,0,0,6,8,1,4,8.29,2,2,5,Yes
S17442,0,1,1,0,0,1,0,1,0,0,7,8,3,6,7.29,8,1,2,Yes
S17443,0,1,1,0,0,0,1,0,0,1,8,5,1,4,7.85,6,2,6,No
S17444,1,0,0,1,1,1,1,1,0,0,1,9,8,2,7.6,8,3,1,Yes
S17445,1,1,0,1,1,0,1,1,0,0,8,7,9,2,7.31,0,2,0,No
S17446,1,1,0,0,1,0,1,0,0,0,9,4,10,6,6.23,5,0,7,No
S17447,1,0,1,1,1,0,0,0,1,0,8,5,7,10,8.4,3,1,0,Yes
S17448,1,1,1,1,0,0,1,0,0,0,8,3,5,3,9.79,5,0,7,Yes
S17449,1,1,0,0,0,1,1,0,0,0,10,3,10,6,8.81,2,0,3,Yes
S17450,1,1,0,0,1,1,1,0,0,0,1,6,6,5,8.87,8,2,4,Yes
S17451,0,0,0,1,1,1,0,0,0,0,10,7,7,9,9.14,3,1,2,Yes
S17452,1,0,0,1,0,0,0,0,0,1,7,2,2,1,9.7,8,3,3,Yes
S17453,1,0,1,1,0,1,0,0,0,0,9,6,6,1,6.93,4,3,6,Yes
S17454,1,0,0,1,1,1,1,0,1,1,10,7,2,5,7.41,1,3,1,Yes
S17455,1,0,1,1,0,0,1,1,1,0,3,8,1,7,5.25,7,3,2,No
S17456,1,0,1,1,0,1,1,0,0,1,4,4,1,1,9.44,3,0,0,No
S17457,0,1,0,1,1,1,0,1,1,0,8,2,4,7,8.33,8,2,3,Yes
S17458,1,1,1,1,0,1,1,1,1,0,8,3,9,3,8.54,4,3,3,Yes
S17459,1,0,1,0,1,0,0,0,1,0,7,9,4,4,9.44,1,0,0,No
S17460,1,0,1,0,1,0,1,1,1,0,8,4,3,8,9.11,5,3,2,Yes
S17461,1,1,1,0,1,1,1,1,1,1,3,1,10,9,5.31,0,2,1,No
S17462,1,1,0,1,1,0,1,0,1,0,2,3,9,3,9.71,3,1,1,No
S17463,0,0,1,1,1,0,1,0,0,1,3,1,9,6,5.16,5,3,1,Yes
S17464,1,1,0,0,0,0,1,0,0,0,6,6,4,9,6.35,7,2,4,Yes
S17465,1,1,1,1,1,0,1,0,0,0,9,6,3,9,5.69,3,0,3,No
S17466,0,1,0,0,1,1,1,0,0,0,2,4,8,2,7.89,0,0,8,No
S17467,1,1,1,1,0,1,0,1,1,0,5,7,1,7,6.21,5,2,7,Yes
S17468,1,1,0,0,0,1,0,1,0,0,10,8,9,1,6.33,1,2,2,Yes
S17469,0,0,0,0,1,0,0,1,1,0,9,10,7,7,8.72,3,1,8,Yes
S17470,1,1,1,0,1,0,1,0,0,0,1,2,2,1,7.46,7,3,5,Yes
S17471,0,0,1,0,0,1,0,0,1,1,8,5,7,9,9.65,0,0,1,No
S17472,1,0,1,0,1,0,1,0,1,1,6,2,7,9,5.42,5,1,0,No
S17473,1,0,0,1,0,0,1,0,1,0,2,6,6,3,8.67,8,2,0,Yes
S17474,1,0,1,1,0,0,0,1,0,0,4,9,3,1,6.73,2,2,0,No
S17475,1,1,1,1,0,0,1,0,1,0,9,4,3,10,7.68,0,1,5,No
S17476,1,1,0,1,1,0,0,0,1,0,7,4,4,2,7.74,0,0,2,No
S17477,1,0,1,1,0,1,0,1,1,0,3,2,2,9,8.49,4,3,0,No
S17478,0,1,0,0,0,0,0,0,1,0,6,5,2,5,6.27,4,3,2,No
S17479,0,1,1,1,0,0,1,0,1,0,8,2,3,4,8.82,0,1,2,No
S17480,1,1,0,0,1,1,1,0,0,1,1,2,10,9,5.14,8,3,2,Yes
S17481,0,0,1,1,0,1,1,0,0,1,4,2,5,4,9.5,5,1,6,Yes
S17482,0,0,1,1,0,0,1,0,0,0,1,6,4,2,8.68,3,1,6,No
S17483,0,0,1,1,0,1,1,1,1,0,2,8,6,6,5.86,8,3,7,Yes
S17484,1,0,1,0,0,1,0,1,0,0,7,5,1,4,7.58,2,3,6,No
S17485,0,0,1,1,0,0,1,0,0,0,3,6,6,7,6.14,8,0,1,No
S17486,1,1,0,1,0,0,0,0,1,0,7,9,5,10,6.3,1,3,5,No
S17487,1,1,0,0,1,1,0,1,0,0,4,6,4,5,5.63,5,2,1,No
S17488,1,0,0,0,1,1,1,1,0,0,10,7,9,10,8.63,6,0,3,Yes
S17489,0,1,0,1,1,0,0,1,1,0,8,4,6,4,5.54,2,0,2,No
S17490,0,0,0,1,0,0,0,0,1,0,1,2,8,4,9.57,5,1,4,No
S17491,0,0,1,1,0,0,0,1,1,1,3,10,7,7,9.14,0,0,1,No
S17492,1,0,0,0,0,0,1,1,1,0,3,3,3,2,8.85,2,2,5,No
S17493,0,0,1,0,0,1,0,0,0,0,6,5,6,8,8.31,6,1,1,No
S17494,1,1,0,1,1,1,1,0,1,0,1,9,3,6,6.97,8,3,7,Yes
S17495,1,1,0,1,0,1,0,0,0,0,10,6,6,6,6.37,1,2,1,No
S17496,1,1,0,0,1,1,1,0,1,0,10,7,5,6,8.95,6,0,6,Yes
S17497,1,1,0,1,0,1,0,0,0,0,7,6,2,6,7.15,1,3,5,No
S17498,0,1,0,0,0,1,0,1,0,0,6,5,1,3,9.25,4,1,1,No
S17499,1,1,1,1,1,1,0,0,1,1,2,3,5,8,5.87,1,0,7,No
S17500,0,0,0,0,1,1,1,0,0,0,5,6,6,10,5.84,3,2,6,No
S17501,1,1,0,1,1,0,0,0,0,0,4,9,8,7,5.99,3,1,5,No
S17502,1,1,0,1,0,0,1,0,1,0,4,4,8,3,7.75,3,0,1,No
S17503,0,1,0,1,1,1,1,1,1,0,8,9,10,9,8.51,3,0,7,Yes
S17504,1,1,1,1,0,1,1,0,0,1,5,2,7,10,6.61,3,1,2,No
S17505,0,1,0,0,1,0,0,1,1,0,9,9,4,8,5.79,3,1,1,No
S17506,0,1,0,1,0,0,0,0,0,1,3,9,5,3,5.73,3,2,7,No
S17507,1,0,0,0,0,0,1,0,0,0,4,2,2,6,7.7,0,0,4,No
S17508,0,1,1,0,0,0,0,0,0,0,7,1,10,8,9.89,5,3,4,Yes
S17509,1,1,0,1,0,0,0,0,1,0,8,9,1,10,6.85,0,2,1,No
S17510,0,1,0,1,0,1,0,1,0,0,6,8,7,9,8.22,6,3,2,Yes
S17511,1,1,1,0,1,1,0,1,0,0,3,8,4,9,6.23,3,3,7,Yes
S17512,1,0,1,0,1,1,1,0,0,0,9,8,9,6,6.17,3,0,6,Yes
S17513,1,0,0,0,1,0,1,0,1,0,2,7,6,4,9.01,4,2,5,Yes
S17514,1,0,1,1,1,0,1,1,1,0,1,2,7,8,6.73,6,2,6,Yes
S17515,0,1,1,0,1,1,1,0,0,1,10,7,1,6,8.17,3,0,8,Yes
S17516,0,1,0,1,0,1,0,0,0,0,2,1,7,9,7.8,4,3,5,Yes
S17517,0,1,1,0,1,0,1,0,0,0,3,4,10,10,6.88,4,0,7,No
S17518,1,1,1,1,1,0,1,0,0,0,3,3,6,6,6.23,0,2,8,Yes
S17519,0,1,0,0,0,0,1,0,1,0,4,5,6,8,5.01,1,0,6,No
S17520,1,0,1,1,1,1,0,0,0,0,6,5,9,5,7.38,1,3,8,Yes
S17521,0,1,0,1,1,1,0,1,0,0,7,9,9,7,8.14,0,3,5,Yes
S17522,0,1,1,1,0,1,1,0,1,0,2,7,10,2,7.38,3,3,2,Yes
S17523,1,1,1,0,1,1,1,1,0,0,3,7,6,8,7.41,7,3,1,Yes
S17524,0,0,0,1,0,0,1,1,0,1,3,1,2,2,8.71,4,0,8,No
S17525,1,1,0,1,1,0,0,0,0,0,6,3,6,1,8.76,0,2,1,No
S17526,0,1,0,0,0,1,1,0,0,1,6,7,6,3,7.43,1,1,7,No
S17527,0,1,0,1,0,1,0,0,1,0,6,3,10,8,7.98,0,3,0,Yes
S17528,0,1,1,1,1,0,0,1,1,1,6,9,9,4,7.78,0,2,4,Yes
S17529,0,1,1,1,1,1,1,1,1,1,8,10,9,1,8.29,1,1,6,Yes
S17530,1,1,0,1,0,0,0,0,0,0,1,4,5,2,5.25,4,0,0,No
S17531,0,1,1,1,1,1,1,0,1,1,6,9,6,10,6.04,4,1,6,Yes
S17532,1,1,0,1,0,1,1,0,1,1,5,5,10,6,9.25,4,0,4,Yes
S17533,1,1,0,0,0,1,1,1,1,0,4,9,3,6,8.38,4,1,4,No
S17534,0,0,1,1,0,0,1,0,0,0,10,10,6,7,5.97,4,1,7,Yes
S17535,0,1,0,1,1,0,0,0,0,0,10,9,8,5,6.81,7,3,2,Yes
S17536,0,1,0,0,0,1,1,0,0,0,5,1,2,2,7.54,7,0,3,No
S17537,1,1,1,0,0,1,0,0,0,0,7,1,2,2,6.1,4,3,0,No
S17538,0,0,0,1,1,1,1,1,0,0,2,3,8,4,5.16,4,3,5,No
S17539,0,1,1,0,0,0,1,1,1,0,1,1,5,1,5.74,6,2,5,No
S17540,1,1,0,1,0,1,1,0,0,0,9,2,4,10,8.7,1,3,2,Yes
S17541,1,0,0,1,1,0,0,1,0,1,4,9,5,10,6.65,6,0,0,Yes
S17542,0,1,0,0,1,1,1,0,0,1,1,3,1,2,5.6,0,0,0,No
S17543,0,1,1,1,1,1,1,0,0,0,5,8,1,10,8.48,1,0,5,No
S17544,0,1,1,0,0,1,0,1,0,0,1,7,3,1,9.41,0,2,0,No
S17545,1,1,1,0,0,1,0,0,0,0,2,3,3,8,9.25,5,2,1,No
S17546,0,0,0,1,1,1,0,0,0,1,8,10,10,4,6.35,1,3,4,Yes
S17547,0,1,0,1,1,1,1,0,0,0,2,1,9,10,9.47,2,2,4,Yes
S17548,1,1,0,0,1,1,1,1,0,0,9,8,4,4,8.42,1,1,1,Yes
S17549,0,0,0,1,1,0,1,1,1,0,9,1,4,2,6.0,2,1,7,No
S17550,1,0,0,1,1,1,0,0,1,0,8,8,7,3,8.91,1,1,3,Yes
S17551,1,1,0,1,1,0,1,1,0,1,9,10,6,1,9.28,3,0,7,Yes
S17552,1,0,0,1,0,0,0,0,1,0,3,3,3,8,7.82,3,2,3,No
S17553,1,0,1,0,0,1,1,1,0,1,2,5,3,8,9.43,4,3,2,Yes
S17554,0,0,1,1,0,0,0,0,0,0,9,7,10,4,6.75,7,0,6,Yes
S17555,0,1,0,1,1,1,1,0,0,0,9,4,2,4,7.16,1,1,4,No
S17556,1,1,0,1,1,0,0,0,0,0,5,9,9,4,6.92,0,1,0,No
S17557,1,1,1,0,1,0,0,1,0,0,6,6,10,8,8.24,7,0,3,Yes
S17558,1,1,1,0,0,0,1,0,0,1,10,1,8,1,9.64,4,2,8,Yes
S17559,0,1,1,1,0,0,0,0,0,0,1,8,8,2,5.54,3,3,0,No
S17560,0,1,0,1,0,1,1,1,1,0,9,1,7,1,6.33,8,0,8,Yes
S17561,0,1,1,1,1,0,1,0,0,0,4,7,3,4,5.42,2,1,6,No
S17562,0,1,1,1,0,1,1,0,1,0,1,6,7,10,6.98,5,0,1,No
S17563,0,1,0,0,1,0,1,0,1,0,10,1,4,5,5.1,0,3,8,No
S17564,1,1,1,0,0,1,1,0,0,0,6,5,7,9,6.09,6,2,4,Yes
S17565,0,0,1,1,1,1,0,1,1,0,7,5,1,9,6.46,3,0,8,Yes
S17566,0,0,0,1,1,0,1,0,1,1,3,5,9,6,5.93,8,1,7,Yes
S17567,0,0,0,1,1,0,1,0,1,0,5,7,8,2,5.71,0,0,5,No
S17568,0,1,1,0,0,0,0,1,0,1,4,6,4,7,5.58,0,0,5,No
S17569,0,0,0,1,0,1,0,1,0,0,9,3,5,1,5.51,8,1,3,No
S17570,0,0,0,0,0,0,1,0,1,0,2,2,3,7,7.03,0,1,2,No
S17571,0,0,1,1,0,1,1,1,0,1,10,6,6,2,5.96,5,2,5,Yes
S17572,0,0,0,0,1,0,1,0,1,0,9,8,6,1,9.75,8,0,5,Yes
S17573,0,1,0,0,1,0,1,0,0,1,3,7,7,7,7.63,5,1,7,Yes
S17574,1,1,0,0,1,1,0,0,0,0,9,1,5,9,8.35,5,1,7,Yes
S17575,1,0,0,0,0,1,1,1,1,1,3,5,6,4,8.89,6,1,6,Yes
S17576,0,0,1,1,1,1,0,0,0,0,5,8,1,1,8.43,1,0,4,No
S17577,1,0,0,0,1,1,1,0,0,0,2,10,8,2,8.62,0,2,6,Yes
S17578,1,1,0,1,0,0,1,0,0,0,6,10,5,2,7.64,8,1,3,No
S17579,1,1,0,0,0,1,1,1,0,0,6,7,7,1,9.22,4,3,0,Yes
S17580,0,1,0,0,1,0,0,0,1,0,8,3,1,2,8.46,6,0,1,No
S17581,1,0,1,0,0,0,1,0,1,0,1,7,3,2,8.86,4,2,0,No
S17582,1,0,0,1,0,1,1,1,0,0,1,6,10,3,9.15,8,0,6,Yes
S17583,1,1,0,0,0,0,0,0,0,1,2,10,8,9,5.21,4,2,5,Yes
S17584,0,0,0,0,0,1,1,0,0,0,2,2,9,4,8.05,5,0,5,No
S17585,1,1,1,1,0,1,1,0,1,1,8,10,6,6,9.37,8,0,1,Yes
S17586,1,1,0,0,0,1,0,0,1,0,9,4,3,5,8.36,4,0,7,No
S17587,0,1,1,0,0,1,1,1,0,0,2,2,3,10,5.17,2,2,2,No
S17588,0,0,0,1,0,0,1,0,1,0,7,6,8,7,9.51,4,3,0,Yes
S17589,1,0,0,0,0,1,0,0,0,1,1,6,9,10,9.72,2,0,2,No
S17590,0,1,0,0,1,0,1,0,0,0,5,1,5,3,5.7,6,3,5,No
S17591,1,1,0,1,0,1,1,0,0,0,7,3,6,4,7.67,4,2,7,No
S17592,0,1,0,1,0,0,0,0,1,0,7,3,2,7,7.89,3,0,7,No
S17593,1,1,0,1,0,1,0,0,1,1,4,5,6,9,5.57,2,2,7,Yes
S17594,1,0,0,0,0,1,0,0,1,1,6,2,7,2,7.83,0,3,3,No
S17595,0,0,0,1,1,1,0,0,1,0,8,1,8,3,5.13,7,0,2,No
S17596,0,1,1,1,1,0,1,0,1,0,2,2,9,8,8.78,3,3,6,Yes
S17597,1,1,0,1,0,0,1,1,0,0,2,4,1,2,5.58,0,1,2,No
S17598,1,1,0,0,1,1,1,0,0,0,2,9,1,1,9.85,8,1,3,Yes
S17599,0,1,0,1,0,0,1,0,1,0,4,9,5,6,5.34,3,2,5,No
S17600,0,0,1,0,0,0,1,0,0,0,3,5,6,8,7.93,6,3,8,Yes
S17601,1,1,0,1,0,1,1,1,1,1,2,1,7,3,5.66,1,2,4,No
S17602,0,0,0,0,0,1,0,1,0,1,6,7,3,2,5.93,7,1,3,No
S17603,1,1,0,1,0,1,1,0,0,1,5,8,2,1,9.34,7,1,4,Yes
S17604,1,0,1,1,1,0,0,0,1,0,9,6,4,7,6.36,1,0,7,Yes
S17605,1,1,1,1,0,1,0,0,0,0,6,4,4,7,9.34,7,1,7,Yes
S17606,1,0,1,1,0,1,0,0,0,0,4,8,9,4,6.7,5,1,3,Yes
S17607,1,0,0,1,1,0,1,0,0,1,9,8,9,6,5.21,8,1,1,Yes
S17608,1,1,1,1,0,1,0,0,0,0,4,5,8,10,5.54,5,1,6,No
S17609,1,1,1,1,1,0,1,0,0,1,8,8,5,7,7.74,6,2,7,Yes
S17610,1,0,0,1,0,1,0,0,1,1,1,3,5,7,9.17,7,1,2,Yes
S17611,1,1,1,1,0,0,1,1,1,0,3,10,2,1,8.53,5,1,8,No
S17612,1,1,1,0,0,0,1,1,0,0,9,5,6,7,8.16,2,1,3,Yes
S17613,0,0,0,1,0,0,1,1,0,0,1,1,7,10,6.77,3,1,6,No
S17614,1,1,1,0,1,0,0,0,0,0,9,5,5,10,6.47,8,1,7,Yes
S17615,0,1,0,1,0,1,1,1,0,0,4,6,7,1,5.99,4,2,8,Yes
S17616,1,0,0,1,0,0,0,0,0,0,9,7,3,1,7.44,5,3,7,No
S17617,1,1,0,1,0,1,0,0,0,0,6,5,4,3,6.88,5,1,6,No
S17618,0,1,0,1,1,0,1,0,1,1,3,3,10,5,7.76,4,1,5,Yes
S17619,0,1,1,0,0,1,1,0,0,1,8,5,6,9,8.35,1,1,4,Yes
S17620,1,0,1,1,1,1,1,0,0,0,6,4,8,9,9.72,2,3,1,Yes
S17621,1,1,0,1,0,0,1,0,1,0,8,6,6,2,9.84,8,3,2,Yes
S17622,0,0,1,1,0,1,1,0,1,0,4,1,9,7,9.98,7,2,0,Yes
S17623,0,1,1,0,1,1,0,0,0,0,7,5,10,2,8.23,1,2,5,Yes
S17624,0,0,0,0,1,0,1,0,0,1,9,8,10,7,7.7,1,3,8,Yes
S17625,1,1,0,1,1,1,1,1,0,1,5,8,9,5,6.85,0,3,1,Yes
S17626,1,0,1,1,0,1,1,0,1,0,3,7,5,8,7.04,7,3,4,Yes
S17627,0,1,1,1,1,0,0,1,0,0,1,10,1,1,8.96,1,3,0,No
S17628,0,1,1,1,1,0,1,1,0,0,2,1,8,3,7.06,0,1,6,No
S17629,0,1,0,1,1,1,1,0,0,1,4,5,9,9,8.65,7,0,0,Yes
S17630,0,1,0,1,1,0,0,0,1,0,8,6,8,2,7.79,1,0,7,No
S17631,0,1,1,1,1,0,1,1,1,0,4,6,2,8,6.47,6,2,8,Yes
S17632,1,0,1,1,1,1,1,0,0,1,9,9,4,5,9.37,8,1,4,Yes
S17633,1,0,1,1,0,0,1,0,1,0,3,1,5,1,9.79,4,0,5,No
S17634,0,1,0,1,1,1,1,0,0,1,3,9,4,3,5.75,5,1,2,No
S17635,1,1,0,0,1,1,0,0,1,1,3,9,9,10,7.4,7,1,8,Yes
S17636,1,0,0,0,1,0,1,0,0,1,4,2,10,3,6.81,7,1,1,No
S17637,1,1,0,1,0,1,0,0,1,1,6,2,8,2,6.13,6,1,7,Yes
S17638,1,1,0,1,1,0,0,0,1,1,5,1,3,5,8.09,3,2,6,Yes
S17639,1,1,1,1,1,1,1,0,0,0,7,1,9,9,8.07,1,0,5,Yes
S17640,0,1,0,1,0,1,0,0,0,0,10,6,2,10,7.61,1,2,5,No
S17641,1,1,0,1,0,0,1,0,0,0,7,9,5,8,7.61,6,2,3,Yes
S17642,1,0,1,0,1,1,0,0,0,0,5,8,5,1,7.24,2,2,1,No
S17643,1,1,0,0,1,1,0,0,0,1,8,7,8,9,9.28,3,2,7,Yes
S17644,1,0,0,1,1,1,1,0,1,0,5,1,5,9,8.24,1,2,5,Yes
S17645,0,1,0,0,1,1,0,0,1,1,10,7,5,2,6.57,6,3,7,Yes
S17646,0,1,1,1,1,1,1,1,1,1,8,4,9,7,9.61,8,3,2,Yes
S17647,1,1,0,1,0,1,0,0,0,1,2,6,3,2,5.4,6,3,4,No
S17648,0,0,1,0,1,0,1,1,0,0,1,1,5,10,6.47,5,3,7,No
S17649,1,1,1,0,0,1,0,0,0,1,3,9,5,1,8.09,7,0,1,Yes
S17650,0,1,1,1,0,1,0,0,1,0,10,8,5,4,8.74,2,0,5,No
S17651,1,1,0,0,0,0,0,1,0,0,9,7,9,8,9.93,0,1,4,Yes
S17652,1,1,1,1,1,1,0,0,0,0,5,3,4,10,6.16,7,0,7,No
S17653,0,1,1,1,1,1,0,0,0,0,9,9,7,1,7.56,6,2,5,Yes
S17654,0,1,1,0,0,0,1,0,0,0,5,5,3,7,7.14,1,1,0,No
S17655,1,1,1,0,0,0,1,1,0,1,8,5,6,1,8.0,1,0,5,No
S17656,0,0,1,1,0,0,1,1,1,0,7,5,8,3,5.22,6,2,6,Yes
S17657,1,1,0,1,1,0,1,0,1,1,7,10,6,7,5.52,8,3,5,Yes
S17658,0,0,0,1,1,1,0,1,0,0,2,4,1,6,9.29,1,0,8,No
S17659,1,1,0,1,0,0,1,0,0,1,3,6,3,1,7.74,2,1,6,No
S17660,0,1,0,1,1,1,1,0,0,1,9,3,8,10,9.71,8,1,0,Yes
S17661,1,0,1,0,1,0,1,1,0,1,2,9,7,8,9.41,6,3,4,Yes
S17662,1,0,0,0,0,1,1,0,0,1,4,4,3,6,9.56,1,0,8,No
S17663,0,1,0,0,0,0,1,0,0,0,8,7,2,4,5.96,4,1,6,No
S17664,0,0,0,1,0,1,1,0,1,0,9,7,4,6,8.26,3,3,6,Yes
S17665,0,0,1,0,1,0,1,0,0,1,1,10,8,7,6.77,0,3,7,Yes
S17666,1,1,1,0,1,0,0,0,0,0,7,9,3,1,5.65,7,0,7,No
S17667,1,1,1,0,0,1,1,0,1,0,10,1,5,1,7.05,5,3,7,Yes
S17668,1,1,1,1,0,0,0,1,0,0,5,1,10,6,8.29,8,1,7,Yes
S17669,1,0,1,1,1,0,0,0,0,0,4,9,7,10,6.41,8,2,8,Yes
S17670,0,0,1,0,1,0,1,0,0,0,10,9,3,7,5.45,5,3,5,No
S17671,1,0,0,1,1,0,1,0,1,1,2,4,7,2,5.84,7,2,2,No
S17672,0,1,1,1,1,1,0,1,1,0,4,5,2,9,7.11,4,3,6,Yes
S17673,0,0,1,0,0,1,1,0,0,0,1,9,2,8,9.92,6,1,0,Yes
S17674,1,1,1,1,1,1,1,1,0,1,9,8,8,7,5.76,2,3,8,Yes
S17675,0,1,0,0,0,0,1,0,0,0,3,9,10,5,7.23,1,0,2,No
S17676,0,1,1,1,0,1,0,0,1,1,4,10,2,4,6.4,0,2,2,No
S17677,0,0,1,1,1,1,1,0,0,0,7,4,9,1,7.61,3,0,6,No
S17678,1,1,1,0,1,1,0,1,0,1,2,10,5,2,8.12,2,3,0,Yes
S17679,0,1,1,1,1,1,1,1,0,0,1,8,6,4,7.68,6,1,0,No
S17680,1,0,0,0,0,0,1,0,0,0,3,2,8,5,9.77,1,0,8,No
S17681,1,0,0,1,0,1,0,1,0,0,5,7,10,10,5.83,5,0,6,Yes
S17682,0,1,0,1,1,1,0,1,1,0,1,4,3,2,8.9,5,1,0,No
S17683,0,0,1,1,1,1,0,0,0,0,2,2,8,8,8.22,5,0,0,No
S17684,1,0,0,0,1,0,0,0,1,1,7,2,6,1,6.59,6,3,1,No
S17685,0,1,1,1,0,1,1,0,1,1,7,10,8,4,7.09,6,2,3,Yes
S17686,0,1,1,1,1,1,0,1,0,0,6,8,1,1,6.39,7,0,1,No
S17687,1,1,1,1,1,0,1,1,1,0,2,7,8,8,9.33,8,0,3,Yes
S17688,0,1,0,0,1,1,0,0,0,0,2,7,10,10,9.32,8,0,6,Yes
S17689,0,0,0,1,1,1,0,1,0,0,9,4,1,1,5.3,8,2,6,No
S17690,0,1,1,0,0,1,0,1,0,0,9,5,5,4,8.58,3,2,2,Yes
S17691,1,0,1,1,1,1,1,0,0,0,1,9,8,2,7.07,0,3,4,No
S17692,1,0,0,1,0,0,0,0,0,0,8,7,4,9,9.24,1,0,0,No
S17693,0,1,1,1,0,0,0,0,0,1,2,10,4,10,9.5,4,1,7,Yes
S17694,1,0,0,0,1,1,0,0,0,0,7,1,6,2,6.51,2,0,2,No
S17695,1,0,0,0,1,1,1,0,0,1,10,3,8,7,5.16,8,2,5,Yes
S17696,0,1,0,0,1,1,1,0,0,0,3,6,2,3,8.91,8,0,0,No
S17697,1,0,0,1,0,0,0,0,0,0,4,7,1,8,7.91,4,1,6,No
S17698,0,0,0,0,0,0,1,0,0,1,5,3,4,7,6.12,2,3,7,No
S17699,0,1,1,1,0,0,1,1,0,1,1,3,3,5,7.19,8,3,4,Yes
S17700,0,0,0,0,1,1,1,0,0,0,7,4,4,9,9.24,7,1,7,Yes
S17701,0,1,0,1,0,1,0,1,1,0,2,9,5,9,8.0,3,0,7,No
S17702,1,1,0,0,1,0,1,0,0,0,2,3,8,2,7.51,6,1,0,No
S17703,1,0,1,0,1,1,0,1,0,1,9,8,8,6,6.14,0,1,8,Yes
S17704,0,0,0,1,0,0,0,0,0,0,7,2,1,5,9.05,8,1,7,No
S17705,1,0,1,1,1,1,1,0,0,0,4,9,2,10,9.61,5,3,3,Yes
S17706,0,1,0,0,0,0,1,0,1,0,9,9,4,4,5.14,6,1,7,Yes
S17707,0,0,0,0,1,1,0,0,0,1,3,7,9,10,6.29,3,3,3,Yes
S17708,1,0,0,0,1,1,1,1,1,0,10,6,10,1,8.26,4,0,2,No
S17709,0,1,1,0,1,1,1,0,0,0,2,5,6,5,5.21,5,0,7,No
S17710,1,1,0,0,0,0,1,0,0,0,6,5,9,5,6.19,8,0,3,Yes
S17711,1,0,0,0,0,1,1,0,0,0,10,2,10,5,5.07,5,2,1,No
S17712,0,1,0,1,0,1,0,0,0,0,10,5,5,1,7.03,6,2,2,Yes
S17713,0,1,1,1,0,0,1,1,0,0,6,4,2,8,5.38,0,3,0,No
S17714,1,1,1,0,1,1,0,0,0,0,6,4,9,3,8.07,8,3,0,Yes
S17715,1,0,1,1,0,0,1,1,1,0,5,1,9,10,5.17,8,1,7,Yes
S17716,1,1,0,0,0,1,0,0,1,0,1,4,8,10,5.75,1,0,2,No
S17717,1,1,1,0,0,1,0,0,1,0,6,9,6,5,7.36,5,1,8,Yes
S17718,1,1,0,1,1,1,1,0,1,1,3,6,10,6,8.54,7,0,0,Yes
S17719,1,1,1,1,0,1,0,0,0,1,4,6,2,4,9.3,1,1,4,No
S17720,0,1,1,1,0,0,0,0,0,0,6,9,7,8,9.06,1,1,0,Yes
S17721,0,1,1,1,0,0,0,0,0,1,3,10,4,7,6.16,3,2,6,Yes
S17722,1,1,1,1,0,1,0,0,0,1,10,7,1,8,7.62,0,1,4,No
S17723,1,1,0,0,1,1,0,1,0,0,4,2,10,8,8.9,4,1,4,Yes
S17724,0,0,0,0,1,1,0,0,0,0,10,10,8,3,5.73,3,1,4,Yes
S17725,0,1,0,0,1,0,0,1,0,1,9,1,8,10,6.54,4,2,2,Yes
S17726,0,0,1,1,0,1,1,1,0,0,6,1,9,9,7.62,3,1,0,No
S17727,1,0,0,1,0,0,0,0,1,1,9,3,4,9,7.17,4,0,6,No
S17728,1,1,0,0,0,0,0,1,0,1,1,4,10,9,9.74,5,3,6,Yes
S17729,1,1,0,1,1,0,1,1,0,1,3,9,5,1,5.5,1,1,3,No
S17730,0,0,1,0,0,0,0,1,1,0,2,3,9,6,5.39,8,1,6,No
S17731,1,1,0,0,0,1,1,1,0,0,2,6,8,5,7.15,8,0,6,Yes
S17732,0,1,0,1,0,0,0,0,0,1,10,7,5,2,9.83,2,1,8,Yes
S17733,1,1,0,1,0,1,1,0,0,0,6,4,6,8,9.03,3,1,2,Yes
S17734,1,1,0,1,1,0,1,0,0,1,9,3,7,5,8.18,2,0,4,No
S17735,0,0,0,1,1,1,1,0,1,0,2,3,6,9,8.93,5,1,8,Yes
S17736,1,0,0,1,0,0,1,1,0,0,1,7,1,6,5.67,8,0,8,No
S17737,0,1,0,1,0,1,0,1,0,0,8,2,1,3,8.4,6,0,4,No
S17738,1,1,0,1,0,0,0,1,0,0,7,4,1,7,7.68,2,3,1,No
S17739,1,1,1,1,0,1,1,0,0,1,7,10,10,1,6.88,6,1,5,Yes
S17740,1,0,1,1,0,0,0,1,1,1,1,4,8,2,9.97,5,0,5,No
S17741,1,1,0,0,1,1,0,1,0,0,1,9,9,10,8.26,0,2,0,Yes
S17742,1,0,0,0,1,1,1,0,0,1,1,8,10,10,6.18,3,1,6,Yes
S17743,0,1,0,1,0,1,1,1,0,0,3,2,8,3,6.37,2,2,2,No
S17744,0,0,0,1,1,0,0,1,0,0,3,6,9,10,6.12,3,3,5,No
S17745,1,1,0,1,1,1,1,0,0,0,10,4,8,7,7.9,5,3,5,Yes
S17746,1,0,1,1,0,0,1,0,0,1,7,4,3,10,5.1,8,0,1,No
S17747,0,1,1,1,0,1,0,0,0,1,9,3,1,3,9.39,1,0,0,No
S17748,1,0,1,1,1,1,0,1,1,0,9,4,3,3,7.77,4,2,4,No
S17749,1,1,0,0,0,0,1,1,0,0,8,9,8,10,6.01,5,0,6,Yes
S17750,1,0,0,0,0,1,0,1,0,1,7,1,5,10,8.49,1,0,2,No
S17751,0,1,1,1,1,1,0,0,0,0,9,5,7,9,8.7,7,1,8,Yes
S17752,1,1,0,1,0,0,1,1,0,1,4,7,2,1,5.94,0,0,1,No
S17753,0,1,0,1,0,1,1,0,1,1,8,8,4,10,9.83,4,0,0,Yes
S17754,1,1,0,0,0,1,1,0,0,0,7,3,4,5,6.92,7,2,3,No
S17755,1,1,1,1,1,1,1,0,0,0,5,2,9,4,5.68,3,1,5,No
S17756,1,1,1,1,1,1,0,0,0,0,6,4,9,10,6.47,6,0,3,Yes
S17757,0,1,0,1,1,0,0,0,1,0,10,9,2,10,7.63,7,3,4,Yes
S17758,0,1,1,1,1,0,1,0,0,0,1,7,9,7,8.81,0,2,2,Yes
S17759,1,1,1,1,0,1,0,1,0,0,1,2,8,9,6.24,1,0,7,No
S17760,1,1,0,1,1,1,1,0,1,0,3,5,7,9,5.72,3,3,4,Yes
S17761,0,1,0,0,1,1,1,0,1,0,3,9,7,3,7.21,1,3,1,Yes
S17762,0,1,1,1,1,0,0,1,1,0,2,2,2,9,6.04,2,0,4,No
S17763,1,0,0,0,0,1,1,0,0,0,8,7,2,8,5.68,6,0,7,No
S17764,0,1,0,0,1,0,0,0,0,0,5,8,1,6,6.74,2,1,1,No
S17765,1,0,1,0,0,1,1,0,1,1,9,10,7,2,8.67,0,2,5,Yes
S17766,1,1,0,0,0,1,1,0,0,0,6,3,2,5,6.66,1,2,7,Yes
S17767,1,0,1,0,0,0,1,0,0,0,8,9,4,10,9.66,6,0,3,Yes
S17768,0,1,0,1,0,0,1,1,0,0,5,8,10,3,6.06,1,3,7,No
S17769,1,0,1,1,0,1,0,0,0,1,4,2,1,10,8.61,6,2,0,No
S17770,0,1,1,1,0,1,0,0,0,0,2,6,3,2,6.19,2,0,2,No
S17771,0,1,0,1,1,1,1,1,1,1,1,2,10,3,6.94,6,0,6,Yes
S17772,0,1,0,1,1,1,1,1,0,0,10,8,2,1,8.26,7,2,0,Yes
S17773,1,1,0,1,1,1,1,0,0,1,5,9,4,2,8.15,4,0,3,No
S17774,1,1,0,0,0,0,1,0,1,1,4,1,8,2,9.15,5,3,1,Yes
S17775,0,1,1,0,1,1,1,0,1,1,8,4,4,3,9.76,5,2,8,Yes
S17776,0,0,1,0,0,0,0,1,1,0,1,10,3,8,8.98,1,2,7,No
S17777,0,1,1,1,0,1,1,0,0,0,2,6,10,8,7.99,2,0,0,No
S17778,1,1,1,1,0,1,1,0,1,1,2,2,4,10,6.36,3,3,7,Yes
S17779,1,0,1,1,0,1,0,1,0,0,3,5,5,8,6.32,6,0,0,No
S17780,0,0,1,1,0,1,1,0,0,0,9,3,5,6,7.6,0,1,1,No
S17781,1,1,1,1,0,0,1,0,0,0,1,4,2,10,6.38,2,0,2,No
S17782,0,0,0,0,0,1,1,0,0,0,2,3,7,1,5.94,1,0,4,No
S17783,1,1,1,1,1,0,1,0,1,0,6,10,3,10,8.44,3,1,4,Yes
S17784,1,1,1,1,1,0,1,1,1,1,2,5,7,9,9.9,4,0,4,Yes
S17785,1,1,0,1,0,1,0,0,0,0,7,8,2,10,7.55,3,3,6,Yes
S17786,1,1,1,0,0,0,1,0,0,1,2,6,3,7,9.43,6,0,4,No
S17787,1,1,0,0,1,0,1,0,0,1,5,8,3,9,6.24,3,3,6,Yes
S17788,0,1,0,0,0,0,1,0,0,1,10,1,7,4,8.37,3,3,4,Yes
S17789,1,1,0,1,1,0,1,0,0,0,4,4,6,6,7.55,8,3,1,Yes
S17790,1,1,0,0,0,1,0,1,0,0,10,8,10,3,6.51,0,3,3,Yes
S17791,0,0,0,0,1,0,1,0,1,1,7,8,3,8,6.76,3,3,5,Yes
S17792,1,1,1,1,1,1,0,1,0,0,6,9,6,4,6.88,8,3,3,Yes
S17793,1,0,1,0,1,0,1,0,1,1,3,6,1,3,8.04,6,1,2,Yes
S17794,0,0,1,0,0,0,1,1,1,0,4,1,9,9,9.77,0,0,4,No
S17795,0,0,1,1,0,0,1,0,1,0,1,7,9,1,7.36,6,1,4,Yes
S17796,1,0,0,1,0,0,1,0,1,0,10,4,10,9,7.89,4,0,6,Yes
S17797,1,1,0,1,1,1,1,0,0,0,8,5,7,10,7.19,7,3,6,Yes
S17798,0,1,1,0,1,0,1,0,0,1,10,2,2,8,6.79,6,0,3,No
S17799,1,1,1,1,0,1,1,1,0,0,7,6,10,1,8.03,2,3,5,Yes
S17800,0,1,1,1,0,1,0,0,0,1,10,10,1,6,8.94,0,1,4,Yes
S17801,0,1,0,1,0,0,1,0,1,1,7,5,3,5,7.55,7,1,3,Yes
S17802,0,1,0,1,1,1,0,0,1,1,9,8,8,4,5.45,3,0,2,No
S17803,1,0,1,1,1,1,0,0,1,0,2,3,10,8,5.44,8,2,6,Yes
S17804,1,1,1,0,0,1,0,0,1,1,9,5,4,7,5.86,7,3,4,Yes
S17805,0,1,0,0,0,1,1,0,1,1,6,9,1,9,5.1,6,1,4,No
S17806,1,1,0,1,0,0,0,0,0,0,1,6,5,7,9.32,2,1,7,Yes
S17807,1,0,0,1,1,0,1,1,1,0,7,3,9,3,5.66,6,3,6,Yes
S17808,0,1,0,0,1,1,0,0,1,1,10,4,2,10,9.92,5,3,0,Yes
S17809,1,1,0,1,0,1,1,0,1,0,4,6,6,1,9.1,1,0,6,No
S17810,1,0,1,1,0,0,1,0,0,0,9,3,6,1,7.75,8,3,5,Yes
S17811,0,0,1,1,0,1,0,0,0,1,2,7,7,7,8.72,3,3,4,Yes
S17812,1,0,1,0,1,1,1,1,0,0,5,9,2,8,6.84,7,1,4,Yes
S17813,1,0,1,1,0,0,0,1,0,0,9,6,7,7,7.38,8,1,3,Yes
S17814,1,1,1,1,1,0,1,1,0,0,1,10,8,4,9.9,2,1,1,Yes
S17815,0,0,0,0,1,0,0,1,1,1,3,7,6,6,6.81,3,0,2,No
S17816,1,1,0,1,1,0,0,0,1,0,7,9,2,5,6.28,2,2,8,No
S17817,1,0,0,1,0,1,1,0,1,0,2,8,3,7,6.08,8,1,3,No
S17818,0,1,1,0,1,0,0,0,1,1,3,1,5,9,5.79,7,3,5,Yes
S17819,0,1,1,1,0,1,1,1,1,1,1,10,4,9,5.52,7,1,0,Yes
S17820,1,1,0,1,0,0,0,1,0,0,6,1,1,8,8.44,2,3,8,Yes
S17821,0,1,0,0,1,1,1,1,0,1,8,8,4,4,5.42,3,3,3,Yes
S17822,1,1,0,0,0,1,0,1,0,0,2,4,9,8,8.34,7,0,5,Yes
S17823,0,1,1,0,1,1,1,1,1,0,9,1,3,10,7.37,7,2,8,Yes
S17824,1,1,0,0,0,1,1,1,1,0,5,8,2,7,5.87,0,3,1,Yes
S17825,1,1,1,0,0,0,1,0,0,0,1,6,1,5,9.32,8,3,1,Yes
S17826,0,1,0,1,0,1,1,1,0,0,1,8,4,2,7.13,7,2,8,Yes
S17827,1,1,1,0,0,1,1,1,1,0,4,5,10,7,7.49,5,1,6,Yes
S17828,1,0,0,0,0,1,0,0,0,1,8,9,2,1,6.94,3,0,1,No
S17829,1,1,0,1,0,1,1,1,0,0,6,10,6,6,9.77,3,2,4,Yes
S17830,0,1,0,1,0,1,1,1,0,0,6,6,7,1,5.04,7,2,0,No
S17831,1,0,1,0,1,0,0,1,0,0,1,7,5,2,5.87,7,1,4,No
S17832,1,1,0,0,0,1,1,1,0,0,5,5,6,2,5.51,8,3,0,No
S17833,1,1,1,0,1,1,1,0,0,0,1,1,10,4,9.84,5,0,3,Yes
S17834,1,1,0,0,0,1,1,1,1,1,5,9,3,3,5.45,6,0,3,No
S17835,1,0,1,1,0,1,1,1,1,0,6,5,6,6,6.9,4,3,2,Yes
S17836,1,1,0,1,0,1,1,1,0,0,2,10,5,1,6.55,2,2,2,No
S17837,1,1,0,1,0,0,0,0,0,0,1,3,6,7,9.55,8,0,6,Yes
S17838,1,0,0,1,1,0,1,0,0,0,6,1,9,2,8.73,5,2,8,Yes
S17839,0,1,0,0,0,1,1,1,1,1,6,3,5,9,6.24,4,3,5,Yes
S17840,0,1,0,1,0,0,0,0,0,0,2,2,10,5,7.83,6,1,4,No
S17841,0,1,0,1,0,1,0,0,0,1,10,4,3,3,6.92,0,1,4,No
S17842,1,0,1,1,0,0,1,0,1,0,6,8,10,3,8.53,7,2,0,Yes
S17843,0,0,1,1,1,1,0,0,0,1,1,1,3,5,9.48,5,0,4,No
S17844,1,1,0,1,1,1,1,1,0,0,4,9,2,3,8.13,7,2,6,Yes
S17845,0,1,1,1,0,1,1,0,0,0,1,9,4,2,6.77,5,3,8,Yes
S17846,1,1,1,1,1,1,1,0,0,0,10,8,7,6,7.73,6,2,8,Yes
S17847,1,1,1,1,0,1,0,1,0,0,2,1,1,3,9.05,2,2,3,No
S17848,1,1,1,1,0,1,1,0,1,0,1,8,6,3,5.73,8,3,6,Yes
S17849,1,1,0,1,0,1,1,1,0,0,9,9,5,2,9.47,6,0,5,Yes
S17850,0,1,0,1,0,0,0,0,0,0,1,9,2,10,5.21,7,1,3,No
S17851,0,0,0,1,1,0,1,0,0,0,5,7,6,8,6.74,5,0,0,No
S17852,0,1,1,1,0,1,1,0,1,0,7,9,2,1,8.97,8,2,8,Yes
S17853,0,1,1,0,1,0,1,0,0,0,5,8,10,8,6.3,0,2,3,No
S17854,1,0,1,1,1,1,1,0,0,1,4,4,1,1,7.28,1,1,2,No
S17855,1,1,1,1,0,1,0,0,1,0,2,2,8,4,9.11,5,0,2,Yes
S17856,0,0,0,0,1,1,1,1,1,0,6,3,10,10,8.46,8,1,8,Yes
S17857,0,1,1,0,1,1,1,0,1,0,8,4,4,5,9.46,5,3,2,Yes
S17858,0,0,0,1,1,0,1,0,0,0,10,7,4,2,6.98,7,2,0,No
S17859,1,0,0,1,0,1,1,1,1,0,1,2,9,9,7.47,8,2,3,Yes
S17860,1,1,0,1,0,0,0,0,1,0,8,2,9,2,9.69,5,1,1,Yes
S17861,0,1,0,0,1,1,0,0,1,1,8,1,5,8,8.06,0,2,3,No
S17862,1,1,1,1,0,0,0,0,0,0,6,1,3,2,9.77,3,2,3,No
S17863,1,1,0,0,1,1,0,0,0,0,3,6,8,10,7.16,4,3,5,Yes
S17864,1,1,1,0,1,0,0,0,1,1,3,6,9,5,8.86,7,3,3,Yes
S17865,0,1,1,0,1,0,1,0,1,0,7,9,6,5,9.49,5,1,7,Yes
S17866,1,0,0,0,0,1,1,1,0,1,9,3,6,9,8.31,5,1,1,Yes
S17867,1,0,0,1,0,0,1,0,0,0,3,3,7,5,5.24,5,2,2,No
S17868,1,0,0,1,0,1,0,0,0,0,9,2,7,5,9.49,6,0,5,Yes
S17869,1,1,0,1,0,0,0,0,1,0,10,5,1,6,5.01,5,3,1,No
S17870,1,1,0,1,1,0,1,0,1,0,7,3,8,4,6.43,4,1,6,Yes
S17871,1,0,0,0,0,0,0,0,0,0,2,8,8,2,7.59,0,1,7,No
S17872,0,1,0,1,1,0,0,1,1,0,5,8,5,6,5.91,1,0,5,No
S17873,0,0,0,0,1,1,0,0,0,1,8,7,10,9,6.01,4,3,0,Yes
S17874,1,1,0,0,0,1,0,0,1,0,7,7,9,6,5.07,2,0,1,No
S17875,0,1,1,1,1,1,1,1,0,0,7,5,9,9,7.72,7,1,1,Yes
S17876,0,1,1,0,0,1,1,0,0,0,1,8,10,8,9.85,5,1,2,Yes
S17877,1,1,0,0,0,1,1,0,0,0,1,7,10,7,8.47,6,3,7,Yes
S17878,1,1,1,1,1,0,1,0,0,1,7,10,5,2,5.92,0,2,5,Yes
S17879,1,1,0,1,0,0,1,1,1,0,4,4,8,5,7.66,5,0,3,No
S17880,1,0,0,1,0,1,1,0,0,0,7,9,3,10,7.25,6,2,1,Yes
S17881,1,1,0,1,0,1,1,1,0,0,10,8,6,9,6.25,8,2,8,Yes
S17882,0,1,1,0,1,0,1,1,1,0,3,3,2,9,6.89,3,2,8,Yes
S17883,1,1,0,0,1,0,0,0,1,0,4,6,5,4,5.55,6,0,5,No
S17884,0,1,0,1,1,1,0,0,0,1,7,8,2,8,8.84,5,3,5,Yes
S17885,1,1,1,1,0,0,0,0,1,1,7,5,3,8,7.43,0,1,8,Yes
S17886,1,1,1,1,1,0,1,1,0,0,8,1,5,1,7.12,4,1,6,No
S17887,1,1,0,0,0,1,0,0,0,0,4,10,3,2,6.69,3,3,2,No
S17888,1,1,0,0,0,1,0,0,0,0,8,5,7,5,9.67,6,3,7,Yes
S17889,0,1,1,1,0,1,1,0,0,0,7,4,3,9,5.57,8,3,7,Yes
S17890,0,0,0,0,0,0,1,1,0,1,3,5,6,6,6.06,3,3,7,Yes
S17891,1,1,0,0,1,0,1,0,0,1,8,1,10,3,7.64,1,1,8,Yes
S17892,0,1,1,1,1,0,1,0,1,0,10,9,3,7,9.85,3,1,6,Yes
S17893,0,0,1,1,0,0,0,0,1,1,10,1,8,6,9.92,0,0,6,No
S17894,0,1,0,1,0,1,1,1,1,0,1,10,6,4,8.13,7,0,4,Yes
S17895,1,1,1,1,1,1,0,0,0,1,3,7,2,4,6.8,0,0,6,No
S17896,0,1,1,1,1,1,0,0,1,0,10,9,4,6,5.03,8,2,1,Yes
S17897,1,1,0,1,0,1,1,1,0,1,2,10,5,9,6.31,3,3,0,Yes
S17898,0,1,0,0,0,1,0,0,0,0,7,3,8,4,7.53,3,1,6,No
S17899,1,1,0,1,1,1,0,0,0,0,6,6,7,3,9.25,1,1,7,Yes
S17900,1,1,1,1,0,1,0,0,0,0,1,9,4,10,5.15,0,3,7,No
S17901,1,0,1,1,1,1,1,0,1,0,9,5,8,4,8.86,0,2,0,Yes
S17902,1,1,0,1,0,0,0,0,1,0,9,10,2,9,5.95,4,3,6,Yes
S17903,0,1,1,0,1,0,0,1,0,0,2,5,1,9,9.39,5,2,0,No
S17904,1,1,1,1,0,1,0,0,0,1,6,4,7,1,6.37,0,1,4,No
S17905,1,1,0,0,1,1,0,0,0,0,9,10,3,5,9.04,6,3,5,Yes
S17906,0,1,1,1,0,1,0,1,0,0,2,10,3,2,8.25,3,0,8,No
S17907,1,0,1,1,1,0,1,0,0,0,3,3,1,4,9.55,7,3,8,Yes
S17908,1,1,0,0,0,0,0,0,0,0,3,1,6,4,6.1,5,1,6,No
S17909,0,0,1,0,0,0,1,0,0,0,4,3,10,2,5.53,8,2,1,No
S17910,1,1,0,0,1,0,0,0,1,0,8,9,3,9,5.23,5,2,1,No
S17911,1,1,0,0,1,0,1,0,0,0,8,8,9,4,7.92,0,3,7,Yes
S17912,1,1,1,0,1,1,1,0,1,0,5,1,4,5,6.33,8,1,3,Yes
S17913,0,1,1,0,0,0,1,0,0,0,5,9,6,10,5.25,7,0,0,No
S17914,0,1,1,1,0,1,0,0,0,0,8,9,9,9,6.01,8,1,2,Yes
S17915,1,0,0,0,0,1,1,1,1,0,8,3,10,5,5.06,7,1,4,Yes
S17916,1,1,0,1,1,1,0,0,0,0,2,10,1,10,8.06,4,0,0,No
S17917,1,1,0,1,0,1,0,0,0,0,4,10,6,2,6.12,5,3,0,Yes
S17918,0,0,1,1,1,0,1,0,0,0,8,4,9,10,9.32,8,2,2,Yes
S17919,1,1,0,0,1,0,0,0,0,0,7,8,10,5,9.06,5,3,4,Yes
S17920,0,1,1,0,0,1,1,0,0,0,4,4,4,7,6.75,4,2,0,No
S17921,1,1,0,0,1,1,1,1,0,0,3,4,6,8,7.34,8,1,5,Yes
S17922,0,1,0,1,1,1,1,0,1,0,5,5,3,10,6.05,3,3,6,Yes
S17923,0,0,0,1,1,1,0,1,1,1,6,8,7,3,6.45,1,1,3,No
S17924,0,1,1,1,1,1,0,1,1,0,7,10,6,10,7.43,2,1,7,Yes
S17925,1,0,0,1,0,1,1,0,0,0,4,7,4,1,5.51,1,0,8,No
S17926,0,0,0,0,0,1,0,1,1,0,7,5,10,3,7.07,3,2,1,No
S17927,1,1,0,1,1,0,1,0,0,1,1,10,10,8,7.91,6,0,8,Yes
S17928,1,1,1,1,1,0,0,1,0,0,1,1,10,3,6.66,6,2,0,No
S17929,1,0,1,1,1,0,1,1,0,0,10,8,1,6,8.94,8,2,2,Yes
S17930,0,0,1,0,1,1,1,0,0,1,2,7,6,2,8.24,6,0,2,No
S17931,0,1,0,1,1,1,0,0,0,1,7,1,3,2,8.37,5,3,5,Yes
S17932,1,0,0,1,1,0,0,1,0,0,8,7,6,3,9.33,1,1,0,Yes
S17933,0,0,0,1,0,1,1,0,0,0,7,7,2,5,5.7,2,1,8,No
S17934,1,1,1,0,0,1,0,0,1,1,8,7,7,2,6.51,6,1,3,Yes
S17935,0,0,0,0,0,1,0,1,1,0,4,3,2,6,5.35,0,0,7,No
S17936,0,1,1,0,0,0,1,0,0,1,10,4,10,9,5.6,1,3,1,Yes
S17937,0,1,0,0,1,1,1,0,1,0,9,1,6,9,8.25,5,1,1,Yes
S17938,1,1,1,1,0,1,0,0,0,0,9,7,7,1,9.04,6,1,3,Yes
S17939,0,1,0,1,1,1,1,0,1,0,6,9,5,7,8.13,6,0,0,Yes
S17940,0,0,0,0,1,1,0,1,0,0,3,9,10,1,6.57,5,3,7,Yes
S17941,0,1,1,0,0,1,1,0,0,0,2,5,6,1,9.33,6,3,0,Yes
S17942,1,1,0,1,0,1,1,0,0,1,7,8,3,10,9.58,7,3,4,Yes
S17943,0,0,1,1,0,1,1,1,0,1,2,1,6,4,5.68,6,3,0,Yes
S17944,0,1,1,1,1,1,0,1,0,0,4,8,4,1,7.9,3,0,2,No
S17945,1,1,0,0,0,0,0,1,0,0,9,2,1,3,5.79,2,3,1,No
S17946,1,1,0,0,1,1,1,1,0,0,1,9,8,7,5.65,0,3,7,Yes
S17947,1,1,0,0,0,0,0,1,0,0,10,3,5,3,8.2,6,3,4,No
S17948,0,0,0,0,0,1,1,0,0,1,5,4,9,4,7.86,0,1,2,No
S17949,1,1,0,1,0,0,1,1,0,0,10,4,7,6,5.88,5,2,0,Yes
S17950,1,1,0,0,0,1,1,0,0,0,2,5,10,10,5.92,0,1,1,No
S17951,0,1,1,1,0,1,1,1,0,0,10,7,8,10,8.9,7,1,4,Yes
S17952,1,1,0,0,0,1,1,0,1,1,4,3,1,10,5.83,6,0,5,No
S17953,1,1,0,1,1,0,0,1,0,1,3,2,5,6,7.77,3,0,6,No
S17954,1,1,0,1,0,0,1,0,0,0,3,5,8,7,9.86,5,3,1,Yes
S17955,0,1,1,1,1,1,0,1,0,0,10,2,3,4,6.09,5,3,1,No
S17956,0,1,0,1,0,0,1,1,1,0,7,2,6,10,8.61,7,3,2,Yes
S17957,1,1,0,0,0,0,0,0,0,0,4,6,10,6,8.42,4,1,8,Yes
S17958,0,1,0,1,0,0,1,1,0,1,8,10,6,5,8.12,8,1,1,Yes
S17959,1,1,1,1,0,0,0,1,0,1,1,3,9,4,8.98,5,3,4,Yes
S17960,0,0,0,1,1,0,0,0,0,0,10,7,7,5,7.69,7,0,4,Yes
S17961,1,1,1,0,0,0,1,0,1,0,6,6,9,3,8.4,0,0,4,No
S17962,1,1,0,1,1,0,0,1,0,0,7,2,1,7,7.65,6,1,0,No
S17963,1,0,1,1,0,1,1,0,0,1,10,2,8,2,8.22,0,1,5,Yes
S17964,1,0,1,1,0,0,1,0,0,0,3,6,6,9,5.88,3,0,3,No
S17965,1,1,1,1,1,0,0,0,0,1,8,9,8,7,6.27,7,3,1,Yes
S17966,0,1,1,1,0,1,1,0,0,0,9,1,9,1,7.67,7,2,3,Yes
S17967,0,1,0,1,1,1,1,1,0,0,6,8,2,4,8.0,1,3,1,Yes
S17968,1,0,0,1,0,0,1,0,0,0,9,1,4,4,5.57,0,0,5,No
S17969,1,1,1,1,0,1,0,1,0,0,1,7,6,8,5.28,8,2,0,No
S17970,1,0,0,1,1,0,1,0,1,0,7,3,9,2,9.27,0,1,2,No
S17971,1,1,0,1,1,0,0,0,0,0,5,8,9,3,5.72,3,0,0,No
S17972,0,1,1,1,1,1,0,0,1,1,6,3,10,6,9.54,7,0,0,Yes
S17973,1,0,0,0,1,1,1,1,0,1,4,7,9,8,8.83,0,3,2,Yes
S17974,0,0,0,0,1,0,0,0,0,0,8,6,3,6,9.23,2,1,6,No
S17975,1,0,1,1,1,1,1,0,0,0,9,10,2,4,6.18,3,2,2,Yes
S17976,1,0,1,1,1,1,1,0,0,0,5,5,6,9,7.92,8,2,8,Yes
S17977,1,0,1,0,0,1,1,1,1,1,10,3,1,5,8.8,8,3,7,Yes
S17978,1,1,1,1,1,1,1,0,0,0,5,2,10,9,5.66,7,1,3,Yes
S17979,1,1,0,0,1,1,1,0,1,0,1,4,8,7,9.02,1,2,8,Yes
S17980,0,1,1,0,0,1,0,0,0,1,2,2,8,2,9.04,1,0,8,No
S17981,1,1,1,1,1,0,1,1,1,0,9,8,8,6,9.14,6,1,5,Yes
S17982,1,1,0,0,1,0,1,0,0,1,3,3,7,1,8.72,6,1,5,Yes
S17983,0,1,1,1,0,1,1,1,0,0,2,5,2,4,7.49,7,3,6,Yes
S17984,1,1,0,0,0,0,1,0,1,0,2,9,10,4,6.15,8,1,8,Yes
S17985,0,1,0,1,1,0,1,0,1,0,5,8,3,5,8.11,8,0,8,Yes
S17986,1,0,0,1,0,1,1,1,0,0,7,7,10,8,8.83,6,1,3,Yes
S17987,1,1,1,1,1,0,1,0,1,0,8,5,1,10,8.23,7,3,7,Yes
S17988,0,1,0,1,1,1,0,0,0,0,1,3,9,10,5.89,0,2,1,No
S17989,0,1,0,1,1,0,0,0,1,0,8,1,1,2,5.6,1,0,8,No
S17990,1,1,1,1,0,1,1,0,1,0,9,4,4,7,6.48,3,3,8,Yes
S17991,1,1,0,0,1,0,1,0,0,0,9,3,10,9,5.44,1,3,8,Yes
S17992,0,1,0,1,0,0,1,0,0,1,10,8,1,1,9.3,4,1,8,Yes
S17993,1,1,0,0,0,1,0,1,0,0,1,2,8,2,6.5,1,2,8,No
S17994,1,0,0,0,1,1,0,0,0,0,7,6,6,5,5.9,8,3,6,Yes
S17995,0,0,0,1,0,0,1,0,1,0,7,7,6,1,5.93,0,3,8,No
S17996,0,1,1,1,0,1,1,1,0,1,4,10,9,2,7.18,7,3,2,Yes
S17997,0,0,0,0,1,0,1,0,1,1,4,9,8,9,7.17,5,1,5,No
S17998,0,1,1,0,0,0,0,0,0,1,6,3,2,2,8.82,0,2,8,No
S17999,0,0,1,1,0,1,1,0,0,0,4,3,2,1,5.13,2,2,0,No
S18000,0,1,1,1,1,0,1,0,1,0,9,7,4,8,9.57,1,0,2,No
S18001,0,1,1,1,0,0,0,1,0,0,7,2,10,6,8.47,5,2,4,Yes
S18002,1,0,1,1,0,0,1,0,0,1,7,10,3,1,9.17,3,3,6,Yes
S18003,1,1,1,1,0,0,1,1,0,0,7,9,8,8,8.32,6,3,6,Yes
S18004,0,1,1,1,1,1,0,0,0,0,1,9,1,9,8.69,0,0,0,No
S18005,0,1,0,1,0,1,0,0,1,0,9,8,5,7,6.37,1,0,4,No
S18006,1,0,1,0,0,0,1,1,1,0,10,3,3,4,5.48,3,1,0,No
S18007,1,1,1,0,0,0,1,1,1,0,5,6,7,2,7.04,2,2,5,No
S18008,0,1,0,0,1,0,0,0,1,0,6,6,5,3,6.22,5,0,5,No
S18009,0,0,1,1,0,1,0,0,0,0,2,2,2,9,8.54,7,0,5,No
S18010,1,0,0,0,0,0,1,0,0,1,6,1,4,8,5.48,2,1,8,No
S18011,0,1,0,1,1,1,1,0,0,0,9,7,10,1,9.47,6,1,7,Yes
S18012,0,1,0,0,0,0,1,0,0,1,4,2,7,10,8.48,4,0,6,No
S18013,0,1,0,0,0,0,1,0,0,0,10,6,10,5,5.38,6,0,4,Yes
S18014,0,1,0,1,0,0,0,1,0,0,4,8,1,5,5.36,0,2,1,No
S18015,1,0,1,0,0,1,1,0,1,1,10,9,3,6,6.78,8,3,8,Yes
S18016,0,0,0,1,0,0,1,1,0,1,8,5,9,1,8.71,2,3,8,Yes
S18017,1,1,0,1,0,1,1,0,1,0,10,3,8,10,9.33,3,1,2,Yes
S18018,0,1,1,1,0,0,1,1,1,1,3,8,7,4,7.24,1,0,6,Yes
S18019,1,1,0,0,0,1,0,0,0,0,10,8,9,2,7.08,4,1,4,Yes
S18020,1,1,1,0,0,1,0,0,0,0,1,7,6,5,9.38,0,0,5,No
S18021,1,1,1,0,1,1,1,0,0,0,5,8,3,8,6.67,2,0,4,No
S18022,1,1,1,0,0,0,1,0,0,0,3,9,5,8,9.91,4,1,7,Yes
S18023,0,1,0,0,1,1,0,0,0,0,2,8,10,10,8.96,5,2,5,Yes
S18024,0,1,1,1,0,0,1,1,0,0,3,10,10,8,8.5,8,2,5,Yes
S18025,0,1,0,1,1,1,1,1,1,1,6,5,7,5,8.9,5,1,7,Yes
S18026,0,1,0,0,1,1,1,0,0,1,1,9,4,7,6.89,8,2,2,No
S18027,1,1,1,1,1,1,1,0,0,1,4,8,6,5,8.85,4,3,7,Yes
S18028,0,1,1,1,1,1,0,0,1,0,5,1,10,8,7.04,3,3,4,Yes
S18029,0,1,0,0,1,0,1,0,1,0,7,6,3,5,6.51,1,0,5,No
S18030,0,0,1,1,1,0,0,0,0,0,4,3,10,4,9.51,0,0,7,No
S18031,1,0,0,1,1,0,0,0,0,0,9,9,1,9,9.86,6,0,0,Yes
S18032,0,0,0,0,1,1,1,0,0,0,2,3,7,4,5.95,0,0,8,No
S18033,0,1,1,1,0,0,1,1,0,0,9,10,10,5,5.12,4,2,3,Yes
S18034,1,1,1,1,0,0,1,0,1,0,8,3,4,10,7.94,7,0,5,Yes
S18035,0,1,1,1,1,1,0,1,0,0,7,3,5,4,9.9,4,1,0,No
S18036,0,0,1,0,0,0,0,1,0,0,6,10,7,1,8.2,2,2,8,No
S18037,1,0,0,1,1,1,1,0,0,0,4,5,2,5,5.6,0,3,5,No
S18038,0,0,0,0,1,1,1,1,0,0,2,2,9,7,9.94,6,1,3,Yes
S18039,0,1,1,0,0,0,1,0,0,0,4,2,2,5,7.29,3,2,4,No
S18040,0,0,1,0,1,0,0,0,1,0,10,7,8,8,9.0,1,2,4,Yes
S18041,1,0,0,0,1,1,0,0,0,0,9,1,6,6,8.83,8,1,0,Yes
S18042,0,1,1,0,0,0,0,1,0,0,5,6,1,3,6.55,2,3,2,No
S18043,1,1,1,1,1,1,0,0,1,1,8,7,5,3,7.43,0,1,3,No
S18044,1,1,1,0,0,0,1,0,0,1,8,1,4,9,7.64,8,1,2,Yes
S18045,0,1,0,1,0,0,1,0,0,0,7,1,2,10,8.11,7,0,4,No
S18046,0,1,1,1,1,1,1,1,0,0,6,6,2,5,5.39,5,0,5,No
S18047,0,0,0,0,1,0,0,1,0,0,4,10,4,6,6.34,4,2,0,No
S18048,1,0,0,1,1,0,0,1,0,0,8,4,5,9,5.14,3,0,1,No
S18049,1,0,0,1,1,0,1,0,0,0,4,2,1,4,6.01,2,0,7,No
S18050,0,1,0,0,1,0,0,0,0,0,9,10,7,8,6.99,2,3,2,Yes
S18051,1,1,0,1,1,1,1,0,0,0,9,10,9,1,6.8,3,3,1,Yes
S18052,0,0,0,1,0,0,1,0,0,0,7,7,6,4,6.02,5,1,3,No
S18053,0,1,1,0,0,1,1,0,0,0,8,5,9,8,9.21,1,3,4,Yes
S18054,0,1,0,1,1,1,0,0,1,1,4,6,4,8,5.14,8,3,2,Yes
S18055,1,0,1,0,0,0,1,1,1,0,8,2,4,8,8.75,6,2,2,Yes
S18056,0,1,1,1,1,0,0,0,1,1,7,6,5,2,5.97,6,0,4,No
S18057,0,1,0,0,0,0,1,1,1,0,2,6,7,8,7.2,0,1,4,No
S18058,1,1,0,1,0,0,1,1,1,0,7,1,8,9,5.79,0,2,1,No
S18059,1,0,1,1,1,1,1,1,0,0,4,1,6,1,8.79,3,2,5,Yes
S18060,1,1,0,1,0,1,1,0,0,1,8,7,6,4,8.75,1,1,6,Yes
S18061,1,1,0,0,0,0,0,1,0,0,10,10,3,9,7.15,4,0,5,No
S18062,0,0,1,1,0,0,0,0,0,0,2,4,9,6,6.26,5,2,4,No
S18063,0,1,0,0,0,1,1,0,1,1,9,2,6,1,6.94,0,1,2,No
S18064,0,1,1,1,1,1,1,0,1,0,6,2,5,2,8.22,8,0,4,Yes
S18065,0,1,1,0,1,0,1,0,0,0,1,3,10,2,5.83,1,1,5,No
S18066,0,1,1,1,1,1,0,0,0,0,8,9,10,10,9.39,3,0,5,Yes
S18067,1,1,0,1,1,0,0,1,0,1,8,5,3,1,9.41,2,1,4,Yes
S18068,0,0,0,0,0,0,0,0,0,0,5,9,8,8,8.86,4,2,7,Yes
S18069,0,1,1,0,1,1,1,0,0,0,7,2,9,9,5.41,7,2,8,Yes
S18070,0,0,1,0,0,0,0,0,0,0,6,4,2,3,5.2,0,1,5,No
S18071,0,1,1,1,0,1,1,1,1,0,9,9,8,5,8.37,4,1,8,Yes
S18072,0,1,1,0,0,1,0,0,0,0,10,1,5,3,8.13,0,1,3,No
S18073,0,1,1,1,1,0,1,0,0,0,8,2,6,6,6.55,0,0,2,No
S18074,0,1,1,0,0,1,1,0,1,0,3,2,9,7,9.14,7,2,2,Yes
S18075,1,1,0,1,0,1,1,0,1,0,5,10,7,7,9.68,3,2,8,Yes
S18076,0,1,1,1,1,0,1,1,0,1,3,8,10,8,5.8,4,0,4,Yes
S18077,0,1,0,0,0,1,0,0,1,0,2,7,10,2,7.76,0,0,8,No
S18078,1,0,0,1,0,1,0,1,1,0,5,4,4,1,7.67,4,0,7,No
S18079,1,1,1,0,0,1,0,1,1,0,2,8,4,7,8.61,2,1,2,No
S18080,0,1,1,0,1,1,1,0,1,0,10,5,9,5,9.46,4,1,4,Yes
S18081,1,0,0,0,0,1,0,0,0,1,3,1,3,4,9.86,7,3,2,Yes
S18082,1,1,1,1,0,1,0,0,0,0,6,2,7,9,5.39,8,1,6,Yes
S18083,0,0,0,0,0,1,0,1,0,0,6,4,6,1,7.05,5,2,4,No
S18084,0,1,0,1,0,0,1,1,0,0,4,5,4,8,8.99,2,3,3,No
S18085,0,0,1,0,0,0,1,0,0,1,10,5,10,3,5.8,3,0,2,No
S18086,1,1,0,1,0,1,0,0,0,0,1,4,3,1,9.22,0,2,6,No
S18087,1,0,1,1,1,1,1,1,0,0,8,6,8,8,9.5,2,3,0,Yes
S18088,1,1,0,1,1,1,1,0,0,1,4,4,3,5,5.57,4,0,7,No
S18089,1,0,1,0,1,1,0,1,0,0,5,4,2,4,5.11,1,1,4,No
S18090,1,0,1,0,0,1,1,0,0,0,7,9,8,10,9.57,1,1,8,Yes
S18091,0,1,0,0,1,1,1,0,0,1,2,5,8,5,6.48,3,1,6,No
S18092,0,0,1,1,0,1,1,0,0,0,4,5,9,8,5.27,7,0,5,No
S18093,1,1,1,1,1,1,0,0,1,0,7,6,9,10,8.16,2,2,5,Yes
S18094,1,1,0,1,1,1,0,1,0,0,10,2,3,4,6.99,5,0,3,No
S18095,1,1,0,1,0,1,1,0,0,0,5,4,1,9,8.17,7,2,6,Yes
S18096,1,1,1,0,1,1,1,0,0,0,9,6,6,4,9.17,3,3,8,Yes
S18097,1,1,0,1,0,0,0,0,1,0,5,2,5,10,9.11,0,2,0,No
S18098,0,0,1,1,1,0,1,1,0,0,2,4,10,3,9.15,4,1,7,Yes
S18099,1,0,0,0,0,0,0,1,1,0,7,1,7,3,9.08,3,0,8,No
S18100,1,0,0,0,1,0,1,0,0,0,7,8,5,8,7.25,5,0,0,No
S18101,1,1,1,0,0,1,1,0,0,1,4,1,3,5,9.53,4,0,1,No
S18102,0,1,0,1,0,1,1,1,1,1,2,8,8,2,6.33,2,2,8,Yes
S18103,1,1,0,1,0,1,0,0,1,1,7,1,5,6,6.6,3,2,1,No
S18104,1,1,0,1,1,1,0,0,1,1,10,7,1,9,9.15,6,2,2,Yes
S18105,1,1,1,0,1,1,1,0,1,0,10,8,4,5,8.85,6,2,2,Yes
S18106,0,0,0,1,1,1,0,0,0,0,4,5,6,5,7.1,8,2,4,Yes
S18107,1,0,0,1,1,0,0,0,1,0,6,2,5,5,8.66,5,1,8,Yes
S18108,1,1,1,1,0,1,1,0,1,0,7,10,4,3,8.52,4,0,3,Yes
S18109,1,1,1,0,0,1,1,0,0,0,8,4,6,9,5.65,2,3,3,Yes
S18110,1,1,1,1,1,1,1,0,1,0,1,3,8,10,5.28,3,1,2,Yes
S18111,1,1,0,1,1,1,0,0,0,0,1,3,7,4,5.42,7,0,5,No
S18112,1,1,0,1,0,0,1,1,1,0,8,7,7,9,7.26,4,3,3,Yes
S18113,1,1,1,1,1,0,0,1,0,1,7,4,5,4,6.61,1,2,1,No
S18114,1,1,0,1,0,1,0,1,0,1,7,3,3,5,7.83,7,0,6,Yes
S18115,1,0,0,1,1,0,0,0,1,0,3,5,5,10,5.93,0,3,0,No
S18116,1,1,0,0,0,0,0,0,0,0,4,5,6,6,5.88,1,0,0,No
S18117,1,0,0,0,0,1,0,0,0,0,5,2,3,8,6.06,0,0,2,No
S18118,0,1,1,0,1,1,0,0,0,0,8,9,7,8,7.19,0,0,0,No
S18119,0,1,0,1,0,1,1,0,0,1,2,10,9,7,5.24,8,0,0,Yes
S18120,0,0,0,0,1,1,1,0,0,0,7,4,6,9,9.17,3,3,3,Yes
S18121,0,1,0,1,1,0,1,1,0,0,7,1,8,6,7.63,0,2,3,No
S18122,0,1,0,0,1,1,1,1,0,1,7,8,10,6,5.81,7,1,4,Yes
S18123,0,1,0,0,1,1,1,0,0,0,10,6,5,2,6.5,7,0,8,No
S18124,0,0,1,1,0,0,1,0,0,1,9,3,4,10,5.59,0,0,1,No
S18125,1,1,0,1,1,1,0,0,0,0,5,3,6,6,7.57,1,2,6,Yes
S18126,1,1,0,0,0,1,1,1,0,0,7,9,10,5,8.5,4,3,0,Yes
S18127,0,1,0,0,0,0,1,0,1,1,8,5,10,6,7.65,1,3,0,No
S18128,0,1,0,1,1,0,0,1,0,0,6,7,8,8,8.06,0,0,4,No
S18129,1,0,1,1,0,0,1,1,0,0,1,3,1,5,6.62,0,1,2,No
S18130,0,0,1,0,0,1,0,0,0,1,1,1,10,10,8.64,3,1,0,No
S18131,1,1,1,0,1,0,1,0,0,1,6,10,3,9,9.07,1,2,5,Yes
S18132,1,1,0,0,1,0,1,1,0,1,5,9,3,7,9.35,2,1,0,Yes
S18133,1,0,0,0,0,0,0,0,0,0,5,8,8,3,8.54,1,1,6,Yes
S18134,1,1,0,0,1,1,0,0,0,0,6,3,9,4,9.26,3,0,0,No
S18135,1,0,1,0,1,1,1,1,1,1,10,10,3,4,8.89,4,0,3,Yes
S18136,0,1,0,0,0,1,0,0,1,0,6,6,5,6,5.25,7,3,6,Yes
S18137,0,1,1,1,1,1,0,1,0,0,5,1,1,6,6.39,8,2,2,Yes
S18138,0,0,0,0,1,1,0,0,0,0,2,3,10,5,7.05,2,0,5,No
S18139,1,1,0,0,0,1,1,0,1,0,9,3,4,7,9.04,3,3,0,Yes
S18140,0,0,1,1,1,0,1,1,1,0,3,8,8,8,7.63,3,3,6,Yes
S18141,1,0,0,1,0,0,1,0,0,1,2,1,5,10,8.06,0,2,3,No
S18142,1,1,0,0,1,1,0,0,0,0,3,2,7,5,5.73,3,1,6,No
S18143,0,0,0,1,1,1,1,1,0,0,7,1,1,10,6.81,5,3,6,Yes
S18144,1,1,1,1,1,1,1,0,0,0,1,5,6,2,8.78,6,0,5,Yes
S18145,1,0,0,0,1,0,1,0,1,1,1,6,8,4,8.47,8,3,3,Yes
S18146,1,0,1,1,1,0,0,1,0,1,5,1,4,8,8.56,8,1,5,Yes
S18147,0,0,1,1,1,0,0,0,0,1,2,9,2,3,6.19,3,2,8,No
S18148,1,0,0,0,1,0,0,0,1,0,3,3,8,1,5.85,3,0,2,No
S18149,0,1,0,1,0,0,1,1,1,0,9,4,6,10,9.62,5,0,3,Yes
S18150,0,0,1,1,0,0,1,0,1,0,2,10,4,6,5.46,2,1,7,No
S18151,0,0,0,1,0,1,0,0,0,1,5,1,7,1,8.21,8,0,2,No
S18152,0,1,0,0,1,0,1,0,1,0,6,6,9,10,6.99,7,3,3,Yes
S18153,1,1,0,1,1,0,0,1,1,0,2,2,2,5,9.15,2,2,1,No
S18154,1,1,0,1,0,1,1,0,1,0,6,8,9,6,7.7,4,3,7,Yes
S18155,1,1,1,1,0,0,1,0,0,0,6,2,4,9,6.6,3,1,5,No
S18156,1,0,1,1,0,1,1,0,0,1,5,9,8,6,5.07,8,2,7,Yes
S18157,0,1,0,0,1,1,0,0,1,0,8,1,4,8,7.69,5,0,1,No
S18158,1,1,1,0,0,1,1,0,0,0,7,7,4,6,9.58,6,3,5,Yes
S18159,1,1,1,1,0,0,0,1,0,1,6,1,1,8,7.79,4,0,7,No
S18160,0,0,0,0,0,1,1,0,1,0,3,8,10,3,5.15,8,1,0,No
S18161,0,0,0,1,0,0,1,0,1,0,9,9,6,5,5.67,5,2,8,Yes
S18162,0,1,1,1,1,0,1,0,1,1,4,5,10,6,5.01,6,0,8,Yes
S18163,0,0,0,1,0,0,1,0,0,0,7,6,1,4,8.77,0,2,5,No
S18164,0,1,0,0,0,0,0,0,0,0,7,6,5,2,6.41,2,3,3,No
S18165,0,1,0,1,0,1,1,0,0,1,5,1,1,8,7.59,4,3,2,No
S18166,1,0,0,0,1,0,0,1,1,0,6,8,3,9,8.84,5,2,8,Yes
S18167,0,1,1,1,0,0,0,1,0,0,3,8,10,8,8.16,7,0,3,Yes
S18168,0,1,0,1,0,1,1,0,0,0,8,4,5,6,7.59,4,0,3,Yes
S18169,1,1,0,0,1,1,0,0,0,0,10,3,4,8,6.25,8,2,6,Yes
S18170,1,1,0,1,0,1,0,0,0,0,4,10,7,9,6.43,5,1,8,Yes
S18171,0,1,1,0,1,1,0,1,0,0,5,4,7,3,9.12,8,3,2,Yes
S18172,0,1,0,0,0,0,0,0,1,0,9,6,9,10,5.24,2,3,7,Yes
S18173,1,1,1,1,0,1,0,0,0,0,8,7,4,4,9.87,3,3,2,Yes
S18174,1,1,0,0,1,0,1,1,0,0,2,3,6,5,7.26,4,0,3,No
S18175,0,1,0,0,0,0,0,1,0,0,8,1,3,9,7.69,7,3,1,No
S18176,0,1,0,0,0,1,0,1,0,0,10,6,3,9,5.69,2,3,4,No
S18177,1,0,1,1,1,0,1,0,1,0,4,6,2,5,5.78,7,0,5,No
S18178,1,1,0,0,0,0,1,0,1,0,8,10,9,2,6.87,8,1,1,Yes
S18179,0,0,1,0,1,0,1,0,0,1,2,3,8,10,7.29,2,1,6,No
S18180,1,1,0,0,0,1,1,0,1,0,6,7,3,1,9.81,3,1,8,Yes
S18181,0,0,1,1,1,1,0,0,0,1,6,6,1,6,7.01,8,1,1,No
S18182,1,1,0,0,0,1,1,1,0,0,6,5,6,10,9.15,5,3,0,Yes
S18183,1,0,0,0,0,1,1,1,1,1,4,3,9,3,9.46,8,0,0,Yes
S18184,1,1,0,1,1,0,1,0,1,0,10,8,1,1,8.18,6,3,6,Yes
S18185,1,1,0,0,1,0,0,0,0,0,8,5,3,1,9.79,8,1,8,Yes
S18186,1,1,1,0,1,1,0,0,1,1,1,1,1,4,5.97,7,3,0,No
S18187,1,1,0,0,0,0,0,0,0,0,4,4,7,3,7.21,4,0,4,No
S18188,0,0,1,1,0,0,1,1,0,0,3,8,2,5,9.81,1,2,6,Yes
S18189,1,0,0,0,0,1,1,1,1,0,4,5,2,3,7.23,8,0,6,No
S18190,0,1,1,0,1,1,1,1,1,0,5,8,10,2,9.61,5,3,3,Yes
S18191,1,0,1,0,0,0,1,0,1,0,5,5,2,8,9.3,0,1,3,No
S18192,0,1,1,1,0,1,0,0,1,0,7,1,2,6,7.38,2,1,0,No
S18193,1,0,0,1,0,0,0,1,0,0,9,8,10,5,8.34,6,2,3,Yes
S18194,1,0,1,1,1,1,1,0,0,0,10,1,4,8,7.25,2,2,0,No
S18195,0,1,0,0,0,0,0,1,1,0,8,10,8,6,7.42,3,1,6,Yes
S18196,0,1,0,0,0,1,0,0,0,0,1,8,5,1,8.0,2,1,0,No
S18197,0,1,1,1,0,0,1,1,0,1,6,7,1,6,7.36,2,2,2,No
S18198,0,1,0,1,0,1,1,1,0,1,6,9,10,4,9.27,1,3,8,Yes
S18199,0,0,1,1,0,1,0,0,0,0,10,7,8,4,6.67,0,2,2,No
S18200,1,0,1,0,1,1,1,0,0,1,10,5,1,1,5.98,7,3,3,No
S18201,0,0,1,1,0,1,0,0,0,1,4,10,4,7,7.39,1,0,8,No
S18202,0,1,0,1,0,0,0,0,0,0,9,3,5,10,9.08,4,1,3,Yes
S18203,0,1,1,1,1,0,0,0,1,0,7,1,4,10,9.66,5,1,0,Yes
S18204,0,1,0,0,0,1,1,0,1,1,7,7,9,4,8.13,8,1,8,Yes
S18205,1,0,0,1,0,1,0,1,1,0,9,6,4,10,6.3,8,3,2,Yes
S18206,1,1,1,0,0,1,1,0,0,0,9,4,3,3,6.17,2,1,1,No
S18207,0,0,1,1,0,1,1,0,0,0,6,8,3,8,8.43,7,0,1,Yes
S18208,0,1,1,1,0,0,0,0,0,0,3,4,6,8,7.09,8,2,7,Yes
S18209,0,1,0,1,0,0,0,0,0,0,9,8,4,2,7.58,5,1,3,No
S18210,0,1,1,1,1,0,1,0,0,1,2,5,9,10,9.9,5,2,0,Yes
S18211,1,0,1,1,0,1,0,0,0,0,1,5,5,3,6.77,6,3,2,No
S18212,1,1,0,1,0,0,0,1,1,0,5,4,6,10,9.84,6,3,1,Yes
S18213,1,0,0,1,0,0,1,0,1,0,10,4,2,10,6.01,7,3,3,Yes
S18214,0,1,0,1,0,0,1,1,1,0,10,2,6,1,9.73,6,3,5,Yes
S18215,0,1,0,0,1,1,0,0,0,0,7,3,8,6,7.07,4,1,1,No
S18216,1,1,0,0,0,1,0,1,1,0,10,1,5,4,6.28,5,0,3,No
S18217,0,0,1,1,0,0,1,0,1,0,2,6,6,6,9.92,4,0,7,Yes
S18218,1,1,0,1,0,0,1,0,1,0,3,10,2,6,7.88,0,2,4,No
S18219,1,0,1,0,0,0,0,0,0,0,4,3,8,9,6.82,3,2,6,No
S18220,0,1,1,1,1,0,1,1,1,0,10,4,5,5,5.98,4,2,1,Yes
S18221,1,1,0,0,1,1,1,0,1,1,1,4,6,8,7.25,1,0,7,No
S18222,0,1,0,0,1,1,0,0,1,1,10,4,7,5,9.92,6,2,8,Yes
S18223,0,1,1,1,0,0,0,0,0,0,9,9,10,1,6.38,1,1,4,Yes
S18224,0,0,1,0,1,0,0,0,1,0,1,7,6,9,6.71,2,1,6,No
S18225,1,0,1,1,0,0,1,0,0,1,10,1,1,8,5.86,1,3,3,No
S18226,1,1,0,1,0,0,1,0,1,0,7,5,2,6,7.66,2,3,3,Yes
S18227,0,0,1,1,1,0,1,1,1,1,1,1,5,6,8.5,0,3,0,Yes
S18228,0,1,1,0,0,1,0,0,0,0,7,2,6,2,8.54,8,0,7,Yes
S18229,0,0,0,1,0,0,1,0,0,0,5,5,2,6,5.84,0,2,5,No
S18230,1,1,0,1,1,0,0,1,0,0,4,10,8,9,8.27,8,2,6,Yes
S18231,1,1,1,0,0,0,0,1,0,0,3,9,6,3,9.29,6,0,0,No
S18232,0,1,0,1,0,1,0,0,1,0,4,9,10,4,6.35,5,3,4,Yes
S18233,0,1,1,1,1,0,0,0,0,1,3,3,9,9,6.45,6,2,5,Yes
S18234,1,0,1,1,0,0,1,1,0,1,2,6,2,9,7.65,6,3,7,Yes
S18235,1,1,1,0,0,1,0,0,0,0,9,3,8,9,6.92,4,3,3,Yes
S18236,0,1,1,0,1,1,0,1,0,0,8,3,10,10,5.37,6,3,3,Yes
S18237,1,1,0,0,1,1,1,0,0,1,6,1,9,9,5.03,3,1,2,No
S18238,1,1,1,1,0,1,0,0,1,0,5,7,7,4,5.72,7,0,0,No
S18239,1,1,0,1,0,1,0,0,0,0,2,8,3,5,6.85,6,0,1,No
S18240,1,1,0,1,1,0,1,1,0,0,2,5,1,8,6.19,2,2,0,No
S18241,0,1,1,0,0,0,1,0,1,1,9,7,10,6,9.12,6,1,2,Yes
S18242,1,1,0,0,1,0,1,0,0,0,3,9,1,4,7.75,8,2,1,Yes
S18243,1,1,0,1,0,0,1,0,0,1,2,7,7,9,6.52,6,0,8,No
S18244,1,1,1,1,0,0,1,0,1,0,4,7,7,6,6.67,6,3,6,Yes
S18245,1,0,0,1,0,0,1,0,1,0,10,4,1,7,6.13,8,2,2,No
S18246,0,0,0,0,0,1,1,1,0,0,10,2,3,2,9.92,8,2,8,Yes
S18247,1,0,0,0,0,0,0,0,1,0,8,9,8,1,6.69,1,2,2,No
S18248,0,0,0,1,0,1,1,0,0,0,1,2,8,6,6.53,0,3,8,No
S18249,1,0,0,0,0,1,0,0,0,0,1,4,8,9,5.28,5,1,3,No
S18250,1,1,1,1,0,1,1,1,1,0,2,10,3,3,7.11,3,2,8,Yes
S18251,1,1,0,1,1,1,1,1,0,0,7,1,9,1,6.72,1,1,4,No
S18252,1,0,0,1,0,0,1,0,0,0,3,10,2,9,7.74,8,3,3,Yes
S18253,0,1,0,1,0,1,0,0,1,0,6,2,7,8,5.36,5,3,1,Yes
S18254,1,1,0,1,0,1,0,0,0,0,7,6,1,7,5.53,0,2,4,No
S18255,0,1,0,1,0,0,1,1,0,0,1,1,1,1,6.88,5,0,1,No
S18256,1,0,0,0,0,1,1,0,0,1,10,10,8,7,7.55,1,0,4,Yes
S18257,1,0,1,1,1,0,0,0,1,1,2,8,3,1,7.98,8,0,1,No
S18258,1,1,0,1,1,1,1,1,1,0,2,1,1,3,8.04,7,2,8,Yes
S18259,0,0,0,1,0,1,1,0,1,0,7,5,9,3,6.89,2,1,3,No
S18260,1,0,1,0,1,0,1,0,0,0,3,9,9,6,8.17,5,1,3,Yes
S18261,1,1,0,1,0,1,1,0,0,1,1,8,8,8,8.44,7,2,7,Yes
S18262,1,0,0,1,1,0,0,0,0,1,7,2,8,9,9.84,5,0,8,Yes
S18263,1,0,1,0,0,1,0,0,0,0,7,8,1,2,7.88,4,3,0,No
S18264,0,1,0,1,1,1,1,0,0,0,1,8,2,1,7.13,8,0,6,No
S18265,1,0,0,1,1,0,0,1,1,1,10,8,2,10,5.17,7,2,0,Yes
S18266,0,1,1,1,1,1,1,1,0,0,10,6,10,8,9.94,5,1,3,Yes
S18267,0,0,1,1,0,0,1,1,0,0,8,9,8,9,9.58,7,2,8,Yes
S18268,1,0,1,1,1,0,1,0,0,0,5,6,8,1,9.72,8,0,5,Yes
S18269,1,1,1,0,0,0,0,0,0,0,6,2,1,4,6.93,0,2,4,No
S18270,0,1,0,1,1,1,1,0,0,0,7,3,5,5,6.47,7,1,2,No
S18271,1,0,1,0,0,0,1,0,1,0,4,3,6,3,7.39,2,3,6,No
S18272,1,0,1,1,1,0,1,0,0,0,2,8,8,5,5.94,1,3,4,No
S18273,0,1,1,1,1,1,0,0,0,1,1,8,2,3,7.97,5,1,1,No
S18274,0,0,1,1,0,0,0,1,1,1,7,5,8,3,5.91,0,3,4,No
S18275,0,1,0,1,0,0,0,1,1,0,3,1,4,6,7.8,8,2,5,Yes
S18276,0,1,0,1,0,0,1,0,0,0,5,4,4,3,8.51,1,2,5,No
S18277,1,0,1,0,0,1,0,0,1,1,10,1,3,2,8.28,2,3,3,Yes
S18278,1,0,1,1,1,0,0,0,0,0,8,10,6,9,9.44,3,3,3,Yes
S18279,1,0,1,1,1,0,0,0,0,0,6,4,5,4,6.8,4,2,8,No
S18280,0,1,0,1,1,0,1,0,0,1,5,2,4,4,7.72,0,3,0,No
S18281,0,1,0,1,1,0,0,0,0,0,3,2,2,5,8.1,3,1,5,No
S18282,1,0,0,0,1,1,0,1,1,0,10,2,5,7,5.39,7,2,8,Yes
S18283,1,1,1,1,1,0,1,0,0,0,8,6,10,9,6.57,6,3,5,Yes
S18284,1,1,0,1,1,1,0,1,1,1,4,4,5,1,8.42,8,1,8,Yes
S18285,0,0,1,0,0,1,1,1,0,1,3,2,3,3,9.36,4,1,2,No
S18286,0,1,1,1,0,0,1,0,0,1,1,7,4,1,5.25,6,0,0,No
S18287,1,1,1,1,0,0,1,0,0,1,9,2,5,3,9.82,3,0,5,Yes
S18288,0,1,1,0,1,0,0,1,0,1,4,6,4,4,5.81,4,1,6,No
S18289,0,0,1,1,0,1,1,1,1,1,10,3,1,5,7.63,5,1,6,Yes
S18290,1,0,1,1,1,0,0,0,0,1,7,7,5,9,5.76,1,0,4,No
S18291,0,1,0,1,0,1,1,0,0,0,9,10,7,4,9.28,1,2,5,Yes
S18292,1,1,1,0,1,0,1,0,0,0,8,2,8,5,6.21,6,2,0,No
S18293,1,1,0,1,0,1,0,0,0,1,8,5,1,10,9.61,7,1,3,Yes
S18294,1,0,0,0,0,1,1,1,1,0,2,1,3,3,7.82,6,3,7,Yes
S18295,0,1,1,0,0,1,0,0,1,1,9,7,4,1,8.35,2,1,2,No
S18296,0,0,0,0,0,0,0,0,1,0,6,8,10,7,5.54,3,3,2,No
S18297,1,1,1,0,1,1,0,0,0,1,7,5,9,2,6.59,6,2,7,Yes
S18298,0,1,0,0,0,1,1,0,1,0,7,9,3,7,7.5,5,0,4,Yes
S18299,1,0,1,1,1,1,1,0,1,0,3,9,1,1,7.62,0,3,1,Yes
S18300,0,1,1,0,0,0,1,1,0,0,1,5,2,5,6.38,8,3,5,No
S18301,0,0,1,0,1,1,1,0,0,0,10,9,7,8,6.94,6,1,1,Yes
S18302,1,1,0,1,0,1,1,0,0,1,2,8,3,7,6.76,5,1,6,Yes
S18303,1,1,0,0,0,0,1,1,0,1,7,4,10,5,6.37,6,0,8,Yes
S18304,0,1,1,1,0,1,1,0,0,0,10,4,3,9,6.7,3,0,1,No
S18305,1,1,1,0,0,0,1,0,0,0,7,4,2,4,5.55,5,1,1,No
S18306,0,1,0,0,0,1,0,0,1,0,7,5,7,3,8.2,6,2,4,Yes
S18307,1,0,1,0,1,1,0,0,0,0,8,4,9,2,9.08,3,0,6,No
S18308,0,1,0,0,0,0,1,0,0,0,3,1,7,7,6.77,2,2,2,No
S18309,1,0,0,0,0,1,0,0,0,0,1,6,8,5,9.27,3,2,7,Yes
S18310,1,1,1,1,0,1,0,0,0,0,7,2,5,1,9.5,5,3,7,Yes
S18311,1,1,0,0,1,0,1,0,0,1,8,4,6,7,7.45,8,1,6,Yes
S18312,0,1,0,0,0,1,1,1,0,0,10,3,3,5,6.99,7,2,0,No
S18313,1,0,1,0,0,0,0,1,0,0,2,1,8,3,9.36,0,1,6,No
S18314,1,1,1,0,1,0,0,0,0,0,3,4,9,9,7.13,3,3,5,Yes
S18315,0,1,1,0,0,0,1,0,0,1,2,4,8,3,8.13,3,1,0,No
S18316,0,1,0,1,1,0,1,1,0,0,6,7,9,6,5.99,3,0,7,Yes
S18317,1,1,1,1,1,0,0,0,0,0,2,3,3,10,5.13,5,1,8,No
S18318,0,1,1,0,0,1,0,0,0,0,1,1,8,3,7.13,5,3,0,No
S18319,0,1,1,0,0,0,1,0,1,0,7,4,9,4,8.7,2,0,3,No
S18320,1,1,0,1,1,0,1,0,1,0,4,6,2,7,5.83,3,1,4,No
S18321,1,1,0,1,0,0,0,0,1,1,2,6,3,7,5.26,5,2,1,No
S18322,0,0,1,0,1,0,0,0,0,0,5,3,8,1,8.89,4,1,4,No
S18323,0,0,0,0,0,1,1,0,1,0,5,4,7,7,9.64,2,0,1,No
S18324,1,0,0,1,1,1,1,0,0,1,6,2,8,8,6.35,6,2,5,Yes
S18325,1,1,0,1,0,1,1,0,0,0,9,2,2,9,6.42,6,0,1,No
S18326,1,1,0,0,0,1,1,0,0,1,8,4,4,9,6.1,7,3,1,Yes
S18327,0,0,0,0,0,1,1,0,0,1,5,1,10,10,9.8,0,0,1,No
S18328,1,1,1,0,1,1,1,0,1,1,7,3,1,5,9.27,0,0,8,No
S18329,1,1,1,0,0,0,0,0,0,1,5,7,10,3,6.78,7,3,3,Yes
S18330,0,0,0,1,1,1,1,1,1,1,10,8,8,3,8.18,1,1,5,Yes
S18331,0,0,1,1,0,0,1,0,1,1,4,1,7,9,8.89,1,0,7,Yes
S18332,1,0,0,1,0,1,1,0,0,0,9,2,7,9,6.13,7,3,4,Yes
S18333,1,0,0,1,0,0,1,0,0,0,10,1,10,6,5.77,6,1,2,No
S18334,1,0,0,1,1,1,1,0,1,1,5,6,8,7,7.99,2,3,0,Yes
S18335,1,0,0,1,0,0,1,0,1,0,3,10,9,6,7.4,4,3,4,Yes
S18336,0,1,0,1,1,1,0,0,1,1,5,8,7,9,5.26,3,0,1,No
S18337,0,0,1,0,0,0,0,1,1,0,6,9,7,10,5.29,1,2,6,No
S18338,1,0,1,1,1,0,1,0,0,0,2,4,4,9,6.87,4,3,1,No
S18339,1,1,0,1,0,0,1,0,0,0,1,8,2,7,9.97,7,3,4,Yes
S18340,1,1,0,1,1,0,1,0,0,0,3,7,10,9,5.22,2,1,1,No
S18341,0,1,0,1,1,0,0,0,0,0,10,8,5,7,5.08,2,3,1,Yes
S18342,1,0,1,0,1,0,0,0,0,1,9,3,8,7,9.32,7,1,1,Yes
S18343,0,1,0,1,1,1,1,0,1,0,7,3,3,1,9.02,3,0,5,No
S18344,0,1,1,0,1,0,1,0,0,0,5,5,7,10,5.42,2,0,2,No
S18345,1,1,0,0,0,0,0,1,0,0,7,2,7,1,8.68,8,2,1,Yes
S18346,0,0,0,0,0,0,1,0,1,0,6,4,6,10,9.7,0,3,5,Yes
S18347,0,1,1,1,0,1,0,0,1,1,10,8,2,5,6.71,2,2,3,Yes
S18348,0,1,0,0,1,0,1,1,0,1,10,9,6,3,7.63,4,0,0,No
S18349,0,1,1,1,0,1,0,0,0,1,4,4,4,8,9.37,0,0,5,No
S18350,1,1,1,0,1,1,1,1,0,0,10,10,5,3,6.86,2,0,7,Yes
S18351,1,1,1,0,0,1,1,0,0,0,5,7,7,4,6.88,2,3,1,No
S18352,0,1,1,0,0,1,0,0,0,0,10,1,4,4,9.94,7,3,1,Yes
S18353,0,1,1,1,1,1,0,0,1,1,6,6,4,1,5.19,6,0,8,No
S18354,0,1,0,1,1,0,0,0,0,0,4,3,6,6,5.0,3,3,1,No
S18355,1,1,1,1,1,0,1,0,1,0,3,6,5,1,5.89,5,0,6,No
S18356,0,1,1,1,0,1,0,0,1,0,9,10,1,9,9.0,5,1,5,Yes
S18357,1,0,0,0,1,0,0,1,0,1,8,5,10,3,9.31,6,0,8,Yes
S18358,1,1,0,1,1,1,1,1,1,1,6,6,5,3,6.92,5,0,8,Yes
S18359,1,1,0,0,0,1,1,1,1,0,3,3,4,2,6.03,6,2,2,Yes
S18360,1,1,0,1,1,1,0,0,0,1,8,6,8,10,5.31,1,2,8,Yes
S18361,1,1,0,0,1,1,1,0,0,0,1,9,5,9,9.65,2,0,0,No
S18362,0,1,0,1,0,1,0,0,0,0,8,4,3,1,9.42,4,0,0,No
S18363,1,1,1,0,1,1,1,1,1,1,1,6,4,4,5.33,6,1,7,Yes
S18364,1,0,0,0,0,0,1,0,0,0,10,3,7,1,8.58,2,0,5,No
S18365,1,1,1,1,1,1,1,1,0,0,6,10,4,10,9.69,2,2,4,Yes
S18366,1,1,1,0,0,1,1,1,1,0,5,7,9,9,7.94,0,2,3,Yes
S18367,0,0,0,0,1,0,1,1,0,1,9,10,10,8,8.28,2,1,4,Yes
S18368,1,1,0,0,1,0,1,1,0,1,10,8,5,7,8.35,0,0,6,Yes
S18369,1,0,1,0,0,0,1,0,0,1,7,8,10,8,6.72,4,0,6,No
S18370,0,1,1,0,1,0,1,0,1,0,5,3,4,1,6.94,8,3,1,Yes
S18371,0,1,1,1,0,1,1,0,0,1,9,3,10,4,6.84,5,2,7,Yes
S18372,0,1,1,1,0,1,0,0,0,0,5,4,4,4,6.6,4,1,7,No
S18373,0,1,1,0,1,0,1,0,1,0,9,7,4,9,6.49,6,1,1,Yes
S18374,0,0,0,0,1,0,1,0,0,0,8,1,10,5,8.5,0,2,4,No
S18375,1,1,0,1,0,0,0,0,1,1,10,7,3,1,9.43,7,2,0,Yes
S18376,0,1,0,1,1,1,1,0,0,0,10,5,2,5,8.46,0,0,3,No
S18377,0,1,1,0,0,0,1,1,1,1,9,4,8,9,7.5,3,0,3,Yes
S18378,0,1,0,0,0,1,1,0,0,1,2,1,1,6,7.78,7,2,4,No
S18379,0,0,1,0,0,1,0,0,0,0,2,7,10,1,7.09,3,3,1,No
S18380,0,1,0,1,0,0,1,0,0,0,4,9,4,1,7.51,1,3,8,No
S18381,1,0,0,1,0,0,0,0,0,0,2,6,3,1,8.32,7,0,0,No
S18382,1,0,1,1,1,1,0,0,0,0,5,1,2,6,9.21,5,2,1,No
S18383,0,1,1,0,0,1,1,1,1,0,6,2,1,10,5.55,4,2,7,No
S18384,1,1,0,0,0,1,1,0,0,0,7,5,3,3,5.95,5,0,2,No
S18385,1,1,1,1,1,0,1,0,1,1,3,3,3,9,7.78,1,0,4,No
S18386,0,1,0,1,1,1,0,1,0,0,7,7,2,3,9.88,7,1,6,Yes
S18387,1,1,1,1,1,0,0,0,0,0,2,7,6,4,5.05,3,1,7,No
S18388,1,0,1,0,0,1,1,0,1,0,8,10,3,10,9.04,5,3,8,Yes
S18389,0,1,0,1,1,1,1,1,0,0,5,1,6,10,6.42,2,2,2,No
S18390,0,1,1,0,1,1,1,1,1,1,4,7,5,9,5.44,3,2,0,Yes
S18391,1,1,1,1,0,0,0,0,0,0,4,9,1,4,9.77,6,2,3,Yes
S18392,0,1,0,1,1,0,1,1,0,0,6,2,10,3,6.25,0,0,5,No
S18393,1,1,1,0,1,1,1,0,0,0,7,1,6,2,5.43,3,0,2,No
S18394,1,1,1,1,1,1,1,0,0,0,4,7,10,6,6.48,3,0,3,No
S18395,1,1,1,1,0,1,0,0,0,1,5,5,6,8,8.77,3,3,8,Yes
S18396,0,1,1,0,1,1,1,1,0,0,5,5,8,10,5.95,5,1,3,Yes
S18397,1,0,0,1,1,0,1,0,1,0,4,7,10,4,6.24,0,0,0,No
S18398,1,0,0,0,1,0,1,0,0,0,4,1,1,10,5.21,1,2,2,No
S18399,0,1,0,1,0,1,1,0,1,0,2,6,7,1,5.08,1,3,1,No
S18400,1,0,1,1,1,0,1,0,1,1,6,7,3,5,5.41,3,1,7,No
S18401,0,1,1,1,0,1,1,0,1,0,5,8,1,2,6.6,2,1,0,No
S18402,0,0,0,1,1,1,0,0,1,0,10,8,2,7,7.39,1,2,2,No
S18403,0,1,0,1,1,0,0,0,1,1,3,7,1,8,8.85,7,0,4,Yes
S18404,0,0,0,0,0,1,0,0,0,0,6,10,8,9,5.11,4,1,7,Yes
S18405,1,0,0,1,0,0,1,1,0,0,5,3,3,4,7.38,4,2,4,No
S18406,1,0,0,1,0,0,0,0,1,0,5,4,3,6,7.67,1,0,7,No
S18407,0,0,1,1,1,1,0,0,0,1,10,1,9,1,7.46,3,1,4,No
S18408,0,1,0,0,1,1,1,1,0,0,9,5,9,10,8.37,6,3,6,Yes
S18409,1,1,1,0,1,0,1,0,1,0,1,7,6,3,6.58,5,3,3,Yes
S18410,0,1,1,0,1,0,0,1,0,0,5,8,1,8,6.12,4,2,7,No
S18411,1,1,1,1,1,0,0,0,0,0,4,5,1,6,7.04,6,2,6,Yes
S18412,0,1,0,1,1,1,0,0,0,0,2,9,7,8,6.89,6,2,3,No
S18413,0,1,1,1,0,1,1,0,0,0,4,8,3,8,9.8,7,0,5,Yes
S18414,0,0,0,1,1,1,0,0,1,0,3,9,8,3,9.09,2,0,8,No
S18415,0,1,1,0,1,1,0,0,0,1,10,1,3,6,7.91,8,2,0,Yes
S18416,0,1,1,1,1,0,1,0,1,0,8,6,6,3,6.32,5,3,6,Yes
S18417,1,0,1,1,0,0,0,1,0,0,4,9,10,8,6.59,4,2,0,Yes
S18418,0,1,1,1,1,1,1,1,1,0,9,3,8,6,9.55,5,3,6,Yes
S18419,0,1,0,1,1,1,1,1,0,1,9,8,3,6,6.16,4,1,6,Yes
S18420,0,0,1,0,1,1,1,0,1,0,1,5,6,4,9.37,3,0,4,No
S18421,0,0,1,0,0,1,0,0,1,1,6,5,4,6,8.74,3,2,7,Yes
S18422,1,1,0,1,1,1,1,0,1,1,5,2,3,9,8.9,1,0,6,No
S18423,0,1,1,0,0,1,1,0,1,0,3,4,1,8,7.7,3,0,1,No
S18424,0,1,0,1,1,0,1,0,0,1,10,6,6,7,7.59,7,1,5,Yes
S18425,1,1,1,0,1,0,1,1,1,0,3,3,2,2,5.88,1,3,7,No
S18426,1,1,0,1,0,1,1,0,0,0,8,4,4,1,5.15,0,3,0,No
S18427,0,0,0,1,0,1,1,0,1,0,5,3,7,6,9.32,8,1,7,Yes
S18428,1,0,0,1,0,1,1,0,1,0,9,7,9,7,8.24,4,2,8,Yes
S18429,1,0,0,0,0,0,1,0,1,0,4,1,7,5,7.04,1,2,8,No
S18430,1,1,1,1,1,0,1,0,1,0,3,4,6,5,9.06,3,2,1,No
S18431,0,1,0,0,1,0,1,0,1,0,6,4,10,6,5.22,1,3,6,No
S18432,0,1,1,1,1,1,0,0,0,0,4,10,9,5,7.37,3,1,0,Yes
S18433,1,1,1,0,0,1,1,1,1,0,8,8,1,8,6.85,0,2,7,Yes
S18434,0,1,0,1,0,0,1,1,0,0,10,2,4,10,7.04,3,0,6,No
S18435,0,0,0,0,0,1,1,0,0,1,10,2,1,8,6.08,2,1,4,No
S18436,1,0,1,1,1,1,0,0,1,0,2,1,7,2,6.58,6,3,1,No
S18437,1,0,1,0,0,1,0,0,0,0,3,3,6,4,6.25,7,2,8,No
S18438,0,1,0,1,1,0,0,1,1,0,5,9,10,8,5.0,4,1,6,Yes
S18439,1,0,0,1,0,1,1,0,1,0,10,5,4,5,8.85,3,0,2,No
S18440,0,1,1,1,0,0,0,0,0,1,6,7,3,4,8.02,5,1,4,Yes
S18441,1,0,0,0,1,0,0,0,0,0,10,2,10,9,8.81,3,2,6,Yes
S18442,1,1,1,1,0,0,1,0,0,0,5,5,1,7,9.04,1,2,6,Yes
S18443,0,1,0,0,0,1,0,1,0,0,6,3,7,5,8.49,4,1,5,Yes
S18444,1,1,0,1,0,1,1,0,1,0,1,2,6,10,8.71,4,3,4,Yes
S18445,0,1,1,1,1,1,1,1,1,1,4,10,10,2,9.69,7,1,3,Yes
S18446,1,0,0,1,1,0,0,0,0,1,10,9,8,6,9.32,4,0,5,Yes
S18447,1,1,0,1,1,0,0,0,0,0,9,10,5,4,6.33,7,0,1,Yes
S18448,1,0,0,0,0,1,0,0,1,0,3,1,10,5,5.03,5,3,3,No
S18449,1,1,1,1,0,1,0,1,1,1,1,9,10,4,6.13,1,0,1,No
S18450,1,1,0,1,0,0,0,0,1,0,5,8,10,10,5.23,5,2,7,Yes
S18451,1,1,0,1,0,0,1,0,1,0,1,9,6,1,5.95,4,2,0,No
S18452,0,1,0,1,1,1,1,1,1,0,5,9,9,2,8.5,1,1,7,Yes
S18453,0,1,0,0,1,1,0,0,0,1,1,4,6,5,5.05,4,1,8,No
S18454,1,1,0,1,0,1,0,1,0,0,10,6,10,3,6.98,3,0,5,Yes
S18455,0,0,1,1,0,0,1,0,0,0,1,3,8,7,7.03,8,1,3,No
S18456,1,1,0,1,0,1,0,1,1,0,8,4,10,3,5.1,6,0,6,No
S18457,1,1,1,0,1,1,1,0,0,0,4,2,2,3,8.56,6,0,8,No
S18458,0,1,0,1,0,1,1,0,1,0,8,8,4,4,8.18,7,3,3,Yes
S18459,1,0,0,0,1,1,0,1,0,0,9,8,7,4,8.27,4,1,5,Yes
S18460,1,0,0,0,0,0,1,0,1,0,4,2,1,1,7.26,5,2,7,No
S18461,1,1,0,1,1,1,0,0,0,0,7,1,4,10,5.96,0,3,2,No
S18462,0,1,0,0,0,0,1,0,1,0,3,8,10,3,6.5,0,1,3,No
S18463,0,1,1,0,1,0,0,1,0,0,10,8,4,8,6.89,8,0,4,Yes
S18464,1,0,1,0,0,1,1,0,0,0,8,9,7,9,9.81,3,1,5,Yes
S18465,1,1,0,1,1,0,0,1,1,0,3,2,9,7,7.78,2,2,7,Yes
S18466,0,0,1,0,1,1,1,1,0,0,7,2,10,3,6.97,6,2,7,Yes
S18467,0,1,0,1,1,0,0,1,1,0,10,6,5,5,9.21,8,2,4,Yes
S18468,1,1,0,1,1,1,1,0,0,0,10,6,7,4,9.29,4,2,5,Yes
S18469,1,0,0,1,1,0,0,1,0,0,1,3,4,1,5.67,6,3,8,No
S18470,1,1,0,1,0,1,0,0,1,0,7,6,2,5,9.36,8,3,5,Yes
S18471,1,0,0,1,1,1,1,0,0,0,3,7,3,4,8.06,0,3,5,No
S18472,0,1,1,0,1,1,1,0,0,1,6,1,2,4,5.08,7,3,6,No
S18473,1,1,0,1,0,0,0,0,0,0,4,2,7,7,6.98,2,3,7,Yes
S18474,1,0,0,0,0,1,1,1,1,1,3,4,7,7,7.51,3,0,3,No
S18475,0,0,1,1,1,0,1,1,0,0,1,5,9,6,5.45,0,3,7,No
S18476,0,0,0,1,1,1,0,0,0,0,2,3,9,1,8.51,2,3,5,No
S18477,0,1,1,1,0,1,1,1,0,0,6,3,6,1,9.87,4,1,3,Yes
S18478,1,1,0,0,1,0,1,0,1,0,9,6,10,7,8.26,8,2,7,Yes
S18479,0,1,0,1,1,1,1,0,1,0,2,3,9,4,5.77,4,1,0,No
S18480,0,1,1,0,0,1,0,0,0,0,10,7,4,5,5.57,8,2,7,Yes
S18481,1,1,0,0,0,1,1,0,0,0,4,10,3,6,5.84,1,1,1,No
S18482,0,1,1,1,1,0,1,0,0,1,5,4,2,10,8.65,0,1,8,Yes
S18483,0,0,0,1,1,0,0,0,1,1,5,9,8,7,7.05,3,0,0,No
S18484,0,0,0,1,0,0,0,1,1,0,8,2,4,10,9.04,2,0,3,No
S18485,1,0,0,1,0,1,0,0,0,1,4,6,8,10,7.01,4,0,1,No
S18486,1,0,0,1,0,1,1,1,0,1,3,3,6,8,8.86,6,0,1,Yes
S18487,1,1,0,1,0,0,0,0,1,0,10,6,2,10,5.16,5,1,1,No
S18488,1,0,0,0,0,1,1,0,0,0,2,9,7,9,5.48,6,3,0,No
S18489,0,0,0,1,1,1,1,0,0,1,9,1,3,5,7.29,7,0,1,No
S18490,1,0,0,0,0,0,0,1,1,1,8,5,4,3,5.67,2,3,6,No
S18491,0,1,1,0,0,0,1,1,0,0,4,5,10,5,6.84,6,2,8,Yes
S18492,1,1,0,0,0,0,0,0,0,0,1,6,10,4,7.28,1,2,1,No
S18493,1,0,1,0,0,0,1,1,0,0,8,4,1,7,7.49,0,1,7,No
S18494,0,0,1,1,0,1,1,1,0,0,1,10,2,7,6.78,0,3,5,No
S18495,1,0,0,0,1,1,0,0,0,0,9,5,4,2,7.69,3,0,0,No
S18496,0,0,0,1,0,1,1,0,1,0,7,7,5,5,7.36,4,0,2,No
S18497,0,1,0,0,0,1,0,1,0,1,2,6,10,7,5.09,2,3,2,No
S18498,1,0,0,1,0,0,0,0,0,1,4,1,3,3,5.34,3,1,3,No
S18499,1,0,0,0,1,0,1,0,0,1,6,3,10,6,6.49,5,2,1,No
S18500,1,0,0,0,0,1,0,0,0,0,3,2,5,9,8.62,5,2,7,Yes
S18501,0,0,0,0,0,0,1,0,0,0,9,5,1,4,5.22,0,2,2,No
S18502,1,1,0,1,0,0,1,0,0,1,3,3,7,4,6.55,1,2,2,No
S18503,0,0,0,1,1,1,0,0,1,1,6,6,2,2,7.02,4,2,0,No
S18504,1,1,0,1,1,1,1,1,0,0,6,1,7,6,5.13,8,0,0,No
S18505,0,0,0,0,1,1,0,0,1,1,3,8,10,7,7.18,7,3,5,Yes
S18506,0,1,1,0,1,1,1,0,0,1,4,9,5,10,8.33,2,0,7,Yes
S18507,1,1,1,1,1,0,1,0,0,1,7,5,8,5,9.11,4,3,0,Yes
S18508,1,0,0,1,1,0,1,0,0,0,3,9,7,7,9.97,1,1,7,Yes
S18509,1,1,1,1,1,1,1,1,1,0,6,7,10,2,6.54,3,3,3,Yes
S18510,1,1,0,0,1,1,1,1,1,0,6,8,5,8,6.66,3,1,0,Yes
S18511,1,0,0,1,1,1,0,0,0,0,10,9,8,6,9.9,8,2,1,Yes
S18512,1,1,0,1,1,0,1,1,1,0,1,1,6,2,8.15,2,1,2,No
S18513,0,1,0,1,1,0,1,0,0,1,6,7,5,7,8.36,6,1,4,Yes
S18514,0,0,1,1,0,1,1,0,0,1,9,7,6,2,9.19,5,2,7,Yes
S18515,0,1,1,0,0,0,0,1,1,0,6,3,10,9,9.95,6,0,5,Yes
S18516,1,1,1,0,1,1,0,0,0,0,3,3,5,4,9.45,2,0,7,No
S18517,0,1,0,0,1,1,1,0,0,0,7,8,6,6,8.53,3,2,8,Yes
S18518,1,1,0,0,1,1,0,1,0,1,8,4,10,6,5.8,5,2,5,Yes
S18519,1,1,0,1,0,1,0,0,0,0,10,9,2,5,8.04,4,0,3,Yes
S18520,1,1,1,1,1,0,1,1,0,1,8,10,4,2,7.29,3,1,4,Yes
S18521,1,0,0,1,1,0,0,1,0,0,6,7,4,2,6.24,2,1,3,No
S18522,1,1,1,1,0,1,1,0,0,0,5,5,2,5,9.13,0,2,2,No
S18523,1,1,1,0,1,0,0,0,1,0,6,6,10,6,9.21,5,1,5,Yes
S18524,0,1,1,0,0,1,1,0,1,0,8,7,6,4,8.2,3,1,3,No
S18525,1,1,1,0,1,0,0,0,0,1,9,1,8,1,5.46,4,3,0,No
S18526,0,1,1,1,0,1,1,0,0,1,10,6,8,9,9.46,7,0,1,Yes
S18527,1,1,0,1,0,0,0,0,0,0,3,3,7,10,7.12,5,0,4,No
S18528,1,0,1,1,1,1,0,0,0,0,9,3,7,10,8.38,4,3,1,Yes
S18529,1,1,1,1,0,1,1,0,1,1,4,8,2,10,7.43,5,1,3,Yes
S18530,0,1,1,1,0,1,1,0,1,0,2,1,5,10,9.52,8,0,1,Yes
S18531,1,0,0,1,1,1,1,1,1,1,10,10,2,4,5.28,7,2,7,Yes
S18532,1,1,1,1,0,1,1,1,0,0,6,10,7,9,8.5,7,1,1,Yes
S18533,1,1,1,0,1,0,0,0,1,1,9,2,6,3,9.11,6,1,5,Yes
S18534,1,1,1,0,0,0,1,0,1,0,10,8,6,10,6.8,1,3,0,Yes
S18535,0,0,0,0,1,1,1,0,1,0,6,5,1,8,9.22,4,0,4,No
S18536,1,0,1,1,0,1,1,0,1,0,4,3,8,8,5.02,7,3,5,Yes
S18537,1,1,0,0,1,0,0,0,0,1,9,9,8,4,5.12,6,1,0,Yes
S18538,0,1,0,1,0,1,1,0,0,1,9,10,4,4,8.82,6,2,6,Yes
S18539,1,1,0,0,1,1,0,1,1,0,8,7,5,7,9.07,3,0,4,Yes
S18540,0,0,0,1,0,0,1,0,0,0,3,9,2,9,8.82,8,3,6,Yes
S18541,0,1,0,1,1,0,0,0,0,0,1,4,5,1,7.27,3,1,3,No
S18542,0,1,0,1,1,1,1,0,0,0,10,9,8,4,8.25,4,2,0,Yes
S18543,1,0,1,0,0,1,0,1,0,0,5,10,7,4,8.32,2,0,6,Yes
S18544,0,1,1,0,0,1,1,0,1,1,7,3,4,8,8.9,4,1,1,No
S18545,1,1,1,1,0,1,1,0,0,0,6,9,2,4,9.08,7,2,0,Yes
S18546,0,0,1,1,1,0,0,0,1,0,10,2,3,6,9.98,8,2,7,Yes
S18547,1,0,0,1,1,0,1,1,0,1,5,5,5,1,9.33,3,1,6,No
S18548,1,0,0,1,0,1,1,1,1,0,5,2,7,3,6.18,0,1,7,No
S18549,0,0,1,1,0,0,0,0,1,0,4,8,3,3,5.34,2,3,4,No
S18550,1,1,1,1,1,0,0,1,0,0,6,6,4,9,8.13,3,2,7,Yes
S18551,0,1,1,0,1,0,1,1,0,1,5,9,4,10,8.63,1,2,4,Yes
S18552,0,1,0,1,0,1,0,0,0,0,8,3,10,10,8.37,1,0,8,Yes
S18553,1,1,0,1,0,0,0,0,1,0,1,1,7,10,8.64,5,0,6,No
S18554,1,1,0,0,0,0,1,0,1,1,6,6,1,10,7.66,4,0,6,No
S18555,1,1,0,1,1,1,1,0,0,0,5,6,8,3,8.16,7,2,6,Yes
S18556,0,1,1,0,1,0,1,0,0,0,2,6,9,3,6.98,7,1,4,No
S18557,1,1,0,1,0,1,1,1,0,1,3,8,3,2,8.79,1,3,3,Yes
S18558,0,1,1,0,1,1,1,0,0,0,7,5,1,5,6.44,4,2,8,Yes
S18559,0,1,0,1,1,1,0,0,0,0,10,6,2,1,9.01,7,0,6,No
S18560,0,0,1,1,1,0,1,0,0,0,3,2,3,10,9.39,8,2,8,Yes
S18561,0,1,1,1,1,1,1,1,1,0,6,6,2,2,8.0,7,3,4,Yes
S18562,0,1,0,1,1,1,1,0,0,1,1,5,8,4,6.82,8,1,5,Yes
S18563,1,0,0,0,0,1,1,1,0,0,2,6,6,6,7.87,0,0,8,No
S18564,1,0,0,0,0,1,1,0,0,0,2,5,1,5,6.22,5,0,8,No
S18565,1,1,0,1,1,1,0,1,0,0,10,1,2,5,8.3,6,3,5,Yes
S18566,0,1,1,0,0,1,1,0,0,0,7,8,8,5,8.89,6,3,2,Yes
S18567,0,1,0,0,1,1,0,0,1,0,1,9,9,5,5.29,6,0,6,Yes
S18568,0,1,1,0,0,1,0,0,0,0,3,7,2,4,6.61,4,0,8,No
S18569,0,1,0,1,1,1,0,0,0,0,10,1,6,2,7.67,4,3,4,No
S18570,1,1,0,1,0,1,1,1,0,0,6,7,10,8,6.37,5,0,7,Yes
S18571,1,1,1,0,0,0,0,0,1,0,3,2,5,2,5.34,8,3,3,No
S18572,1,1,0,0,1,1,0,0,0,0,8,5,1,1,7.8,2,3,7,No
S18573,1,1,1,1,1,1,1,0,1,0,10,7,4,5,9.5,4,0,5,Yes
S18574,0,1,0,1,0,0,1,0,0,1,9,6,5,6,8.62,7,2,6,Yes
S18575,1,0,1,0,1,0,1,0,1,0,5,7,9,6,6.7,2,0,6,No
S18576,0,1,1,1,1,0,0,0,0,0,4,1,10,9,9.17,0,1,8,Yes
S18577,0,1,0,1,0,0,1,0,1,0,4,1,5,1,8.75,0,3,7,No
S18578,1,1,0,0,0,1,0,0,0,0,6,5,7,6,6.34,6,3,4,Yes
S18579,1,1,1,1,0,1,1,0,0,0,4,10,7,4,9.99,2,0,3,Yes
S18580,1,1,0,0,0,0,1,0,0,1,10,6,5,1,7.94,8,3,4,Yes
S18581,1,1,1,1,0,1,1,0,0,1,7,10,9,6,5.09,8,0,0,Yes
S18582,0,1,1,1,0,1,1,1,0,0,1,5,8,9,8.79,6,3,3,Yes
S18583,1,0,1,1,1,1,0,1,0,1,10,5,9,8,8.15,6,3,8,Yes
S18584,0,1,1,1,0,0,1,0,0,1,7,3,3,3,8.38,7,2,5,Yes
S18585,0,1,0,1,0,0,1,0,0,0,10,6,3,4,9.18,5,1,8,Yes
S18586,1,0,1,0,1,1,1,1,0,0,9,10,8,8,5.84,8,1,1,Yes
S18587,0,1,0,1,1,0,1,0,1,0,10,10,6,5,9.54,6,0,2,Yes
S18588,0,1,0,0,1,1,0,1,1,1,8,9,8,1,8.33,1,3,4,Yes
S18589,0,1,1,1,0,0,0,1,1,0,3,2,5,2,6.93,8,3,2,Yes
S18590,1,1,1,1,1,0,0,0,1,0,10,8,9,8,6.54,4,1,8,Yes
S18591,1,1,1,0,1,1,0,0,0,0,5,10,2,5,5.25,8,3,8,Yes
S18592,1,1,1,0,0,1,0,1,1,0,8,9,7,9,8.58,2,1,0,Yes
S18593,1,1,1,1,1,0,1,0,1,0,2,10,1,2,9.05,5,0,2,Yes
S18594,0,1,0,1,1,1,0,0,1,0,1,3,9,6,7.46,5,3,1,Yes
S18595,0,1,1,1,0,0,0,0,0,0,9,6,10,7,6.96,6,2,4,Yes
S18596,0,0,0,0,1,0,0,0,0,1,3,9,5,1,5.31,5,3,2,No
S18597,1,0,0,1,0,0,1,0,0,1,4,3,5,3,6.8,4,3,8,No
S18598,1,1,1,1,0,0,0,0,0,1,2,1,7,4,9.64,0,2,7,No
S18599,0,0,1,1,1,1,1,1,0,0,9,4,6,4,6.89,3,1,8,Yes
S18600,1,0,1,1,0,1,1,1,0,0,6,10,1,1,7.77,7,2,3,Yes
S18601,1,0,0,0,0,0,1,0,0,1,9,6,3,6,9.25,2,1,4,No
S18602,1,1,1,1,0,0,1,1,0,0,9,10,9,4,7.62,4,1,4,Yes
S18603,1,0,1,1,0,0,1,0,0,0,6,7,2,3,6.22,0,1,7,No
S18604,0,0,0,1,0,1,1,1,1,1,7,5,2,5,7.47,1,3,6,No
S18605,1,1,0,0,0,0,0,1,0,1,3,3,4,1,5.67,0,3,3,No
S18606,0,0,0,0,0,0,0,0,1,0,8,3,8,9,8.0,4,0,3,No
S18607,0,0,0,0,0,0,0,1,1,1,5,9,1,4,8.87,5,1,5,No
S18608,1,1,0,1,1,1,1,0,1,0,1,2,2,6,6.14,6,2,8,Yes
S18609,0,1,0,1,0,0,1,0,0,0,3,3,3,1,6.54,7,3,4,No
S18610,1,1,1,1,1,0,0,0,0,0,4,9,8,3,9.51,2,1,7,Yes
S18611,0,1,0,0,0,1,1,0,0,0,1,1,9,5,9.17,3,3,8,Yes
S18612,1,1,1,1,0,0,1,0,0,0,8,8,8,7,5.17,5,0,4,Yes
S18613,0,1,0,1,1,0,0,0,0,1,3,2,10,6,5.9,5,0,3,No
S18614,1,1,0,1,1,0,0,1,1,0,2,6,9,9,5.24,5,2,2,Yes
S18615,0,0,0,1,0,0,0,0,1,0,9,10,5,2,5.1,1,3,5,No
S18616,0,1,1,1,0,0,0,0,1,0,6,4,1,1,8.56,1,1,2,No
S18617,1,1,0,0,1,0,1,0,1,0,1,9,9,10,8.12,4,1,5,Yes
S18618,0,1,0,0,1,1,0,0,1,1,4,7,9,8,8.02,6,1,8,Yes
S18619,1,0,1,0,1,1,0,0,1,0,10,5,7,10,6.26,0,2,5,Yes
S18620,1,1,0,1,1,1,1,0,0,0,8,9,6,6,7.2,7,3,4,Yes
S18621,0,0,1,1,1,1,1,0,1,0,10,1,8,9,8.63,3,1,0,Yes
S18622,0,1,0,1,0,0,0,0,0,0,1,8,4,6,7.47,5,1,3,No
S18623,1,1,1,1,0,1,1,0,0,0,9,10,2,7,5.41,0,1,4,No
S18624,1,1,1,0,1,0,0,0,0,1,6,9,4,1,9.16,2,2,0,No
S18625,0,1,0,1,0,1,1,0,0,1,2,10,7,8,7.72,7,2,4,Yes
S18626,0,0,0,1,1,0,1,1,0,0,1,9,4,5,9.73,7,1,8,Yes
S18627,1,1,0,1,1,0,0,0,1,0,1,7,7,5,5.73,2,3,0,Yes
S18628,1,1,1,1,1,1,1,0,0,0,2,1,6,6,5.12,6,2,7,Yes
S18629,0,0,1,1,1,1,0,0,1,0,6,3,9,1,9.18,2,3,8,Yes
S18630,0,1,1,1,1,0,1,0,0,1,6,6,5,10,9.13,1,1,8,Yes
S18631,0,1,0,0,1,0,0,0,1,1,6,7,4,2,5.67,3,1,2,No
S18632,1,0,1,0,0,0,1,0,0,0,8,3,2,2,9.26,8,2,2,No
S18633,0,1,0,0,0,0,0,0,0,0,2,3,1,8,7.54,4,0,3,No
S18634,0,0,0,1,1,0,0,0,0,0,9,7,4,7,6.08,3,2,3,No
S18635,1,0,0,0,1,1,0,0,0,0,7,9,3,8,5.2,5,3,1,No
S18636,0,1,1,1,1,0,1,0,0,1,1,5,1,2,5.97,1,2,5,No
S18637,0,1,0,1,0,0,1,0,1,1,2,7,7,2,9.21,3,1,2,Yes
S18638,1,1,0,0,0,0,1,1,0,1,9,8,8,3,8.71,6,3,4,Yes
S18639,0,1,1,1,0,1,1,0,1,0,3,9,7,8,9.31,4,3,2,Yes
S18640,0,0,0,1,1,0,0,0,0,0,2,5,8,7,9.97,1,1,4,No
S18641,0,1,1,1,0,0,1,0,1,1,3,1,10,7,9.37,4,1,2,Yes
S18642,0,1,1,0,1,0,0,0,0,0,8,4,8,4,9.6,4,0,6,Yes
S18643,1,1,0,1,0,1,1,0,1,0,10,10,10,2,9.67,3,0,7,Yes
S18644,1,1,1,1,1,0,0,0,0,0,3,7,1,4,6.46,3,2,2,No
S18645,0,0,0,1,1,0,0,0,1,0,7,3,5,8,6.74,7,3,7,Yes
S18646,1,0,0,1,1,0,0,0,1,0,3,7,9,9,7.95,8,0,5,Yes
S18647,1,0,1,1,0,1,1,0,0,0,6,2,5,4,6.25,7,2,8,Yes
S18648,1,0,1,1,1,0,1,0,0,0,9,1,1,1,6.3,8,0,0,No
S18649,1,1,0,0,1,0,1,1,0,0,5,9,5,6,8.67,3,2,4,Yes
S18650,0,1,0,0,0,0,1,0,0,0,6,5,4,5,6.21,7,2,6,No
S18651,1,1,0,0,0,0,1,0,0,1,7,7,6,2,8.36,0,0,2,No
S18652,1,0,1,0,1,1,1,1,0,0,2,1,7,6,9.55,2,0,3,No
S18653,0,1,1,0,1,0,1,1,0,0,3,8,7,2,5.47,6,3,4,Yes
S18654,0,0,0,0,1,1,1,1,1,0,1,7,5,10,7.53,2,3,4,Yes
S18655,0,0,1,1,1,0,1,0,0,1,4,3,7,3,8.2,7,2,6,Yes
S18656,0,0,1,1,1,1,1,0,1,1,5,10,7,7,5.6,5,0,8,No
S18657,0,1,0,1,1,1,1,0,0,0,4,5,6,2,5.77,1,3,6,Yes
S18658,0,1,0,1,1,1,0,0,1,0,6,3,2,10,5.52,0,0,4,No
S18659,0,1,0,1,0,1,1,0,0,1,7,1,1,6,9.26,2,2,5,Yes
S18660,0,1,1,0,0,1,0,0,0,0,9,3,9,8,5.95,7,3,6,Yes
S18661,1,0,0,0,0,1,0,0,0,0,3,3,2,10,7.85,1,2,8,No
S18662,0,0,1,1,0,1,0,0,0,1,4,2,1,2,8.12,5,0,3,No
S18663,1,0,1,1,1,0,0,0,1,1,5,6,7,8,8.17,3,1,0,No
S18664,1,1,0,1,0,1,0,1,1,0,3,7,2,10,8.38,0,1,5,No
S18665,1,1,1,0,1,1,0,0,1,0,2,3,4,6,6.95,1,0,8,No
S18666,1,0,0,0,0,1,0,0,0,0,6,1,9,7,6.27,1,3,7,No
S18667,0,1,1,1,0,0,1,0,0,0,6,3,2,2,6.07,6,2,1,No
S18668,0,0,1,0,0,1,1,1,0,0,9,1,6,7,5.54,6,3,2,Yes
S18669,0,0,1,1,0,1,1,1,0,1,3,2,5,5,7.72,8,2,1,Yes
S18670,0,1,1,1,0,0,1,0,0,0,3,2,8,6,8.5,0,2,1,No
S18671,1,1,0,0,1,1,1,0,0,0,7,5,3,3,5.16,6,0,5,No
S18672,0,0,0,0,0,0,0,1,1,0,1,3,7,8,7.7,6,2,5,No
S18673,1,1,1,1,1,1,0,0,0,0,1,9,7,7,7.72,6,3,3,Yes
S18674,0,1,0,1,0,1,0,1,1,0,8,2,4,4,6.15,4,3,1,No
S18675,1,1,1,1,1,1,1,0,1,0,6,8,1,8,7.81,6,3,6,Yes
S18676,1,1,1,1,1,0,1,0,1,0,7,3,10,4,8.39,2,1,4,Yes
S18677,0,0,0,0,1,1,1,1,0,0,3,5,5,5,9.67,2,1,0,No
S18678,0,1,0,0,1,0,1,1,0,0,6,3,4,4,6.68,1,2,6,No
S18679,0,0,0,0,1,1,0,0,0,0,10,7,4,10,6.59,8,0,3,No
S18680,0,1,0,1,0,0,1,1,0,0,10,3,8,4,7.49,7,3,3,Yes
S18681,1,0,0,0,1,1,1,1,0,0,8,10,7,9,6.84,4,1,4,Yes
S18682,0,0,1,1,1,1,1,1,1,0,5,9,5,8,5.46,4,2,6,Yes
S18683,0,0,0,0,1,0,1,0,1,0,3,5,10,3,7.14,1,3,7,No
S18684,1,1,0,1,0,1,1,0,0,0,1,10,3,4,8.12,0,2,5,No
S18685,1,1,0,1,1,1,1,1,1,1,6,4,7,9,6.75,8,2,3,Yes
S18686,1,1,0,1,1,1,0,1,0,0,4,1,2,1,6.65,3,3,2,No
S18687,0,1,1,1,0,0,0,1,0,0,6,3,8,10,9.96,4,1,5,Yes
S18688,1,1,0,0,1,0,0,0,1,0,6,6,6,7,9.36,8,1,4,Yes
S18689,1,0,0,0,0,0,1,1,0,1,6,3,3,8,8.49,4,3,2,No
S18690,1,1,1,0,0,0,1,1,0,0,3,8,2,8,6.74,8,2,4,Yes
S18691,0,1,0,1,1,1,0,0,1,0,1,5,5,8,7.23,7,1,7,Yes
S18692,0,1,0,0,0,1,1,1,0,0,5,6,10,4,9.74,3,1,7,Yes
S18693,0,0,1,1,0,1,0,1,1,0,4,10,8,1,8.01,1,2,8,Yes
S18694,1,1,1,1,0,1,1,0,1,0,1,10,10,7,5.97,0,1,0,Yes
S18695,1,1,0,1,1,1,1,0,1,1,2,6,2,3,8.08,5,2,1,No
S18696,1,0,1,0,0,1,1,0,0,0,5,5,3,6,6.57,7,0,8,Yes
S18697,0,1,0,1,1,1,1,0,0,0,3,5,9,3,5.15,7,2,6,Yes
S18698,1,0,0,0,1,0,1,0,1,0,6,7,6,1,6.4,7,2,4,Yes
S18699,1,1,1,0,0,0,0,1,1,0,1,2,6,6,9.96,4,2,4,Yes
S18700,0,1,1,1,1,0,1,0,0,0,2,5,8,5,5.6,4,2,1,No
S18701,1,1,0,0,0,0,0,0,0,0,1,6,5,9,5.58,1,2,7,No
S18702,0,0,0,0,0,1,1,1,0,0,8,8,1,9,8.32,7,2,1,No
S18703,1,1,1,0,0,0,1,1,0,0,8,7,3,3,9.05,5,3,2,Yes
S18704,0,1,1,1,1,1,1,0,0,0,3,6,3,5,8.35,0,1,8,No
S18705,1,1,1,1,1,0,0,1,1,0,7,10,2,5,6.91,5,1,0,No
S18706,1,1,1,1,1,0,0,0,0,0,8,9,7,7,9.16,6,1,7,Yes
S18707,1,1,0,1,1,1,1,0,1,0,4,5,7,5,7.13,2,0,2,No
S18708,0,0,1,0,1,1,0,0,0,0,2,4,9,8,6.52,0,1,0,No
S18709,0,0,1,1,0,1,1,0,0,0,3,4,1,7,5.22,1,1,0,No
S18710,1,1,0,1,1,1,1,0,0,1,4,1,7,9,6.41,8,2,1,Yes
S18711,0,1,0,1,0,1,1,0,0,0,5,10,8,1,9.21,7,1,2,Yes
S18712,0,1,0,1,1,1,0,0,1,1,5,2,4,1,6.03,1,3,6,No
S18713,0,0,0,0,0,0,0,0,1,1,3,3,9,1,5.53,5,1,2,No
S18714,0,1,0,0,1,0,0,1,0,0,7,1,3,6,8.57,4,2,4,No
S18715,1,1,0,0,0,1,1,0,1,0,9,7,4,7,9.1,5,1,0,No
S18716,0,0,0,1,0,1,0,0,0,0,2,8,9,10,5.99,1,1,0,No
S18717,1,1,1,0,0,0,0,0,1,0,1,5,2,7,8.06,7,1,3,No
S18718,1,1,0,0,1,0,0,0,1,1,4,7,2,9,5.17,5,3,0,Yes
S18719,1,1,1,1,1,0,1,0,0,0,2,10,10,8,8.24,5,2,1,Yes
S18720,0,1,1,0,1,1,1,0,0,0,5,7,2,7,5.13,5,3,1,No
S18721,0,0,0,0,0,1,1,0,0,0,7,3,6,1,5.88,1,3,1,No
S18722,0,1,0,1,1,0,1,1,0,0,1,10,9,9,6.61,7,2,6,Yes
S18723,0,1,1,1,0,1,0,0,1,0,7,2,8,1,8.41,4,3,1,Yes
S18724,0,1,0,0,0,1,1,1,1,0,3,8,5,2,9.79,3,0,7,Yes
S18725,1,0,1,0,0,1,1,1,1,0,9,1,8,9,6.86,0,3,4,Yes
S18726,1,0,0,0,0,0,1,0,0,0,10,9,10,7,8.84,2,3,6,Yes
S18727,1,1,0,1,1,1,0,0,0,0,1,9,10,5,7.43,5,1,6,Yes
S18728,1,1,0,1,0,1,1,0,0,0,3,5,3,9,6.75,6,2,2,Yes
S18729,1,1,1,0,1,0,0,1,0,0,8,3,5,8,7.69,7,2,4,Yes
S18730,1,1,1,1,1,0,0,0,0,0,5,5,6,2,9.62,0,1,7,Yes
S18731,0,1,0,0,1,0,1,0,0,0,9,2,9,6,6.43,4,1,5,No
S18732,0,1,1,0,1,1,1,0,0,1,1,4,1,5,5.93,7,2,2,No
S18733,0,0,0,1,0,0,1,0,0,0,5,10,7,6,8.57,4,2,3,Yes
S18734,0,1,1,1,1,0,0,0,0,0,3,7,4,5,5.2,3,1,0,No
S18735,1,1,0,1,1,1,1,0,0,0,10,10,10,1,7.11,8,0,5,Yes
S18736,0,0,1,1,0,0,0,0,1,1,1,5,6,5,6.76,8,1,1,No
S18737,1,1,0,1,1,0,1,0,0,1,7,5,6,4,6.43,1,3,1,Yes
S18738,1,1,0,1,1,1,1,0,0,0,8,5,4,3,7.97,1,2,2,No
S18739,0,1,1,0,1,1,1,0,1,0,6,9,8,7,7.38,4,0,3,Yes
S18740,1,1,1,1,0,0,0,1,0,0,4,10,9,8,8.24,7,1,2,Yes
S18741,1,0,1,1,1,0,0,0,0,1,5,5,5,1,9.03,3,0,5,No
S18742,1,1,0,1,0,0,0,0,0,0,8,3,10,6,9.86,3,3,0,Yes
S18743,0,1,1,0,1,1,1,0,1,0,1,3,4,6,6.31,7,2,1,Yes
S18744,0,0,0,1,1,0,0,0,1,1,5,8,9,4,9.53,1,2,4,Yes
S18745,1,1,1,1,1,1,1,1,1,0,1,3,3,10,8.73,3,0,6,Yes
S18746,0,1,1,0,0,0,0,1,0,1,9,4,9,8,6.01,3,3,5,Yes
S18747,1,1,1,1,0,1,1,0,1,1,10,8,9,4,5.9,2,1,2,Yes
S18748,1,0,1,1,1,0,1,0,0,0,4,1,6,5,7.79,4,0,3,No
S18749,1,1,1,0,1,1,0,0,1,0,2,3,2,2,9.05,2,3,3,No
S18750,0,1,0,1,1,0,1,1,1,0,7,1,2,3,7.63,4,0,4,No
S18751,1,1,1,1,0,1,0,1,0,0,7,2,9,6,6.89,3,0,8,No
S18752,0,0,0,1,1,0,0,1,1,0,4,4,2,4,9.98,5,2,2,Yes
S18753,1,0,0,1,0,0,1,1,1,0,4,5,8,6,6.01,8,0,2,Yes
S18754,1,1,1,0,0,1,1,0,0,0,2,2,3,9,8.42,6,1,6,Yes
S18755,0,0,0,1,1,1,1,0,0,1,8,7,3,3,7.83,5,0,0,No
S18756,1,0,1,1,1,1,1,0,1,0,7,3,7,6,6.69,1,2,0,No
S18757,1,0,1,1,1,1,1,0,0,0,5,9,9,4,8.15,7,0,1,Yes
S18758,1,0,0,1,0,1,0,0,0,0,8,9,7,10,8.31,8,3,6,Yes
S18759,0,1,0,1,1,1,0,0,1,1,3,7,7,7,9.92,7,3,8,Yes
S18760,0,1,1,1,1,1,0,0,1,1,10,2,4,10,8.41,8,0,6,Yes
S18761,1,0,1,1,0,1,0,0,1,0,4,5,9,4,5.88,2,1,4,No
S18762,1,1,1,1,1,1,0,1,0,0,4,3,4,5,5.89,4,3,6,Yes
S18763,1,1,1,0,0,1,0,0,0,0,3,9,8,9,7.33,2,0,5,No
S18764,1,1,0,0,0,0,1,0,1,0,10,4,4,3,5.57,2,2,1,No
S18765,0,0,0,0,1,0,1,0,0,0,5,6,2,10,6.71,5,1,1,No
S18766,0,0,1,1,0,1,1,0,1,0,1,6,1,9,9.63,4,0,4,No
S18767,0,1,1,1,1,0,1,0,1,0,10,9,4,3,5.46,0,1,4,No
S18768,1,0,0,1,1,1,0,1,0,1,7,4,4,10,7.72,3,0,1,No
S18769,0,0,0,1,0,0,1,1,0,0,5,10,8,8,8.28,0,1,6,Yes
S18770,0,0,0,1,1,1,1,1,0,0,2,9,2,1,7.82,6,1,3,No
S18771,0,1,1,0,0,1,1,1,0,1,6,1,1,9,8.13,6,3,6,Yes
S18772,0,1,1,0,1,1,1,0,0,0,5,8,7,10,5.66,3,1,2,Yes
S18773,0,0,0,1,0,0,1,1,1,1,4,1,8,7,5.11,2,3,1,No
S18774,0,1,0,1,0,1,1,0,0,0,2,2,7,1,8.81,7,2,5,No
S18775,1,1,0,1,0,1,0,0,0,1,5,2,10,10,6.64,8,0,1,No
S18776,0,1,1,1,0,0,1,0,0,0,1,5,9,6,7.27,3,2,8,Yes
S18777,1,0,1,1,0,0,1,0,0,1,5,2,6,8,9.54,4,0,7,Yes
S18778,0,1,1,1,1,0,1,0,0,0,3,10,1,7,9.26,1,3,0,Yes
S18779,0,1,0,1,1,0,1,1,0,0,9,6,5,1,8.31,1,0,5,No
S18780,0,1,0,0,0,1,1,0,0,0,1,10,6,8,6.86,0,1,7,No
S18781,1,1,0,1,0,1,1,0,0,0,7,4,7,4,6.6,2,0,6,No
S18782,1,0,1,1,0,0,1,1,0,0,1,10,10,2,7.44,6,1,6,Yes
S18783,1,1,0,1,0,1,0,0,1,0,2,8,6,9,5.68,7,3,2,Yes
S18784,0,1,1,1,0,1,0,0,0,0,10,4,5,7,7.98,3,3,5,Yes
S18785,0,1,0,1,0,1,1,1,0,1,4,3,9,4,9.24,8,2,8,Yes
S18786,0,1,0,1,0,1,1,1,0,0,7,9,5,7,8.94,4,0,1,No
S18787,1,0,1,0,0,0,1,0,0,0,5,2,1,2,7.63,7,3,5,Yes
S18788,0,0,1,1,0,0,1,1,1,0,9,2,1,10,8.07,0,2,3,No
S18789,0,1,1,1,0,1,0,1,1,0,3,7,4,5,6.43,4,0,5,No
S18790,1,1,1,0,0,0,1,1,1,1,8,10,7,10,9.06,4,0,0,Yes
S18791,0,1,0,1,1,1,1,1,0,1,4,8,4,5,6.06,3,2,1,No
S18792,0,1,0,0,1,1,1,0,1,0,5,7,3,4,8.87,3,3,3,Yes
S18793,0,1,1,0,1,0,0,0,1,0,1,4,9,2,7.36,8,0,4,No
S18794,0,1,0,1,0,1,1,0,0,1,4,10,6,1,7.59,8,0,5,Yes
S18795,1,0,0,1,0,0,1,0,0,0,6,8,2,5,8.93,6,0,2,No
S18796,0,0,1,1,1,1,1,0,0,0,8,9,5,1,8.94,6,1,1,Yes
S18797,0,1,1,0,0,1,1,0,1,0,4,9,7,8,7.11,0,0,8,No
S18798,0,0,1,1,0,0,1,1,1,0,1,7,7,1,9.47,0,0,8,Yes
S18799,0,0,0,0,1,0,0,1,0,0,9,1,5,4,7.79,6,2,4,No
S18800,0,1,1,1,0,0,0,1,0,0,3,1,2,1,9.26,0,0,8,No
S18801,1,0,1,0,1,0,1,0,1,1,2,8,10,6,5.72,7,3,3,Yes
S18802,0,0,1,0,1,0,0,0,1,1,10,1,2,4,6.13,3,1,3,No
S18803,1,1,0,1,0,1,1,0,0,1,7,10,1,3,6.45,0,1,4,No
S18804,1,0,0,1,0,0,1,0,1,1,1,5,2,4,8.24,7,0,2,No
S18805,1,1,1,1,1,0,1,0,1,0,6,10,8,9,5.05,3,2,5,Yes
S18806,0,1,1,1,1,1,0,0,0,0,1,8,5,2,7.03,6,2,6,Yes
S18807,0,1,0,0,0,1,1,1,0,0,6,5,6,7,5.14,8,1,5,Yes
S18808,1,0,0,1,1,1,1,1,1,0,5,7,8,9,6.98,0,0,8,Yes
S18809,1,1,1,0,0,0,1,0,1,0,1,5,7,9,6.71,4,1,2,No
S18810,0,1,1,1,1,1,1,0,1,1,7,3,8,7,5.72,2,1,0,No
S18811,0,1,0,1,0,0,0,1,0,0,7,2,2,9,8.08,7,3,0,Yes
S18812,0,1,0,1,0,0,1,0,0,0,9,3,1,2,6.1,5,3,2,No
S18813,1,0,1,0,0,1,0,1,0,0,10,9,10,1,5.98,4,3,4,Yes
S18814,1,1,0,0,0,1,0,0,0,1,2,3,10,1,9.23,6,3,4,Yes
S18815,1,1,0,1,0,1,0,1,0,0,2,8,5,2,9.38,8,1,3,Yes
S18816,1,0,1,0,1,0,1,0,0,1,1,5,1,10,7.4,1,0,6,No
S18817,1,0,0,1,1,1,0,0,1,0,10,1,8,10,5.42,1,3,3,No
S18818,1,0,1,1,0,0,1,1,1,1,7,9,4,6,7.52,5,3,0,Yes
S18819,1,1,1,1,0,1,0,1,1,1,7,10,2,6,7.07,7,2,8,Yes
S18820,1,1,1,0,1,1,0,0,0,0,10,9,7,8,8.88,4,1,8,Yes
S18821,0,0,1,1,0,1,0,0,0,0,6,2,3,5,5.83,7,3,4,No
S18822,1,1,0,1,1,1,0,1,0,0,2,9,2,2,5.52,6,0,0,No
S18823,1,0,0,1,1,1,1,0,0,0,8,4,8,8,6.28,1,2,8,Yes
S18824,0,1,0,1,0,1,1,0,0,0,2,5,9,5,5.81,2,2,7,No
S18825,0,1,1,0,1,0,1,0,0,1,9,3,6,1,9.21,5,1,3,Yes
S18826,0,1,0,1,0,1,1,0,0,1,6,4,2,4,6.42,7,0,0,No
S18827,0,1,0,1,1,1,0,0,0,0,3,8,4,10,8.39,7,3,8,Yes
S18828,0,1,0,0,0,0,1,0,1,0,6,6,4,2,5.6,7,3,2,No
S18829,0,1,1,1,0,0,0,0,1,1,9,1,6,9,9.13,8,3,1,Yes
S18830,0,0,1,0,0,1,1,0,0,0,2,7,9,4,7.27,3,0,7,No
S18831,0,1,0,0,1,1,1,0,1,0,1,7,1,9,9.28,2,2,5,Yes
S18832,1,1,1,1,0,1,1,1,0,0,3,4,6,4,6.41,8,0,0,No
S18833,1,1,1,1,1,0,1,1,1,0,3,7,10,7,7.73,3,3,7,Yes
S18834,0,1,0,1,0,1,0,0,1,1,6,10,5,7,8.16,4,3,7,Yes
S18835,1,1,0,0,1,0,0,1,0,0,8,8,5,2,7.47,4,3,8,Yes
S18836,0,0,0,1,0,0,1,0,1,1,7,3,9,3,6.29,7,0,2,No
S18837,1,1,1,0,1,1,1,0,0,1,10,10,9,2,8.89,0,0,0,Yes
S18838,1,1,0,1,1,1,0,0,1,0,5,8,8,3,5.4,5,2,1,Yes
S18839,0,1,0,1,1,0,1,0,0,1,6,6,3,5,5.72,2,3,3,No
S18840,1,0,1,0,0,1,1,1,0,1,2,6,1,5,5.4,3,0,4,No
S18841,0,1,1,1,0,1,0,0,0,1,9,6,10,6,6.49,4,1,6,Yes
S18842,0,1,1,1,1,0,1,0,0,0,7,2,8,10,9.87,1,3,0,Yes
S18843,0,1,0,1,0,0,1,1,0,1,6,10,5,9,5.63,5,3,5,Yes
S18844,0,1,1,1,0,0,0,1,1,0,6,5,5,3,9.92,5,3,1,Yes
S18845,0,1,1,1,1,1,0,1,0,0,3,6,4,2,5.27,5,0,3,No
S18846,0,1,1,0,1,0,0,0,0,0,8,2,4,8,9.37,1,1,4,No
S18847,0,1,1,0,1,1,1,1,1,1,8,2,4,3,8.55,6,2,8,Yes
S18848,0,1,1,0,1,1,0,1,0,0,1,10,8,4,7.39,4,1,2,Yes
S18849,0,1,1,1,0,1,1,0,0,0,3,9,8,2,9.28,5,1,4,Yes
S18850,0,1,0,1,1,1,1,0,1,0,7,7,10,1,6.53,3,2,6,Yes
S18851,0,1,0,0,1,1,1,0,0,1,9,8,9,7,7.27,4,2,6,Yes
S18852,1,1,0,0,0,0,1,0,1,0,10,6,6,3,6.53,5,3,0,Yes
S18853,1,1,1,0,0,1,0,0,1,0,4,10,7,8,9.96,5,0,5,Yes
S18854,1,0,0,1,0,1,1,1,0,0,2,4,2,10,7.86,8,3,2,Yes
S18855,1,1,0,1,0,0,0,1,0,0,5,8,3,4,8.91,1,2,0,No
S18856,0,1,0,1,0,0,0,1,0,0,6,4,4,4,6.53,5,1,0,No
S18857,1,0,1,1,0,0,0,1,0,1,10,5,1,3,5.26,0,0,3,No
S18858,0,1,0,0,0,1,0,0,0,0,10,10,10,8,9.44,7,1,0,Yes
S18859,1,1,0,1,1,1,1,1,0,1,7,10,5,1,6.86,7,2,0,Yes
S18860,1,1,0,0,1,1,0,0,0,0,5,6,1,1,7.78,0,0,6,No
S18861,1,1,0,0,1,1,1,1,1,1,10,10,4,10,7.39,2,0,6,Yes
S18862,0,1,1,1,0,1,0,0,1,0,3,3,4,5,6.41,4,3,6,Yes
S18863,1,1,1,1,0,0,1,1,0,1,5,7,2,1,5.85,0,0,0,No
S18864,1,1,0,1,0,1,0,0,0,0,10,4,2,3,9.33,3,3,6,Yes
S18865,0,0,1,1,0,0,1,0,0,0,7,5,2,4,9.7,6,3,7,Yes
S18866,1,0,1,1,1,0,1,1,0,0,6,6,10,10,9.47,1,2,0,Yes
S18867,1,0,0,1,0,1,1,1,1,0,8,9,5,5,7.6,3,3,6,Yes
S18868,0,1,0,1,1,1,1,1,0,0,1,7,8,5,8.19,5,0,0,No
S18869,1,0,1,0,0,1,0,0,0,0,10,9,6,5,5.7,4,1,7,Yes
S18870,1,0,1,1,1,1,1,0,0,0,7,1,3,8,6.75,7,3,2,Yes
S18871,1,0,1,0,1,0,0,0,1,0,9,6,4,9,5.01,7,1,1,No
S18872,1,1,0,0,0,1,0,1,0,1,5,2,3,8,7.68,2,0,4,No
S18873,0,0,1,0,1,1,0,0,1,0,8,7,1,1,7.15,2,2,0,No
S18874,1,1,1,1,0,0,1,1,1,0,3,8,8,1,8.11,1,1,1,Yes
S18875,0,1,1,1,0,0,1,0,1,0,6,5,6,8,6.45,1,2,8,Yes
S18876,0,1,0,1,1,0,0,0,0,1,3,6,3,3,6.93,7,0,6,No
S18877,1,0,0,0,0,1,1,0,1,0,4,5,1,8,8.36,5,2,3,Yes
S18878,0,1,0,1,0,1,1,1,0,1,6,1,3,6,5.81,2,3,1,No
S18879,1,1,1,1,1,1,0,0,0,0,8,9,10,9,8.06,2,1,1,Yes
S18880,1,0,0,0,1,1,1,0,1,1,9,7,7,10,9.53,6,2,7,Yes
S18881,1,1,1,1,1,0,1,0,0,0,6,9,1,5,7.99,0,2,3,Yes
S18882,1,0,0,0,0,1,1,0,1,0,4,8,1,8,5.69,0,0,6,No
S18883,0,0,0,1,1,1,0,0,1,0,8,3,3,2,5.09,7,1,5,No
S18884,1,1,0,1,0,0,1,1,0,1,10,9,3,5,8.28,2,2,7,Yes
S18885,0,1,0,1,0,1,0,1,1,1,10,10,5,5,9.37,6,2,1,Yes
S18886,0,1,0,0,0,1,0,0,0,0,8,7,5,9,7.48,6,3,7,Yes
S18887,1,0,0,0,0,1,0,1,1,0,1,3,6,8,5.27,2,2,0,No
S18888,0,0,0,1,1,0,1,0,0,1,3,6,5,7,9.76,6,3,4,Yes
S18889,0,1,0,0,0,0,1,0,0,1,7,8,9,4,7.13,4,2,2,Yes
S18890,1,1,1,1,1,1,1,0,1,0,9,6,8,2,9.11,2,0,2,Yes
S18891,1,1,0,1,0,0,1,1,1,0,3,10,3,2,6.1,7,3,2,Yes
S18892,1,0,0,0,0,0,1,1,0,0,3,1,3,9,8.7,0,3,1,No
S18893,1,1,1,0,0,1,0,0,0,0,3,1,9,10,7.96,0,0,1,No
S18894,1,1,0,0,0,0,1,0,1,0,9,10,10,8,6.84,3,1,8,Yes
S18895,1,0,1,1,0,1,1,0,0,0,8,1,1,1,7.66,1,2,5,No
S18896,0,1,0,0,1,0,0,0,0,0,6,8,2,4,8.14,6,3,3,Yes
S18897,0,1,1,1,1,1,1,1,0,1,9,9,3,2,9.8,2,2,5,Yes
S18898,0,0,0,1,0,0,1,1,1,0,4,3,8,2,8.6,8,3,5,Yes
S18899,1,1,0,1,1,0,1,1,1,0,2,8,2,2,7.31,4,3,2,No
S18900,1,1,1,1,0,0,0,1,0,0,2,6,5,1,6.52,0,1,4,No
S18901,1,0,0,1,0,0,1,1,0,0,2,8,2,7,5.99,2,2,6,No
S18902,1,1,1,1,1,1,0,0,0,0,5,7,8,5,9.11,6,1,1,Yes
S18903,0,1,0,1,0,1,1,1,0,0,4,4,2,7,9.32,6,3,3,Yes
S18904,1,0,0,0,0,1,0,0,0,1,10,10,4,2,9.28,6,1,0,Yes
S18905,1,1,1,0,0,1,0,0,1,0,10,7,3,1,5.77,4,3,7,Yes
S18906,1,0,0,0,1,1,1,0,0,1,3,2,10,9,7.76,1,1,4,No
S18907,0,1,0,1,1,1,0,0,1,0,5,1,2,9,8.57,1,2,8,Yes
S18908,0,1,0,1,1,0,1,0,1,0,6,9,9,10,8.27,1,3,6,Yes
S18909,1,1,1,1,0,0,1,0,1,0,4,7,2,4,6.27,8,1,5,No
S18910,1,1,0,1,0,1,0,0,0,0,3,6,4,1,9.22,2,2,0,No
S18911,1,0,0,0,1,1,1,0,1,0,5,7,6,3,5.34,0,2,3,No
S18912,0,1,0,1,0,0,1,0,1,0,10,6,8,2,9.08,7,2,7,Yes
S18913,0,1,1,0,0,1,0,0,1,0,4,2,1,4,7.16,0,3,2,No
S18914,0,0,1,1,1,1,1,0,0,1,1,8,3,10,7.71,4,2,0,No
S18915,0,1,0,0,0,0,0,1,1,0,10,4,2,2,5.18,4,0,7,No
S18916,1,0,0,0,1,1,0,0,0,1,5,1,6,8,9.88,4,2,1,Yes
S18917,1,1,1,0,0,0,1,1,0,1,1,2,1,3,8.27,5,2,2,No
S18918,0,1,0,0,0,1,1,0,1,0,3,6,9,7,9.31,4,0,4,Yes
S18919,1,1,0,1,0,1,1,0,0,0,6,1,6,3,6.67,8,1,7,Yes
S18920,0,1,0,1,1,0,1,1,0,0,5,8,2,8,5.43,7,0,5,No
S18921,1,1,0,0,0,1,0,0,1,1,1,2,4,2,5.57,2,1,1,No
S18922,1,1,0,1,1,0,1,1,0,0,7,3,9,6,9.59,6,3,7,Yes
S18923,0,1,1,1,1,0,1,0,1,0,1,3,5,5,8.16,8,0,3,Yes
S18924,1,0,1,1,1,1,0,0,0,0,10,3,5,7,6.17,2,3,2,No
S18925,1,1,0,1,1,0,1,1,0,1,9,5,8,5,8.13,4,2,0,Yes
S18926,1,0,1,0,0,1,1,0,0,0,10,1,4,1,8.7,3,3,8,Yes
S18927,0,1,0,0,1,1,0,1,0,1,3,3,1,5,9.0,0,2,4,No
S18928,1,1,0,0,1,0,0,1,1,0,1,10,2,9,5.13,0,2,2,No
S18929,1,1,1,0,1,1,0,1,0,0,5,10,4,1,8.97,1,1,0,Yes
S18930,0,1,1,1,1,0,1,0,1,1,4,4,5,9,8.21,3,2,0,Yes
S18931,1,0,1,0,0,1,0,0,0,1,9,7,9,2,8.51,0,1,2,Yes
S18932,0,0,1,1,1,0,0,1,0,0,3,10,5,4,7.84,0,2,2,No
S18933,1,1,0,0,1,0,0,0,1,0,7,2,7,8,9.61,8,2,4,Yes
S18934,0,1,0,0,1,0,1,0,0,0,5,8,5,9,7.7,2,2,1,No
S18935,1,0,1,1,0,0,1,1,0,0,2,4,6,3,6.44,8,1,0,No
S18936,0,0,0,0,0,0,1,0,0,1,7,5,9,7,9.28,8,2,3,Yes
S18937,0,1,1,0,0,1,1,1,0,0,8,7,4,8,9.26,1,0,1,No
S18938,0,1,0,0,0,1,1,0,0,0,5,6,10,2,9.31,5,0,2,Yes
S18939,1,1,1,1,0,0,1,0,0,1,1,6,9,10,7.15,6,1,8,Yes
S18940,1,0,1,1,1,1,1,0,0,0,4,5,1,5,6.65,2,1,5,No
S18941,0,0,1,0,1,1,1,1,1,0,6,10,5,6,6.77,4,3,2,Yes
S18942,1,1,1,1,0,1,1,1,0,1,2,1,5,2,9.1,5,0,6,No
S18943,1,1,0,0,0,0,1,0,0,0,2,9,3,5,5.76,4,1,2,No
S18944,0,0,0,1,0,1,0,0,0,1,8,5,9,3,9.53,2,2,7,Yes
S18945,1,0,1,0,1,0,1,0,0,0,7,6,4,7,8.52,5,3,8,Yes
S18946,0,1,0,1,1,0,1,0,0,1,9,3,7,4,9.42,4,2,2,Yes
S18947,1,1,0,1,0,0,0,0,0,1,3,4,6,3,7.88,5,3,5,Yes
S18948,0,1,0,1,1,0,1,1,1,1,4,10,9,9,9.42,5,0,2,Yes
S18949,0,1,1,1,1,1,1,0,0,0,10,4,4,1,8.21,8,0,6,Yes
S18950,1,1,0,0,0,1,0,0,0,0,5,4,1,5,8.14,5,3,3,No
S18951,0,1,1,0,1,1,0,0,0,0,4,1,5,3,8.41,1,3,1,No
S18952,1,0,0,0,1,1,0,1,0,1,3,4,6,10,6.45,8,0,4,Yes
S18953,0,0,0,1,0,0,1,0,0,0,6,3,4,2,6.73,1,2,8,No
S18954,0,1,0,1,1,1,1,1,1,0,9,2,1,3,9.34,2,2,7,Yes
S18955,1,0,1,0,0,1,1,0,0,0,9,1,2,10,8.3,1,3,5,Yes
S18956,0,0,1,1,1,1,0,1,0,0,10,6,10,10,6.51,7,3,0,Yes
S18957,1,1,0,1,1,1,1,1,0,1,4,5,2,7,8.2,7,2,7,Yes
S18958,0,0,0,1,0,0,1,0,0,0,1,7,6,4,9.62,0,2,3,No
S18959,1,1,0,0,1,1,1,1,0,0,7,9,5,8,8.11,8,1,4,Yes
S18960,0,0,1,0,1,1,0,0,0,1,1,6,5,4,8.84,0,0,0,No
S18961,0,1,1,0,1,0,1,0,0,1,6,2,9,10,5.94,0,0,8,Yes
S18962,1,1,0,1,1,0,0,1,1,0,6,7,10,3,5.9,6,3,7,Yes
S18963,0,1,1,1,1,1,0,0,0,0,6,8,8,1,5.48,5,1,4,No
S18964,1,1,0,0,1,1,1,1,1,0,8,8,3,1,8.32,7,1,1,Yes
S18965,1,1,0,0,0,0,1,0,0,1,1,2,8,3,7.93,0,3,3,No
S18966,1,0,0,1,0,1,1,1,0,0,7,6,8,9,5.07,6,2,3,Yes
S18967,1,1,1,1,0,0,1,1,1,0,9,6,10,4,5.94,8,1,6,Yes
S18968,1,1,1,1,0,0,1,1,1,1,2,2,5,6,9.05,7,0,5,Yes
S18969,1,1,0,0,0,0,1,0,1,1,8,3,7,10,7.85,1,1,3,No
S18970,1,0,1,1,0,0,1,0,0,0,9,3,5,2,6.06,4,1,1,No
S18971,1,1,0,1,0,1,1,1,1,0,2,5,8,1,6.34,3,0,0,No
S18972,1,1,0,0,0,1,0,0,0,0,3,9,4,7,6.18,7,3,5,Yes
S18973,0,0,1,1,1,1,1,0,1,0,2,7,3,1,9.2,7,3,7,Yes
S18974,0,0,1,1,0,1,0,1,0,1,10,6,5,2,6.0,3,0,2,No
S18975,1,0,0,1,1,1,1,0,1,1,5,5,10,10,5.3,5,0,4,Yes
S18976,0,1,1,0,1,0,0,0,0,0,8,5,1,8,9.39,5,2,3,Yes
S18977,0,1,1,1,1,0,1,1,1,1,6,4,9,7,7.11,4,1,2,Yes
S18978,0,0,0,1,1,0,0,0,0,0,8,3,5,5,5.35,7,1,3,No
S18979,1,0,0,0,1,1,1,0,0,0,7,7,10,5,6.8,8,3,8,Yes
S18980,1,0,0,1,0,1,1,0,0,1,3,8,3,10,7.29,3,0,3,No
S18981,0,1,1,1,0,1,0,1,1,1,7,10,6,1,8.09,8,1,3,Yes
S18982,0,0,1,1,1,1,1,0,1,0,10,5,10,9,5.82,2,0,4,Yes
S18983,1,1,0,1,0,1,1,0,0,1,1,6,6,4,8.49,1,0,7,Yes
S18984,1,1,0,1,1,0,0,0,0,0,6,3,3,4,5.24,1,3,2,No
S18985,0,1,0,1,0,0,1,1,0,1,7,10,8,5,5.93,5,1,4,Yes
S18986,0,0,1,0,0,1,1,0,0,0,2,7,3,5,5.67,2,3,4,No
S18987,0,1,1,1,1,1,1,0,1,0,10,3,4,3,7.44,1,1,4,No
S18988,1,1,0,1,1,0,1,1,1,1,6,1,1,6,7.09,3,3,7,Yes
S18989,1,0,0,0,1,1,1,0,0,1,4,10,4,2,8.97,0,2,6,Yes
S18990,1,1,0,1,1,1,1,1,0,1,9,2,10,5,6.75,2,3,0,Yes
S18991,1,1,1,0,1,0,1,0,0,0,1,5,7,7,9.14,8,2,8,Yes
S18992,1,0,1,1,1,1,1,1,0,0,10,9,8,6,9.32,3,1,0,Yes
S18993,0,0,1,0,0,0,1,0,0,0,1,10,10,1,9.77,2,0,0,No
S18994,1,1,0,1,0,1,1,1,1,0,8,1,10,6,9.98,8,1,3,Yes
S18995,0,0,0,1,1,1,1,0,0,0,1,3,10,5,8.27,8,1,8,Yes
S18996,1,1,1,1,1,0,1,0,1,0,7,2,5,8,8.77,3,2,7,Yes
S18997,1,0,1,1,0,0,0,0,0,0,9,4,7,4,8.26,7,3,7,Yes
S18998,1,0,1,0,0,1,1,0,0,1,7,8,9,10,7.23,3,0,4,Yes
S18999,1,1,0,0,1,0,1,0,1,0,8,4,2,6,5.45,2,3,3,No
S19000,0,0,0,1,0,1,1,1,1,0,1,9,5,4,7.72,8,2,1,Yes
S19001,1,1,0,1,0,1,0,1,0,1,1,6,1,3,5.97,1,3,5,No
S19002,1,1,0,1,0,0,0,0,0,0,4,4,5,8,7.26,0,2,1,No
S19003,1,0,0,1,1,0,0,0,0,0,8,9,4,10,5.79,6,0,4,No
S19004,1,1,0,1,0,1,1,0,0,0,4,4,5,3,5.13,6,0,7,No
S19005,0,1,1,1,0,0,1,0,0,0,4,2,6,5,8.65,1,1,3,No
S19006,1,1,1,0,0,1,1,0,1,0,3,1,8,2,9.38,1,2,5,No
S19007,0,1,0,1,1,1,0,0,0,0,9,8,5,2,8.38,6,3,4,Yes
S19008,0,0,1,1,0,0,0,0,0,1,5,3,6,4,7.62,5,3,0,No
S19009,1,0,1,0,1,1,0,0,1,0,7,3,10,2,8.73,1,3,2,Yes
S19010,1,1,0,1,0,0,0,0,1,0,5,7,3,7,5.75,1,1,3,No
S19011,0,1,1,1,0,1,0,1,0,0,7,2,2,9,5.26,7,2,7,Yes
S19012,0,1,0,1,0,1,1,0,1,0,4,5,3,2,9.35,0,3,6,Yes
S19013,1,1,0,1,0,1,0,0,1,1,7,7,3,7,5.93,8,3,8,Yes
S19014,1,1,1,0,0,0,0,0,0,0,1,6,6,10,6.76,4,3,1,Yes
S19015,1,1,0,0,1,0,0,0,0,0,7,2,6,4,8.67,8,2,5,Yes
S19016,1,1,1,1,0,0,1,1,1,1,4,1,3,7,6.89,1,2,1,No
S19017,1,1,1,0,0,0,1,1,1,1,8,1,10,7,5.91,1,2,4,Yes
S19018,1,0,0,0,0,1,1,0,0,0,1,4,1,4,8.83,0,2,0,No
S19019,1,0,0,1,1,1,1,1,1,0,2,7,10,10,6.42,2,3,8,Yes
S19020,1,0,0,0,1,1,0,0,0,0,7,4,5,3,9.4,5,0,3,No
S19021,1,1,0,1,1,1,1,1,0,0,5,2,1,4,7.0,2,0,5,No
S19022,0,0,0,1,0,1,0,0,1,0,8,6,8,10,9.61,0,3,2,Yes
S19023,0,0,0,0,1,0,1,1,0,0,4,5,3,2,6.55,8,3,1,Yes
S19024,0,0,1,1,1,0,0,0,1,0,10,10,6,3,6.12,7,0,3,Yes
S19025,1,1,1,0,0,1,0,1,1,1,1,8,7,7,8.65,8,1,2,Yes
S19026,0,1,0,1,1,1,0,0,1,0,10,1,8,1,9.09,0,1,3,Yes
S19027,1,1,1,0,0,0,0,0,0,0,2,9,10,2,9.98,3,2,4,Yes
S19028,0,1,1,1,0,0,1,0,0,0,7,10,1,3,5.2,2,3,5,No
S19029,1,0,0,1,1,1,0,0,0,0,1,10,8,6,8.26,4,0,8,Yes
S19030,1,1,1,1,1,1,1,0,0,0,2,1,8,9,9.03,4,0,2,No
S19031,0,1,1,1,0,1,1,0,0,0,7,3,3,2,9.42,1,0,4,No
S19032,0,1,1,0,1,1,0,1,1,0,8,10,9,2,7.4,8,0,3,Yes
S19033,0,1,0,0,1,0,1,0,1,0,5,1,8,5,9.73,4,2,6,Yes
S19034,1,0,0,1,1,1,0,1,0,0,10,1,5,10,5.41,7,2,4,Yes
S19035,1,1,0,1,1,1,0,1,0,1,5,1,1,6,8.9,6,3,2,No
S19036,1,1,0,1,1,1,0,0,0,0,4,1,5,4,8.99,7,2,1,No
S19037,0,1,0,1,1,1,1,0,1,0,5,3,10,4,6.94,0,3,3,Yes
S19038,0,1,0,0,1,0,1,0,1,0,1,4,2,4,6.89,6,2,3,No
S19039,0,0,0,1,0,1,1,0,0,0,2,4,9,2,5.58,0,1,2,No
S19040,1,0,1,0,0,1,1,1,1,0,8,2,1,2,9.3,2,3,8,Yes
S19041,0,1,1,1,0,1,0,1,0,0,5,5,3,4,6.48,5,3,1,No
S19042,1,0,0,0,1,1,0,0,0,0,3,2,1,9,9.11,5,3,6,Yes
S19043,1,1,1,1,1,1,1,0,0,0,2,8,5,6,5.45,5,0,8,No
S19044,1,0,1,0,1,0,0,1,0,1,5,8,5,5,5.28,3,3,4,No
S19045,1,0,0,1,1,0,1,0,0,0,5,10,6,1,9.58,0,3,6,Yes
S19046,1,0,1,0,0,0,1,0,0,0,10,5,6,7,8.18,0,0,6,No
S19047,1,1,1,1,1,1,1,0,0,0,4,10,6,3,7.55,7,3,0,Yes
S19048,1,1,0,0,0,0,0,1,0,0,1,1,6,10,8.86,1,1,3,No
S19049,1,0,0,0,0,1,1,0,0,1,2,4,7,5,7.13,3,2,0,No
S19050,1,0,0,0,1,1,1,1,1,0,5,7,7,3,9.31,7,2,8,Yes
S19051,1,1,0,1,1,0,1,0,0,0,5,3,5,9,9.07,7,0,3,Yes
S19052,1,1,1,0,1,0,1,0,0,0,2,2,3,6,8.19,4,0,5,No
S19053,0,1,1,1,0,0,0,0,1,0,8,2,6,1,6.79,6,2,8,Yes
S19054,0,0,0,1,0,1,0,1,1,0,9,10,8,5,7.37,4,1,3,Yes
S19055,1,1,1,1,1,0,0,0,0,0,3,2,2,6,9.71,1,0,3,No
S19056,0,0,0,0,0,1,0,0,1,0,1,9,5,3,9.41,8,0,2,No
S19057,0,0,0,1,0,0,1,0,1,0,1,2,4,1,6.14,4,1,7,No
S19058,1,1,0,1,1,1,0,1,0,0,3,1,6,2,8.72,6,2,3,No
S19059,1,1,0,0,1,0,1,0,0,0,7,8,7,10,5.13,7,3,1,Yes
S19060,0,0,0,0,0,1,1,0,0,1,3,7,10,3,9.98,6,2,1,Yes
S19061,0,1,1,0,0,1,1,0,0,0,5,1,7,2,7.29,4,1,8,No
S19062,0,1,0,1,0,1,0,1,0,1,5,2,9,9,7.11,8,0,8,Yes
S19063,0,1,1,0,1,1,0,0,0,1,7,8,7,2,6.59,0,2,1,No
S19064,1,1,0,1,1,0,1,0,0,0,2,2,6,2,5.82,1,1,5,No
S19065,1,1,1,1,1,0,1,0,1,0,1,5,10,6,7.27,5,3,2,Yes
S19066,1,0,1,1,1,1,1,0,0,0,4,9,5,6,9.63,1,0,4,No
S19067,1,0,0,1,1,1,0,0,1,0,8,9,3,4,7.1,4,0,0,No
S19068,1,0,1,1,0,1,0,0,0,1,3,10,7,9,6.64,6,2,2,Yes
S19069,1,1,0,1,0,1,1,0,0,0,1,6,9,8,9.01,5,0,3,Yes
S19070,1,1,0,0,0,0,1,0,0,1,8,9,1,7,9.29,5,2,7,Yes
S19071,1,1,0,0,1,1,0,0,0,1,4,10,6,6,8.53,5,1,5,Yes
S19072,1,1,1,0,1,1,1,1,0,1,8,5,5,4,6.47,4,2,5,Yes
S19073,1,1,0,0,0,1,1,0,0,0,2,2,7,3,5.61,2,3,1,No
S19074,1,1,0,0,1,0,1,0,1,1,6,6,7,6,6.24,5,3,4,Yes
S19075,1,1,1,1,0,0,1,0,0,0,6,7,1,5,9.2,8,3,6,Yes
S19076,0,1,1,1,1,1,1,0,0,0,1,9,5,9,7.88,7,0,7,Yes
S19077,0,1,0,1,1,0,0,1,0,1,6,1,4,1,7.09,4,1,3,No
S19078,1,1,1,1,0,0,0,0,0,0,4,3,3,1,7.98,8,3,0,Yes
S19079,1,1,1,0,1,1,1,0,0,0,4,9,9,8,6.61,1,2,1,No
S19080,0,0,0,0,1,1,0,1,0,1,10,1,8,10,5.2,6,3,3,Yes
S19081,1,1,0,0,0,1,1,1,0,0,7,1,9,6,8.02,6,1,5,Yes
S19082,0,1,0,0,0,1,1,0,1,0,9,5,1,8,8.76,5,0,2,No
S19083,1,1,1,1,1,1,0,1,0,0,8,9,5,2,9.88,3,1,8,Yes
S19084,0,1,0,1,0,1,1,0,0,0,7,7,2,3,8.76,5,1,1,Yes
S19085,0,0,0,0,1,0,0,1,0,1,7,8,10,3,9.52,1,2,4,Yes
S19086,0,1,1,0,1,0,1,0,0,0,8,2,7,1,5.02,2,2,2,No
S19087,1,0,1,1,1,0,0,0,0,0,7,5,6,1,8.81,5,2,4,Yes
S19088,0,1,0,1,1,0,1,0,1,0,7,2,4,8,8.27,1,3,1,No
S19089,0,1,1,0,1,0,0,0,1,0,5,10,7,2,9.93,1,0,7,Yes
S19090,0,0,1,1,1,0,1,1,0,0,2,9,3,8,7.99,7,0,3,Yes
S19091,1,0,1,0,1,0,1,1,0,0,6,9,7,9,7.56,2,0,7,Yes
S19092,0,1,1,1,0,1,1,1,0,0,1,10,6,10,7.73,1,2,7,Yes
S19093,1,0,1,1,1,0,1,1,0,0,5,7,1,1,8.25,1,3,1,No
S19094,1,1,1,1,1,0,1,1,0,1,7,5,5,10,5.33,1,3,7,Yes
S19095,0,1,1,1,1,0,1,1,1,0,6,10,8,5,5.82,7,2,1,Yes
S19096,1,0,1,1,1,0,1,0,1,1,6,8,8,6,7.66,0,2,3,Yes
S19097,0,0,1,0,0,1,0,0,1,0,9,6,6,9,7.72,5,1,5,Yes
S19098,0,1,0,1,1,1,1,0,0,0,9,2,5,6,8.31,4,3,6,Yes
S19099,1,0,0,0,0,0,1,0,0,1,7,6,4,5,8.38,7,3,6,Yes
S19100,0,1,0,1,1,1,1,0,0,0,10,4,7,10,5.69,3,0,0,No
S19101,0,1,0,1,0,1,0,1,1,1,8,3,2,7,7.07,2,1,3,No
S19102,1,0,1,1,0,0,0,0,0,0,9,10,1,10,6.76,6,3,6,Yes
S19103,0,1,1,1,1,0,1,0,0,0,4,4,6,1,7.43,6,3,5,Yes
S19104,1,1,1,1,1,1,1,1,0,0,3,5,3,10,5.34,6,1,8,Yes
S19105,1,1,1,1,0,1,0,0,1,0,3,3,3,8,5.36,1,0,4,No
S19106,1,0,0,1,0,1,0,1,0,1,5,4,5,6,6.82,0,3,5,No
S19107,1,1,0,1,0,0,1,1,1,0,7,6,2,9,5.58,7,3,4,Yes
S19108,1,1,1,1,1,0,1,1,1,0,3,5,6,2,5.17,4,3,3,Yes
S19109,0,1,0,0,0,1,1,1,1,1,5,10,2,8,7.36,7,1,8,Yes
S19110,0,0,1,1,1,1,1,1,0,0,5,9,5,3,8.34,6,3,6,Yes
S19111,1,0,0,0,1,0,1,0,0,0,5,6,9,2,6.46,1,1,3,No
S19112,1,0,1,0,1,0,1,1,0,1,9,4,10,1,9.06,4,0,5,Yes
S19113,1,0,0,0,0,1,0,0,0,1,6,6,2,8,5.13,8,3,3,No
S19114,1,1,0,1,1,1,1,0,1,0,1,2,4,5,9.0,7,2,4,Yes
S19115,1,1,0,0,1,0,1,0,0,1,9,3,7,4,7.35,4,1,2,No
S19116,1,1,1,1,1,1,0,0,0,0,9,8,2,8,7.95,1,0,1,No
S19117,1,1,0,1,0,1,1,1,0,1,5,2,1,7,9.92,6,2,8,Yes
S19118,1,1,0,1,1,0,1,0,1,0,3,7,6,5,6.81,4,1,4,No
S19119,0,0,0,0,1,0,1,1,1,0,6,1,8,3,7.51,5,1,4,No
S19120,0,1,1,0,1,0,0,0,1,0,4,2,7,1,7.93,5,2,8,No
S19121,1,1,1,0,0,0,0,0,0,0,3,6,9,2,5.87,7,2,1,No
S19122,1,1,0,0,1,1,1,1,0,0,7,10,5,10,8.2,8,2,7,Yes
S19123,1,1,1,0,0,0,0,0,0,0,5,3,8,10,5.5,5,1,1,No
S19124,0,1,0,0,0,1,0,1,0,0,4,3,4,1,5.79,8,0,8,No
S19125,0,0,1,0,0,1,0,1,1,1,10,8,1,6,8.71,1,1,5,Yes
S19126,0,1,0,0,1,1,0,0,0,1,4,5,9,8,5.36,6,1,1,No
S19127,0,1,1,0,1,1,1,0,0,0,9,5,4,1,5.54,4,2,4,No
S19128,1,0,0,0,1,1,0,1,0,0,3,5,3,9,9.0,7,2,1,Yes
S19129,0,1,1,0,0,1,1,0,1,0,5,1,1,7,8.33,2,1,3,No
S19130,1,0,0,1,0,1,0,0,0,0,9,3,3,9,6.7,8,3,6,Yes
S19131,1,1,1,1,1,0,0,0,0,1,2,2,10,1,8.86,7,0,2,No
S19132,0,0,0,1,0,1,0,0,0,0,7,1,1,8,6.8,5,3,8,Yes
S19133,1,1,0,0,0,0,0,0,0,0,1,6,6,2,8.41,8,3,5,Yes
S19134,0,1,1,1,0,0,1,1,1,1,4,3,1,1,7.56,3,0,5,No
S19135,1,1,1,1,0,0,0,1,1,0,7,10,3,3,6.0,1,0,5,No
S19136,0,1,1,1,0,0,1,1,1,0,1,5,10,2,7.63,7,2,3,Yes
S19137,1,0,0,1,1,1,1,1,1,1,5,4,5,4,6.28,4,2,3,No
S19138,1,1,1,0,1,0,1,0,0,0,8,3,5,9,8.21,6,0,2,Yes
S19139,0,1,1,1,1,1,1,0,1,1,8,6,2,4,5.51,8,0,5,Yes
S19140,0,1,0,0,0,1,1,1,1,1,1,6,1,8,5.64,1,0,1,No
S19141,0,1,1,1,0,1,1,1,1,1,4,10,1,1,6.1,2,1,6,No
S19142,0,1,1,1,1,1,1,0,0,0,10,3,4,6,8.19,3,1,6,Yes
S19143,0,1,1,1,1,1,0,1,1,0,1,7,6,9,6.06,0,3,3,No
S19144,0,1,1,1,1,0,1,1,0,0,10,5,9,10,9.2,7,3,4,Yes
S19145,1,1,1,0,1,0,0,0,0,0,2,2,8,4,7.01,1,2,1,No
S19146,1,0,1,1,1,1,1,1,0,0,9,7,6,9,5.16,3,3,7,Yes
S19147,1,1,1,1,0,1,1,1,0,1,10,6,6,2,9.84,5,2,5,Yes
S19148,0,1,0,1,1,1,0,0,1,0,9,2,7,10,9.99,1,2,4,Yes
S19149,1,1,1,1,0,0,1,0,1,1,4,2,4,9,5.75,1,2,3,No
S19150,0,0,1,0,1,1,0,0,0,0,1,3,1,6,8.77,6,2,7,No
S19151,1,1,0,1,0,0,1,1,0,0,5,6,2,10,9.39,8,1,5,Yes
S19152,0,1,1,1,1,1,0,0,1,0,8,2,2,1,5.68,8,3,4,Yes
S19153,1,1,1,1,0,1,0,0,0,0,6,8,6,6,8.38,6,0,1,Yes
S19154,1,1,1,0,1,1,1,0,0,0,9,5,2,6,9.53,7,2,4,Yes
S19155,0,1,1,1,0,0,0,0,0,1,10,2,3,1,5.05,7,2,6,No
S19156,1,0,0,0,1,0,1,0,0,0,2,8,6,9,8.83,8,1,3,Yes
S19157,1,1,0,0,0,1,0,1,0,0,4,3,6,3,6.67,7,1,7,No
S19158,1,1,0,1,0,0,1,0,1,0,10,3,9,2,7.26,5,0,5,Yes
S19159,1,0,1,1,0,0,1,0,1,0,1,8,10,7,9.8,1,2,0,Yes
S19160,1,1,0,0,0,0,0,0,1,0,4,8,6,3,8.4,5,2,6,Yes
S19161,0,1,1,1,1,1,1,0,0,1,4,2,4,8,8.81,0,3,5,Yes
S19162,1,1,0,0,0,1,1,0,0,1,10,3,8,1,9.84,6,2,8,Yes
S19163,0,0,0,1,0,1,0,0,1,0,8,5,10,9,8.0,4,2,6,Yes
S19164,1,1,0,0,1,1,1,0,1,0,4,7,7,10,8.71,2,1,4,Yes
S19165,0,1,1,1,1,1,1,0,1,0,4,5,10,10,9.72,3,1,3,Yes
S19166,0,1,0,1,0,1,1,0,0,0,9,2,3,1,9.38,8,2,4,Yes
S19167,1,1,0,0,0,0,0,1,0,0,10,9,5,3,6.14,1,3,8,Yes
S19168,1,1,0,0,1,0,0,0,0,0,3,1,8,8,9.83,1,1,8,Yes
S19169,1,0,1,0,0,1,1,1,0,0,7,2,5,8,5.45,2,2,5,No
S19170,0,1,1,0,0,1,0,0,1,0,2,1,4,6,8.38,4,0,7,No
S19171,0,0,0,1,1,0,1,1,0,0,1,6,3,10,6.9,3,3,6,Yes
S19172,0,1,1,1,0,1,0,0,0,1,9,10,3,4,8.14,8,3,5,Yes
S19173,1,0,1,0,1,1,0,1,0,1,5,7,6,7,7.59,1,3,0,Yes
S19174,1,0,1,1,0,1,1,0,0,0,2,5,9,10,6.2,5,1,4,No
S19175,1,1,0,1,0,1,0,0,1,1,10,9,2,9,5.25,8,3,1,Yes
S19176,1,1,0,1,0,0,1,0,0,0,7,6,8,2,9.89,7,1,8,Yes
S19177,1,0,1,0,0,0,0,1,0,0,6,3,10,6,5.63,8,2,7,Yes
S19178,1,1,0,1,1,1,1,0,1,0,1,4,5,1,6.43,4,1,2,No
S19179,0,1,0,0,1,1,1,0,0,0,1,3,9,6,6.41,1,3,2,No
S19180,1,0,0,1,0,0,1,0,0,0,5,9,5,3,6.63,6,2,4,Yes
S19181,0,1,1,0,1,0,0,1,0,0,10,9,1,4,7.46,4,2,4,Yes
S19182,1,1,1,1,0,0,1,0,0,1,5,10,4,2,8.84,8,1,6,Yes
S19183,0,0,0,0,0,0,1,0,0,1,8,1,6,10,5.29,1,3,5,No
S19184,0,1,1,1,1,0,0,0,0,0,7,10,3,1,8.45,2,2,0,Yes
S19185,0,1,0,1,1,1,1,0,0,0,2,1,4,6,9.39,4,3,7,Yes
S19186,0,1,1,1,1,1,1,1,0,1,8,7,2,10,6.02,2,3,7,Yes
S19187,0,1,0,0,0,1,1,0,0,1,9,5,5,6,8.89,7,2,2,Yes
S19188,0,0,0,0,1,1,0,0,0,0,10,10,7,5,6.95,0,3,1,Yes
S19189,1,0,1,1,1,1,0,0,1,0,8,7,1,5,5.11,8,2,4,No
S19190,0,1,1,0,1,1,1,0,0,1,7,1,10,10,8.23,6,1,7,Yes
S19191,0,0,0,0,1,0,0,0,0,0,7,4,2,1,8.55,6,3,7,Yes
S19192,0,1,0,1,1,1,0,0,0,1,5,8,8,7,9.84,2,0,0,Yes
S19193,1,0,1,0,0,0,0,0,0,0,8,10,3,9,9.94,6,3,8,Yes
S19194,1,1,0,1,1,0,1,0,1,1,6,8,8,4,7.57,7,1,6,Yes
S19195,0,1,1,1,0,0,1,1,0,0,9,10,7,4,9.82,2,2,4,Yes
S19196,0,1,0,1,1,1,1,0,0,1,1,6,4,7,9.86,8,2,4,Yes
S19197,1,1,0,0,1,0,0,0,1,0,6,4,10,5,9.39,2,3,1,Yes
S19198,1,1,1,1,1,1,1,0,0,0,3,6,8,5,5.58,7,3,4,Yes
S19199,1,1,1,1,1,1,1,0,1,0,6,1,1,9,9.25,7,1,2,Yes
S19200,1,0,0,0,1,0,1,0,1,1,3,9,7,9,5.45,2,0,8,No
S19201,1,0,0,0,1,0,0,0,0,0,1,7,10,3,9.95,0,0,0,No
S19202,1,0,1,0,0,1,0,0,1,1,8,5,6,8,8.54,1,2,7,Yes
S19203,0,1,0,1,1,1,0,1,0,0,3,5,10,3,6.54,1,2,3,No
S19204,1,1,1,1,0,1,1,0,0,1,1,7,1,3,7.51,8,2,5,Yes
S19205,1,1,0,0,0,0,1,1,0,0,3,5,3,6,5.78,6,0,7,No
S19206,0,1,0,0,1,1,1,0,0,0,3,5,8,4,9.75,0,3,1,No
S19207,0,1,0,0,0,0,1,0,0,1,10,4,2,2,8.72,6,2,1,No
S19208,0,1,1,0,0,1,1,0,1,0,2,9,2,2,7.58,7,3,8,Yes
S19209,1,1,0,0,1,0,1,0,0,0,3,2,5,10,6.15,6,0,7,No
S19210,0,0,1,0,1,0,1,0,0,0,9,7,4,2,5.42,7,1,8,No
S19211,1,0,0,1,0,0,1,0,1,0,2,4,2,8,6.61,3,1,0,No
S19212,0,1,1,1,1,1,1,0,0,1,6,8,3,3,8.83,1,0,3,No
S19213,0,1,1,1,0,0,0,1,1,0,5,2,9,7,6.44,1,0,1,No
S19214,1,1,1,0,1,1,1,1,1,1,7,7,4,8,5.53,1,2,0,No
S19215,1,1,1,0,1,1,1,0,1,0,8,6,6,9,5.44,0,3,5,Yes
S19216,1,1,0,1,0,1,1,0,0,1,6,6,7,5,7.19,6,1,8,Yes
S19217,0,0,0,1,1,1,0,0,0,0,3,2,1,2,6.61,4,0,1,No
S19218,1,1,1,0,0,0,1,1,1,0,1,5,1,8,7.14,5,1,5,No
S19219,0,1,1,1,0,0,1,1,0,1,1,1,5,6,7.32,2,1,3,No
S19220,1,1,0,1,0,1,1,0,0,0,8,5,1,10,5.61,2,1,5,No
S19221,1,1,1,1,1,0,1,0,1,0,3,4,8,7,5.93,2,3,2,No
S19222,0,1,0,0,0,1,1,0,0,0,8,6,7,4,6.02,0,1,4,No
S19223,0,1,1,1,1,1,1,1,1,0,4,7,4,5,7.03,6,3,3,Yes
S19224,0,1,0,1,0,1,0,1,1,1,10,8,10,9,9.45,3,2,4,Yes
S19225,1,0,1,0,0,0,1,1,0,0,2,5,10,10,8.36,4,0,1,No
S19226,1,1,0,1,1,1,0,0,1,1,9,5,3,4,7.83,4,1,8,Yes
S19227,1,1,0,1,1,1,1,0,1,0,6,9,9,10,8.83,6,0,6,Yes
S19228,1,0,1,0,0,0,1,0,0,0,7,4,7,4,6.17,6,1,7,No
S19229,1,1,1,0,1,0,1,0,1,0,5,5,7,7,9.27,4,3,8,Yes
S19230,0,1,0,1,1,1,1,0,1,1,5,10,3,8,5.32,2,0,5,No
S19231,1,1,0,1,1,0,1,1,0,1,10,3,3,2,5.71,5,3,8,Yes
S19232,1,0,0,1,0,1,1,1,0,0,4,9,3,10,9.92,2,2,8,Yes
S19233,1,1,0,1,1,1,1,0,1,0,1,5,5,7,9.42,1,1,8,Yes
S19234,0,1,1,1,1,1,1,0,0,0,2,2,2,6,8.72,3,0,7,No
S19235,0,1,0,1,1,1,1,0,1,1,6,7,3,6,9.4,0,3,1,Yes
S19236,1,0,0,1,0,0,1,1,0,0,3,10,5,1,5.65,4,3,7,No
S19237,1,1,0,0,1,1,0,0,0,1,10,5,4,10,6.65,4,0,1,No
S19238,1,1,1,1,0,0,0,0,1,1,3,7,10,8,9.44,3,3,6,Yes
S19239,0,0,0,0,1,0,1,0,1,0,2,7,1,2,7.39,7,3,1,Yes
S19240,0,1,0,1,1,0,0,1,0,0,10,7,4,5,9.75,8,3,7,Yes
S19241,0,1,1,0,1,1,1,0,0,1,2,4,6,1,6.39,3,2,5,No
S19242,1,0,1,1,1,1,1,0,0,1,1,9,1,7,9.86,1,2,8,Yes
S19243,1,1,1,1,0,0,1,0,1,1,5,7,6,3,7.48,7,1,2,Yes
S19244,0,0,0,0,1,1,0,0,0,0,2,1,1,10,6.04,2,1,5,No
S19245,0,1,1,0,0,1,0,0,1,0,6,1,7,6,8.94,8,1,8,Yes
S19246,0,1,1,1,1,0,0,0,1,0,10,1,9,5,5.63,6,0,3,No
S19247,0,1,1,0,1,0,0,0,0,0,8,3,5,3,8.76,1,0,5,No
S19248,1,1,0,0,0,0,1,1,0,1,7,6,10,1,7.32,3,3,3,Yes
S19249,0,1,1,1,1,0,1,0,0,0,1,7,5,1,5.57,4,1,4,No
S19250,0,0,1,1,0,1,1,0,0,1,4,3,9,9,7.91,4,0,7,Yes
S19251,0,1,1,0,0,0,1,1,0,1,3,4,8,8,6.9,8,3,3,Yes
S19252,1,0,0,1,0,0,0,0,0,1,7,2,3,1,6.51,1,0,6,No
S19253,1,1,0,1,0,1,0,0,1,1,3,10,3,3,5.66,7,0,2,No
S19254,1,0,1,1,1,0,1,1,0,0,8,8,10,1,6.27,1,1,2,Yes
S19255,1,1,0,0,1,1,1,0,0,0,2,8,6,4,5.64,1,1,5,No
S19256,1,1,0,0,1,0,0,1,1,1,2,5,6,1,5.06,8,0,2,No
S19257,0,1,1,0,0,0,1,0,0,0,6,1,6,8,8.34,3,1,5,Yes
S19258,1,1,0,1,1,1,1,0,0,0,9,4,3,8,6.68,1,1,0,No
S19259,1,1,1,1,0,0,0,0,1,1,6,3,4,6,5.93,5,1,5,No
S19260,1,1,1,1,0,0,1,0,0,0,3,10,5,5,7.25,7,2,0,Yes
S19261,1,0,1,0,0,1,0,0,0,0,1,4,7,1,8.63,6,2,5,No
S19262,0,0,0,1,1,1,0,0,0,0,10,3,3,3,5.88,3,1,0,No
S19263,1,0,0,1,1,0,1,0,0,1,9,6,3,7,6.98,6,3,1,Yes
S19264,1,1,1,0,0,1,1,1,1,0,10,9,9,8,7.1,8,1,1,Yes
S19265,0,0,1,0,0,0,1,1,1,0,6,10,6,6,5.14,6,1,8,No
S19266,0,1,1,0,0,0,1,0,0,0,4,3,2,5,5.24,3,2,1,No
S19267,1,1,1,1,0,0,1,0,0,1,3,6,4,9,6.04,0,1,6,No
S19268,0,1,0,1,1,1,0,0,0,0,7,7,4,5,7.89,1,1,8,No
S19269,0,1,0,0,1,0,0,0,0,0,8,10,9,6,7.45,0,1,5,Yes
S19270,0,1,1,1,0,1,1,0,1,0,3,3,1,3,6.5,3,0,0,No
S19271,1,1,0,1,1,0,0,0,0,0,7,10,4,2,6.38,7,2,1,No
S19272,0,1,1,1,1,1,1,0,1,0,2,8,1,5,5.5,5,0,0,No
S19273,1,0,0,1,1,1,0,0,1,1,10,3,4,3,9.21,3,1,4,Yes
S19274,1,0,0,1,1,1,0,1,0,1,6,6,5,5,8.11,1,2,4,Yes
S19275,1,1,0,0,1,1,0,1,1,0,8,10,10,6,5.06,8,2,2,Yes
S19276,1,1,0,1,0,0,0,0,1,0,7,9,6,7,9.47,8,3,8,Yes
S19277,0,0,1,1,1,1,1,0,0,0,4,10,7,1,8.76,7,3,2,Yes
S19278,0,1,0,1,1,0,0,0,0,0,9,4,7,1,9.19,7,3,4,Yes
S19279,1,0,1,0,0,0,1,0,0,0,1,2,8,2,5.17,5,2,8,No
S19280,1,0,1,0,1,0,0,1,0,1,5,9,7,10,6.74,8,2,1,Yes
S19281,1,1,0,0,1,0,0,0,0,1,8,5,3,4,7.03,6,3,4,Yes
S19282,0,1,0,1,0,1,0,0,1,1,4,6,1,3,6.02,4,2,4,No
S19283,0,0,1,1,0,1,1,0,0,0,2,9,2,7,9.24,2,2,6,Yes
S19284,0,0,0,1,1,0,0,1,0,0,10,6,2,8,9.15,1,2,1,No
S19285,0,1,1,1,1,1,0,0,1,0,3,2,5,4,5.99,6,1,8,No
S19286,0,1,0,1,0,1,0,0,0,0,10,2,1,8,8.42,7,3,4,Yes
S19287,0,1,1,1,1,0,0,1,0,0,4,1,4,4,9.54,0,1,1,No
S19288,1,1,0,0,1,1,1,1,1,0,4,3,3,6,7.89,7,1,8,Yes
S19289,0,0,0,0,1,0,0,0,0,0,4,6,7,9,5.47,4,3,1,No
S19290,0,0,1,1,1,1,1,0,0,0,4,10,8,8,8.28,5,3,7,Yes
S19291,0,1,0,0,0,1,1,0,0,0,1,6,5,5,6.44,3,0,0,No
S19292,0,1,0,1,1,1,1,1,0,0,4,3,7,1,8.43,4,2,7,Yes
S19293,0,0,0,0,0,1,1,0,1,1,5,9,6,4,7.67,4,1,8,Yes
S19294,0,1,1,0,0,1,1,1,0,0,8,2,10,10,8.83,5,0,8,Yes
S19295,0,1,0,1,0,1,0,0,0,0,1,6,1,1,5.06,0,2,7,No
S19296,1,1,1,1,0,1,1,1,0,0,3,10,5,10,5.26,8,2,5,Yes
S19297,1,1,0,1,0,1,1,0,0,0,5,8,5,7,6.35,0,0,5,No
S19298,0,0,0,1,0,0,0,1,0,0,3,9,10,3,5.84,2,1,6,No
S19299,1,0,1,1,1,1,1,0,0,0,6,1,9,7,8.21,1,0,7,Yes
S19300,0,1,0,1,0,1,0,1,0,0,5,5,3,10,5.95,1,2,0,No
S19301,0,1,1,0,1,0,1,0,0,0,10,7,9,7,9.6,4,3,6,Yes
S19302,0,1,0,1,0,1,1,1,0,0,1,1,4,6,8.46,1,3,1,No
S19303,0,1,1,0,0,1,1,0,0,0,9,5,3,5,8.01,2,3,4,No
S19304,1,0,0,1,1,0,0,0,0,0,10,3,7,9,9.9,6,0,7,Yes
S19305,0,1,1,0,0,1,0,0,1,0,1,8,2,9,7.48,0,0,7,No
S19306,0,0,1,1,1,1,1,1,0,0,4,3,10,5,9.1,6,0,0,Yes
S19307,1,0,0,1,1,1,0,0,1,1,8,1,1,8,6.76,6,3,0,No
S19308,1,1,0,1,1,1,0,1,1,0,7,6,7,3,8.21,6,3,8,Yes
S19309,0,1,0,1,0,0,1,0,0,1,9,9,10,4,7.52,4,1,0,Yes
S19310,0,1,1,1,0,1,1,0,1,0,8,5,1,4,8.6,2,2,4,Yes
S19311,0,1,1,0,0,0,1,1,1,0,8,5,2,2,7.81,1,3,1,No
S19312,1,1,1,1,0,1,1,1,1,0,6,6,8,8,5.96,3,2,7,Yes
S19313,1,1,0,1,0,0,1,1,0,1,7,4,4,4,8.96,5,3,2,Yes
S19314,1,0,1,1,1,0,0,0,1,0,6,5,2,3,7.31,2,2,4,No
S19315,1,1,0,1,0,1,1,1,0,0,8,3,8,7,5.14,6,2,3,Yes
S19316,0,0,1,1,0,0,1,0,0,1,1,6,2,10,9.3,4,0,6,No
S19317,1,1,0,1,0,0,0,1,1,1,3,2,5,4,7.7,1,3,3,No
S19318,0,1,0,1,1,1,0,0,1,0,5,1,4,4,5.93,2,2,7,No
S19319,0,1,0,0,1,0,1,1,0,0,10,5,9,1,5.23,7,2,8,Yes
S19320,0,1,0,1,0,0,1,1,1,0,5,4,4,6,6.23,0,2,0,No
S19321,1,1,0,1,1,1,1,0,0,0,9,3,9,2,8.68,5,0,0,Yes
S19322,0,1,0,1,1,0,1,1,1,0,1,5,10,6,7.95,4,0,5,Yes
S19323,1,1,0,0,0,0,0,1,1,0,4,8,9,1,8.17,4,3,3,Yes
S19324,1,1,0,1,1,0,1,1,0,1,6,5,9,7,9.0,6,2,0,Yes
S19325,1,0,0,1,1,0,0,1,0,0,2,4,8,6,6.9,7,2,5,Yes
S19326,0,0,0,1,0,0,0,0,1,0,2,3,3,1,5.74,8,1,8,No
S19327,1,0,1,1,0,0,1,0,0,0,4,6,4,5,9.66,7,1,6,Yes
S19328,1,1,0,1,0,1,1,0,0,1,1,2,3,10,9.72,0,2,7,Yes
S19329,1,0,0,0,1,0,1,0,0,0,5,7,5,8,5.83,3,3,1,No
S19330,1,0,0,1,0,1,1,0,0,0,5,2,7,3,5.76,5,2,2,No
S19331,1,0,1,0,0,0,0,0,0,0,6,10,9,3,7.6,3,0,6,Yes
S19332,0,1,0,1,1,1,1,1,0,0,3,5,4,4,9.92,1,2,7,Yes
S19333,0,1,0,1,1,1,0,0,1,0,8,4,10,3,5.5,3,2,7,Yes
S19334,0,0,1,0,0,1,1,0,0,1,2,7,6,6,6.63,3,3,8,Yes
S19335,0,0,0,1,0,1,1,0,0,1,6,5,3,5,8.08,8,1,1,Yes
S19336,0,0,0,1,1,1,0,1,0,0,9,1,6,1,6.36,2,2,4,No
S19337,1,1,0,1,1,0,0,0,0,0,6,3,2,1,6.41,8,2,2,No
S19338,0,1,0,1,1,0,0,0,0,0,4,2,10,7,7.35,0,1,2,No
S19339,0,1,0,0,1,1,0,0,0,0,4,1,10,5,9.8,6,0,8,Yes
S19340,1,0,0,1,0,1,1,1,0,1,9,4,4,5,9.46,1,1,4,Yes
S19341,0,1,1,0,1,0,1,1,0,0,3,7,3,6,6.67,2,0,1,No
S19342,0,1,0,1,0,0,0,1,1,0,4,1,5,5,9.43,1,3,2,Yes
S19343,0,0,0,1,1,0,1,0,0,0,3,5,5,8,5.27,4,3,1,No
S19344,0,1,0,1,0,0,1,0,0,1,7,2,10,2,6.94,1,1,3,No
S19345,1,1,0,0,1,0,1,1,0,0,9,7,3,9,6.67,1,1,3,No
S19346,0,0,0,0,1,0,1,0,0,0,7,8,1,3,5.23,1,1,5,No
S19347,1,1,1,1,0,1,0,1,1,0,7,1,6,8,8.45,4,2,2,Yes
S19348,0,1,0,1,1,1,1,1,0,0,1,5,3,7,5.94,6,1,5,No
S19349,0,0,1,0,0,1,0,0,0,0,4,6,6,9,9.27,4,3,6,Yes
S19350,0,0,1,1,0,0,0,1,0,0,2,3,8,10,6.71,8,0,6,No
S19351,1,0,0,1,1,1,1,0,0,0,7,9,3,8,7.16,7,2,2,Yes
S19352,1,1,1,0,1,0,0,1,0,0,4,7,8,3,7.28,6,1,3,Yes
S19353,1,1,1,0,1,1,0,0,0,0,10,6,4,3,5.28,5,0,2,No
S19354,1,0,0,1,0,1,1,0,1,0,2,5,8,2,6.75,0,1,2,No
S19355,0,1,0,1,1,1,1,0,1,1,3,5,5,8,5.78,5,0,3,No
S19356,0,1,0,0,0,1,1,0,0,0,2,1,1,9,5.26,7,2,3,No
S19357,0,1,0,1,0,1,0,0,0,0,1,9,5,7,9.24,0,1,0,No
S19358,0,1,1,1,0,0,0,0,0,1,10,7,7,7,6.13,7,0,7,Yes
S19359,1,1,0,1,1,0,1,1,1,0,10,3,5,4,6.01,5,2,4,Yes
S19360,1,1,1,0,1,1,1,0,0,1,3,7,6,5,6.55,5,0,1,Yes
S19361,1,1,0,1,1,0,1,1,1,0,4,7,2,1,7.23,0,2,4,No
S19362,0,0,1,1,0,1,0,1,0,0,10,9,8,5,6.58,8,2,0,Yes
S19363,0,1,0,1,0,0,0,1,1,0,4,9,1,1,7.83,0,3,4,No
S19364,0,1,0,0,1,0,0,0,0,0,3,1,10,7,5.23,1,1,6,No
S19365,1,1,0,0,1,0,1,1,0,0,3,1,4,8,7.98,7,3,7,Yes
S19366,1,1,1,0,0,0,0,1,0,0,6,4,2,5,5.23,2,2,5,No
S19367,0,0,0,0,1,1,1,0,0,0,4,4,4,5,8.01,4,3,8,Yes
S19368,1,0,0,1,0,0,1,1,1,0,8,6,6,5,6.35,2,3,5,Yes
S19369,0,0,0,1,0,0,1,1,0,0,6,10,1,6,5.33,3,0,0,No
S19370,1,0,0,0,1,0,0,0,0,0,8,5,6,7,5.2,2,2,6,No
S19371,1,0,0,0,1,1,0,0,0,0,10,8,2,1,6.57,1,0,0,No
S19372,0,1,0,0,1,1,1,1,0,0,4,1,5,5,8.86,8,0,3,No
S19373,1,1,0,0,0,0,0,0,1,1,5,6,6,1,8.66,4,1,3,No
S19374,0,1,1,1,0,0,1,0,0,0,10,7,5,10,6.24,5,2,2,Yes
S19375,0,1,0,1,0,0,0,0,1,1,6,1,9,5,8.24,4,1,3,Yes
S19376,1,0,1,1,0,1,1,1,1,0,3,6,6,1,8.75,3,1,8,Yes
S19377,0,1,1,1,0,0,1,0,0,0,6,3,6,4,7.97,5,0,8,No
S19378,0,1,0,1,0,1,0,0,1,0,7,4,5,5,7.21,6,0,0,No
S19379,1,1,0,0,1,1,1,1,0,0,5,1,1,9,9.59,4,0,0,No
S19380,0,1,1,0,0,1,1,1,0,1,9,3,2,3,5.45,5,3,0,Yes
S19381,0,1,0,0,0,1,1,1,0,0,8,5,6,5,7.88,3,3,7,Yes
S19382,1,0,0,0,1,0,1,0,1,1,3,10,1,1,8.67,6,1,7,No
S19383,0,1,1,1,1,0,1,0,1,0,7,8,2,3,8.52,2,2,6,Yes
S19384,1,0,1,1,1,1,0,0,0,1,6,3,5,8,7.35,7,0,6,Yes
S19385,0,0,0,1,0,1,0,0,0,0,1,6,1,6,5.51,0,3,5,No
S19386,0,1,1,0,0,1,0,0,1,0,7,6,1,3,5.61,2,0,0,No
S19387,1,1,0,1,1,0,1,0,1,0,7,2,4,7,9.5,7,3,6,Yes
S19388,1,0,0,0,0,0,0,0,0,0,2,1,7,1,6.23,1,1,6,No
S19389,1,0,1,1,0,1,0,0,0,0,8,3,9,9,7.0,5,2,7,Yes
S19390,1,1,1,1,0,0,1,1,1,1,2,7,5,7,9.03,0,0,5,Yes
S19391,0,1,0,0,0,0,0,0,0,0,7,5,10,10,7.89,6,3,3,Yes
S19392,0,1,0,0,1,0,0,0,1,0,1,10,8,7,6.01,5,1,1,No
S19393,1,1,1,1,0,0,1,1,1,1,7,7,4,2,8.37,7,0,0,Yes
S19394,0,0,0,0,0,0,0,1,0,1,6,1,7,10,6.56,1,1,2,No
S19395,0,1,0,0,0,1,1,0,0,0,8,2,9,9,8.26,5,0,7,Yes
S19396,0,1,1,0,0,0,1,0,0,0,2,7,3,10,7.91,0,2,4,No
S19397,0,1,0,1,1,1,0,0,0,0,8,7,7,7,5.92,6,1,3,Yes
S19398,0,0,1,1,1,1,0,0,0,1,5,3,5,4,7.28,7,3,7,Yes
S19399,1,0,0,0,1,0,0,0,0,1,4,9,2,10,5.89,7,2,1,Yes
S19400,1,1,0,1,1,1,1,1,0,0,10,6,6,7,5.48,6,0,4,Yes
S19401,0,1,0,0,0,0,1,1,1,1,10,4,1,3,8.29,5,0,8,Yes
S19402,1,1,0,1,0,0,1,1,0,1,10,2,7,1,9.28,3,3,6,Yes
S19403,0,1,0,0,1,1,1,1,1,0,9,5,2,10,9.91,7,3,6,Yes
S19404,0,0,1,1,1,1,0,1,1,1,7,5,3,5,5.08,3,0,5,No
S19405,0,1,1,1,1,1,1,0,1,1,5,3,7,7,5.52,5,1,0,No
S19406,1,1,1,1,1,0,1,0,0,1,7,7,10,9,7.87,2,2,3,Yes
S19407,1,1,1,0,0,1,0,0,1,1,8,7,8,10,8.19,2,1,3,Yes
S19408,1,1,0,1,1,0,1,0,0,1,1,8,6,6,5.88,1,2,5,Yes
S19409,1,1,1,1,0,0,1,0,1,0,9,5,6,6,9.25,8,2,2,Yes
S19410,1,1,0,1,1,1,1,1,0,0,6,8,8,10,6.18,4,0,1,No
S19411,0,1,0,1,0,1,1,0,0,0,1,3,3,5,5.86,4,1,1,No
S19412,1,0,1,0,1,0,1,0,1,0,5,2,3,6,7.77,6,3,8,Yes
S19413,1,1,0,0,1,1,0,1,1,0,6,3,6,2,5.0,5,1,6,No
S19414,1,1,0,1,1,1,1,0,1,0,7,3,4,4,5.32,6,3,5,Yes
S19415,1,1,1,1,0,1,1,0,0,0,5,10,7,6,8.4,6,0,2,Yes
S19416,1,1,0,1,0,1,1,0,0,1,8,2,3,9,8.2,0,0,7,No
S19417,1,1,1,1,1,1,1,1,0,1,9,1,6,3,7.1,5,0,1,No
S19418,0,1,1,0,1,0,0,1,0,0,4,9,7,4,7.34,5,3,0,Yes
S19419,1,1,1,1,0,1,1,1,1,0,7,9,8,9,6.87,5,1,0,Yes
S19420,0,1,0,0,0,0,1,1,0,0,7,7,6,8,7.23,7,3,7,Yes
S19421,0,1,0,1,0,1,1,0,0,0,2,2,9,4,5.23,4,3,7,No
S19422,1,1,1,1,1,0,0,0,0,1,9,8,3,3,5.29,4,3,3,Yes
S19423,0,0,0,1,1,0,1,1,1,0,6,6,4,6,8.75,7,1,8,Yes
S19424,1,1,1,0,1,0,1,0,0,0,3,6,6,2,5.41,0,1,5,No
S19425,1,1,0,1,0,0,0,1,0,0,2,5,3,2,8.38,6,0,6,No
S19426,1,1,1,1,1,0,1,0,1,0,1,8,2,3,7.1,6,3,8,Yes
S19427,1,1,1,0,0,1,0,1,0,0,9,9,2,6,9.51,2,1,5,Yes
S19428,1,0,1,1,1,0,1,0,1,0,3,7,7,1,9.11,0,1,3,Yes
S19429,1,1,0,0,1,1,1,0,1,0,6,2,4,3,9.8,8,2,6,Yes
S19430,0,1,1,1,1,1,1,0,1,0,9,2,4,2,8.29,4,2,3,Yes
S19431,0,1,0,1,1,1,0,1,0,0,10,4,9,10,5.19,5,2,3,Yes
S19432,1,1,0,0,0,1,1,1,0,0,1,8,5,8,5.4,6,3,4,Yes
S19433,1,1,0,1,1,1,1,0,1,0,6,1,6,7,8.02,1,3,6,Yes
S19434,1,1,1,0,0,1,1,1,0,0,7,3,6,8,9.69,6,0,3,Yes
S19435,1,1,1,1,1,1,0,0,0,0,10,10,9,1,8.74,2,1,3,Yes
S19436,0,1,1,0,1,1,0,0,0,0,8,4,6,9,7.84,5,3,8,Yes
S19437,1,0,0,1,1,0,0,1,1,0,10,9,9,8,5.19,7,0,7,Yes
S19438,1,1,1,1,1,0,0,0,0,1,1,6,9,10,8.99,3,2,1,Yes
S19439,0,1,0,0,1,1,1,1,0,0,8,10,10,6,6.87,8,2,2,Yes
S19440,0,0,1,1,1,0,1,1,0,0,7,8,1,1,9.23,5,3,3,Yes
S19441,1,0,1,1,0,0,1,0,1,0,4,6,10,5,6.54,7,2,0,Yes
S19442,0,1,0,1,1,0,0,0,0,0,9,4,3,3,9.64,0,3,7,Yes
S19443,1,0,0,1,1,0,1,0,0,1,4,8,4,3,8.69,5,0,8,No
S19444,1,1,0,1,1,1,1,1,1,0,3,2,6,9,8.11,1,3,7,Yes
S19445,1,1,0,1,1,0,1,0,0,0,5,5,10,7,8.91,0,1,3,No
S19446,1,0,1,1,0,1,1,1,0,0,10,2,8,2,7.76,3,1,0,No
S19447,0,0,0,0,1,0,1,0,0,0,1,9,9,7,6.86,4,3,4,No
S19448,1,1,0,1,1,0,1,0,0,1,1,8,4,6,5.27,2,2,7,No
S19449,1,1,0,1,0,1,0,1,0,1,10,8,2,7,7.93,8,0,7,Yes
S19450,1,0,1,0,1,1,0,0,0,0,6,8,10,10,7.03,2,3,3,Yes
S19451,1,1,0,1,1,1,0,0,0,1,6,5,8,7,6.42,6,0,6,Yes
S19452,0,0,0,0,0,0,1,1,0,1,4,6,10,3,5.28,0,3,2,No
S19453,1,1,0,1,1,0,1,0,1,1,3,5,7,9,9.89,2,0,7,Yes
S19454,1,1,0,0,1,1,0,1,1,0,9,4,4,3,9.61,7,0,0,Yes
S19455,0,1,0,1,0,0,1,1,0,1,6,1,8,9,8.64,3,2,4,Yes
S19456,1,1,1,1,1,1,1,0,0,1,6,4,2,1,6.6,2,1,2,No
S19457,1,1,0,0,0,1,1,1,0,1,2,2,5,5,9.49,1,0,5,No
S19458,1,1,0,0,1,1,0,0,1,1,1,4,6,8,5.73,8,1,1,Yes
S19459,1,1,0,1,1,0,0,0,0,0,10,6,6,6,9.97,3,2,4,Yes
S19460,1,0,1,1,1,0,1,0,1,0,3,8,4,3,5.8,4,3,3,No
S19461,1,1,0,1,0,0,0,1,1,1,9,6,8,4,6.41,4,2,4,Yes
S19462,0,1,1,0,0,1,1,1,0,0,6,8,7,6,5.19,3,2,1,No
S19463,0,1,1,0,0,0,1,0,0,1,4,7,7,6,5.57,3,1,6,No
S19464,0,1,1,1,0,0,1,0,1,0,4,2,4,8,9.06,8,2,6,Yes
S19465,0,1,0,1,1,1,0,0,1,0,6,9,5,8,9.1,1,3,6,Yes
S19466,1,0,0,1,1,1,0,0,0,1,9,5,2,5,6.23,4,2,7,No
S19467,0,0,1,1,1,1,1,0,1,0,1,10,5,7,5.15,2,0,1,No
S19468,1,0,1,1,1,0,0,0,0,0,4,8,3,5,6.19,6,3,5,Yes
S19469,1,1,1,1,0,0,1,1,0,1,2,3,6,2,5.59,3,2,2,No
S19470,1,0,1,1,1,1,1,0,1,0,5,7,4,1,8.62,1,1,8,Yes
S19471,1,1,1,1,1,1,1,0,0,0,4,6,2,10,5.76,5,3,7,Yes
S19472,0,1,1,0,1,1,0,1,0,0,7,2,3,2,6.12,7,3,5,Yes
S19473,1,1,1,0,0,0,0,0,1,0,3,1,9,6,5.64,4,2,0,No
S19474,1,1,0,0,0,1,1,0,0,0,4,2,9,7,7.52,2,1,7,Yes
S19475,1,1,0,0,0,1,1,0,0,0,3,1,5,5,6.65,4,3,2,No
S19476,1,1,0,0,0,1,1,1,1,0,4,6,5,9,6.89,4,0,3,No
S19477,1,1,0,1,0,1,0,0,0,1,1,3,1,2,9.71,2,3,8,No
S19478,1,1,0,1,1,0,0,0,0,1,5,9,1,7,8.67,0,2,6,No
S19479,1,0,0,1,1,1,1,0,1,0,7,8,4,10,7.9,7,0,6,Yes
S19480,0,0,1,1,0,1,0,0,0,0,9,8,1,3,6.5,0,1,0,No
S19481,1,0,0,0,0,0,0,0,0,0,5,9,7,2,8.2,2,2,8,No
S19482,1,1,1,1,1,1,1,0,1,1,1,4,4,1,5.52,5,0,6,No
S19483,0,1,0,1,0,1,1,0,1,1,7,2,4,9,9.51,1,2,0,Yes
S19484,0,1,1,0,0,1,0,1,0,1,8,9,6,6,9.58,1,2,6,Yes
S19485,1,1,0,0,0,0,1,0,0,1,2,4,8,6,9.88,4,0,6,Yes
S19486,1,0,0,0,1,1,1,0,0,0,10,9,8,9,9.46,4,3,1,Yes
S19487,0,1,1,1,0,0,0,0,0,1,5,2,7,3,6.66,8,3,8,Yes
S19488,1,0,1,0,1,0,0,0,0,1,4,3,1,8,9.05,0,0,4,No
S19489,1,0,0,1,0,0,1,0,1,1,8,7,2,8,5.91,2,3,2,No
S19490,1,1,1,1,0,1,1,0,0,0,9,8,9,10,6.69,6,3,4,Yes
S19491,0,0,1,1,0,1,1,0,1,0,3,10,2,8,5.96,4,2,0,No
S19492,0,1,0,1,1,1,0,1,0,1,5,3,2,9,7.35,4,1,4,No
S19493,0,1,0,1,0,1,1,1,0,0,4,3,8,7,5.9,0,1,2,No
S19494,1,0,1,1,0,1,0,0,0,0,8,5,9,7,6.57,6,2,7,Yes
S19495,1,1,0,1,1,1,1,0,0,0,6,1,8,4,9.13,7,3,5,Yes
S19496,1,1,0,1,1,1,0,1,0,0,7,10,4,9,5.76,1,2,5,Yes
S19497,0,1,1,0,0,0,0,0,0,0,2,6,3,10,9.86,7,3,2,Yes
S19498,0,0,0,1,1,1,0,0,0,0,4,1,9,1,8.35,8,2,4,Yes
S19499,1,1,0,1,0,0,1,0,1,0,2,4,8,9,7.21,6,2,8,Yes
S19500,0,0,1,1,0,1,0,1,0,1,6,8,7,4,8.43,1,1,4,Yes
S19501,1,1,0,1,0,0,0,0,1,0,2,5,2,4,9.1,8,2,3,Yes
S19502,1,1,1,1,0,0,1,0,0,0,1,5,10,9,5.31,3,1,2,No
S19503,0,1,0,0,1,0,1,0,1,0,3,2,5,8,5.34,0,0,8,No
S19504,1,1,1,0,1,0,0,0,0,0,4,7,6,2,8.71,6,2,1,Yes
S19505,1,1,0,0,0,1,1,1,1,0,6,4,8,5,7.81,4,3,1,Yes
S19506,1,0,0,1,1,1,0,0,1,1,1,1,9,3,7.59,4,2,1,No
S19507,0,0,0,1,0,0,1,1,0,0,2,4,6,6,8.26,6,3,6,Yes
S19508,0,0,0,0,0,0,0,0,0,0,1,2,2,9,8.18,3,0,2,No
S19509,0,1,1,1,1,1,1,0,1,1,8,2,4,3,7.92,1,1,1,No
S19510,0,1,0,0,1,1,1,0,1,0,5,5,4,2,9.61,3,3,7,Yes
S19511,1,1,0,1,1,0,0,0,0,0,4,9,3,7,5.51,1,1,2,No
S19512,1,1,0,1,1,0,1,0,0,0,8,2,3,4,5.51,4,2,0,No
S19513,0,0,1,0,1,1,0,0,1,0,6,6,2,10,9.01,7,0,7,Yes
S19514,0,1,0,1,0,0,1,1,1,0,2,5,9,8,6.58,4,0,2,No
S19515,0,0,0,1,1,1,0,0,0,1,3,4,9,10,7.11,4,3,3,Yes
S19516,0,1,1,1,1,0,1,1,0,0,5,9,10,10,8.63,3,3,4,Yes
S19517,0,1,1,1,0,1,0,0,0,1,9,7,7,3,5.88,1,0,4,No
S19518,1,0,1,0,0,0,1,0,1,0,1,9,6,2,9.51,4,1,0,Yes
S19519,1,0,0,1,0,1,1,0,0,0,9,7,3,7,8.76,2,0,8,Yes
S19520,0,0,0,1,0,1,0,0,0,1,3,8,6,4,5.05,8,1,4,No
S19521,0,0,0,1,1,0,1,0,0,0,7,3,2,9,8.54,1,2,3,No
S19522,0,0,1,1,1,0,1,0,0,0,9,7,2,9,6.56,2,0,1,No
S19523,1,0,0,1,1,1,1,0,1,0,1,4,6,1,5.16,4,0,5,No
S19524,1,0,0,0,1,1,0,0,1,0,1,9,1,9,8.33,4,0,8,Yes
S19525,0,0,0,1,1,1,0,1,0,1,9,5,10,9,9.25,1,2,6,Yes
S19526,0,1,1,1,1,1,1,0,1,0,1,4,2,4,8.86,7,2,0,No
S19527,0,0,1,0,1,0,1,0,1,1,8,2,7,5,8.68,7,1,2,Yes
S19528,1,1,0,1,0,1,1,0,0,0,3,7,5,4,7.16,5,3,0,No
S19529,0,1,0,0,0,1,0,0,0,0,1,10,2,10,6.28,3,3,7,No
S19530,0,1,0,0,1,1,0,0,1,0,1,9,5,2,6.33,2,0,0,No
S19531,0,0,0,0,1,1,0,1,1,0,7,6,6,10,5.86,7,3,4,Yes
S19532,1,1,1,1,1,0,1,0,1,0,5,7,9,2,6.7,2,2,5,Yes
S19533,1,0,1,1,1,1,1,0,1,0,1,10,8,6,8.74,8,2,0,Yes
S19534,0,1,1,1,0,0,1,0,0,0,1,3,4,9,6.19,6,3,8,Yes
S19535,1,1,1,1,1,0,1,1,0,0,3,3,10,6,9.12,5,1,8,Yes
S19536,1,1,0,0,1,0,1,0,0,1,8,6,7,7,9.21,4,2,5,Yes
S19537,1,1,1,1,1,0,1,1,0,0,2,10,5,2,7.34,4,2,8,Yes
S19538,0,1,1,1,1,0,0,0,1,1,6,9,10,4,7.39,0,1,4,Yes
S19539,1,0,0,1,1,1,1,0,0,1,1,8,4,10,8.69,4,3,1,Yes
S19540,1,1,1,0,1,1,0,1,1,1,9,4,7,6,9.46,4,0,7,Yes
S19541,0,1,1,0,1,1,1,1,0,0,2,6,8,9,7.67,2,3,7,Yes
S19542,0,1,1,0,1,0,0,0,0,1,7,7,1,2,5.21,8,0,4,No
S19543,1,0,0,1,1,0,0,0,1,0,9,9,2,5,7.35,7,0,2,Yes
S19544,1,1,0,0,0,1,1,0,1,1,6,7,4,9,8.99,0,2,7,Yes
S19545,0,1,1,1,1,1,1,0,0,0,10,6,7,3,5.62,1,0,5,No
S19546,1,1,0,0,0,1,1,0,1,0,10,4,3,5,5.91,7,2,2,No
S19547,0,0,1,1,0,1,0,1,0,0,8,8,9,9,6.95,6,3,0,Yes
S19548,1,1,1,1,0,0,1,0,1,1,4,1,4,6,7.97,5,1,6,Yes
S19549,0,1,1,1,0,0,0,0,0,0,7,1,10,10,5.75,8,3,2,Yes
S19550,0,0,0,0,1,1,0,0,0,0,10,8,2,6,8.79,4,3,4,Yes
S19551,0,0,0,1,1,0,1,1,0,0,1,2,8,9,5.99,8,1,7,No
S19552,1,1,1,1,1,1,1,1,1,1,7,4,3,5,6.35,0,3,4,Yes
S19553,0,1,0,0,0,0,1,1,0,1,5,8,6,6,8.28,0,3,5,Yes
S19554,1,1,1,1,1,1,1,0,1,0,5,1,7,8,8.8,7,0,8,Yes
S19555,0,0,1,0,0,0,1,0,0,0,3,6,2,3,8.82,2,3,4,No
S19556,1,1,0,1,1,0,0,0,0,0,9,7,1,2,9.53,0,1,2,No
S19557,0,1,0,1,1,1,1,0,0,0,2,6,8,10,9.15,8,1,2,Yes
S19558,1,1,1,0,1,1,1,0,1,1,7,6,7,3,7.16,5,0,3,Yes
S19559,0,0,0,1,0,1,0,1,0,0,8,3,4,1,6.45,7,1,2,No
S19560,1,0,0,1,0,0,0,0,0,0,7,6,9,4,8.63,8,2,4,Yes
S19561,1,0,1,0,0,1,1,0,1,1,6,9,9,9,6.31,3,2,8,Yes
S19562,1,1,1,1,0,0,1,0,0,1,10,5,5,8,7.78,2,3,0,Yes
S19563,1,1,1,0,1,1,1,0,1,0,7,2,9,8,8.29,3,3,6,Yes
S19564,1,1,0,1,0,0,1,0,0,0,7,5,2,8,5.3,5,0,8,No
S19565,1,1,1,1,0,1,0,0,1,0,9,8,7,6,8.8,5,1,3,Yes
S19566,0,0,0,1,1,1,0,1,0,1,9,7,4,5,8.01,7,0,0,No
S19567,1,1,0,0,1,0,1,0,0,0,3,8,6,3,8.25,3,1,2,No
S19568,0,1,1,0,0,1,1,1,0,1,5,8,7,5,6.08,4,3,3,Yes
S19569,1,0,0,1,1,0,0,0,1,1,1,2,4,4,8.37,4,2,3,Yes
S19570,0,1,0,1,1,1,1,0,0,0,9,10,3,8,5.1,1,0,6,No
S19571,1,0,1,1,1,0,0,0,0,0,3,9,9,10,9.9,5,2,1,Yes
S19572,0,0,1,0,0,1,0,1,1,0,2,4,6,3,8.76,5,1,1,No
S19573,0,0,1,1,0,0,0,0,0,0,8,10,4,5,8.75,2,3,7,Yes
S19574,1,0,0,1,0,0,0,1,1,0,9,9,8,9,7.42,0,2,6,Yes
S19575,0,0,0,0,1,1,1,0,1,1,2,1,9,5,8.93,6,1,8,Yes
S19576,1,1,0,0,0,0,0,0,0,1,7,8,2,8,5.62,3,0,7,No
S19577,0,1,1,1,0,0,1,0,0,0,9,4,8,3,5.89,3,0,3,No
S19578,1,0,0,0,1,1,0,0,0,0,10,4,4,3,6.39,5,3,2,No
S19579,1,1,0,1,1,0,1,1,0,0,10,2,7,7,5.91,1,0,4,No
S19580,1,0,1,1,1,1,1,0,0,0,6,7,9,7,5.33,2,3,7,Yes
S19581,0,1,1,0,0,0,1,0,0,1,1,2,1,2,8.93,1,2,0,No
S19582,1,1,0,1,0,1,1,1,1,1,1,5,7,3,8.72,3,0,6,Yes
S19583,0,1,1,1,1,0,1,0,0,0,1,6,8,5,9.78,2,0,2,No
S19584,1,1,0,0,0,0,1,0,0,0,10,2,2,2,7.84,2,2,7,No
S19585,1,0,1,1,1,1,1,0,0,0,9,7,3,7,6.1,3,3,4,Yes
S19586,0,0,1,1,0,0,1,0,0,0,9,4,2,8,6.36,8,1,3,Yes
S19587,0,1,0,1,1,1,1,1,1,1,3,5,3,3,7.3,0,1,1,No
S19588,0,0,0,1,0,0,0,0,1,0,8,8,2,4,6.57,5,1,0,No
S19589,0,1,0,0,0,0,1,1,0,0,7,2,5,8,8.58,0,1,7,No
S19590,0,0,1,1,1,1,0,0,0,0,5,1,5,3,8.24,1,3,3,No
S19591,0,0,0,1,0,1,0,0,1,0,6,3,4,4,8.13,1,3,1,No
S19592,1,1,1,1,1,0,0,1,0,0,8,3,6,2,7.06,5,2,7,Yes
S19593,1,1,1,1,0,1,1,1,1,1,4,7,5,6,7.13,3,3,2,Yes
S19594,1,1,0,1,1,0,0,1,1,0,10,2,6,7,8.05,0,1,8,No
S19595,1,0,1,1,1,1,0,1,0,0,5,4,9,3,5.68,4,2,4,No
S19596,1,0,1,1,1,1,1,0,0,1,6,9,4,9,7.04,6,3,4,Yes
S19597,0,0,0,0,0,0,0,1,0,0,10,6,5,3,5.8,8,2,5,No
S19598,1,0,0,0,0,1,1,0,0,0,5,4,10,10,5.25,6,1,0,No
S19599,0,1,0,0,1,0,1,0,1,1,5,5,4,7,9.99,6,1,1,Yes
S19600,0,0,1,1,1,1,0,0,0,0,2,7,3,1,6.35,1,0,6,No
S19601,1,1,0,0,1,1,1,1,1,0,8,10,5,8,5.19,5,3,8,Yes
S19602,1,1,1,0,0,0,1,0,0,0,9,4,1,6,6.49,8,2,7,Yes
S19603,1,0,0,1,0,1,0,0,0,0,4,5,6,8,6.54,0,3,2,No
S19604,0,1,0,1,1,0,0,0,0,1,10,8,5,2,7.08,1,2,1,No
S19605,0,1,1,1,0,1,0,0,0,0,1,1,7,6,5.49,3,3,7,No
S19606,1,1,0,1,1,1,1,0,0,0,10,7,2,7,5.48,6,2,4,Yes
S19607,0,1,1,1,0,1,0,0,1,0,8,3,6,5,5.48,7,0,8,Yes
S19608,1,0,0,1,0,0,1,0,0,0,8,6,5,6,7.54,4,1,4,No
S19609,0,0,1,1,0,1,0,0,0,0,8,1,6,9,8.67,6,1,5,Yes
S19610,0,1,1,0,1,0,1,0,0,0,5,10,2,7,9.85,4,2,0,Yes
S19611,1,1,1,1,1,1,1,1,0,0,6,7,1,6,6.63,2,0,7,No
S19612,1,0,0,1,0,0,0,0,0,0,6,4,8,3,5.86,7,0,1,No
S19613,1,1,0,0,1,0,0,0,0,0,8,2,1,10,6.66,2,0,3,No
S19614,1,1,0,1,0,0,0,0,0,0,5,6,4,9,9.42,7,2,1,Yes
S19615,0,0,1,1,1,0,1,0,0,0,2,6,5,6,6.7,3,3,8,No
S19616,1,0,0,1,1,0,1,0,0,0,3,4,3,3,5.84,5,2,5,No
S19617,0,1,0,1,0,0,1,0,1,0,4,10,5,8,8.56,0,0,1,No
S19618,1,0,1,0,1,0,0,0,0,0,4,7,1,1,7.41,1,1,6,No
S19619,0,1,0,1,0,0,0,0,0,0,9,7,10,9,5.34,4,1,5,Yes
S19620,0,1,0,0,0,1,1,0,0,0,2,7,4,3,8.96,0,3,2,No
S19621,0,0,1,1,0,0,0,0,1,0,5,10,7,4,8.71,0,2,6,No
S19622,1,1,1,0,0,1,1,0,0,0,7,8,7,6,6.01,1,3,2,Yes
S19623,1,1,0,0,0,1,1,0,0,0,10,9,7,3,6.83,7,1,2,Yes
S19624,0,0,1,1,1,1,1,0,0,0,6,5,10,5,8.67,5,1,2,Yes
S19625,1,0,0,1,1,0,1,0,0,0,5,9,1,3,8.32,5,1,1,No
S19626,1,1,1,1,1,1,1,0,1,0,8,8,10,4,5.27,5,1,5,Yes
S19627,1,0,0,1,1,1,1,0,0,0,1,3,5,1,5.8,6,1,5,No
S19628,0,1,0,1,1,0,1,0,0,0,5,9,9,2,9.59,5,1,1,Yes
S19629,0,1,1,1,0,1,0,0,0,1,10,2,10,3,9.4,3,1,4,Yes
S19630,0,1,0,1,0,1,1,1,0,0,5,1,1,9,7.05,4,0,0,No
S19631,1,1,0,1,0,0,0,0,1,0,2,7,2,6,7.35,6,2,8,Yes
S19632,1,1,0,0,0,0,0,1,1,1,7,8,9,5,6.64,5,2,5,Yes
S19633,0,0,1,1,1,0,1,0,0,0,8,8,8,4,5.88,4,2,2,No
S19634,1,1,0,1,0,0,1,0,0,0,4,7,4,2,5.28,4,0,2,No
S19635,1,1,0,1,1,1,1,1,1,0,6,6,6,5,9.01,7,3,4,Yes
S19636,0,0,0,0,0,1,1,0,1,0,7,6,2,6,8.43,5,0,4,No
S19637,1,1,0,0,0,0,1,0,0,0,6,5,5,1,9.91,5,0,1,No
S19638,1,0,1,0,1,1,0,0,0,0,9,7,6,8,5.18,1,2,5,No
S19639,1,1,1,0,1,0,1,0,0,1,4,9,9,7,5.57,8,2,5,Yes
S19640,1,1,1,1,1,1,1,0,1,0,7,9,8,3,8.48,6,2,3,Yes
S19641,1,0,0,1,0,0,0,0,0,0,8,4,7,9,9.01,6,3,7,Yes
S19642,0,1,1,0,0,0,0,1,1,0,4,5,5,2,7.89,6,3,3,Yes
S19643,1,1,0,1,0,0,1,1,1,0,4,4,4,1,7.33,6,0,7,Yes
S19644,1,1,1,0,1,0,1,0,0,1,5,9,6,2,6.7,8,0,2,Yes
S19645,0,1,1,1,0,0,0,1,0,0,5,2,6,1,8.56,7,1,7,No
S19646,0,0,0,0,1,0,0,0,0,0,3,9,10,10,8.52,4,0,5,No
S19647,1,1,0,1,1,1,0,0,1,1,7,4,6,7,6.65,0,0,0,No
S19648,0,1,1,1,1,1,1,0,0,0,8,9,4,9,9.99,7,2,8,Yes
S19649,0,1,1,1,1,1,1,1,0,1,5,1,2,4,8.94,3,0,3,No
S19650,1,1,0,1,1,0,0,0,1,0,4,10,1,5,7.06,6,0,8,Yes
S19651,1,0,0,0,1,0,0,0,0,0,10,4,6,2,6.71,0,2,0,No
S19652,1,0,1,1,0,0,1,1,1,1,4,5,3,3,5.77,6,3,1,Yes
S19653,0,1,0,0,0,1,0,0,0,0,5,1,9,6,9.78,6,0,1,No
S19654,1,1,0,0,0,1,0,1,0,0,9,3,2,8,6.32,3,2,0,No
S19655,1,1,0,1,0,1,0,1,1,0,3,5,4,8,9.82,5,2,7,Yes
S19656,0,1,0,0,0,0,0,1,1,0,3,10,6,3,9.72,6,2,4,Yes
S19657,1,1,0,0,0,1,1,1,0,0,7,6,10,1,9.69,4,0,2,Yes
S19658,0,1,1,0,0,0,0,1,0,1,10,5,9,6,7.48,4,2,8,Yes
S19659,0,0,0,0,0,1,1,0,0,1,2,8,10,1,5.36,3,1,4,No
S19660,1,1,1,1,0,1,1,0,0,0,3,4,5,2,6.11,3,0,1,No
S19661,0,0,1,1,1,1,1,0,1,0,6,5,7,4,5.91,2,3,7,No
S19662,1,1,0,1,1,0,0,0,1,0,8,8,7,1,8.46,6,0,8,Yes
S19663,1,0,1,0,1,0,1,0,1,0,7,3,5,7,6.53,4,3,6,Yes
S19664,1,0,1,0,0,0,0,0,0,0,2,3,7,10,8.72,7,0,3,Yes
S19665,0,1,1,0,0,0,0,0,0,0,4,2,3,1,8.6,8,1,5,No
S19666,0,0,1,1,0,1,1,0,0,0,7,4,8,8,5.01,6,1,4,Yes
S19667,1,1,0,1,0,1,0,0,0,1,1,10,2,3,6.0,5,1,3,No
S19668,1,0,1,1,1,0,1,0,0,1,5,4,4,6,5.77,5,3,0,Yes
S19669,1,0,1,1,1,0,0,0,0,0,4,5,2,8,7.45,2,2,5,No
S19670,0,1,1,0,0,1,0,0,0,0,9,9,6,5,5.78,8,0,3,Yes
S19671,0,0,0,1,1,1,1,0,0,0,3,8,4,1,9.55,2,3,8,No
S19672,0,1,1,0,0,1,1,0,1,0,1,8,5,7,8.23,2,0,6,No
S19673,0,1,0,1,0,1,1,0,1,0,7,10,6,7,5.23,0,3,4,Yes
S19674,0,1,0,1,1,0,0,0,0,0,5,6,1,2,9.21,0,3,2,No
S19675,1,1,1,0,0,1,1,1,1,1,10,4,1,10,6.91,7,3,1,Yes
S19676,1,1,1,1,1,0,0,0,1,0,3,5,6,4,6.19,5,2,6,Yes
S19677,0,1,0,0,1,1,1,0,0,0,8,6,2,1,9.36,5,0,5,No
S19678,1,0,0,1,0,1,0,0,1,1,6,5,5,4,5.25,6,3,3,Yes
S19679,1,1,0,1,0,0,1,1,0,1,6,6,1,1,5.12,7,3,4,No
S19680,0,0,1,0,1,0,0,0,0,0,10,7,8,2,9.8,8,3,8,Yes
S19681,0,1,1,0,1,1,1,0,1,1,5,2,6,3,5.79,7,1,0,No
S19682,1,1,1,0,0,1,1,0,0,1,5,2,5,5,7.21,1,1,6,No
S19683,0,0,0,0,0,1,1,0,0,1,1,8,2,1,6.23,5,0,8,No
S19684,0,0,0,1,1,0,0,0,0,0,6,9,9,1,7.68,4,2,0,No
S19685,1,0,0,1,1,1,0,0,1,1,1,10,10,2,8.65,7,0,1,Yes
S19686,1,1,0,1,0,0,1,0,0,0,7,3,2,4,6.14,6,0,7,No
S19687,1,1,1,1,1,1,1,0,1,0,1,3,3,2,7.95,2,2,5,Yes
S19688,1,1,0,1,0,0,1,0,0,0,8,7,1,2,8.14,3,3,1,Yes
S19689,0,1,0,0,1,0,0,0,0,0,10,7,9,9,9.42,6,2,7,Yes
S19690,1,1,1,0,0,1,1,0,1,1,10,3,3,2,6.69,2,2,4,No
S19691,1,1,0,0,0,1,1,0,0,0,5,4,10,10,5.73,1,2,1,No
S19692,1,1,0,1,1,0,0,1,0,0,9,8,10,7,9.2,0,3,5,Yes
S19693,1,0,0,1,0,0,1,0,1,0,2,9,9,9,6.79,0,2,7,Yes
S19694,1,0,1,0,0,0,0,0,1,0,1,2,2,2,7.3,7,3,8,No
S19695,0,1,0,1,0,0,1,0,0,0,1,3,6,9,8.84,6,0,2,No
S19696,1,1,0,1,1,1,1,0,1,0,8,4,6,10,6.5,5,0,4,Yes
S19697,0,1,1,1,0,0,1,0,0,0,7,3,5,1,8.64,3,0,4,No
S19698,0,1,1,0,0,0,0,0,0,0,6,3,6,10,5.52,4,0,2,No
S19699,1,0,0,0,1,0,0,0,0,0,4,8,4,7,6.98,8,3,2,Yes
S19700,0,0,0,0,0,0,1,0,1,0,5,8,6,6,6.0,8,3,1,Yes
S19701,0,0,1,0,1,1,1,1,0,1,6,7,3,6,8.2,3,1,6,No
S19702,1,1,0,1,1,0,1,0,0,0,7,5,1,9,7.46,8,2,0,Yes
S19703,1,0,1,1,0,1,0,0,1,0,8,5,2,6,9.86,1,0,6,Yes
S19704,0,1,1,1,0,0,1,0,0,0,5,1,1,1,9.73,4,1,3,No
S19705,0,0,0,0,0,1,1,0,0,0,9,3,4,8,5.78,1,1,4,No
S19706,1,1,0,1,1,0,1,1,1,0,3,6,8,8,8.44,0,2,5,Yes
S19707,1,1,0,0,1,1,0,0,1,0,4,7,3,9,5.34,7,2,1,No
S19708,1,1,0,1,0,1,1,0,1,1,9,3,2,7,9.99,7,1,5,Yes
S19709,1,1,0,1,1,1,1,0,1,0,1,7,7,4,6.1,3,0,0,No
S19710,0,1,0,0,0,1,0,0,0,0,4,8,9,10,9.93,1,2,8,Yes
S19711,1,0,1,1,0,1,0,0,0,0,10,7,1,1,8.2,4,0,1,No
S19712,1,1,1,1,1,1,1,1,0,0,1,7,10,2,8.19,2,3,4,Yes
S19713,1,1,0,0,1,0,1,1,1,0,4,8,3,2,7.39,6,0,0,No
S19714,1,0,1,0,0,1,0,1,1,0,5,3,3,1,7.95,8,3,4,Yes
S19715,1,1,0,1,0,1,1,0,0,0,8,1,9,9,6.28,8,3,1,Yes
S19716,1,1,0,1,1,0,1,0,0,0,4,8,3,5,7.8,0,1,7,Yes
S19717,1,0,0,1,0,1,1,0,0,0,1,9,3,1,9.22,7,1,2,No
S19718,0,1,1,1,0,1,1,0,0,0,3,3,8,3,8.38,4,2,8,Yes
S19719,0,1,1,1,0,1,0,0,0,0,3,10,5,6,6.93,4,3,2,No
S19720,1,0,1,0,1,1,1,0,0,0,8,2,9,6,7.47,5,2,5,Yes
S19721,1,1,0,1,0,0,0,1,0,0,8,3,4,8,6.72,5,0,6,No
S19722,1,0,0,1,0,1,1,1,1,1,9,3,3,3,7.88,5,0,1,No
S19723,1,1,0,1,0,0,1,1,1,0,9,10,7,6,7.42,5,0,3,Yes
S19724,1,1,0,1,1,1,1,0,0,0,10,6,5,1,6.46,3,0,4,No
S19725,1,1,0,1,1,1,1,0,0,0,4,9,8,7,6.96,0,2,1,Yes
S19726,0,0,0,1,1,0,1,0,0,1,2,6,10,7,8.5,8,3,1,Yes
S19727,1,0,0,1,0,0,1,0,0,0,10,8,6,3,6.13,0,3,8,Yes
S19728,1,1,0,0,1,1,1,0,0,0,4,7,10,4,7.28,2,1,5,Yes
S19729,0,1,0,0,0,1,0,0,0,0,5,1,4,9,8.15,3,3,4,Yes
S19730,0,1,1,0,0,0,0,0,1,0,5,2,6,10,6.4,4,2,5,Yes
S19731,1,1,1,0,1,1,0,1,0,0,9,7,2,6,5.57,1,2,4,No
S19732,1,0,1,0,1,0,1,0,1,0,2,6,5,5,5.05,8,2,6,Yes
S19733,1,0,0,1,0,0,0,0,1,0,4,3,2,5,5.98,3,1,6,No
S19734,1,0,0,1,0,1,0,0,0,0,6,4,2,7,6.44,6,3,6,Yes
S19735,1,1,0,1,1,1,1,0,0,1,8,4,6,2,9.03,6,1,7,Yes
S19736,1,1,0,1,0,1,1,0,0,0,3,1,5,9,5.62,8,3,5,Yes
S19737,1,1,1,0,1,0,0,1,1,0,10,4,9,3,8.69,0,2,8,Yes
S19738,0,1,0,1,1,0,1,0,0,0,5,3,5,3,5.56,0,3,8,No
S19739,0,1,1,1,0,1,1,0,1,0,10,2,9,4,6.4,4,3,1,Yes
S19740,1,0,1,1,0,1,0,0,1,1,3,3,8,1,5.75,5,2,1,No
S19741,1,1,1,1,0,1,1,0,0,0,6,10,4,1,8.88,4,1,1,No
S19742,1,1,1,1,0,0,1,0,0,0,9,6,5,10,7.06,1,1,4,No
S19743,1,1,1,1,1,1,1,0,1,0,2,1,8,3,8.13,6,1,5,Yes
S19744,1,0,0,1,0,1,0,0,0,0,7,2,9,2,9.06,4,0,3,No
S19745,0,0,1,0,0,0,0,0,1,0,7,6,2,7,8.87,7,2,3,Yes
S19746,0,1,0,1,0,0,1,0,1,1,2,10,2,4,6.69,2,2,0,No
S19747,0,0,0,1,1,1,1,0,0,0,6,7,7,9,7.49,6,2,0,Yes
S19748,0,1,0,1,0,1,0,1,0,0,5,5,4,5,5.38,2,3,1,No
S19749,0,1,0,1,0,0,1,0,0,0,9,7,6,2,6.98,4,0,0,No
S19750,0,1,0,1,0,1,1,0,1,1,5,10,3,4,6.07,8,0,6,Yes
S19751,0,1,1,0,0,0,1,1,1,0,5,4,3,4,5.52,3,1,0,No
S19752,1,1,0,0,1,1,1,0,0,0,3,1,6,1,8.14,3,0,1,No
S19753,1,0,0,0,1,0,1,0,0,0,1,3,7,4,8.58,7,1,5,No
S19754,0,1,0,0,0,1,1,1,0,0,7,3,3,6,7.68,1,0,0,No
S19755,0,1,1,0,0,1,1,1,0,0,2,7,10,5,5.16,5,2,4,No
S19756,1,1,0,1,0,0,1,0,1,0,8,8,8,9,9.05,6,1,2,Yes
S19757,1,0,0,0,0,0,1,0,0,0,2,9,1,4,8.4,4,3,1,No
S19758,1,0,0,0,1,0,1,0,1,0,9,5,2,4,8.54,8,3,1,Yes
S19759,0,1,1,1,1,1,0,1,0,0,1,10,6,6,8.02,2,1,4,No
S19760,1,1,1,0,0,0,1,0,0,1,5,2,1,4,7.19,7,3,7,Yes
S19761,0,1,1,0,1,1,0,1,0,0,7,2,9,2,6.75,6,0,2,No
S19762,0,1,1,1,1,1,0,0,0,0,3,7,8,10,9.9,4,3,7,Yes
S19763,0,1,0,1,0,0,1,0,0,0,5,8,6,2,9.03,2,3,5,Yes
S19764,1,1,0,1,1,1,0,0,1,1,3,9,6,7,9.97,1,2,0,Yes
S19765,1,0,1,1,1,1,0,0,0,0,9,10,6,9,9.58,6,2,6,Yes
S19766,1,1,0,1,0,0,1,0,0,0,8,6,10,1,8.55,5,2,8,Yes
S19767,1,0,0,1,1,1,0,0,1,0,6,8,1,7,6.43,4,0,3,No
S19768,1,0,1,1,0,1,0,0,1,0,5,3,7,1,6.84,4,2,1,No
S19769,0,1,1,0,0,0,1,0,1,1,9,5,7,1,6.16,0,0,5,No
S19770,1,1,0,0,1,1,1,0,0,0,2,1,2,10,8.4,5,2,4,No
S19771,0,1,0,1,1,1,1,1,1,0,3,2,9,2,7.42,1,1,0,No
S19772,0,0,0,1,0,0,0,0,0,0,9,4,8,8,9.51,7,0,0,Yes
S19773,1,1,1,0,0,0,1,0,0,0,3,8,10,10,7.98,8,3,5,Yes
S19774,0,1,0,1,1,0,0,0,0,0,6,6,3,4,8.09,7,2,3,Yes
S19775,0,1,0,1,0,0,0,1,0,0,2,3,4,7,7.08,6,2,2,No
S19776,1,1,1,1,1,0,1,0,0,0,6,4,6,8,6.73,4,0,4,Yes
S19777,1,1,1,1,0,0,1,0,0,1,7,6,8,4,6.28,2,1,2,Yes
S19778,1,1,1,0,1,0,1,0,0,0,1,4,4,6,9.04,8,1,0,No
S19779,1,1,1,0,0,1,1,1,0,0,2,1,2,2,6.19,1,0,4,No
S19780,0,0,0,1,0,1,0,0,0,0,7,4,2,1,9.07,2,3,2,No
S19781,1,1,1,0,1,1,1,1,1,0,8,7,2,5,9.98,3,2,1,Yes
S19782,0,1,1,1,1,1,0,0,1,0,9,4,2,8,6.88,2,0,8,Yes
S19783,1,1,1,1,0,0,0,0,0,1,4,1,6,5,9.76,7,0,2,No
S19784,1,1,0,1,1,1,0,0,1,0,6,9,6,5,6.38,4,1,0,No
S19785,0,1,0,1,0,0,1,1,0,0,9,7,3,5,5.39,0,1,2,No
S19786,0,1,0,1,0,1,1,0,1,0,6,5,6,10,8.51,8,2,3,Yes
S19787,1,0,1,1,0,1,0,0,0,0,5,2,3,1,8.91,4,0,4,No
S19788,1,1,0,1,0,1,0,0,0,0,2,6,9,2,9.08,4,1,4,Yes
S19789,0,1,1,1,0,0,0,1,0,0,8,9,1,4,7.28,6,2,1,No
S19790,0,1,0,1,1,1,1,0,0,0,2,1,10,1,7.85,7,0,0,No
S19791,1,1,0,1,1,1,1,1,0,1,3,5,10,6,5.75,5,2,7,Yes
S19792,1,1,1,1,0,0,1,0,1,0,8,7,1,3,9.77,5,2,4,Yes
S19793,1,1,1,0,1,1,0,1,0,0,6,3,7,9,8.52,2,3,8,Yes
S19794,1,1,0,1,0,1,1,1,0,1,7,3,7,1,5.8,3,2,4,Yes
S19795,0,1,1,1,0,1,0,0,1,1,10,7,7,4,5.66,5,0,4,No
S19796,0,1,1,1,0,1,1,0,1,0,7,4,1,3,9.9,4,0,2,No
S19797,0,1,0,0,1,1,1,0,1,1,6,5,7,10,9.97,4,0,8,Yes
S19798,1,0,1,1,1,0,1,0,0,0,4,5,8,3,5.81,1,1,7,No
S19799,0,0,0,1,1,1,1,1,0,0,7,5,6,10,9.57,3,1,6,Yes
S19800,1,1,1,1,1,1,1,0,1,0,5,3,2,2,8.02,2,3,1,Yes
S19801,0,0,0,0,1,1,0,1,0,0,7,1,8,4,8.14,0,0,4,No
S19802,1,1,0,1,1,1,0,1,1,0,7,6,10,2,6.17,2,3,8,Yes
S19803,1,0,0,0,1,1,1,0,1,1,8,10,5,7,9.97,1,1,7,Yes
S19804,0,1,0,0,1,0,1,0,1,0,8,10,8,5,7.9,5,3,7,Yes
S19805,1,1,0,1,0,1,1,0,0,0,7,9,6,6,7.04,8,3,0,Yes
S19806,0,1,0,0,1,1,0,0,0,0,4,5,2,2,7.9,0,0,7,No
S19807,0,1,0,1,0,1,0,0,0,0,2,4,10,9,6.72,3,3,3,No
S19808,1,1,0,0,0,0,0,1,0,0,2,9,8,9,6.17,2,2,8,No
S19809,0,1,0,0,0,1,1,0,0,1,4,8,4,6,9.52,2,2,7,Yes
S19810,1,1,0,0,1,1,0,1,1,0,1,5,7,1,9.44,8,2,0,Yes
S19811,1,0,0,1,1,0,1,0,1,0,8,6,8,6,8.1,0,1,4,Yes
S19812,0,0,0,1,1,0,1,0,1,0,7,3,10,10,8.06,4,0,4,Yes
S19813,0,0,0,1,1,0,0,1,1,0,1,6,7,4,6.52,0,3,1,No
S19814,1,1,1,1,0,0,0,0,0,0,4,2,6,7,5.82,7,1,7,Yes
S19815,1,0,0,1,0,1,1,0,0,0,1,3,4,2,8.28,6,1,3,No
S19816,1,0,0,0,0,0,0,1,0,0,7,1,6,9,6.17,4,0,4,No
S19817,0,0,0,0,1,0,0,0,0,0,8,1,10,2,8.67,5,3,2,No
S19818,0,1,0,0,0,1,1,0,0,0,8,6,10,4,5.42,3,1,8,Yes
S19819,1,1,0,1,1,1,1,1,0,0,7,2,4,2,6.88,8,3,3,Yes
S19820,0,1,1,0,0,0,0,1,1,1,6,3,10,4,9.41,4,0,2,Yes
S19821,1,0,1,1,0,1,1,1,0,0,1,2,4,4,8.13,4,0,2,No
S19822,1,1,0,0,0,1,0,0,0,1,7,1,1,5,6.26,4,3,2,No
S19823,0,1,0,0,1,0,1,0,0,0,3,5,10,1,6.58,5,1,1,No
S19824,1,1,0,1,1,1,0,1,0,1,4,4,8,3,9.72,6,0,1,Yes
S19825,1,1,0,0,1,1,1,0,0,1,1,9,2,2,6.07,7,0,7,No
S19826,0,0,0,0,1,0,1,0,0,0,9,7,1,9,9.81,8,1,8,Yes
S19827,1,1,1,1,0,1,0,1,0,1,2,10,5,8,5.84,6,1,7,Yes
S19828,1,1,1,0,0,0,1,0,0,1,9,8,7,9,5.5,2,2,3,Yes
S19829,0,0,1,1,0,0,1,0,1,0,1,2,3,4,5.92,5,2,0,No
S19830,0,1,0,1,0,0,1,1,0,1,7,2,10,9,9.72,8,0,7,Yes
S19831,0,0,0,1,0,0,0,0,1,1,1,3,5,6,8.62,5,0,4,No
S19832,1,1,0,0,1,0,1,0,0,0,7,2,3,3,6.08,8,0,2,No
S19833,1,0,1,1,0,1,0,0,1,1,10,1,8,5,6.91,0,3,5,Yes
S19834,0,1,0,0,1,0,1,0,0,1,7,3,10,3,5.97,7,1,6,Yes
S19835,1,1,0,0,0,1,1,1,0,1,10,6,8,6,9.03,6,2,7,Yes
S19836,1,1,0,0,1,0,0,0,1,0,5,3,1,3,8.41,7,3,0,No
S19837,1,0,0,0,1,0,1,0,0,0,4,5,7,3,7.33,0,0,7,No
S19838,1,1,1,0,0,0,1,0,1,0,10,6,3,7,8.85,5,0,1,No
S19839,1,1,0,1,1,1,1,1,1,0,10,4,9,4,6.74,3,2,4,Yes
S19840,0,0,1,1,0,0,1,0,1,0,3,2,1,5,7.46,6,3,4,No
S19841,0,1,1,0,1,0,1,1,0,0,3,3,3,2,9.22,0,2,8,No
S19842,0,1,1,1,1,0,1,1,0,0,6,2,3,4,9.31,3,2,6,No
S19843,0,0,1,0,1,0,0,0,0,0,9,8,10,9,9.07,5,3,3,Yes
S19844,0,1,0,0,0,1,0,1,0,1,10,5,4,10,5.58,2,0,8,No
S19845,0,1,0,1,1,0,1,0,0,1,6,3,8,2,8.84,6,3,7,Yes
S19846,1,0,0,1,0,1,1,1,0,0,3,8,3,5,5.76,5,3,4,Yes
S19847,1,1,0,0,0,1,0,0,1,0,9,2,6,5,9.37,4,3,3,Yes
S19848,1,1,1,0,1,1,1,0,1,0,4,3,5,6,5.0,5,0,1,No
S19849,1,0,1,1,1,1,1,0,1,0,1,6,9,9,9.34,1,0,8,Yes
S19850,1,1,0,1,1,1,1,0,0,1,7,3,5,5,6.95,8,2,2,Yes
S19851,1,0,0,1,1,1,0,1,0,0,6,7,7,9,8.66,2,0,8,Yes
S19852,1,1,1,0,0,1,1,0,1,0,10,10,1,5,7.4,3,0,0,No
S19853,1,0,0,0,1,1,0,0,1,0,9,1,1,8,7.74,0,1,4,No
S19854,1,1,0,1,0,0,1,0,0,1,3,2,4,8,5.33,7,0,5,No
S19855,1,1,1,1,0,1,1,1,1,1,3,4,6,7,7.94,2,1,5,Yes
S19856,0,0,0,1,1,1,0,1,0,0,4,9,3,1,6.97,3,1,2,No
S19857,1,1,1,1,1,0,1,0,0,1,2,6,7,4,7.82,3,2,1,Yes
S19858,0,1,1,0,1,1,1,0,0,0,9,5,1,9,8.45,1,1,7,No
S19859,0,0,1,1,0,1,0,1,1,0,1,2,10,1,7.4,4,0,7,No
S19860,0,1,0,0,0,0,1,1,0,0,8,1,10,5,8.08,6,0,3,No
S19861,0,1,1,1,0,1,1,0,0,1,3,9,10,2,6.01,3,2,0,Yes
S19862,0,1,0,0,1,1,1,0,1,0,7,8,5,1,5.06,8,1,4,Yes
S19863,1,0,0,0,0,0,1,0,0,1,2,10,7,6,7.81,2,3,5,Yes
S19864,0,1,0,0,1,1,1,1,1,0,1,7,3,2,5.53,2,1,3,No
S19865,0,0,0,1,1,0,0,0,1,0,10,9,5,5,7.07,2,0,0,No
S19866,0,1,1,1,1,1,1,0,0,0,8,1,2,5,9.78,0,2,5,Yes
S19867,1,0,1,0,1,1,0,0,1,1,7,1,10,7,9.5,1,1,2,Yes
S19868,1,1,0,0,0,0,0,0,0,0,3,7,1,9,5.07,2,1,7,No
S19869,0,1,0,1,0,0,1,0,0,0,10,7,9,4,7.66,0,3,3,Yes
S19870,0,1,0,1,0,1,1,1,1,0,9,8,8,9,6.74,2,1,7,Yes
S19871,0,1,0,0,1,1,1,0,1,1,10,6,6,4,8.98,8,0,0,Yes
S19872,1,1,0,0,1,1,1,1,1,0,2,10,2,4,8.2,3,2,4,Yes
S19873,1,1,1,1,0,1,0,1,0,0,2,2,10,10,7.02,2,0,3,Yes
S19874,1,0,1,0,0,0,1,0,1,0,1,4,9,6,8.46,8,2,4,Yes
S19875,1,1,0,0,0,1,1,0,0,0,1,9,8,8,7.11,4,0,3,No
S19876,1,0,0,1,0,0,1,0,0,0,4,1,3,7,8.91,2,2,5,No
S19877,1,1,1,1,1,0,1,0,1,0,3,3,4,6,7.62,6,1,7,Yes
S19878,1,0,0,0,0,0,0,1,0,0,4,3,10,4,6.69,0,1,3,No
S19879,1,0,1,0,1,0,1,0,0,0,2,4,4,5,7.64,3,1,4,No
S19880,1,0,1,1,0,1,1,1,1,1,6,3,1,5,8.33,0,2,0,No
S19881,0,1,0,1,1,0,1,0,0,0,9,3,2,1,9.91,5,2,8,Yes
S19882,0,0,0,0,1,0,1,0,0,0,8,5,7,10,7.23,7,1,5,Yes
S19883,0,1,0,0,0,1,0,0,1,0,6,3,10,1,6.46,7,2,5,Yes
S19884,1,1,0,1,1,0,1,0,0,0,3,4,2,7,6.34,3,3,4,Yes
S19885,0,0,1,0,0,1,0,1,0,0,10,8,7,6,5.51,5,1,5,Yes
S19886,1,1,0,1,0,0,0,1,0,1,3,1,10,5,6.76,5,3,5,Yes
S19887,0,1,0,1,1,0,0,0,0,0,2,7,3,9,6.81,6,2,2,No
S19888,0,1,1,0,0,1,1,0,1,0,7,1,8,3,7.71,5,0,8,Yes
S19889,0,1,0,1,0,1,1,0,1,0,5,4,4,8,6.67,5,0,8,No
S19890,0,1,1,1,1,0,0,0,1,0,6,8,6,10,9.53,1,2,8,Yes
S19891,1,0,1,1,0,1,0,1,0,0,7,2,10,3,6.31,2,1,7,No
S19892,1,1,0,1,1,0,1,0,1,0,2,8,2,8,8.04,1,3,3,Yes
S19893,0,0,0,1,1,0,1,0,1,0,1,10,3,9,7.13,4,0,3,No
S19894,1,0,1,1,0,0,0,0,1,0,6,1,6,3,5.01,7,0,6,No
S19895,1,1,1,0,1,1,0,1,1,0,10,8,3,8,8.53,0,1,4,Yes
S19896,0,0,0,0,0,1,1,0,1,0,1,6,7,4,5.13,0,2,0,No
S19897,1,0,0,1,1,0,0,0,1,0,1,7,6,1,9.49,8,3,3,Yes
S19898,0,1,1,0,0,0,0,0,1,0,3,10,5,9,5.0,7,3,0,No
S19899,0,1,1,1,1,0,0,0,1,1,3,6,4,8,9.56,3,0,4,Yes
S19900,1,0,1,1,0,1,0,1,0,0,9,6,2,7,6.45,2,2,0,No
S19901,1,0,1,0,0,1,0,0,0,0,8,3,10,5,5.11,1,3,1,No
S19902,1,0,1,1,1,0,1,0,0,0,3,8,7,10,7.63,2,1,5,Yes
S19903,1,1,0,0,1,1,0,1,0,1,6,7,8,8,5.47,4,1,8,Yes
S19904,1,1,0,0,0,1,0,0,0,0,3,7,6,7,5.46,2,1,1,No
S19905,1,1,0,0,0,1,1,1,0,1,3,9,4,1,7.44,2,3,8,No
S19906,1,0,1,1,1,0,0,0,1,1,6,3,4,1,8.32,6,0,0,No
S19907,1,0,1,1,0,1,1,0,0,0,3,10,1,10,8.43,3,3,2,Yes
S19908,0,1,0,0,0,0,1,0,0,1,3,8,3,8,5.21,1,3,3,No
S19909,0,0,0,1,1,1,0,1,0,0,10,7,2,3,8.64,8,0,4,No
S19910,0,1,0,1,0,0,1,0,1,1,4,9,1,9,8.46,2,1,7,No
S19911,1,0,1,1,1,1,0,1,1,0,7,4,3,8,6.84,8,0,2,Yes
S19912,1,1,0,1,0,1,0,0,0,1,7,7,8,2,5.42,4,3,6,Yes
S19913,0,0,1,1,0,1,0,1,0,0,5,8,4,4,6.15,4,3,6,Yes
S19914,1,1,0,1,1,0,0,0,1,1,10,8,4,8,8.26,5,1,1,Yes
S19915,1,1,1,0,0,0,1,0,0,0,4,5,8,5,5.54,3,0,3,No
S19916,0,1,0,0,1,0,0,1,1,0,8,5,3,4,5.4,7,0,5,No
S19917,1,0,0,1,0,0,0,0,0,0,7,4,7,1,6.93,4,0,8,No
S19918,1,1,0,1,0,0,0,0,1,0,3,1,6,10,7.21,8,2,1,Yes
S19919,0,1,0,1,0,1,0,0,0,1,2,4,6,5,6.38,3,0,7,No
S19920,0,0,0,0,1,1,1,0,0,0,2,8,1,6,9.32,2,2,8,No
S19921,1,1,1,1,0,1,1,0,0,1,2,4,4,6,5.54,2,1,3,No
S19922,1,1,1,1,0,1,0,0,0,0,2,4,6,5,8.19,1,0,3,No
S19923,0,1,0,1,1,1,0,0,1,0,5,1,7,4,7.44,8,0,3,No
S19924,0,1,1,1,1,1,1,0,0,0,2,10,1,2,7.07,1,2,1,No
S19925,1,1,1,1,1,0,1,0,1,0,10,1,8,9,9.13,2,3,2,Yes
S19926,0,1,0,1,0,0,1,0,0,1,9,6,4,9,6.02,3,3,6,Yes
S19927,0,0,1,0,1,0,1,1,0,0,10,8,8,5,9.69,2,2,1,Yes
S19928,1,1,1,0,1,0,0,0,0,0,3,2,9,3,5.56,8,0,5,No
S19929,0,1,1,1,0,1,0,0,1,0,9,3,7,9,7.44,5,2,3,Yes
S19930,0,1,0,1,0,1,0,0,1,1,10,1,8,1,5.68,8,2,8,Yes
S19931,1,1,1,1,0,0,0,0,1,1,7,7,2,1,8.79,7,1,6,Yes
S19932,0,0,1,0,1,1,0,0,0,0,8,3,1,2,5.23,1,0,1,No
S19933,1,0,0,0,1,0,0,1,0,0,9,6,1,2,7.12,6,2,5,Yes
S19934,0,1,0,0,1,0,0,1,0,0,5,7,2,6,6.6,1,0,8,No
S19935,0,0,0,1,0,1,1,0,0,0,1,7,1,9,5.8,8,0,2,No
S19936,1,1,0,1,1,0,1,0,0,1,3,5,5,9,5.78,3,3,7,Yes
S19937,0,0,0,1,0,0,1,0,1,1,2,5,8,5,5.11,2,2,5,No
S19938,0,1,0,0,0,1,0,1,0,1,10,1,3,4,9.53,0,1,5,No
S19939,1,1,0,1,1,1,1,0,0,0,5,7,9,10,5.75,1,0,2,No
S19940,1,0,0,0,1,0,1,0,0,0,4,8,9,5,8.85,7,2,6,Yes
S19941,1,0,0,1,0,0,0,0,1,0,2,10,4,9,8.0,4,2,0,No
S19942,0,1,0,0,0,1,0,0,0,0,5,10,9,10,7.66,2,1,6,Yes
S19943,0,0,1,0,1,1,0,0,1,0,3,6,3,2,7.34,2,0,3,No
S19944,0,0,0,1,1,0,1,0,1,1,3,3,6,3,6.76,4,2,2,No
S19945,1,1,1,1,0,1,1,0,0,0,8,3,10,2,6.4,6,2,1,Yes
S19946,1,1,0,0,0,1,0,1,0,1,3,8,8,1,6.93,6,3,3,Yes
S19947,1,1,0,1,0,0,0,1,0,0,5,3,3,7,8.09,3,1,1,No
S19948,1,0,1,1,1,0,1,1,0,0,7,4,2,1,6.37,3,1,3,No
S19949,1,0,1,1,0,0,1,0,0,1,6,2,9,10,6.76,7,2,8,Yes
S19950,1,1,0,0,1,0,1,1,1,0,6,8,4,4,9.62,3,3,1,Yes
S19951,1,0,1,1,0,0,0,0,0,0,4,8,5,3,5.58,5,0,2,No
S19952,0,0,0,1,0,0,0,1,1,0,10,5,2,2,8.45,2,3,6,Yes
S19953,0,1,1,1,0,0,0,1,0,1,8,2,6,8,6.18,0,2,2,No
S19954,0,1,0,1,1,1,1,1,0,0,4,8,6,2,5.53,6,1,3,No
S19955,1,1,1,1,1,1,1,1,0,0,5,8,2,9,6.78,8,0,4,Yes
S19956,0,1,0,0,0,1,0,0,0,0,1,4,7,9,9.22,4,0,3,No
S19957,0,0,1,1,0,1,0,0,0,0,1,9,3,5,7.99,6,2,1,No
S19958,0,1,1,1,0,0,1,0,0,0,10,10,1,2,9.95,4,3,0,Yes
S19959,1,1,0,1,0,1,1,0,1,0,3,3,4,9,5.73,8,3,1,Yes
S19960,1,0,0,1,0,1,1,0,0,0,4,2,8,4,7.04,0,2,1,No
S19961,1,1,1,1,1,0,0,0,1,0,7,8,3,9,9.87,0,2,2,Yes
S19962,1,1,0,0,1,1,0,0,0,0,9,1,4,5,7.62,6,2,4,Yes
S19963,0,1,1,1,0,1,1,0,1,0,8,9,10,4,7.84,0,3,1,Yes
S19964,0,1,1,0,0,1,0,0,0,1,8,5,5,6,7.02,8,1,8,Yes
S19965,1,0,0,1,1,1,0,0,0,1,10,6,5,7,8.62,3,1,4,Yes
S19966,1,1,1,0,0,1,0,0,0,0,4,3,5,4,5.63,6,1,1,No
S19967,0,0,0,0,0,1,0,1,1,0,4,3,2,1,9.65,4,0,4,No
S19968,1,1,1,1,0,1,1,1,0,0,9,4,7,7,8.87,7,3,0,Yes
S19969,0,1,0,0,0,1,1,1,0,0,7,3,9,9,8.51,0,3,6,Yes
S19970,0,1,1,0,1,0,0,0,0,0,6,5,4,1,9.78,6,1,6,Yes
S19971,1,0,0,1,0,1,0,1,0,0,8,10,4,2,9.22,0,3,0,No
S19972,0,1,1,1,0,1,1,0,0,0,8,6,2,2,8.4,6,0,1,No
S19973,1,1,0,0,1,0,1,0,1,1,2,9,3,3,9.95,1,0,4,No
S19974,0,0,0,1,1,0,1,0,1,0,7,5,3,6,9.37,2,2,6,Yes
S19975,0,1,0,1,0,0,1,0,1,0,6,3,6,3,7.48,7,2,0,Yes
S19976,0,1,0,1,1,0,1,0,0,0,9,10,9,3,8.06,2,0,4,Yes
S19977,1,1,0,0,1,1,1,0,0,0,2,5,2,9,9.07,1,1,8,Yes
S19978,1,0,0,0,0,0,1,1,0,0,5,7,4,3,5.86,5,1,6,No
S19979,1,0,1,1,0,0,0,0,0,1,7,9,8,8,7.64,6,2,0,Yes
S19980,1,1,0,0,1,0,1,1,0,0,7,10,6,2,6.08,7,3,1,Yes
S19981,0,1,1,1,1,1,1,0,0,0,5,4,4,10,6.53,2,0,8,No
S19982,1,1,0,0,1,0,1,0,0,1,7,9,2,3,7.13,1,1,7,No
S19983,0,0,0,1,0,0,1,0,0,1,8,4,7,7,6.71,7,2,2,Yes
S19984,1,1,0,0,0,0,1,0,1,1,10,5,4,5,8.68,8,3,2,Yes
S19985,1,1,1,1,1,1,1,1,0,0,1,10,8,1,7.6,6,2,3,Yes
S19986,0,0,0,1,0,1,0,0,0,0,1,2,10,8,5.11,2,3,2,No
S19987,1,1,1,0,1,1,1,0,0,0,8,3,6,1,7.52,4,0,3,No
S19988,0,1,1,1,1,0,1,0,1,0,3,6,9,10,9.6,6,2,5,Yes
S19989,1,0,0,1,0,1,1,0,0,0,3,8,7,7,8.2,2,0,0,No
S19990,0,0,0,1,0,0,0,0,0,1,7,8,9,6,8.77,0,2,2,Yes
S19991,0,1,0,0,1,1,1,0,0,1,2,6,4,8,8.41,4,3,8,Yes
S19992,0,1,0,0,0,0,0,0,0,1,4,9,1,9,5.5,1,3,4,No
S19993,1,1,0,0,1,1,0,1,0,0,1,1,5,9,9.07,7,2,6,Yes
S19994,1,1,1,0,0,1,1,1,1,0,4,10,6,4,9.64,4,0,5,Yes
S19995,0,0,1,0,1,1,0,0,0,0,5,3,1,1,6.3,4,0,6,No
S19996,0,0,1,1,1,1,0,1,1,0,9,9,9,10,5.44,7,0,5,Yes
S19997,1,0,0,1,1,1,1,0,0,0,2,9,3,3,8.69,3,0,5,No
S19998,1,1,0,1,1,1,1,0,1,0,5,9,5,3,5.56,7,3,7,Yes
S19999,1,1,0,1,0,1,1,1,0,0,7,9,6,8,7.57,3,2,5,Yes
S20000,1,1,0,0,0,1,1,0,0,0,1,5,5,8,7.29,4,0,4,No
